Date,Open,High,Low,Close,Adj Close,Volume
1975-02-07,0.0,5.5,4.0,4.0,2.275094985961914,1500
1975-02-10,0.0,5.5,4.0,4.0,2.275094985961914,100
1975-02-11,0.0,5.5,4.0,4.0,2.275094985961914,50
1975-02-12,0.0,5.5,4.0,4.0,2.275094985961914,50
1975-02-13,0.0,5.5,4.0,4.0,2.275094985961914,500
1975-02-14,0.0,5.0,3.5,3.5,1.9907084703445435,100
1975-02-18,0.0,5.0,3.5,3.5,1.9907084703445435,100
1975-02-19,0.0,5.0,3.5,3.5,1.9907084703445435,100
1975-02-20,0.0,5.0,3.5,3.5,1.9907084703445435,50
1975-02-21,0.0,5.0,3.5,3.5,1.9907084703445435,50
1975-02-24,0.0,5.0,3.5,3.5,1.9907084703445435,50
1975-02-25,0.0,5.0,3.5,3.5,1.9907084703445435,50
1975-02-26,0.0,5.0,3.5,3.5,1.9907084703445435,50
1975-02-27,0.0,5.0,3.5,3.5,1.9907084703445435,50
1975-02-28,0.0,5.0,3.5,3.5,1.9907084703445435,100
1975-03-03,0.0,4.5,3.5,3.5,1.9907084703445435,50
1975-03-04,0.0,4.5,3.5,3.5,1.9907084703445435,500
1975-03-05,0.0,4.5,3.5,3.5,1.9907084703445435,200
1975-03-06,0.0,4.5,3.5,3.5,1.9907084703445435,50
1975-03-07,0.0,5.0,4.0,4.0,2.275094985961914,300
1975-03-10,0.0,5.0,4.0,4.0,2.275094985961914,400
1975-03-11,0.0,5.0,4.0,4.0,2.275094985961914,300
1975-03-12,0.0,5.0,4.0,4.0,2.275094985961914,300
1975-03-13,0.0,4.5,3.5,3.5,1.9907084703445435,400
1975-03-14,0.0,4.5,3.75,3.75,2.132901191711426,500
1975-03-17,0.0,4.5,3.75,3.75,2.132901191711426,50
1975-03-18,0.0,4.5,3.75,3.75,2.132901191711426,500
1975-03-19,0.0,4.5,3.75,3.75,2.132901191711426,300
1975-03-20,0.0,4.5,3.75,3.75,2.132901191711426,300
1975-03-21,0.0,4.75,4.0,4.0,2.275094985961914,1300
1975-03-24,0.0,4.75,4.0,4.0,2.275094985961914,2200
1975-03-25,0.0,4.75,4.0,4.0,2.275094985961914,500
1975-03-26,0.0,5.0,4.25,4.25,2.417288303375244,800
1975-03-27,0.0,5.25,4.5,4.5,2.559481382369995,300
1975-03-31,0.0,5.25,4.5,4.5,2.559481382369995,900
1975-04-01,0.0,5.0,4.25,4.25,2.417288303375244,100
1975-04-02,0.0,5.0,4.25,4.25,2.417288303375244,1000
1975-04-03,0.0,5.0,4.25,4.25,2.417288303375244,50
1975-04-04,0.0,5.0,4.25,4.25,2.417288303375244,50
1975-04-07,0.0,5.0,4.25,4.25,2.417288303375244,200
1975-04-08,0.0,5.25,4.5,4.5,2.559481382369995,400
1975-04-09,0.0,5.25,4.5,4.5,2.559481382369995,600
1975-04-10,0.0,5.5,4.75,4.75,2.701674699783325,50
1975-04-11,0.0,5.5,4.75,4.75,2.701674699783325,50
1975-04-14,0.0,5.25,4.5,4.5,2.559481382369995,300
1975-04-15,0.0,5.25,4.5,4.5,2.559481382369995,100
1975-04-16,0.0,5.5,4.75,4.75,2.701674699783325,100
1975-04-17,0.0,5.5,4.75,4.75,2.701674699783325,1000
1975-04-18,0.0,5.5,4.75,4.75,2.701674699783325,50
1975-04-21,0.0,5.75,5.0,5.0,2.8438682556152344,50
1975-04-22,0.0,5.75,5.0,5.0,2.8438682556152344,400
1975-04-23,0.0,5.75,5.0,5.0,2.8438682556152344,100
1975-04-24,0.0,5.75,5.0,5.0,2.8438682556152344,300
1975-04-25,0.0,5.75,5.0,5.0,2.8438682556152344,800
1975-04-28,0.0,6.25,5.5,5.5,3.1282544136047363,1400
1975-04-29,0.0,6.0,5.25,5.25,2.9860613346099854,1700
1975-04-30,0.0,6.25,5.5,5.5,3.1282544136047363,300
1975-05-01,0.0,6.25,5.5,5.5,3.1282544136047363,1100
1975-05-02,0.0,6.5,5.75,5.75,3.2704482078552246,1600
1975-05-05,0.0,6.5,5.75,5.75,3.2704482078552246,900
1975-05-06,0.0,6.25,5.5,5.5,3.1282544136047363,1100
1975-05-07,0.0,6.25,5.5,5.5,3.1282544136047363,1800
1975-05-08,0.0,6.25,5.5,5.5,3.1282544136047363,500
1975-05-09,0.0,6.25,5.5,5.5,3.1282544136047363,300
1975-05-12,0.0,6.25,5.5,5.5,3.1282544136047363,500
1975-05-13,0.0,6.25,5.5,5.5,3.1282544136047363,50
1975-05-14,0.0,6.25,5.5,5.5,3.1282544136047363,500
1975-05-15,0.0,6.25,5.5,5.5,3.1282544136047363,500
1975-05-16,0.0,6.25,5.5,5.5,3.1282544136047363,50
1975-05-19,0.0,6.25,5.5,5.5,3.1282544136047363,600
1975-05-20,0.0,6.25,5.5,5.5,3.1282544136047363,300
1975-05-21,0.0,6.25,5.5,5.5,3.1282544136047363,200
1975-05-22,0.0,6.25,5.5,5.5,3.1282544136047363,400
1975-05-23,0.0,6.25,5.5,5.5,3.1282544136047363,1600
1975-05-27,0.0,6.25,5.5,5.5,3.1282544136047363,50
1975-05-28,0.0,6.25,5.5,5.5,3.1282544136047363,500
1975-05-29,0.0,6.25,5.5,5.5,3.1282544136047363,300
1975-05-30,0.0,6.25,5.5,5.5,3.1282544136047363,200
1975-06-02,0.0,6.25,5.5,5.5,3.1282544136047363,600
1975-06-03,0.0,6.25,5.5,5.5,3.1282544136047363,900
1975-06-04,0.0,6.25,5.5,5.5,3.1282544136047363,200
1975-06-05,0.0,6.25,5.5,5.5,3.1282544136047363,500
1975-06-06,0.0,6.25,5.5,5.5,3.1282544136047363,3500
1975-06-09,0.0,6.5,5.75,5.75,3.2704482078552246,50
1975-06-10,0.0,6.5,5.75,5.75,3.2704482078552246,800
1975-06-11,0.0,7.25,6.5,6.5,3.697028636932373,3800
1975-06-12,0.0,7.25,6.5,6.5,3.697028636932373,1500
1975-06-13,0.0,7.25,6.5,6.5,3.697028636932373,2500
1975-06-16,0.0,7.25,6.5,6.5,3.697028636932373,400
1975-06-17,0.0,7.25,6.5,6.5,3.697028636932373,200
1975-06-18,0.0,7.25,6.5,6.5,3.697028636932373,3500
1975-06-19,0.0,7.25,6.5,6.5,3.697028636932373,200
1975-06-20,0.0,7.25,6.5,6.5,3.697028636932373,500
1975-06-23,0.0,7.25,6.5,6.5,3.697028636932373,400
1975-06-24,0.0,7.25,6.5,6.5,3.697028636932373,600
1975-06-25,0.0,7.25,6.5,6.5,3.697028636932373,100
1975-06-26,0.0,7.25,6.5,6.5,3.697028636932373,50
1975-06-27,0.0,7.25,6.5,6.5,3.697028636932373,100
1975-06-30,0.0,7.25,6.5,6.5,3.697028636932373,500
1975-07-01,0.0,7.25,6.5,6.5,3.697028636932373,200
1975-07-02,0.0,7.25,6.5,6.5,3.697028636932373,400
1975-07-03,0.0,7.25,6.5,6.5,3.697028636932373,600
1975-07-07,0.0,7.25,6.5,6.5,3.697028636932373,300
1975-07-08,0.0,7.25,6.5,6.5,3.697028636932373,4600
1975-07-09,0.0,7.5,6.75,6.75,3.839224100112915,1800
1975-07-10,0.0,8.0,7.25,7.25,4.1236090660095215,5200
1975-07-11,0.0,9.0,8.25,8.25,4.692383289337158,10500
1975-07-14,0.0,9.5,8.75,8.75,4.976767539978027,10700
1975-07-15,0.0,9.5,8.75,8.75,4.976767539978027,4300
1975-07-16,0.0,9.25,8.5,8.5,4.834576606750488,7600
1975-07-17,0.0,9.0,8.25,8.25,4.692383289337158,1100
1975-07-18,0.0,9.0,8.25,8.25,4.692383289337158,1300
1975-07-21,0.0,9.0,8.25,8.25,4.692383289337158,700
1975-07-22,0.0,9.0,8.25,8.25,4.692383289337158,1500
1975-07-23,0.0,8.75,8.25,8.25,4.692383289337158,200
1975-07-24,0.0,8.75,8.25,8.25,4.692383289337158,700
1975-07-25,0.0,8.25,7.5,7.5,4.265802383422852,3600
1975-07-28,0.0,8.25,7.5,7.5,4.265802383422852,1000
1975-07-29,0.0,7.75,7.0,7.0,3.981416940689087,1400
1975-07-30,0.0,7.75,7.0,7.0,3.981416940689087,2300
1975-07-31,0.0,7.75,7.0,7.0,3.981416940689087,1000
1975-08-01,0.0,7.75,7.0,7.0,3.981416940689087,1300
1975-08-04,0.0,7.75,7.0,7.0,3.981416940689087,50
1975-08-05,0.0,7.75,7.0,7.0,3.981416940689087,800
1975-08-06,0.0,7.75,7.0,7.0,3.981416940689087,100
1975-08-07,0.0,7.75,7.0,7.0,3.981416940689087,100
1975-08-08,0.0,7.75,7.0,7.0,3.981416940689087,200
1975-08-11,0.0,7.5,6.75,6.75,3.839224100112915,1100
1975-08-12,0.0,7.25,6.5,6.5,3.697028636932373,800
1975-08-13,0.0,7.25,6.5,6.5,3.697028636932373,800
1975-08-14,0.0,7.0,6.25,6.25,3.554835081100464,1500
1975-08-15,0.0,7.0,6.25,6.25,3.554835081100464,300
1975-08-18,0.0,7.0,6.25,6.25,3.554835081100464,1100
1975-08-19,0.0,6.75,6.0,6.0,3.41264271736145,1200
1975-08-20,0.0,6.75,6.0,6.0,3.41264271736145,400
1975-08-21,0.0,6.75,6.0,6.0,3.41264271736145,50
1975-08-22,0.0,7.0,6.25,6.25,3.554835081100464,1100
1975-08-25,0.0,7.0,6.25,6.25,3.554835081100464,200
1975-08-26,0.0,7.0,6.25,6.25,3.554835081100464,800
1975-08-27,0.0,7.0,6.25,6.25,3.554835081100464,1000
1975-08-28,0.0,7.0,6.25,6.25,3.554835081100464,50
1975-08-29,0.0,6.75,6.0,6.0,3.41264271736145,1200
1975-09-02,0.0,6.75,6.0,6.0,3.41264271736145,400
1975-09-03,0.0,6.75,6.0,6.0,3.41264271736145,50
1975-09-04,0.0,6.75,6.0,6.0,3.41264271736145,50
1975-09-05,0.0,6.75,6.0,6.0,3.41264271736145,50
1975-09-08,0.0,6.75,6.0,6.0,3.41264271736145,600
1975-09-09,0.0,6.75,6.0,6.0,3.41264271736145,100
1975-09-10,0.0,6.75,6.0,6.0,3.41264271736145,50
1975-09-11,0.0,6.75,6.0,6.0,3.41264271736145,200
1975-09-12,0.0,6.5,5.75,5.75,3.2704482078552246,1200
1975-09-15,0.0,6.5,5.75,5.75,3.2704482078552246,300
1975-09-16,0.0,6.25,5.5,5.5,3.1282544136047363,400
1975-09-17,0.0,6.5,5.75,5.75,3.2704482078552246,100
1975-09-18,0.0,6.5,5.75,5.75,3.2704482078552246,100
1975-09-19,0.0,6.5,5.75,5.75,3.2704482078552246,300
1975-09-22,0.0,6.5,5.75,5.75,3.2704482078552246,300
1975-09-23,0.0,6.5,5.75,5.75,3.2704482078552246,500
1975-09-24,0.0,6.5,5.75,5.75,3.2704482078552246,600
1975-09-25,0.0,6.5,5.75,5.75,3.2704482078552246,50
1975-09-26,0.0,6.5,5.75,5.75,3.2704482078552246,200
1975-09-29,0.0,6.5,5.75,5.75,3.2704482078552246,300
1975-09-30,0.0,6.5,5.75,5.75,3.2704482078552246,300
1975-10-01,0.0,6.25,5.5,5.5,3.1282544136047363,400
1975-10-02,0.0,6.25,5.5,5.5,3.1282544136047363,200
1975-10-03,0.0,6.25,5.5,5.5,3.1282544136047363,100
1975-10-06,0.0,6.25,5.5,5.5,3.1282544136047363,200
1975-10-07,0.0,6.0,5.25,5.25,2.9860613346099854,600
1975-10-08,0.0,6.0,5.25,5.25,2.9860613346099854,100
1975-10-09,0.0,6.0,5.25,5.25,2.9860613346099854,500
1975-10-10,0.0,6.0,5.25,5.25,2.9860613346099854,100
1975-10-13,0.0,6.0,5.25,5.25,2.9860613346099854,100
1975-10-14,0.0,6.25,5.5,5.5,3.1282544136047363,400
1975-10-15,0.0,6.25,5.5,5.5,3.1282544136047363,50
1975-10-16,0.0,6.25,5.5,5.5,3.1282544136047363,50
1975-10-17,0.0,6.25,5.5,5.5,3.1282544136047363,50
1975-10-20,0.0,6.75,6.0,6.0,3.41264271736145,1700
1975-10-21,0.0,6.75,6.0,6.0,3.41264271736145,50
1975-10-22,0.0,6.5,5.75,5.75,3.2704482078552246,400
1975-10-23,0.0,6.5,5.75,5.75,3.2704482078552246,50
1975-10-24,0.0,6.25,5.5,5.5,3.1282544136047363,600
1975-10-27,0.0,6.25,5.5,5.5,3.1282544136047363,50
1975-10-28,0.0,6.25,5.5,5.5,3.1282544136047363,300
1975-10-29,0.0,6.25,5.5,5.5,3.1282544136047363,50
1975-10-30,0.0,6.0,5.25,5.25,2.9860613346099854,1100
1975-10-31,0.0,6.0,5.25,5.25,2.9860613346099854,300
1975-11-03,0.0,6.0,5.25,5.25,2.9860613346099854,300
1975-11-04,0.0,6.0,5.25,5.25,2.9860613346099854,50
1975-11-05,0.0,6.0,5.25,5.25,2.9860613346099854,50
1975-11-06,0.0,6.0,5.25,5.25,2.9860613346099854,700
1975-11-07,0.0,6.0,5.25,5.25,2.9860613346099854,50
1975-11-10,0.0,5.75,5.0,5.0,2.8438682556152344,100
1975-11-11,0.0,5.75,5.0,5.0,2.8438682556152344,50
1975-11-12,0.0,5.75,5.0,5.0,2.8438682556152344,50
1975-11-13,0.0,5.25,4.5,4.5,2.559481382369995,700
1975-11-14,0.0,5.5,4.75,4.75,2.701674699783325,300
1975-11-17,0.0,5.5,4.75,4.75,2.701674699783325,50
1975-11-18,0.0,5.5,4.75,4.75,2.701674699783325,300
1975-11-19,0.0,5.25,4.5,4.5,2.559481382369995,1000
1975-11-20,0.0,4.5,3.75,3.75,2.132901191711426,800
1975-11-21,0.0,4.75,4.0,4.0,2.275094985961914,600
1975-11-24,0.0,4.75,4.0,4.0,2.275094985961914,50
1975-11-25,0.0,4.75,4.0,4.0,2.275094985961914,100
1975-11-26,0.0,4.75,4.0,4.0,2.275094985961914,100
1975-11-28,0.0,4.75,4.0,4.0,2.275094985961914,50
1975-12-01,0.0,4.75,4.0,4.0,2.275094985961914,100
1975-12-02,0.0,4.75,4.0,4.0,2.275094985961914,100
1975-12-03,0.0,4.5,3.75,3.75,2.132901191711426,200
1975-12-04,0.0,4.5,3.75,3.75,2.132901191711426,200
1975-12-05,0.0,4.5,3.75,3.75,2.132901191711426,500
1975-12-08,0.0,4.75,4.0,4.0,2.275094985961914,800
1975-12-09,0.0,4.75,4.0,4.0,2.275094985961914,700
1975-12-10,0.0,4.75,4.0,4.0,2.275094985961914,1200
1975-12-11,0.0,4.75,4.0,4.0,2.275094985961914,2000
1975-12-12,0.0,4.75,4.0,4.0,2.275094985961914,700
1975-12-15,0.0,4.75,4.0,4.0,2.275094985961914,50
1975-12-16,0.0,4.75,4.0,4.0,2.275094985961914,50
1975-12-17,0.0,4.75,4.0,4.0,2.275094985961914,100
1975-12-18,0.0,5.25,4.5,4.5,2.559481382369995,900
1975-12-19,0.0,5.5,4.75,4.75,2.701674699783325,50
1975-12-22,0.0,5.5,4.75,4.75,2.701674699783325,50
1975-12-23,0.0,5.25,4.5,4.5,2.559481382369995,1000
1975-12-24,0.0,5.25,4.5,4.5,2.559481382369995,500
1975-12-26,0.0,5.25,4.5,4.5,2.559481382369995,50
1975-12-29,0.0,5.5,4.75,4.75,2.701674699783325,50
1975-12-30,0.0,5.5,4.75,4.75,2.701674699783325,300
1975-12-31,0.0,5.5,4.75,4.75,2.701674699783325,500
1976-01-02,0.0,5.5,4.75,4.75,2.701674699783325,50
1976-01-05,0.0,5.5,4.75,4.75,2.701674699783325,500
1976-01-06,0.0,5.5,4.75,4.75,2.701674699783325,50
1976-01-07,0.0,5.5,4.75,4.75,2.701674699783325,50
1976-01-08,0.0,5.25,4.5,4.5,2.559481382369995,400
1976-01-09,0.0,5.25,4.5,4.5,2.559481382369995,100
1976-01-12,0.0,5.5,4.75,4.75,2.701674699783325,800
1976-01-13,0.0,5.75,5.0,5.0,2.8438682556152344,2700
1976-01-14,0.0,6.75,6.0,6.0,3.41264271736145,1100
1976-01-15,0.0,6.5,5.75,5.75,3.2704482078552246,100
1976-01-16,0.0,6.5,5.75,5.75,3.2704482078552246,50
1976-01-19,0.0,6.25,5.5,5.5,3.1282544136047363,500
1976-01-20,0.0,6.0,5.25,5.25,2.9860613346099854,1200
1976-01-21,0.0,6.0,5.25,5.25,2.9860613346099854,400
1976-01-22,0.0,6.0,5.25,5.25,2.9860613346099854,50
1976-01-23,0.0,6.0,5.25,5.25,2.9860613346099854,600
1976-01-26,0.0,5.75,5.0,5.0,2.8438682556152344,800
1976-01-27,0.0,5.75,5.0,5.0,2.8438682556152344,50
1976-01-28,0.0,5.75,5.0,5.0,2.8438682556152344,50
1976-01-29,0.0,5.75,5.0,5.0,2.8438682556152344,50
1976-01-30,0.0,5.75,5.0,5.0,2.8438682556152344,200
1976-02-02,0.0,5.5,4.75,4.75,2.701674699783325,1600
1976-02-03,0.0,5.0,4.25,4.25,2.417288303375244,100
1976-02-04,0.0,5.0,4.25,4.25,2.417288303375244,100
1976-02-05,0.0,5.0,4.25,4.25,2.417288303375244,500
1976-02-06,0.0,5.0,4.25,4.25,2.417288303375244,600
1976-02-09,0.0,5.0,4.25,4.25,2.417288303375244,50
1976-02-10,0.0,5.0,4.25,4.25,2.417288303375244,50
1976-02-11,0.0,5.25,4.5,4.5,2.559481382369995,500
1976-02-12,0.0,5.25,4.5,4.5,2.559481382369995,100
1976-02-13,0.0,5.25,4.5,4.5,2.559481382369995,400
1976-02-17,0.0,5.5,4.75,4.75,2.701674699783325,50
1976-02-18,0.0,5.5,4.75,4.75,2.701674699783325,500
1976-02-19,0.0,5.25,4.5,4.5,2.559481382369995,100
1976-02-20,0.0,5.25,4.5,4.5,2.559481382369995,800
1976-02-23,0.0,5.25,4.5,4.5,2.559481382369995,100
1976-02-24,0.0,5.25,4.5,4.5,2.559481382369995,500
1976-02-25,0.0,5.25,4.5,4.5,2.559481382369995,300
1976-02-26,0.0,5.0,4.25,4.25,2.417288303375244,800
1976-02-27,0.0,5.0,4.25,4.25,2.417288303375244,400
1976-03-01,0.0,5.0,4.25,4.25,2.417288303375244,100
1976-03-02,0.0,5.0,4.25,4.25,2.417288303375244,50
1976-03-03,0.0,5.25,4.5,4.5,2.559481382369995,1100
1976-03-04,0.0,5.25,4.5,4.5,2.559481382369995,50
1976-03-05,0.0,5.25,4.5,4.5,2.559481382369995,50
1976-03-08,0.0,5.5,4.75,4.75,2.701674699783325,500
1976-03-09,0.0,5.5,4.75,4.75,2.701674699783325,700
1976-03-10,0.0,5.5,4.75,4.75,2.701674699783325,50
1976-03-11,0.0,5.25,4.5,4.5,2.559481382369995,50
1976-03-12,0.0,5.25,4.5,4.5,2.559481382369995,50
1976-03-15,0.0,5.5,4.75,4.75,2.701674699783325,100
1976-03-16,0.0,5.0,4.25,4.25,2.417288303375244,1200
1976-03-17,0.0,5.0,4.25,4.25,2.417288303375244,900
1976-03-18,0.0,5.0,4.25,4.25,2.417288303375244,1100
1976-03-19,0.0,5.0,4.25,4.25,2.417288303375244,50
1976-03-22,0.0,5.0,4.25,4.25,2.417288303375244,900
1976-03-23,0.0,5.0,4.25,4.25,2.417288303375244,500
1976-03-24,0.0,5.0,4.25,4.25,2.417288303375244,50
1976-03-25,0.0,5.0,4.25,4.25,2.417288303375244,300
1976-03-26,0.0,5.0,4.25,4.25,2.417288303375244,900
1976-03-29,0.0,5.0,4.25,4.25,2.417288303375244,600
1976-03-30,0.0,5.0,4.25,4.25,2.417288303375244,500
1976-03-31,0.0,4.75,4.0,4.0,2.275094985961914,50
1976-04-01,0.0,4.75,4.0,4.0,2.275094985961914,300
1976-04-02,0.0,4.75,4.0,4.0,2.275094985961914,50
1976-04-05,0.0,5.0,4.25,4.25,2.417288303375244,1200
1976-04-06,0.0,4.75,4.0,4.0,2.275094985961914,600
1976-04-07,0.0,4.75,4.0,4.0,2.275094985961914,1900
1976-04-08,0.0,4.75,4.0,4.0,2.275094985961914,50
1976-04-09,0.0,5.0,4.25,4.25,2.417288303375244,1100
1976-04-12,0.0,5.0,4.25,4.25,2.417288303375244,300
1976-04-13,0.0,5.0,4.25,4.25,2.417288303375244,800
1976-04-14,0.0,5.25,4.5,4.5,2.559481382369995,400
1976-04-15,0.0,5.25,4.5,4.5,2.559481382369995,500
1976-04-19,0.0,5.25,4.5,4.5,2.559481382369995,50
1976-04-20,0.0,5.25,4.5,4.5,2.559481382369995,100
1976-04-21,0.0,5.25,4.5,4.5,2.559481382369995,1400
1976-04-22,0.0,5.25,4.5,4.5,2.559481382369995,600
1976-04-23,0.0,5.25,4.5,4.5,2.559481382369995,1100
1976-04-26,0.0,5.5,4.75,4.75,2.701674699783325,100
1976-04-27,0.0,5.75,5.0,5.0,2.8438682556152344,600
1976-04-28,0.0,5.75,5.0,5.0,2.8438682556152344,1200
1976-04-29,0.0,5.75,5.0,5.0,2.8438682556152344,50
1976-04-30,0.0,5.75,5.0,5.0,2.8438682556152344,50
1976-05-03,0.0,5.5,4.75,4.75,2.701674699783325,500
1976-05-04,0.0,5.5,4.75,4.75,2.701674699783325,500
1976-05-05,0.0,5.5,4.75,4.75,2.701674699783325,50
1976-05-06,0.0,5.5,4.75,4.75,2.701674699783325,100
1976-05-07,0.0,5.5,4.75,4.75,2.701674699783325,100
1976-05-10,0.0,5.5,4.75,4.75,2.701674699783325,100
1976-05-11,0.0,5.5,4.75,4.75,2.701674699783325,500
1976-05-12,0.0,5.5,4.75,4.75,2.701674699783325,50
1976-05-13,0.0,5.5,4.75,4.75,2.701674699783325,300
1976-05-14,0.0,5.75,5.0,5.0,2.8438682556152344,1200
1976-05-17,0.0,5.75,5.0,5.0,2.8438682556152344,300
1976-05-18,0.0,5.75,5.0,5.0,2.8438682556152344,300
1976-05-19,0.0,5.5,4.75,4.75,2.701674699783325,700
1976-05-20,0.0,5.5,4.75,4.75,2.701674699783325,500
1976-05-21,0.0,5.75,5.0,5.0,2.8438682556152344,200
1976-05-24,0.0,5.5,4.75,4.75,2.701674699783325,50
1976-05-25,0.0,5.5,4.75,4.75,2.701674699783325,100
1976-05-26,0.0,5.5,4.75,4.75,2.701674699783325,50
1976-05-27,0.0,5.5,4.75,4.75,2.701674699783325,50
1976-05-28,0.0,5.5,4.75,4.75,2.701674699783325,50
1976-06-01,0.0,5.75,5.0,5.0,2.8438682556152344,800
1976-06-02,0.0,5.5,4.75,4.75,2.701674699783325,1000
1976-06-03,0.0,5.5,4.75,4.75,2.701674699783325,300
1976-06-04,0.0,5.5,4.75,4.75,2.701674699783325,400
1976-06-07,0.0,5.5,4.75,4.75,2.701674699783325,200
1976-06-08,0.0,5.5,4.75,4.75,2.701674699783325,50
1976-06-09,0.0,5.5,4.75,4.75,2.701674699783325,50
1976-06-10,0.0,5.5,4.75,4.75,2.701674699783325,100
1976-06-11,0.0,5.5,4.75,4.75,2.701674699783325,50
1976-06-14,0.0,5.5,4.75,4.75,2.701674699783325,50
1976-06-15,0.0,5.5,4.75,4.75,2.701674699783325,50
1976-06-16,0.0,5.5,4.75,4.75,2.701674699783325,100
1976-06-17,0.0,5.5,4.75,4.75,2.701674699783325,50
1976-06-18,0.0,5.5,4.75,4.75,2.701674699783325,50
1976-06-21,0.0,5.5,4.75,4.75,2.701674699783325,100
1976-06-22,0.0,5.5,4.75,4.75,2.701674699783325,50
1976-06-23,0.0,6.0,5.25,5.25,2.9860613346099854,2800
1976-06-24,0.0,6.5,5.75,5.75,3.2704482078552246,700
1976-06-25,0.0,6.5,5.75,5.75,3.2704482078552246,400
1976-06-28,0.0,6.25,5.5,5.5,3.1282544136047363,800
1976-06-29,0.0,6.25,5.5,5.5,3.1282544136047363,600
1976-06-30,0.0,6.5,5.75,5.75,3.2704482078552246,200
1976-07-01,0.0,6.5,5.75,5.75,3.2704482078552246,50
1976-07-02,0.0,6.5,5.75,5.75,3.2704482078552246,50
1976-07-06,0.0,6.5,5.75,5.75,3.2704482078552246,50
1976-07-07,0.0,6.25,5.5,5.5,3.1282544136047363,700
1976-07-08,0.0,6.25,5.5,5.5,3.1282544136047363,50
1976-07-09,0.0,6.25,5.5,5.5,3.1282544136047363,50
1976-07-12,0.0,6.25,5.5,5.5,3.1282544136047363,400
1976-07-13,0.0,6.25,5.5,5.5,3.1282544136047363,300
1976-07-14,0.0,6.25,5.5,5.5,3.1282544136047363,50
1976-07-15,0.0,6.25,5.5,5.5,3.1282544136047363,100
1976-07-16,0.0,6.25,5.5,5.5,3.1282544136047363,300
1976-07-19,0.0,7.0,6.25,6.25,3.554835081100464,2400
1976-07-20,0.0,7.0,6.25,6.25,3.554835081100464,3500
1976-07-21,0.0,7.0,6.25,6.25,3.554835081100464,1800
1976-07-22,0.0,6.75,6.0,6.0,3.41264271736145,500
1976-07-23,0.0,7.0,6.25,6.25,3.554835081100464,50
1976-07-26,0.0,7.0,6.25,6.25,3.554835081100464,500
1976-07-27,0.0,7.0,6.25,6.25,3.554835081100464,100
1976-07-28,0.0,7.0,6.25,6.25,3.554835081100464,200
1976-07-29,0.0,7.0,6.25,6.25,3.554835081100464,50
1976-07-30,0.0,7.0,6.25,6.25,3.554835081100464,200
1976-08-02,0.0,7.0,6.25,6.25,3.554835081100464,50
1976-08-03,0.0,6.75,6.0,6.0,3.41264271736145,400
1976-08-04,0.0,6.75,6.0,6.0,3.41264271736145,50
1976-08-05,0.0,6.75,6.0,6.0,3.41264271736145,50
1976-08-06,0.0,6.75,6.0,6.0,3.41264271736145,50
1976-08-09,0.0,6.75,6.0,6.0,3.41264271736145,50
1976-08-10,0.0,6.75,6.0,6.0,3.41264271736145,400
1976-08-11,0.0,6.75,6.0,6.0,3.41264271736145,50
1976-08-12,0.0,6.75,6.0,6.0,3.41264271736145,50
1976-08-13,0.0,6.75,6.0,6.0,3.41264271736145,50
1976-08-16,0.0,6.75,6.0,6.0,3.41264271736145,100
1976-08-17,0.0,6.75,6.0,6.0,3.41264271736145,500
1976-08-18,0.0,6.75,6.0,6.0,3.41264271736145,50
1976-08-19,0.0,6.75,6.0,6.0,3.41264271736145,50
1976-08-20,0.0,6.75,6.0,6.0,3.41264271736145,100
1976-08-23,0.0,6.5,5.75,5.75,3.2704482078552246,100
1976-08-24,0.0,6.5,5.75,5.75,3.2704482078552246,300
1976-08-25,0.0,5.75,5.0,5.0,2.8438682556152344,1300
1976-08-26,0.0,5.75,5.0,5.0,2.8438682556152344,100
1976-08-27,0.0,5.5,4.75,4.75,2.701674699783325,500
1976-08-30,0.0,5.5,4.75,4.75,2.701674699783325,400
1976-08-31,0.0,5.5,4.75,4.75,2.701674699783325,100
1976-09-01,0.0,5.5,4.75,4.75,2.701674699783325,50
1976-09-02,0.0,5.5,4.75,4.75,2.701674699783325,50
1976-09-03,0.0,5.5,4.75,4.75,2.701674699783325,50
1976-09-07,0.0,5.5,4.75,4.75,2.701674699783325,50
1976-09-08,0.0,5.5,4.75,4.75,2.701674699783325,50
1976-09-09,0.0,5.5,4.75,4.75,2.701674699783325,50
1976-09-10,0.0,5.5,4.75,4.75,2.701674699783325,50
1976-09-13,0.0,5.25,4.5,4.5,2.559481382369995,50
1976-09-14,0.0,5.25,4.5,4.5,2.559481382369995,50
1976-09-15,0.0,5.25,4.5,4.5,2.559481382369995,50
1976-09-16,0.0,5.25,4.5,4.5,2.559481382369995,50
1976-09-17,0.0,5.25,4.5,4.5,2.559481382369995,50
1976-09-20,0.0,5.0,4.25,4.25,2.417288303375244,100
1976-09-21,0.0,5.25,4.5,4.5,2.559481382369995,800
1976-09-22,0.0,5.25,4.5,4.5,2.559481382369995,1100
1976-09-23,0.0,5.25,4.5,4.5,2.559481382369995,400
1976-09-24,0.0,5.0,4.25,4.25,2.417288303375244,1100
1976-09-27,0.0,4.75,4.0,4.0,2.275094985961914,300
1976-09-28,0.0,4.5,3.75,3.75,2.132901191711426,200
1976-09-29,0.0,4.5,3.75,3.75,2.132901191711426,500
1976-09-30,0.0,4.5,3.75,3.75,2.132901191711426,100
1976-10-01,0.0,4.5,3.75,3.75,2.132901191711426,100
1976-10-04,0.0,4.5,3.75,3.75,2.132901191711426,50
1976-10-05,0.0,4.5,3.75,3.75,2.132901191711426,500
1976-10-06,0.0,4.5,3.75,3.75,2.132901191711426,50
1976-10-07,0.0,4.5,3.75,3.75,2.132901191711426,50
1976-10-08,0.0,4.5,3.75,3.75,2.132901191711426,100
1976-10-11,0.0,4.5,3.75,3.75,2.132901191711426,1000
1976-10-12,0.0,4.5,3.75,3.75,2.132901191711426,100
1976-10-13,0.0,4.5,3.75,3.75,2.132901191711426,300
1976-10-14,0.0,4.5,3.75,3.75,2.132901191711426,900
1976-10-15,0.0,4.5,3.75,3.75,2.132901191711426,200
1976-10-18,0.0,4.75,4.0,4.0,2.275094985961914,400
1976-10-19,0.0,4.75,4.0,4.0,2.275094985961914,900
1976-10-20,0.0,4.75,4.0,4.0,2.275094985961914,400
1976-10-21,0.0,4.75,4.0,4.0,2.275094985961914,50
1976-10-22,0.0,5.0,4.25,4.25,2.417288303375244,100
1976-10-25,0.0,5.0,4.25,4.25,2.417288303375244,50
1976-10-26,0.0,4.75,4.0,4.0,2.275094985961914,900
1976-10-27,0.0,4.75,4.0,4.0,2.275094985961914,50
1976-10-28,0.0,4.75,4.0,4.0,2.275094985961914,50
1976-10-29,0.0,4.75,4.0,4.0,2.275094985961914,100
1976-11-01,0.0,4.75,4.0,4.0,2.275094985961914,50
1976-11-03,0.0,4.5,3.75,3.75,2.132901191711426,200
1976-11-04,0.0,4.75,4.0,4.0,2.275094985961914,700
1976-11-05,0.0,4.75,4.0,4.0,2.275094985961914,200
1976-11-08,0.0,4.75,4.0,4.0,2.275094985961914,50
1976-11-09,0.0,4.75,4.0,4.0,2.275094985961914,50
1976-11-10,0.0,4.75,4.0,4.0,2.275094985961914,700
1976-11-11,0.0,4.75,4.0,4.0,2.275094985961914,50
1976-11-12,0.0,4.75,4.0,4.0,2.275094985961914,50
1976-11-15,0.0,4.5,3.75,3.75,2.132901191711426,50
1976-11-16,0.0,4.5,3.75,3.75,2.132901191711426,100
1976-11-17,0.0,4.5,3.75,3.75,2.132901191711426,50
1976-11-18,0.0,4.75,4.0,4.0,2.275094985961914,50
1976-11-19,0.0,4.5,3.75,3.75,2.132901191711426,500
1976-11-22,0.0,4.5,3.75,3.75,2.132901191711426,50
1976-11-23,0.0,4.75,4.0,4.0,2.275094985961914,500
1976-11-24,0.0,4.75,4.0,4.0,2.275094985961914,50
1976-11-26,0.0,4.75,4.0,4.0,2.275094985961914,50
1976-11-29,0.0,4.75,4.0,4.0,2.275094985961914,50
1976-11-30,0.0,4.75,4.0,4.0,2.275094985961914,500
1976-12-01,0.0,4.75,4.0,4.0,2.275094985961914,50
1976-12-02,0.0,4.75,4.0,4.0,2.275094985961914,200
1976-12-03,0.0,4.75,4.0,4.0,2.275094985961914,2600
1976-12-06,0.0,4.5,3.75,3.75,2.132901191711426,2400
1976-12-07,0.0,4.25,3.5,3.5,1.9907084703445435,2200
1976-12-08,0.0,4.5,3.75,3.75,2.132901191711426,1300
1976-12-09,0.0,4.75,4.0,4.0,2.275094985961914,1000
1976-12-10,0.0,5.25,4.5,4.5,2.559481382369995,1200
1976-12-13,0.0,5.25,4.5,4.5,2.559481382369995,50
1976-12-14,0.0,5.0,4.25,4.25,2.417288303375244,200
1976-12-15,0.0,4.75,4.0,4.0,2.275094985961914,900
1976-12-16,0.0,5.0,4.25,4.25,2.417288303375244,200
1976-12-17,0.0,4.75,4.0,4.0,2.275094985961914,700
1976-12-20,0.0,4.75,4.0,4.0,2.275094985961914,50
1976-12-21,0.0,4.75,4.0,4.0,2.275094985961914,600
1976-12-22,0.0,5.0,4.25,4.25,2.417288303375244,100
1976-12-23,0.0,5.0,4.25,4.25,2.417288303375244,300
1976-12-27,0.0,5.0,4.25,4.25,2.417288303375244,1300
1976-12-28,0.0,5.0,4.25,4.25,2.417288303375244,300
1976-12-29,0.0,5.0,4.25,4.25,2.417288303375244,700
1976-12-30,0.0,5.25,4.5,4.5,2.559481382369995,50
1976-12-31,0.0,5.25,4.5,4.5,2.559481382369995,100
1977-01-03,0.0,5.25,4.5,4.5,2.559481382369995,1600
1977-01-04,0.0,5.0,4.25,4.25,2.417288303375244,100
1977-01-05,0.0,5.0,4.25,4.25,2.417288303375244,300
1977-01-06,0.0,5.25,4.5,4.5,2.559481382369995,1500
1977-01-07,0.0,6.75,6.0,6.0,3.41264271736145,2300
1977-01-10,0.0,6.25,5.5,5.5,3.1282544136047363,1800
1977-01-11,0.0,6.5,5.75,5.75,3.2704482078552246,200
1977-01-12,0.0,6.25,5.5,5.5,3.1282544136047363,300
1977-01-13,0.0,6.25,5.5,5.5,3.1282544136047363,500
1977-01-14,0.0,6.25,5.5,5.5,3.1282544136047363,50
1977-01-17,0.0,6.5,5.75,5.75,3.2704482078552246,1900
1977-01-18,0.0,6.5,5.75,5.75,3.2704482078552246,2200
1977-01-19,0.0,6.5,5.75,5.75,3.2704482078552246,200
1977-01-20,0.0,6.25,5.5,5.5,3.1282544136047363,100
1977-01-21,0.0,6.5,5.75,5.75,3.2704482078552246,1400
1977-01-24,0.0,6.5,5.75,5.75,3.2704482078552246,5100
1977-01-25,0.0,6.5,5.75,5.75,3.2704482078552246,1300
1977-01-26,0.0,6.5,5.75,5.75,3.2704482078552246,500
1977-01-27,0.0,6.75,6.0,6.0,3.41264271736145,400
1977-01-28,0.0,6.75,6.0,6.0,3.41264271736145,4000
1977-01-31,0.0,6.75,6.0,6.0,3.41264271736145,50
1977-02-01,0.0,6.75,6.0,6.0,3.41264271736145,1700
1977-02-02,0.0,6.75,6.0,6.0,3.41264271736145,50
1977-02-03,0.0,6.75,6.0,6.0,3.41264271736145,50
1977-02-04,0.0,6.75,6.0,6.0,3.41264271736145,200
1977-02-07,0.0,6.75,6.0,6.0,3.41264271736145,2700
1977-02-08,0.0,6.75,6.0,6.0,3.41264271736145,1500
1977-02-09,0.0,6.5,5.75,5.75,3.2704482078552246,1400
1977-02-10,0.0,6.5,5.75,5.75,3.2704482078552246,400
1977-02-11,0.0,6.5,5.75,5.75,3.2704482078552246,200
1977-02-14,0.0,6.5,5.75,5.75,3.2704482078552246,600
1977-02-15,0.0,6.5,5.75,5.75,3.2704482078552246,800
1977-02-16,0.0,6.5,5.75,5.75,3.2704482078552246,200
1977-02-17,0.0,6.5,5.75,5.75,3.2704482078552246,300
1977-02-18,0.0,6.5,5.75,5.75,3.2704482078552246,300
1977-02-22,0.0,6.5,5.75,5.75,3.2704482078552246,100
1977-02-23,0.0,6.5,5.75,5.75,3.2704482078552246,1000
1977-02-24,0.0,6.5,5.75,5.75,3.2704482078552246,50
1977-02-25,0.0,6.5,5.75,5.75,3.2704482078552246,100
1977-02-28,0.0,6.5,5.75,5.75,3.2704482078552246,300
1977-03-01,0.0,6.25,5.5,5.5,3.1282544136047363,700
1977-03-02,0.0,6.25,5.5,5.5,3.1282544136047363,50
1977-03-03,0.0,6.25,5.5,5.5,3.1282544136047363,100
1977-03-04,0.0,6.5,5.75,5.75,3.2704482078552246,1000
1977-03-07,0.0,6.75,6.0,6.0,3.41264271736145,3600
1977-03-08,0.0,6.75,6.0,6.0,3.41264271736145,1100
1977-03-09,0.0,6.75,6.0,6.0,3.41264271736145,400
1977-03-10,0.0,6.75,6.0,6.0,3.41264271736145,1200
1977-03-11,0.0,6.75,6.0,6.0,3.41264271736145,3000
1977-03-14,0.0,6.5,5.75,5.75,3.2704482078552246,4100
1977-03-15,0.0,6.75,6.0,6.0,3.41264271736145,1300
1977-03-16,0.0,6.75,6.0,6.0,3.41264271736145,10200
1977-03-17,0.0,6.75,6.0,6.0,3.41264271736145,3200
1977-03-18,0.0,6.75,6.0,6.0,3.41264271736145,3300
1977-03-21,0.0,6.75,6.0,6.0,3.41264271736145,3400
1977-03-22,0.0,7.0,6.25,6.25,3.554835081100464,800
1977-03-23,0.0,7.5,6.75,6.75,3.839224100112915,8700
1977-03-24,0.0,8.0,7.25,7.25,4.1236090660095215,2300
1977-03-25,0.0,8.0,7.25,7.25,4.1236090660095215,1800
1977-03-28,0.0,8.25,7.5,7.5,4.265802383422852,2200
1977-03-29,0.0,8.25,7.5,7.5,4.265802383422852,2300
1977-03-30,0.0,7.75,7.0,7.0,3.981416940689087,1600
1977-03-31,0.0,7.75,7.0,7.0,3.981416940689087,1400
1977-04-01,0.0,7.75,7.0,7.0,3.981416940689087,600
1977-04-04,0.0,7.75,7.0,7.0,3.981416940689087,1500
1977-04-05,0.0,7.25,6.5,6.5,3.697028636932373,2100
1977-04-06,0.0,7.5,6.75,6.75,3.839224100112915,2100
1977-04-07,0.0,7.5,6.75,6.75,3.839224100112915,600
1977-04-11,0.0,7.25,6.5,6.5,3.697028636932373,400
1977-04-12,0.0,7.25,6.5,6.5,3.697028636932373,50
1977-04-13,0.0,7.25,6.5,6.5,3.697028636932373,300
1977-04-14,0.0,7.5,6.75,6.75,3.839224100112915,1200
1977-04-15,0.0,7.5,6.75,6.75,3.839224100112915,1400
1977-04-18,0.0,7.75,7.0,7.0,3.981416940689087,3800
1977-04-19,0.0,8.0,7.25,7.25,4.1236090660095215,700
1977-04-20,0.0,8.25,7.5,7.5,4.265802383422852,800
1977-04-21,0.0,8.25,7.5,7.5,4.265802383422852,800
1977-04-22,0.0,8.0,7.25,7.25,4.1236090660095215,1300
1977-04-25,0.0,8.0,7.25,7.25,4.1236090660095215,600
1977-04-26,0.0,8.0,7.25,7.25,4.1236090660095215,200
1977-04-27,0.0,8.0,7.25,7.25,4.1236090660095215,500
1977-04-28,0.0,7.75,7.0,7.0,3.981416940689087,600
1977-04-29,0.0,8.0,7.25,7.25,4.1236090660095215,300
1977-05-02,0.0,8.0,7.25,7.25,4.1236090660095215,300
1977-05-03,0.0,8.0,7.25,7.25,4.1236090660095215,600
1977-05-04,0.0,7.75,7.0,7.0,3.981416940689087,1200
1977-05-05,0.0,7.75,7.0,7.0,3.981416940689087,1900
1977-05-06,0.0,7.75,7.0,7.0,3.981416940689087,100
1977-05-09,0.0,7.75,7.0,7.0,3.981416940689087,50
1977-05-10,0.0,7.75,7.0,7.0,3.981416940689087,1600
1977-05-11,0.0,8.0,7.25,7.25,4.1236090660095215,1100
1977-05-12,0.0,8.0,7.25,7.25,4.1236090660095215,1000
1977-05-13,0.0,8.0,7.25,7.25,4.1236090660095215,200
1977-05-16,0.0,8.0,7.25,7.25,4.1236090660095215,600
1977-05-17,0.0,8.25,7.5,7.5,4.265802383422852,600
1977-05-18,0.0,8.25,7.5,7.5,4.265802383422852,1100
1977-05-19,0.0,8.0,7.25,7.25,4.1236090660095215,1000
1977-05-20,0.0,8.0,7.25,7.25,4.1236090660095215,1300
1977-05-23,0.0,7.75,7.0,7.0,3.981416940689087,1900
1977-05-24,0.0,7.5,6.75,6.75,3.839224100112915,1100
1977-05-25,0.0,7.0,6.25,6.25,3.554835081100464,2100
1977-05-26,0.0,7.0,6.25,6.25,3.554835081100464,50
1977-05-27,0.0,6.5,5.75,5.75,3.2704482078552246,1400
1977-05-31,0.0,6.5,5.75,5.75,3.2704482078552246,2100
1977-06-01,0.0,6.5,5.75,5.75,3.2704482078552246,700
1977-06-02,0.0,7.25,6.5,6.5,3.697028636932373,1400
1977-06-03,0.0,8.25,7.5,7.5,4.265802383422852,2500
1977-06-06,0.0,8.0,7.25,7.25,4.1236090660095215,2300
1977-06-07,0.0,8.0,7.25,7.25,4.1236090660095215,600
1977-06-08,0.0,8.0,7.25,7.25,4.1236090660095215,500
1977-06-09,0.0,8.25,7.5,7.5,4.265802383422852,200
1977-06-10,0.0,8.0,7.25,7.25,4.1236090660095215,1500
1977-06-13,0.0,8.0,7.25,7.25,4.1236090660095215,900
1977-06-14,0.0,8.25,7.5,7.5,4.265802383422852,900
1977-06-15,0.0,8.25,7.5,7.5,4.265802383422852,800
1977-06-16,0.0,8.25,7.5,7.5,4.265802383422852,200
1977-06-17,0.0,8.0,7.25,7.25,4.1236090660095215,1100
1977-06-20,0.0,8.0,7.25,7.25,4.1236090660095215,400
1977-06-21,0.0,8.0,7.25,7.25,4.1236090660095215,200
1977-06-22,0.0,8.25,7.5,7.5,4.265802383422852,2000
1977-06-23,0.0,8.5,7.75,7.75,4.407995223999023,2400
1977-06-24,0.0,9.0,8.25,8.25,4.692383289337158,9000
1977-06-27,0.0,9.5,8.75,8.75,4.976767539978027,9300
1977-06-28,0.0,9.5,8.75,8.75,4.976767539978027,6100
1977-06-29,0.0,9.75,9.0,9.0,5.11896276473999,4600
1977-06-30,0.0,9.5,8.75,8.75,4.976767539978027,4700
1977-07-01,0.0,9.5,8.75,8.75,4.976767539978027,2000
1977-07-05,0.0,9.5,8.75,8.75,4.976767539978027,800
1977-07-06,0.0,9.5,8.75,8.75,4.976767539978027,1100
1977-07-07,0.0,9.75,9.0,9.0,5.11896276473999,3300
1977-07-08,0.0,10.0,9.25,9.25,5.261155605316162,5200
1977-07-11,0.0,10.25,9.5,9.5,5.40334939956665,7200
1977-07-12,0.0,10.0,9.25,9.25,5.261155605316162,5400
1977-07-13,0.0,10.0,9.25,9.25,5.261155605316162,2900
1977-07-15,0.0,10.0,9.25,9.25,5.261155605316162,3000
1977-07-18,0.0,10.75,10.0,10.0,5.687736511230469,4800
1977-07-19,0.0,11.25,10.5,10.5,5.972122669219971,5600
1977-07-20,0.0,11.0,10.25,10.25,5.829928398132324,1300
1977-07-21,0.0,11.75,11.0,11.0,6.256508827209473,14000
1977-07-22,0.0,11.5,10.75,10.75,6.114315032958984,7500
1977-07-25,0.0,11.5,10.75,10.75,6.114315032958984,800
1977-07-26,0.0,11.25,10.5,10.5,5.972122669219971,5400
1977-07-27,0.0,10.75,10.0,10.0,5.687736511230469,4700
1977-07-28,0.0,10.75,10.0,10.0,5.687736511230469,2900
1977-07-29,0.0,10.75,10.0,10.0,5.687736511230469,4700
1977-08-01,0.0,10.75,10.0,10.0,5.687736511230469,2700
1977-08-02,0.0,10.25,9.5,9.5,5.40334939956665,2400
1977-08-03,0.0,10.75,10.0,10.0,5.687736511230469,2900
1977-08-04,0.0,10.75,10.0,10.0,5.687736511230469,600
1977-08-05,0.0,11.0,10.25,10.25,5.829928398132324,2500
1977-08-08,0.0,11.25,10.5,10.5,5.972122669219971,3500
1977-08-09,0.0,11.5,10.75,10.75,6.114315032958984,6800
1977-08-10,0.0,11.5,10.75,10.75,6.114315032958984,2900
1977-08-11,0.0,11.25,10.5,10.5,5.972122669219971,2100
1977-08-12,0.0,11.25,10.5,10.5,5.972122669219971,2000
1977-08-15,0.0,11.5,10.75,10.75,6.114315032958984,3700
1977-08-16,0.0,12.25,11.5,11.5,6.540896415710449,9100
1977-08-17,0.0,12.0,11.25,11.25,6.398703575134277,5600
1977-08-18,0.0,13.0,12.25,12.25,6.967476844787598,7800
1977-08-19,0.0,12.75,12.0,12.0,6.8252854347229,5200
1977-08-22,0.0,12.25,11.5,11.5,6.540896415710449,3100
1977-08-23,0.0,12.5,11.75,11.75,6.683089256286621,1300
1977-08-24,0.0,12.0,11.25,11.25,6.398703575134277,3800
1977-08-25,0.0,11.75,11.0,11.0,6.256508827209473,3100
1977-08-26,0.0,10.75,10.0,10.0,5.687736511230469,8100
1977-08-29,0.0,10.75,10.0,10.0,5.687736511230469,300
1977-08-30,0.0,10.25,9.5,9.5,5.40334939956665,2600
1977-08-31,0.0,10.0,9.25,9.25,5.261155605316162,900
1977-09-01,0.0,11.5,10.75,10.75,6.114315032958984,9800
1977-09-02,0.0,11.75,11.0,11.0,6.256508827209473,3200
1977-09-06,0.0,11.25,10.5,10.5,5.972122669219971,3300
1977-09-07,0.0,11.5,10.75,10.75,6.114315032958984,1000
1977-09-08,0.0,11.0,10.25,10.25,5.829928398132324,2600
1977-09-09,0.0,11.25,10.5,10.5,5.972122669219971,2500
1977-09-12,0.0,11.25,10.5,10.5,5.972122669219971,1100
1977-09-13,0.0,11.25,10.5,10.5,5.972122669219971,800
1977-09-14,0.0,11.75,11.0,11.0,6.256508827209473,2000
1977-09-15,0.0,11.75,11.0,11.0,6.256508827209473,600
1977-09-16,0.0,11.5,10.75,10.75,6.114315032958984,1200
1977-09-19,0.0,11.5,10.75,10.75,6.114315032958984,1000
1977-09-20,0.0,11.5,10.75,10.75,6.114315032958984,1600
1977-09-21,0.0,11.5,10.75,10.75,6.114315032958984,2300
1977-09-22,0.0,11.5,10.75,10.75,6.114315032958984,800
1977-09-23,0.0,11.75,11.0,11.0,6.256508827209473,1600
1977-09-26,0.0,11.75,11.0,11.0,6.256508827209473,1100
1977-09-27,0.0,11.5,10.75,10.75,6.114315032958984,800
1977-09-28,0.0,11.5,10.75,10.75,6.114315032958984,300
1977-09-29,0.0,11.5,10.75,10.75,6.114315032958984,100
1977-09-30,0.0,11.5,10.75,10.75,6.114315032958984,400
1977-10-03,0.0,11.5,10.75,10.75,6.114315032958984,200
1977-10-04,0.0,11.25,10.5,10.5,5.972122669219971,3300
1977-10-05,0.0,11.25,10.5,10.5,5.972122669219971,400
1977-10-06,0.0,11.25,10.5,10.5,5.972122669219971,200
1977-10-07,0.0,11.25,10.5,10.5,5.972122669219971,1200
1977-10-10,0.0,11.25,10.5,10.5,5.972122669219971,3100
1977-10-11,0.0,11.25,10.5,10.5,5.972122669219971,1900
1977-10-12,0.0,11.0,10.25,10.25,5.829928398132324,1400
1977-10-13,0.0,11.0,10.25,10.25,5.829928398132324,300
1977-10-14,0.0,11.5,10.75,10.75,6.114315032958984,2400
1977-10-17,0.0,11.5,10.75,10.75,6.114315032958984,700
1977-10-18,0.0,11.5,10.75,10.75,6.114315032958984,2700
1977-10-19,0.0,11.5,10.75,10.75,6.114315032958984,1200
1977-10-20,0.0,11.25,10.5,10.5,5.972122669219971,700
1977-10-21,0.0,11.5,10.75,10.75,6.114315032958984,600
1977-10-24,0.0,11.25,10.5,10.5,5.972122669219971,1700
1977-10-25,0.0,10.5,9.75,9.75,5.545543193817139,2300
1977-10-26,0.0,10.5,9.75,9.75,5.545543193817139,1000
1977-10-27,0.0,10.75,10.0,10.0,5.687736511230469,800
1977-10-28,0.0,10.75,10.0,10.0,5.687736511230469,200
1977-10-31,0.0,10.75,10.0,10.0,5.687736511230469,1700
1977-11-01,0.0,10.75,10.0,10.0,5.687736511230469,1000
1977-11-02,0.0,10.75,10.0,10.0,5.687736511230469,100
1977-11-03,0.0,10.75,10.0,10.0,5.687736511230469,1400
1977-11-04,0.0,11.0,10.25,10.25,5.829928398132324,1300
1977-11-07,0.0,11.0,10.25,10.25,5.829928398132324,600
1977-11-08,0.0,11.0,10.25,10.25,5.829928398132324,500
1977-11-09,0.0,11.25,10.5,10.5,5.972122669219971,900
1977-11-10,0.0,11.25,10.5,10.5,5.972122669219971,3600
1977-11-11,0.0,11.25,10.5,10.5,5.972122669219971,2200
1977-11-14,0.0,11.25,10.5,10.5,5.972122669219971,1800
1977-11-15,0.0,11.25,10.5,10.5,5.972122669219971,3100
1977-11-16,0.0,11.25,10.5,10.5,5.972122669219971,2600
1977-11-17,0.0,11.25,10.5,10.5,5.972122669219971,500
1977-11-18,0.0,11.25,10.5,10.5,5.972122669219971,100
1977-11-21,0.0,11.25,10.5,10.5,5.972122669219971,800
1977-11-22,0.0,11.5,10.75,10.75,6.114315032958984,3600
1977-11-23,0.0,11.25,10.5,10.5,5.972122669219971,600
1977-11-25,0.0,11.25,10.5,10.5,5.972122669219971,800
1977-11-28,0.0,11.0,10.25,10.25,5.829928398132324,3200
1977-11-29,0.0,11.0,10.25,10.25,5.829928398132324,500
1977-11-30,0.0,11.25,10.5,10.5,5.972122669219971,800
1977-12-01,0.0,12.0,11.25,11.25,6.398703575134277,7400
1977-12-02,0.0,12.0,11.25,11.25,6.398703575134277,4400
1977-12-05,0.0,11.75,11.0,11.0,6.256508827209473,800
1977-12-06,0.0,11.25,10.5,10.5,5.972122669219971,900
1977-12-07,0.0,11.25,10.5,10.5,5.972122669219971,1000
1977-12-08,0.0,11.0,10.25,10.25,5.829928398132324,2100
1977-12-09,0.0,11.0,10.25,10.25,5.829928398132324,2000
1977-12-12,0.0,11.0,10.25,10.25,5.829928398132324,900
1977-12-13,0.0,11.0,10.25,10.25,5.829928398132324,400
1977-12-14,0.0,11.0,10.25,10.25,5.829928398132324,200
1977-12-15,0.0,11.0,10.25,10.25,5.829928398132324,500
1977-12-16,0.0,11.25,10.5,10.5,5.972122669219971,1500
1977-12-19,0.0,11.25,10.5,10.5,5.972122669219971,500
1977-12-20,0.0,11.0,10.25,10.25,5.829928398132324,100
1977-12-21,0.0,11.25,10.5,10.5,5.972122669219971,200
1977-12-22,0.0,11.25,10.5,10.5,5.972122669219971,1400
1977-12-23,0.0,11.25,10.5,10.5,5.972122669219971,200
1977-12-27,0.0,11.25,10.5,10.5,5.972122669219971,1700
1977-12-28,0.0,11.25,10.5,10.5,5.972122669219971,1600
1977-12-29,0.0,11.25,10.5,10.5,5.972122669219971,600
1977-12-30,0.0,11.25,10.5,10.5,5.972122669219971,100
1978-01-03,0.0,11.0,10.25,10.25,5.829928398132324,3100
1978-01-04,0.0,10.75,10.0,10.0,5.687736511230469,500
1978-01-05,0.0,10.75,10.0,10.0,5.687736511230469,1400
1978-01-06,0.0,10.5,9.75,9.75,5.545543193817139,50
1978-01-09,0.0,10.5,9.75,9.75,5.545543193817139,1000
1978-01-10,0.0,10.25,9.5,9.5,5.40334939956665,1200
1978-01-11,0.0,10.25,9.5,9.5,5.40334939956665,100
1978-01-12,0.0,10.25,9.5,9.5,5.40334939956665,1300
1978-01-13,0.0,10.25,9.5,9.5,5.40334939956665,200
1978-01-16,0.0,10.0,9.25,9.25,5.261155605316162,2400
1978-01-17,0.0,10.0,9.25,9.25,5.261155605316162,800
1978-01-18,0.0,10.0,9.25,9.25,5.261155605316162,1300
1978-01-19,0.0,10.0,9.25,9.25,5.261155605316162,900
1978-01-20,0.0,9.75,9.0,9.0,5.11896276473999,50
1978-01-23,0.0,10.0,9.25,9.25,5.261155605316162,200
1978-01-24,0.0,10.0,9.25,9.25,5.261155605316162,700
1978-01-25,0.0,10.0,9.25,9.25,5.261155605316162,200
1978-01-26,0.0,10.0,9.25,9.25,5.261155605316162,100
1978-01-27,0.0,10.0,9.25,9.25,5.261155605316162,50
1978-01-30,0.0,10.0,9.25,9.25,5.261155605316162,50
1978-01-31,0.0,10.0,9.25,9.25,5.261155605316162,100
1978-02-01,0.0,10.0,9.25,9.25,5.261155605316162,400
1978-02-02,0.0,10.0,9.25,9.25,5.261155605316162,500
1978-02-03,0.0,10.0,9.25,9.25,5.261155605316162,600
1978-02-06,0.0,10.0,9.25,9.25,5.261155605316162,100
1978-02-07,0.0,10.0,9.25,9.25,5.261155605316162,800
1978-02-08,0.0,10.0,9.25,9.25,5.261155605316162,2200
1978-02-09,0.0,10.0,9.25,9.25,5.261155605316162,50
1978-02-10,0.0,10.0,9.25,9.25,5.261155605316162,1200
1978-02-13,0.0,9.75,9.0,9.0,5.11896276473999,400
1978-02-14,0.0,9.75,9.0,9.0,5.11896276473999,700
1978-02-15,0.0,9.75,9.0,9.0,5.11896276473999,300
1978-02-16,0.0,9.25,8.5,8.5,4.834576606750488,500
1978-02-17,0.0,9.25,8.5,8.5,4.834576606750488,200
1978-02-21,0.0,9.25,8.5,8.5,4.834576606750488,1000
1978-02-22,0.0,9.25,8.5,8.5,4.834576606750488,300
1978-02-23,0.0,9.25,8.5,8.5,4.834576606750488,200
1978-02-24,0.0,9.5,8.75,8.75,4.976767539978027,1100
1978-02-27,0.0,9.75,9.0,9.0,5.11896276473999,300
1978-02-28,0.0,9.5,8.75,8.75,4.976767539978027,1400
1978-03-01,0.0,9.5,8.75,8.75,4.976767539978027,300
1978-03-02,0.0,9.5,8.75,8.75,4.976767539978027,50
1978-03-03,0.0,9.5,8.75,8.75,4.976767539978027,100
1978-03-06,0.0,9.75,9.0,9.0,5.11896276473999,900
1978-03-07,0.0,9.75,9.0,9.0,5.11896276473999,400
1978-03-08,0.0,9.75,9.0,9.0,5.11896276473999,200
1978-03-09,0.0,9.75,9.0,9.0,5.11896276473999,300
1978-03-10,0.0,9.5,8.75,8.75,4.976767539978027,1700
1978-03-13,0.0,9.25,8.5,8.5,4.834576606750488,400
1978-03-14,0.0,9.25,8.5,8.5,4.834576606750488,100
1978-03-15,0.0,9.25,8.5,8.5,4.834576606750488,100
1978-03-16,0.0,9.25,8.5,8.5,4.834576606750488,500
1978-03-17,0.0,9.25,8.5,8.5,4.834576606750488,100
1978-03-20,0.0,9.25,8.5,8.5,4.834576606750488,200
1978-03-21,0.0,9.25,8.5,8.5,4.834576606750488,500
1978-03-22,0.0,9.25,8.5,8.5,4.834576606750488,50
1978-03-23,0.0,9.75,9.0,9.0,5.11896276473999,400
1978-03-27,0.0,9.75,9.0,9.0,5.11896276473999,3300
1978-03-28,0.0,9.75,9.0,9.0,5.11896276473999,700
1978-03-29,0.0,9.75,9.0,9.0,5.11896276473999,1000
1978-03-30,0.0,9.75,9.0,9.0,5.11896276473999,50
1978-03-31,0.0,9.75,9.0,9.0,5.11896276473999,600
1978-04-03,0.0,9.75,9.0,9.0,5.11896276473999,300
1978-04-04,0.0,9.75,9.0,9.0,5.11896276473999,300
1978-04-05,0.0,9.25,8.5,8.5,4.834576606750488,3300
1978-04-06,0.0,9.0,8.25,8.25,4.692383289337158,1100
1978-04-07,0.0,8.75,8.0,8.0,4.550189971923828,2200
1978-04-10,0.0,8.75,8.0,8.0,4.550189971923828,500
1978-04-11,0.0,9.0,8.25,8.25,4.692383289337158,1700
1978-04-12,0.0,9.0,8.25,8.25,4.692383289337158,1300
1978-04-13,0.0,9.75,9.0,9.0,5.11896276473999,4000
1978-04-14,0.0,9.5,8.75,8.75,4.976767539978027,200
1978-04-17,0.0,9.5,8.75,8.75,4.976767539978027,600
1978-04-18,0.0,9.5,8.75,8.75,4.976767539978027,1000
1978-04-19,0.0,9.5,8.75,8.75,4.976767539978027,600
1978-04-20,0.0,9.5,8.75,8.75,4.976767539978027,600
1978-04-21,0.0,9.5,8.75,8.75,4.976767539978027,800
1978-04-24,0.0,9.5,8.75,8.75,4.976767539978027,2500
1978-04-25,0.0,9.5,8.75,8.75,4.976767539978027,1600
1978-04-26,0.0,9.25,8.5,8.5,4.834576606750488,1900
1978-04-27,0.0,9.25,8.5,8.5,4.834576606750488,200
1978-04-28,0.0,9.25,8.5,8.5,4.834576606750488,100
1978-05-01,0.0,9.0,8.25,8.25,4.692383289337158,500
1978-05-02,0.0,9.0,8.25,8.25,4.692383289337158,8100
1978-05-03,0.0,9.0,8.25,8.25,4.692383289337158,3600
1978-05-04,0.0,9.0,8.25,8.25,4.692383289337158,400
1978-05-05,0.0,9.0,8.25,8.25,4.692383289337158,3000
1978-05-08,0.0,9.0,8.25,8.25,4.692383289337158,5200
1978-05-09,0.0,9.0,8.25,8.25,4.692383289337158,2200
1978-05-10,0.0,9.25,8.5,8.5,4.834576606750488,2400
1978-05-11,0.0,10.0,9.25,9.25,5.261155605316162,4500
1978-05-12,0.0,10.25,9.5,9.5,5.40334939956665,800
1978-05-15,0.0,10.25,9.5,9.5,5.40334939956665,2700
1978-05-16,0.0,10.25,9.5,9.5,5.40334939956665,400
1978-05-17,0.0,10.0,9.25,9.25,5.261155605316162,500
1978-05-18,0.0,10.25,9.5,9.5,5.40334939956665,4700
1978-05-19,0.0,10.25,9.5,9.5,5.40334939956665,700
1978-05-22,0.0,10.25,9.5,9.5,5.40334939956665,900
1978-05-23,0.0,10.25,9.5,9.5,5.40334939956665,600
1978-05-24,0.0,10.25,9.5,9.5,5.40334939956665,1400
1978-05-25,0.0,10.5,9.75,9.75,5.545543193817139,1100
1978-05-26,0.0,10.5,9.75,9.75,5.545543193817139,3800
1978-05-30,0.0,10.5,9.75,9.75,5.545543193817139,4200
1978-05-31,0.0,10.75,10.0,10.0,5.687736511230469,1700
1978-06-01,0.0,10.0,9.25,9.25,5.261155605316162,5000
1978-06-02,0.0,10.0,9.25,9.25,5.261155605316162,1300
1978-06-05,0.0,10.0,9.25,9.25,5.261155605316162,1000
1978-06-06,0.0,10.25,9.5,9.5,5.40334939956665,800
1978-06-07,0.0,10.0,9.25,9.25,5.261155605316162,1900
1978-06-08,0.0,10.0,9.25,9.25,5.261155605316162,300
1978-06-09,0.0,10.0,9.25,9.25,5.261155605316162,100
1978-06-12,0.0,10.0,9.25,9.25,5.261155605316162,1400
1978-06-13,0.0,9.75,9.0,9.0,5.11896276473999,1800
1978-06-14,0.0,9.75,9.0,9.0,5.11896276473999,1500
1978-06-15,0.0,9.75,9.0,9.0,5.11896276473999,2000
1978-06-16,0.0,9.75,9.0,9.0,5.11896276473999,600
1978-06-19,0.0,9.75,9.0,9.0,5.11896276473999,300
1978-06-20,0.0,9.75,9.0,9.0,5.11896276473999,3800
1978-06-21,0.0,9.75,9.0,9.0,5.11896276473999,1800
1978-06-22,0.0,9.75,9.0,9.0,5.11896276473999,1400
1978-06-23,0.0,10.0,9.25,9.25,5.261155605316162,2200
1978-06-26,0.0,10.5,9.75,9.75,5.545543193817139,5400
1978-06-27,0.0,10.5,9.75,9.75,5.545543193817139,700
1978-06-28,0.0,10.5,9.75,9.75,5.545543193817139,2000
1978-06-29,0.0,10.5,9.75,9.75,5.545543193817139,200
1978-06-30,0.0,10.25,9.5,9.5,5.40334939956665,4100
1978-07-03,0.0,10.25,9.5,9.5,5.40334939956665,2200
1978-07-05,0.0,10.25,9.5,9.5,5.40334939956665,50
1978-07-06,0.0,10.0,9.25,9.25,5.261155605316162,700
1978-07-07,0.0,9.75,9.0,9.0,5.11896276473999,600
1978-07-10,0.0,9.75,9.0,9.0,5.11896276473999,100
1978-07-11,0.0,9.75,9.0,9.0,5.11896276473999,1900
1978-07-12,0.0,9.75,9.0,9.0,5.11896276473999,2400
1978-07-13,0.0,9.75,9.0,9.0,5.11896276473999,1100
1978-07-14,0.0,10.0,9.25,9.25,5.261155605316162,5400
1978-07-17,0.0,10.0,9.25,9.25,5.261155605316162,1000
1978-07-18,0.0,9.75,9.0,9.0,5.11896276473999,100
1978-07-19,0.0,9.75,9.0,9.0,5.11896276473999,50
1978-07-20,0.0,9.75,9.0,9.0,5.11896276473999,2100
1978-07-21,0.0,9.75,9.0,9.0,5.11896276473999,50
1978-07-24,0.0,9.75,9.0,9.0,5.11896276473999,800
1978-07-25,0.0,9.75,9.0,9.0,5.11896276473999,50
1978-07-26,0.0,9.75,9.0,9.0,5.11896276473999,900
1978-07-27,0.0,9.75,9.0,9.0,5.11896276473999,600
1978-07-28,0.0,9.75,9.0,9.0,5.11896276473999,1700
1978-07-31,0.0,9.75,9.0,9.0,5.11896276473999,900
1978-08-01,0.0,9.75,9.0,9.0,5.11896276473999,2800
1978-08-02,0.0,9.75,9.0,9.0,5.11896276473999,300
1978-08-03,0.0,9.75,9.0,9.0,5.11896276473999,200
1978-08-04,0.0,9.75,9.0,9.0,5.11896276473999,500
1978-08-07,0.0,9.75,9.0,9.0,5.11896276473999,3200
1978-08-08,0.0,9.75,9.0,9.0,5.11896276473999,1000
1978-08-09,0.0,9.75,9.0,9.0,5.11896276473999,300
1978-08-10,0.0,9.75,9.0,9.0,5.11896276473999,1300
1978-08-11,0.0,9.75,9.0,9.0,5.11896276473999,1200
1978-08-14,0.0,9.75,9.0,9.0,5.11896276473999,100
1978-08-15,0.0,9.75,9.0,9.0,5.11896276473999,500
1978-08-16,0.0,9.75,9.0,9.0,5.11896276473999,400
1978-08-17,0.0,9.75,9.0,9.0,5.11896276473999,1900
1978-08-18,0.0,10.0,9.25,9.25,5.261155605316162,3100
1978-08-21,0.0,10.25,9.5,9.5,5.40334939956665,2500
1978-08-22,0.0,10.25,9.5,9.5,5.40334939956665,3300
1978-08-23,0.0,10.25,9.5,9.5,5.40334939956665,1100
1978-08-24,0.0,10.0,9.25,9.25,5.261155605316162,1900
1978-08-25,0.0,10.0,9.25,9.25,5.261155605316162,1300
1978-08-28,0.0,9.5,8.75,8.75,4.976767539978027,4800
1978-08-29,0.0,9.5,8.75,8.75,4.976767539978027,400
1978-08-30,0.0,9.5,8.75,8.75,4.976767539978027,2000
1978-08-31,0.0,9.5,8.75,8.75,4.976767539978027,50
1978-09-01,0.0,9.5,8.75,8.75,4.976767539978027,300
1978-09-05,0.0,9.5,8.75,8.75,4.976767539978027,200
1978-09-06,0.0,9.5,8.75,8.75,4.976767539978027,500
1978-09-07,0.0,9.5,8.75,8.75,4.976767539978027,1000
1978-09-08,0.0,9.5,8.75,8.75,4.976767539978027,3600
1978-09-11,0.0,9.75,9.0,9.0,5.11896276473999,700
1978-09-12,0.0,9.75,9.0,9.0,5.11896276473999,1600
1978-09-13,0.0,9.75,9.0,9.0,5.11896276473999,700
1978-09-14,0.0,9.75,9.0,9.0,5.11896276473999,400
1978-09-15,0.0,9.75,9.0,9.0,5.11896276473999,1500
1978-09-18,0.0,9.75,9.0,9.0,5.11896276473999,1100
1978-09-19,0.0,9.75,9.0,9.0,5.11896276473999,100
1978-09-20,0.0,9.75,9.0,9.0,5.11896276473999,300
1978-09-21,0.0,9.75,9.0,9.0,5.11896276473999,600
1978-09-22,0.0,9.75,9.0,9.0,5.11896276473999,1000
1978-09-25,0.0,9.75,9.0,9.0,5.11896276473999,1600
1978-09-26,0.0,9.75,9.0,9.0,5.11896276473999,6000
1978-09-27,0.0,10.25,9.5,9.5,5.40334939956665,1100
1978-09-28,0.0,10.25,9.5,9.5,5.40334939956665,1600
1978-09-29,0.0,10.25,9.5,9.5,5.40334939956665,500
1978-10-02,0.0,10.25,9.5,9.5,5.40334939956665,50
1978-10-03,0.0,10.25,9.5,9.5,5.40334939956665,2100
1978-10-04,0.0,10.25,9.5,9.5,5.40334939956665,500
1978-10-05,0.0,10.25,9.5,9.5,5.40334939956665,100
1978-10-06,0.0,10.25,9.5,9.5,5.40334939956665,200
1978-10-09,0.0,10.25,9.5,9.5,5.40334939956665,500
1978-10-10,0.0,10.5,9.75,9.75,5.545543193817139,2000
1978-10-11,0.0,10.5,9.75,9.75,5.545543193817139,400
1978-10-12,0.0,11.25,10.5,10.5,5.972122669219971,10800
1978-10-13,0.0,11.0,10.25,10.25,5.829928398132324,6400
1978-10-16,0.0,11.0,10.25,10.25,5.829928398132324,1300
1978-10-17,0.0,11.0,10.25,10.25,5.829928398132324,2500
1978-10-18,0.0,11.0,10.25,10.25,5.829928398132324,1500
1978-10-19,0.0,11.0,10.25,10.25,5.829928398132324,2300
1978-10-20,0.0,10.75,10.0,10.0,5.687736511230469,6100
1978-10-23,0.0,10.5,9.75,9.75,5.545543193817139,1300
1978-10-24,0.0,10.5,9.75,9.75,5.545543193817139,300
1978-10-25,0.0,10.25,9.5,9.5,5.40334939956665,2500
1978-10-26,0.0,10.0,9.25,9.25,5.261155605316162,8500
1978-10-27,0.0,9.75,9.0,9.0,5.11896276473999,1800
1978-10-30,0.0,9.5,8.75,8.75,4.976767539978027,2300
1978-10-31,0.0,9.75,9.0,9.0,5.11896276473999,3200
1978-11-01,0.0,10.0,9.25,9.25,5.261155605316162,500
1978-11-02,0.0,10.0,9.25,9.25,5.261155605316162,200
1978-11-03,0.0,10.0,9.25,9.25,5.261155605316162,300
1978-11-06,0.0,10.75,10.0,10.0,5.687736511230469,2200
1978-11-07,0.0,10.5,9.75,9.75,5.545543193817139,1500
1978-11-08,0.0,10.25,9.5,9.5,5.40334939956665,200
1978-11-09,0.0,10.5,9.75,9.75,5.545543193817139,50
1978-11-10,0.0,10.5,9.75,9.75,5.545543193817139,50
1978-11-13,0.0,10.5,9.75,9.75,5.545543193817139,500
1978-11-14,0.0,10.25,9.5,9.5,5.40334939956665,1300
1978-11-15,0.0,10.25,9.5,9.5,5.40334939956665,1000
1978-11-16,0.0,10.5,9.75,9.75,5.545543193817139,50
1978-11-17,0.0,10.25,9.5,9.5,5.40334939956665,600
1978-11-20,0.0,10.5,9.75,9.75,5.545543193817139,100
1978-11-21,0.0,10.5,9.75,9.75,5.545543193817139,800
1978-11-22,0.0,10.25,9.5,9.5,5.40334939956665,200
1978-11-24,0.0,10.25,9.5,9.5,5.40334939956665,1000
1978-11-27,0.0,10.5,9.75,9.75,5.545543193817139,600
1978-11-28,0.0,10.5,9.75,9.75,5.545543193817139,1000
1978-11-29,0.0,10.5,9.75,9.75,5.545543193817139,100
1978-11-30,0.0,10.5,9.75,9.75,5.545543193817139,50
1978-12-01,0.0,10.5,9.75,9.75,5.545543193817139,600
1978-12-04,0.0,10.5,9.75,9.75,5.545543193817139,50
1978-12-05,0.0,10.5,9.75,9.75,5.545543193817139,1300
1978-12-06,0.0,10.5,9.75,9.75,5.545543193817139,1500
1978-12-07,0.0,10.75,10.0,10.0,5.687736511230469,5200
1978-12-08,0.0,10.75,10.0,10.0,5.687736511230469,800
1978-12-11,0.0,10.75,10.0,10.0,5.687736511230469,700
1978-12-12,0.0,10.75,10.0,10.0,5.687736511230469,3000
1978-12-13,0.0,10.75,10.0,10.0,5.687736511230469,5300
1978-12-14,0.0,11.75,11.0,11.0,6.256508827209473,10900
1978-12-15,0.0,12.0,11.25,11.25,6.398703575134277,6300
1978-12-18,0.0,12.5,11.75,11.75,6.683089256286621,6100
1978-12-19,0.0,12.25,11.5,11.5,6.540896415710449,2500
1978-12-20,0.0,12.0,11.25,11.25,6.398703575134277,50
1978-12-21,0.0,12.0,11.25,11.25,6.398703575134277,600
1978-12-22,0.0,12.0,11.25,11.25,6.398703575134277,300
1978-12-26,0.0,12.0,11.25,11.25,6.398703575134277,800
1978-12-27,0.0,11.75,11.0,11.0,6.256508827209473,2000
1978-12-28,0.0,11.75,11.0,11.0,6.256508827209473,2000
1978-12-29,0.0,11.75,11.0,11.0,6.256508827209473,700
1979-01-02,0.0,11.75,11.0,11.0,6.256508827209473,200
1979-01-03,0.0,11.75,11.0,11.0,6.256508827209473,50
1979-01-04,0.0,11.75,11.0,11.0,6.256508827209473,50
1979-01-05,0.0,11.75,11.0,11.0,6.256508827209473,1600
1979-01-08,0.0,11.75,11.0,11.0,6.256508827209473,1700
1979-01-09,0.0,11.75,11.0,11.0,6.256508827209473,900
1979-01-10,0.0,11.75,11.0,11.0,6.256508827209473,5700
1979-01-11,0.0,11.5,10.75,10.75,6.114315032958984,700
1979-01-12,0.0,11.5,10.75,10.75,6.114315032958984,4200
1979-01-15,0.0,11.5,10.75,10.75,6.114315032958984,3000
1979-01-16,0.0,11.75,11.0,11.0,6.256508827209473,1000
1979-01-17,0.0,11.5,10.75,10.75,6.114315032958984,1400
1979-01-18,0.0,11.25,10.5,10.5,5.972122669219971,2000
1979-01-19,0.0,11.5,10.75,10.75,6.114315032958984,200
1979-01-22,0.0,11.5,10.75,10.75,6.114315032958984,400
1979-01-23,0.0,11.5,10.75,10.75,6.114315032958984,200
1979-01-24,0.0,11.25,10.5,10.5,5.972122669219971,1000
1979-01-25,0.0,11.25,10.5,10.5,5.972122669219971,400
1979-01-26,0.0,11.25,10.5,10.5,5.972122669219971,3700
1979-01-29,0.0,11.25,10.5,10.5,5.972122669219971,800
1979-01-30,0.0,11.25,10.5,10.5,5.972122669219971,1300
1979-01-31,0.0,11.25,10.5,10.5,5.972122669219971,1800
1979-02-01,0.0,11.25,10.5,10.5,5.972122669219971,4000
1979-02-02,0.0,11.5,10.75,10.75,6.114315032958984,1600
1979-02-05,0.0,11.0,10.25,10.25,5.829928398132324,3300
1979-02-06,0.0,11.0,10.25,10.25,5.829928398132324,1900
1979-02-07,0.0,11.0,10.25,10.25,5.829928398132324,2900
1979-02-08,0.0,11.0,10.25,10.25,5.829928398132324,500
1979-02-09,0.0,11.0,10.25,10.25,5.829928398132324,2300
1979-02-12,0.0,11.0,10.25,10.25,5.829928398132324,1500
1979-02-13,0.0,11.0,10.25,10.25,5.829928398132324,3100
1979-02-14,0.0,11.25,10.5,10.5,5.972122669219971,7000
1979-02-15,0.0,11.25,10.5,10.5,5.972122669219971,1600
1979-02-16,0.0,11.5,10.75,10.75,6.114315032958984,1100
1979-02-20,0.0,11.25,10.5,10.5,5.972122669219971,5500
1979-02-21,0.0,11.0,10.25,10.25,5.829928398132324,2800
1979-02-22,0.0,11.0,10.25,10.25,5.829928398132324,2300
1979-02-23,0.0,11.0,10.25,10.25,5.829928398132324,1300
1979-02-26,0.0,10.75,10.0,10.0,5.687736511230469,4900
1979-02-27,0.0,10.25,9.5,9.5,5.40334939956665,2100
1979-02-28,0.0,10.5,9.75,9.75,5.545543193817139,400
1979-03-01,0.0,10.5,9.75,9.75,5.545543193817139,500
1979-03-02,0.0,10.5,9.75,9.75,5.545543193817139,1000
1979-03-05,0.0,10.75,10.0,10.0,5.687736511230469,2200
1979-03-06,0.0,10.75,10.0,10.0,5.687736511230469,2700
1979-03-07,0.0,10.75,10.0,10.0,5.687736511230469,1000
1979-03-08,0.0,10.75,10.0,10.0,5.687736511230469,600
1979-03-09,0.0,10.75,10.0,10.0,5.687736511230469,2800
1979-03-12,0.0,10.5,9.75,9.75,5.545543193817139,1000
1979-03-13,0.0,10.0,9.25,9.25,5.261155605316162,2500
1979-03-14,0.0,10.0,9.25,9.25,5.261155605316162,400
1979-03-15,0.0,10.0,9.25,9.25,5.261155605316162,1500
1979-03-16,0.0,10.0,9.25,9.25,5.261155605316162,1000
1979-03-19,0.0,10.0,9.25,9.25,5.261155605316162,1800
1979-03-20,0.0,10.0,9.25,9.25,5.261155605316162,50
1979-03-21,0.0,10.5,9.75,9.75,5.545543193817139,5700
1979-03-22,0.0,10.75,10.0,10.0,5.687736511230469,6100
1979-03-23,0.0,11.0,10.25,10.25,5.829928398132324,1400
1979-03-26,0.0,11.0,10.25,10.25,5.829928398132324,1400
1979-03-27,0.0,11.0,10.25,10.25,5.829928398132324,1100
1979-03-28,0.0,11.0,10.25,10.25,5.829928398132324,2300
1979-03-29,0.0,11.0,10.25,10.25,5.829928398132324,1200
1979-03-30,0.0,11.0,10.25,10.25,5.829928398132324,1900
1979-04-02,0.0,11.0,10.25,10.25,5.829928398132324,2300
1979-04-03,0.0,11.75,11.0,11.0,6.256508827209473,9900
1979-04-04,0.0,12.0,11.25,11.25,6.398703575134277,10100
1979-04-05,0.0,12.5,11.75,11.75,6.683089256286621,14300
1979-04-06,0.0,13.0,12.25,12.25,6.967476844787598,9100
1979-04-09,0.0,12.75,12.0,12.0,6.8252854347229,4800
1979-04-10,0.0,12.75,12.0,12.0,6.8252854347229,4500
1979-04-11,0.0,12.75,12.0,12.0,6.8252854347229,1400
1979-04-12,0.0,13.0,12.25,12.25,6.967476844787598,4400
1979-04-16,0.0,12.5,11.75,11.75,6.683089256286621,6300
1979-04-17,0.0,12.25,11.5,11.5,6.540896415710449,1100
1979-04-18,0.0,12.5,11.75,11.75,6.683089256286621,2800
1979-04-19,0.0,12.5,11.75,11.75,6.683089256286621,1000
1979-04-20,0.0,12.75,12.0,12.0,6.8252854347229,1700
1979-04-23,0.0,12.75,12.0,12.0,6.8252854347229,3500
1979-04-24,0.0,13.0,12.25,12.25,6.967476844787598,8900
1979-04-25,0.0,12.75,12.0,12.0,6.8252854347229,2800
1979-04-26,0.0,12.75,12.0,12.0,6.8252854347229,4900
1979-04-27,0.0,12.5,11.75,11.75,6.683089256286621,1300
1979-04-30,0.0,12.5,11.75,11.75,6.683089256286621,8200
1979-05-01,0.0,12.25,11.5,11.5,6.540896415710449,3200
1979-05-02,0.0,11.5,10.75,10.75,6.114315032958984,5000
1979-05-03,0.0,11.75,11.0,11.0,6.256508827209473,3200
1979-05-04,0.0,11.5,10.75,10.75,6.114315032958984,3200
1979-05-07,0.0,10.5,9.75,9.75,5.545543193817139,3600
1979-05-08,0.0,10.25,9.5,9.5,5.40334939956665,1300
1979-05-09,0.0,10.5,9.75,9.75,5.545543193817139,2700
1979-05-10,0.0,10.75,10.0,10.0,5.687736511230469,3000
1979-05-11,0.0,10.5,9.75,9.75,5.545543193817139,500
1979-05-14,0.0,10.0,9.25,9.25,5.261155605316162,2400
1979-05-15,0.0,10.0,9.25,9.25,5.261155605316162,800
1979-05-16,0.0,10.25,9.5,9.5,5.40334939956665,1500
1979-05-17,0.0,10.25,9.5,9.5,5.40334939956665,2100
1979-05-18,0.0,11.0,10.25,10.25,5.829928398132324,7000
1979-05-21,0.0,11.0,10.25,10.25,5.829928398132324,2000
1979-05-22,0.0,11.0,10.25,10.25,5.829928398132324,1200
1979-05-23,0.0,11.25,10.5,10.5,5.972122669219971,4500
1979-05-24,0.0,12.0,11.25,11.25,6.398703575134277,5300
1979-05-25,0.0,12.25,11.5,11.5,6.540896415710449,12400
1979-05-29,0.0,12.25,11.5,11.5,6.540896415710449,2700
1979-05-30,0.0,12.0,11.25,11.25,6.398703575134277,1200
1979-05-31,0.0,12.25,11.5,11.5,6.540896415710449,2600
1979-06-01,0.0,12.5,11.75,11.75,6.683089256286621,1200
1979-06-04,0.0,12.5,11.75,11.75,6.683089256286621,2100
1979-06-05,0.0,12.75,12.0,12.0,6.8252854347229,3200
1979-06-06,0.0,12.5,11.75,11.75,6.683089256286621,2600
1979-06-07,0.0,12.75,12.0,12.0,6.8252854347229,14900
1979-06-08,0.0,12.75,12.0,12.0,6.8252854347229,4300
1979-06-11,0.0,12.75,12.0,12.0,6.8252854347229,5400
1979-06-12,0.0,12.5,11.75,11.75,6.683089256286621,1600
1979-06-13,0.0,12.5,11.75,11.75,6.683089256286621,3000
1979-06-14,0.0,12.5,11.75,11.75,6.683089256286621,3300
1979-06-15,0.0,12.75,12.0,12.0,6.8252854347229,18400
1979-06-18,0.0,12.5,11.75,11.75,6.683089256286621,4700
1979-06-19,0.0,12.5,11.75,11.75,6.683089256286621,1500
1979-06-20,0.0,12.5,11.75,11.75,6.683089256286621,8800
1979-06-21,0.0,13.25,12.5,12.5,7.109670162200928,16800
1979-06-22,0.0,14.5,13.75,13.75,7.820637226104736,27500
1979-06-25,0.0,14.5,13.75,13.75,7.820637226104736,5800
1979-06-26,0.0,15.0,14.25,14.25,8.105025291442871,9200
1979-06-27,0.0,15.75,15.0,15.0,8.531604766845703,13400
1979-06-28,0.0,15.25,14.5,14.5,8.247218132019043,12400
1979-06-29,0.0,15.0,14.25,14.25,8.105025291442871,6500
1979-07-02,0.0,15.0,14.25,14.25,8.105025291442871,4500
1979-07-03,0.0,15.0,14.25,14.25,8.105025291442871,2500
1979-07-05,0.0,15.0,14.25,14.25,8.105025291442871,2700
1979-07-06,0.0,16.0,15.25,15.25,8.673798561096191,10000
1979-07-09,0.0,16.0,15.25,15.25,8.673798561096191,10000
1979-07-10,0.0,16.25,15.5,15.5,8.815990447998047,7300
1979-07-11,0.0,16.5,15.75,15.75,8.9581880569458,8800
1979-07-12,0.0,16.5,15.75,15.75,8.9581880569458,8200
1979-07-13,0.0,16.25,15.5,15.5,8.815990447998047,10700
1979-07-16,0.0,16.5,15.75,15.75,8.9581880569458,8100
1979-07-17,0.0,17.5,16.75,16.75,9.526957511901855,15500
1979-07-18,0.0,18.25,17.5,17.5,9.953535079956055,20000
1979-07-19,0.0,18.5,17.75,17.75,10.095735549926758,14000
1979-07-20,0.0,18.0,17.25,17.25,9.811347007751465,10400
1979-07-23,0.0,16.75,16.0,16.0,9.100379943847656,9000
1979-07-24,0.0,16.5,15.75,15.75,8.9581880569458,10200
1979-07-25,0.0,16.5,15.75,15.75,8.9581880569458,1500
1979-07-26,0.0,16.75,16.0,16.0,9.100379943847656,4400
1979-07-27,0.0,17.0,16.25,16.25,9.242574691772461,3200
1979-07-30,0.0,17.25,16.5,16.5,9.384766578674316,4400
1979-07-31,0.0,17.25,16.5,16.5,9.384766578674316,1800
1979-08-01,0.0,17.5,16.75,16.75,9.526957511901855,2300
1979-08-02,0.0,18.5,17.75,17.75,10.095735549926758,10100
1979-08-03,0.0,18.5,17.75,17.75,10.095735549926758,5100
1979-08-06,0.0,18.25,17.5,17.5,9.953535079956055,6000
1979-08-07,0.0,18.5,17.75,17.75,10.095735549926758,2300
1979-08-08,0.0,18.25,17.5,17.5,9.953535079956055,3600
1979-08-09,0.0,18.25,17.5,17.5,9.953535079956055,2700
1979-08-10,0.0,18.0,17.25,17.25,9.811347007751465,1100
1979-08-13,0.0,17.5,16.75,16.75,9.526957511901855,5400
1979-08-14,0.0,17.0,16.25,16.25,9.242574691772461,4400
1979-08-15,0.0,17.5,16.75,16.75,9.526957511901855,8500
1979-08-16,0.0,17.5,16.75,16.75,9.526957511901855,3500
1979-08-17,0.0,17.75,17.0,17.0,9.669153213500977,5900
1979-08-20,0.0,18.0,17.25,17.25,9.811347007751465,900
1979-08-21,0.0,20.0,19.25,19.25,10.94888973236084,11900
1979-08-22,0.0,20.5,19.75,19.75,11.233277320861816,21600
1979-08-23,0.0,20.25,19.5,19.5,11.091086387634277,8000
1979-08-24,0.0,20.5,19.75,19.75,11.233277320861816,4800
1979-08-27,0.0,20.5,19.75,19.75,11.233277320861816,3600
1979-08-28,0.0,20.25,19.5,19.5,11.091086387634277,3600
1979-08-29,0.0,20.0,19.25,19.25,10.94888973236084,1300
1979-08-30,0.0,19.75,19.0,19.0,10.8066987991333,4400
1979-08-31,0.0,19.75,19.0,19.0,10.8066987991333,1400
1979-09-04,0.0,19.0,18.25,18.25,10.380123138427734,6000
1979-09-05,0.0,16.75,16.0,16.0,9.100379943847656,12800
1979-09-06,0.0,17.5,16.75,16.75,9.526957511901855,4800
1979-09-07,0.0,17.5,16.75,16.75,9.526957511901855,4300
1979-09-10,0.0,17.75,17.0,17.0,9.669153213500977,2100
1979-09-11,0.0,17.75,17.0,17.0,9.669153213500977,2400
1979-09-12,0.0,17.75,17.0,17.0,9.669153213500977,1900
1979-09-13,0.0,19.0,18.25,18.25,10.380123138427734,13100
1979-09-14,0.0,18.75,18.0,18.0,10.23792552947998,5900
1979-09-17,0.0,18.5,17.75,17.75,10.095735549926758,3200
1979-09-18,0.0,18.0,17.25,17.25,9.811347007751465,3600
1979-09-19,0.0,18.0,17.25,17.25,9.811347007751465,2200
1979-09-20,0.0,18.0,17.25,17.25,9.811347007751465,3300
1979-09-21,0.0,19.0,18.25,18.25,10.380123138427734,8600
1979-09-24,0.0,18.75,18.0,18.0,10.23792552947998,4300
1979-09-25,0.0,18.5,17.75,17.75,10.095735549926758,3200
1979-09-26,0.0,18.5,17.75,17.75,10.095735549926758,1100
1979-09-27,0.0,18.5,17.75,17.75,10.095735549926758,2200
1979-09-28,0.0,18.5,17.75,17.75,10.095735549926758,2600
1979-10-01,0.0,19.0,18.25,18.25,10.380123138427734,3400
1979-10-02,0.0,19.0,18.25,18.25,10.380123138427734,2100
1979-10-03,0.0,18.5,17.75,17.75,10.095735549926758,5000
1979-10-04,0.0,18.5,17.75,17.75,10.095735549926758,2500
1979-10-05,0.0,18.5,17.75,17.75,10.095735549926758,4800
1979-10-08,0.0,18.75,18.0,18.0,10.23792552947998,3600
1979-10-09,0.0,17.75,17.0,17.0,9.669153213500977,7200
1979-10-10,0.0,16.5,15.75,15.75,8.9581880569458,6000
1979-10-11,0.0,16.5,15.75,15.75,8.9581880569458,2600
1979-10-12,0.0,16.5,15.75,15.75,8.9581880569458,2300
1979-10-15,0.0,15.75,15.0,15.0,8.531604766845703,3000
1979-10-16,0.0,15.75,15.0,15.0,8.531604766845703,1600
1979-10-17,0.0,16.25,15.5,15.5,8.815990447998047,2500
1979-10-18,0.0,16.5,15.75,15.75,8.9581880569458,4000
1979-10-19,0.0,16.25,15.5,15.5,8.815990447998047,2200
1979-10-22,0.0,14.75,14.0,14.0,7.962833881378174,7900
1979-10-23,0.0,14.5,13.75,13.75,7.820637226104736,2900
1979-10-24,0.0,14.5,13.75,13.75,7.820637226104736,1500
1979-10-25,0.0,14.5,13.75,13.75,7.820637226104736,600
1979-10-26,0.0,14.5,13.75,13.75,7.820637226104736,1900
1979-10-29,0.0,14.5,13.75,13.75,7.820637226104736,900
1979-10-30,0.0,14.75,14.0,14.0,7.962833881378174,2100
1979-10-31,0.0,15.0,14.25,14.25,8.105025291442871,3800
1979-11-01,0.0,15.0,14.25,14.25,8.105025291442871,700
1979-11-02,0.0,15.25,14.5,14.5,8.247218132019043,1200
1979-11-05,0.0,14.75,14.0,14.0,7.962833881378174,2700
1979-11-06,0.0,14.5,13.75,13.75,7.820637226104736,2600
1979-11-07,0.0,14.25,13.5,13.5,7.67844820022583,3600
1979-11-08,0.0,14.5,13.75,13.75,7.820637226104736,3000
1979-11-09,0.0,14.75,14.0,14.0,7.962833881378174,2000
1979-11-12,0.0,15.25,14.5,14.5,8.247218132019043,4900
1979-11-13,0.0,15.5,14.75,14.75,8.389412879943848,8400
1979-11-14,0.0,16.0,15.25,15.25,8.673798561096191,4300
1979-11-15,0.0,16.0,15.25,15.25,8.673798561096191,2600
1979-11-16,0.0,16.0,15.25,15.25,8.673798561096191,2600
1979-11-19,0.0,17.75,17.0,17.0,9.669153213500977,12600
1979-11-20,0.0,18.0,17.25,17.25,9.811347007751465,5700
1979-11-21,0.0,18.75,18.0,18.0,10.23792552947998,6300
1979-11-23,0.0,19.25,18.5,18.5,10.522311210632324,9800
1979-11-26,0.0,19.0,18.25,18.25,10.380123138427734,8600
1979-11-27,0.0,18.5,17.75,17.75,10.095735549926758,5000
1979-11-28,0.0,18.5,17.75,17.75,10.095735549926758,4000
1979-11-29,0.0,18.5,17.75,17.75,10.095735549926758,2800
1979-11-30,0.0,18.5,17.75,17.75,10.095735549926758,2100
1979-12-03,0.0,18.5,17.75,17.75,10.095735549926758,700
1979-12-04,0.0,18.5,17.75,17.75,10.095735549926758,3900
1979-12-05,0.0,18.5,17.75,17.75,10.095735549926758,3200
1979-12-06,0.0,18.25,17.5,17.5,9.953535079956055,3800
1979-12-07,0.0,17.5,16.75,16.75,9.526957511901855,5600
1979-12-10,0.0,17.5,16.75,16.75,9.526957511901855,900
1979-12-11,0.0,17.5,16.75,16.75,9.526957511901855,800
1979-12-12,0.0,17.25,16.5,16.5,9.384766578674316,1000
1979-12-13,0.0,17.25,16.5,16.5,9.384766578674316,1600
1979-12-14,0.0,18.0,17.25,17.25,9.811347007751465,7900
1979-12-17,0.0,18.75,18.0,18.0,10.23792552947998,11800
1979-12-18,0.0,20.5,19.75,19.75,11.233277320861816,18300
1979-12-19,0.0,23.5,22.75,22.75,12.939602851867676,23800
1979-12-20,0.0,24.25,23.5,23.5,13.366178512573242,24600
1979-12-21,0.0,23.75,23.0,23.0,13.081792831420898,15000
1979-12-24,0.0,23.75,23.0,23.0,13.081792831420898,5400
1979-12-26,0.0,23.75,23.0,23.0,13.081792831420898,4400
1979-12-27,0.0,24.25,23.5,23.5,13.366178512573242,6000
1979-12-28,0.0,25.75,25.0,25.0,14.219340324401855,16700
1979-12-31,0.0,25.75,25.0,25.0,14.219340324401855,13200
1980-01-02,0.0,23.5,22.75,22.75,12.939602851867676,11800
1980-01-03,0.0,22.25,21.5,21.5,12.228630065917969,11400
1980-01-04,0.0,25.0,24.25,24.25,13.792759895324707,15600
1980-01-07,0.0,26.25,25.5,25.5,14.503726959228516,8200
1980-01-08,0.0,29.0,28.25,28.25,16.067855834960938,18200
1980-01-09,0.0,28.0,27.25,27.25,15.499080657958984,15100
1980-01-10,0.0,28.0,26.0,26.0,14.788114547729492,7100
1980-01-11,0.0,27.25,26.0,26.25,14.930315017700195,9500
1980-01-14,0.0,26.25,25.5,25.5,14.503726959228516,3900
1980-01-15,0.0,25.5,24.0,24.75,14.07715129852295,6000
1980-01-16,0.0,26.25,24.25,26.0,14.788114547729492,11300
1980-01-17,0.0,28.5,26.5,27.75,15.783466339111328,14600
1980-01-18,0.0,28.0,27.0,28.0,15.925667762756348,13800
1980-01-21,0.0,28.25,26.75,27.5,15.641274452209473,5800
1980-01-22,0.0,27.5,26.0,26.0,14.788114547729492,5800
1980-01-23,0.0,27.0,24.5,27.0,15.35689640045166,4800
1980-01-24,0.0,27.25,26.5,26.75,15.214694023132324,2500
1980-01-25,0.0,26.5,25.5,26.0,14.788114547729492,2300
1980-01-28,0.0,27.25,26.5,26.75,15.214694023132324,5300
1980-01-29,0.0,29.75,27.5,29.0,16.494436264038086,9200
1980-01-30,0.0,29.75,28.75,29.75,16.92101287841797,4100
1980-01-31,0.0,29.75,27.75,28.25,16.067855834960938,6000
1980-02-01,0.0,27.5,26.75,26.75,15.214694023132324,4200
1980-02-04,0.0,28.0,27.0,27.75,15.783466339111328,3600
1980-02-05,0.0,28.0,27.75,27.75,15.783466339111328,800
1980-02-06,0.0,28.0,27.25,27.25,15.499080657958984,1300
1980-02-07,0.0,27.25,26.25,26.5,15.072500228881836,9900
1980-02-08,0.0,28.5,26.0,28.5,16.210050582885742,9500
1980-02-11,0.0,30.75,29.25,29.5,16.778825759887695,12300
1980-02-12,0.0,29.5,28.75,29.5,16.778825759887695,4400
1980-02-13,0.0,30.0,27.75,27.75,15.783466339111328,9900
1980-02-14,0.0,27.75,26.0,27.5,15.641274452209473,4700
1980-02-15,0.0,27.0,26.25,26.5,15.072500228881836,2900
1980-02-19,0.0,26.5,25.0,26.0,14.788114547729492,9200
1980-02-20,0.0,27.75,26.25,27.25,15.499080657958984,7500
1980-02-21,0.0,28.75,27.0,27.25,15.499080657958984,4700
1980-02-22,0.0,28.0,26.75,27.75,15.783466339111328,2600
1980-02-25,0.0,27.25,26.5,26.5,15.072500228881836,2000
1980-02-26,0.0,26.5,26.0,26.25,14.930315017700195,2500
1980-02-27,0.0,27.5,25.75,26.5,15.072500228881836,5900
1980-02-28,0.0,26.75,26.0,26.75,15.214694023132324,2700
1980-02-29,0.0,27.0,25.5,25.5,14.503726959228516,6800
1980-03-03,0.0,25.75,25.5,25.75,14.645919799804688,1700
1980-03-04,0.0,25.75,23.5,25.75,14.645919799804688,6100
1980-03-05,0.0,25.75,25.25,25.25,14.36153507232666,2400
1980-03-06,0.0,24.75,21.0,23.0,13.081792831420898,4700
1980-03-07,0.0,25.0,22.5,23.5,13.366178512573242,6000
1980-03-10,0.0,23.5,21.0,21.75,12.37082576751709,6300
1980-03-11,0.0,22.5,21.25,21.25,12.08643913269043,3900
1980-03-12,0.0,22.75,21.0,21.5,12.228630065917969,6900
1980-03-13,0.0,22.0,21.75,21.75,12.37082576751709,2300
1980-03-14,0.0,22.0,20.5,20.5,11.659856796264648,2400
1980-03-17,0.0,20.25,18.5,19.0,10.8066987991333,4100
1980-03-18,0.0,20.0,18.5,19.75,11.233277320861816,4100
1980-03-19,0.0,21.0,20.0,20.5,11.659856796264648,2600
1980-03-20,0.0,20.0,19.5,20.0,11.375473022460938,3600
1980-03-21,0.0,21.0,19.5,19.5,11.091086387634277,4200
1980-03-24,0.0,20.0,19.0,19.0,10.8066987991333,1000
1980-03-25,0.0,18.75,16.0,16.0,9.100379943847656,4200
1980-03-26,0.0,18.0,16.75,17.5,9.953535079956055,2400
1980-03-27,0.0,15.75,13.5,14.75,8.389412879943848,9400
1980-03-28,0.0,16.75,15.25,16.75,9.526957511901855,3600
1980-03-31,0.0,19.0,17.0,18.75,10.664505958557129,4100
1980-04-01,0.0,18.75,17.75,18.5,10.522311210632324,3100
1980-04-02,0.0,18.5,18.0,18.0,10.23792552947998,1100
1980-04-03,0.0,18.5,17.5,17.75,10.095735549926758,1200
1980-04-07,0.0,17.25,16.0,16.0,9.100379943847656,1800
1980-04-08,0.0,17.0,16.25,17.0,9.669153213500977,1000
1980-04-09,0.0,18.5,17.5,18.25,10.380123138427734,1000
1980-04-10,0.0,19.0,18.25,18.5,10.522311210632324,700
1980-04-11,0.0,18.5,17.5,17.5,9.953535079956055,2800
1980-04-14,0.0,18.0,17.75,18.0,10.23792552947998,400
1980-04-15,0.0,18.5,18.0,18.25,10.380123138427734,600
1980-04-16,0.0,18.5,18.0,18.25,10.380123138427734,500
1980-04-17,0.0,18.75,17.75,18.75,10.664505958557129,1500
1980-04-18,0.0,18.75,17.5,18.5,10.522311210632324,2900
1980-04-21,0.0,18.0,17.5,17.5,9.953535079956055,200
1980-04-22,0.0,19.0,18.0,18.75,10.664505958557129,1900
1980-04-23,0.0,19.5,19.0,19.0,10.8066987991333,500
1980-04-24,0.0,19.0,18.25,19.0,10.8066987991333,2400
1980-04-25,0.0,19.0,18.75,19.0,10.8066987991333,600
1980-04-28,0.0,21.5,20.0,20.0,11.375473022460938,4700
1980-04-29,0.0,20.25,20.0,20.0,11.375473022460938,900
1980-04-30,0.0,20.0,19.5,19.5,11.091086387634277,1000
1980-05-01,0.0,19.75,19.25,19.25,10.94888973236084,600
1980-05-02,0.0,18.5,17.75,17.75,10.095735549926758,600
1980-05-05,0.0,18.25,18.0,18.25,10.380123138427734,700
1980-05-06,0.0,18.25,18.0,18.0,10.23792552947998,800
1980-05-07,0.0,18.25,17.25,18.25,10.380123138427734,1000
1980-05-08,0.0,19.25,18.25,19.25,10.94888973236084,1200
1980-05-09,0.0,19.25,18.25,18.25,10.380123138427734,1100
1980-05-12,0.0,18.75,18.25,18.75,10.664505958557129,400
1980-05-13,0.0,18.25,16.75,17.75,10.095735549926758,4100
1980-05-14,0.0,17.75,17.0,17.25,9.811347007751465,2700
1980-05-15,0.0,17.75,17.0,17.0,9.669153213500977,1100
1980-05-16,0.0,17.25,16.75,17.25,9.811347007751465,1500
1980-05-19,0.0,17.5,17.5,17.5,9.953535079956055,400
1980-05-20,0.0,17.5,17.25,17.5,9.953535079956055,600
1980-05-21,0.0,17.75,17.75,17.75,10.095735549926758,1000
1980-05-22,0.0,18.75,17.75,18.5,10.522311210632324,4000
1980-05-23,0.0,19.5,18.25,19.25,10.94888973236084,2900
1980-05-27,0.0,19.5,19.0,19.5,11.091086387634277,1500
1980-05-28,0.0,19.25,18.5,18.5,10.522311210632324,800
1980-05-29,0.0,19.75,18.5,19.5,11.091086387634277,1600
1980-05-30,0.0,20.5,19.25,20.0,11.375473022460938,5900
1980-06-02,0.0,22.0,20.0,22.0,12.513017654418945,7600
1980-06-03,0.0,23.5,21.25,23.5,13.366178512573242,14700
1980-06-04,0.0,25.0,24.0,24.25,13.792759895324707,14500
1980-06-05,0.0,24.5,24.0,24.0,13.6505708694458,5900
1980-06-06,0.0,24.0,23.25,24.0,13.6505708694458,3800
1980-06-09,0.0,24.25,22.75,22.75,12.939602851867676,3000
1980-06-10,0.0,22.25,21.25,21.75,12.37082576751709,2100
1980-06-11,0.0,22.0,21.75,22.0,12.513017654418945,1900
1980-06-12,0.0,22.0,21.5,21.75,12.37082576751709,4700
1980-06-13,0.0,22.0,21.25,22.0,12.513017654418945,700
1980-06-16,0.0,22.0,21.25,21.5,12.228630065917969,1500
1980-06-17,0.0,21.5,21.0,21.0,11.944245338439941,1600
1980-06-18,0.0,21.5,20.25,21.5,12.228630065917969,2700
1980-06-19,0.0,21.75,20.5,20.5,11.659856796264648,800
1980-06-20,0.0,21.75,20.5,21.75,12.37082576751709,1600
1980-06-23,0.0,22.0,21.0,21.0,11.944245338439941,1200
1980-06-24,0.0,21.5,20.75,21.0,11.944245338439941,2000
1980-06-25,0.0,21.5,20.75,20.75,11.802051544189453,3400
1980-06-26,0.0,22.0,21.5,22.0,12.513017654418945,4200
1980-06-27,0.0,22.25,21.75,21.75,12.37082576751709,1500
1980-06-30,0.0,21.25,20.25,20.25,11.517664909362793,2000
1980-07-01,0.0,20.75,20.25,20.75,11.802051544189453,1800
1980-07-02,0.0,21.0,20.5,21.0,11.944245338439941,2800
1980-07-03,0.0,21.5,21.0,21.5,12.228630065917969,2600
1980-07-07,0.0,21.25,20.5,21.25,12.08643913269043,2600
1980-07-08,0.0,21.25,21.0,21.0,11.944245338439941,1000
1980-07-09,0.0,21.25,20.5,20.5,11.659856796264648,2400
1980-07-10,0.0,20.75,20.25,20.5,11.659856796264648,800
1980-07-11,0.0,20.5,19.75,20.25,11.517664909362793,3600
1980-07-14,0.0,21.5,19.5,21.5,12.228630065917969,10100
1980-07-15,0.0,21.5,20.75,21.0,11.944245338439941,4500
1980-07-16,0.0,23.0,21.25,22.75,12.939602851867676,21300
1980-07-17,0.0,23.0,22.25,22.75,12.939602851867676,8700
1980-07-18,0.0,23.75,22.5,23.75,13.508378028869629,19000
1980-07-21,0.0,26.0,24.5,26.0,14.788114547729492,16800
1980-07-22,0.0,27.75,24.0,25.0,14.219340324401855,20800
1980-07-23,0.0,24.75,23.75,24.0,13.6505708694458,18100
1980-07-24,0.0,25.75,24.25,25.5,14.503726959228516,7700
1980-07-25,0.0,25.75,25.0,25.5,14.503726959228516,8400
1980-07-28,0.0,26.75,25.25,26.75,15.214694023132324,9000
1980-07-29,0.0,26.75,25.5,26.5,15.072500228881836,14800
1980-07-30,0.0,26.0,24.25,25.75,14.645919799804688,14400
1980-07-31,0.0,25.75,24.75,25.5,14.503726959228516,6700
1980-08-01,0.0,28.5,25.25,28.0,15.925667762756348,24900
1980-08-04,0.0,27.25,26.5,27.25,15.499080657958984,9600
1980-08-05,0.0,27.75,26.5,26.5,15.072500228881836,6900
1980-08-06,0.0,27.25,26.5,26.75,15.214694023132324,8400
1980-08-07,0.0,26.5,25.75,25.75,14.645919799804688,2900
1980-08-08,0.0,26.25,25.5,26.0,14.788114547729492,7800
1980-08-11,0.0,26.5,25.5,26.5,15.072500228881836,4700
1980-08-12,0.0,27.0,25.0,26.25,14.930315017700195,7700
1980-08-13,0.0,26.25,25.75,25.75,14.645919799804688,2600
1980-08-14,0.0,26.25,26.0,26.0,14.788114547729492,2000
1980-08-15,0.0,26.0,24.75,24.75,14.07715129852295,3100
1980-08-18,0.0,25.75,24.5,25.0,14.219340324401855,2400
1980-08-19,0.0,26.0,25.0,25.75,14.645919799804688,4000
1980-08-20,0.0,26.0,25.25,25.25,14.36153507232666,3900
1980-08-21,0.0,25.25,24.75,24.75,14.07715129852295,3800
1980-08-22,0.0,25.75,25.0,25.5,14.503726959228516,4800
1980-08-25,0.0,25.75,24.75,25.75,14.645919799804688,10500
1980-08-26,0.0,27.75,25.75,27.75,15.783466339111328,15800
1980-08-27,0.0,29.25,28.0,28.5,16.210050582885742,35200
1980-08-28,0.0,32.0,28.75,31.0,17.631980895996094,100700
1980-08-29,0.0,32.5,30.0,32.25,18.342945098876953,34900
1980-09-02,0.0,35.5,33.0,35.5,20.191471099853516,28300
1980-09-03,0.0,35.25,33.0,33.75,19.196117401123047,20300
1980-09-04,0.0,34.5,33.0,33.25,18.911720275878906,15600
1980-09-05,0.0,36.5,32.75,35.75,20.333654403686523,34400
1980-09-08,0.0,36.25,33.25,33.25,18.911720275878906,15400
1980-09-09,0.0,35.75,33.25,35.75,20.333654403686523,20500
1980-09-10,0.0,36.0,34.5,35.5,20.191471099853516,9600
1980-09-11,0.0,35.5,34.25,35.25,20.049266815185547,5600
1980-09-12,0.0,35.5,34.25,34.5,19.62269401550293,6100
1980-09-15,0.0,34.25,33.75,33.75,19.196117401123047,7300
1980-09-16,0.0,34.75,33.75,34.25,19.480501174926758,6000
1980-09-17,0.0,35.75,34.0,35.0,19.90707015991211,12500
1980-09-18,0.0,35.5,34.25,35.0,19.90707015991211,5300
1980-09-19,0.0,35.0,34.0,35.0,19.90707015991211,4500
1980-09-22,0.0,34.5,33.25,34.25,19.480501174926758,6900
1980-09-23,0.0,36.0,34.25,35.25,20.049266815185547,18000
1980-09-24,0.0,35.75,34.75,35.75,20.333654403686523,13800
1980-09-25,0.0,37.25,35.75,36.5,20.76024627685547,25800
1980-09-26,0.0,35.75,34.0,35.25,20.049266815185547,9700
1980-09-29,0.0,33.75,31.5,32.25,18.342945098876953,10700
1980-09-30,0.0,33.5,31.75,33.0,18.769533157348633,6600
1980-10-01,0.0,35.75,32.75,35.0,19.90707015991211,6000
1980-10-02,0.0,36.75,34.25,35.0,19.90707015991211,11400
1980-10-03,0.0,36.75,35.25,36.75,20.902433395385742,7700
1980-10-06,0.0,36.75,35.0,36.0,20.47585105895996,7400
1980-10-07,0.0,36.0,34.75,35.0,19.90707015991211,3600
1980-10-08,0.0,35.75,34.0,34.5,19.62269401550293,7600
1980-10-09,0.0,35.75,34.0,34.0,19.338306427001953,4900
1980-10-10,0.0,35.75,34.25,34.75,19.76487922668457,5900
1980-10-13,0.0,35.75,34.25,35.5,20.191471099853516,5900
1980-10-14,0.0,35.75,35.0,35.25,20.049266815185547,7400
1980-10-15,0.0,35.5,34.25,35.5,20.191471099853516,4200
1980-10-16,0.0,35.75,34.75,35.5,20.191471099853516,3800
1980-10-17,0.0,35.75,34.25,34.5,19.62269401550293,2700
1980-10-20,0.0,35.5,33.75,35.5,20.191471099853516,4200
1980-10-21,0.0,36.25,34.0,34.75,19.76487922668457,7500
1980-10-22,0.0,35.25,33.25,34.5,19.62269401550293,10400
1980-10-23,0.0,34.0,33.25,33.5,19.05391502380371,3500
1980-10-24,0.0,33.0,32.25,32.75,18.627336502075195,5800
1980-10-27,0.0,33.0,31.75,32.0,18.200759887695312,6600
1980-10-28,0.0,35.75,31.75,33.5,19.05391502380371,10000
1980-10-29,0.0,33.75,33.0,33.75,19.196117401123047,4400
1980-10-30,0.0,33.75,32.75,33.25,18.911720275878906,2000
1980-10-31,0.0,33.0,32.0,32.75,18.627336502075195,4000
1980-11-03,0.0,33.75,32.75,33.5,19.05391502380371,3100
1980-11-05,0.0,35.0,33.5,35.0,19.90707015991211,16100
1980-11-06,0.0,35.75,34.5,35.0,19.90707015991211,9000
1980-11-07,0.0,36.5,35.0,36.5,20.76024627685547,11700
1980-11-10,0.0,37.25,36.0,36.5,20.76024627685547,9500
1980-11-11,0.0,43.75,36.75,41.0,23.319713592529297,33100
1980-11-12,0.0,45.0,41.5,44.5,25.31043243408203,30800
1980-11-13,0.0,47.0,41.75,46.25,26.305782318115234,31500
1980-11-14,0.0,46.5,44.0,45.5,25.87920570373535,30500
1980-11-17,0.0,46.75,42.0,46.0,26.163585662841797,13000
1980-11-18,0.0,46.75,45.25,45.5,25.87920570373535,6200
1980-11-19,0.0,45.75,44.25,45.5,25.87920570373535,13800
1980-11-20,0.0,46.5,44.75,46.5,26.447973251342773,13500
1980-11-21,0.0,46.75,45.0,46.25,26.305782318115234,10000
1980-11-24,0.0,45.25,43.0,45.0,25.59481430053711,9000
1980-11-25,0.0,45.0,43.25,44.75,25.452619552612305,10600
1980-11-26,0.0,45.0,43.0,43.0,24.457260131835938,16700
1980-11-28,0.0,43.75,42.25,43.75,24.88384437561035,4900
1980-12-01,0.0,46.0,44.25,46.0,26.163585662841797,6400
1980-12-02,0.0,46.5,45.25,46.25,26.305782318115234,5800
1980-12-03,0.0,46.75,45.25,45.25,25.737010955810547,4100
1980-12-04,0.0,53.25,45.5,49.5,28.1543025970459,22100
1980-12-05,0.0,53.5,47.5,53.5,30.42938804626465,26900
1980-12-08,0.0,52.5,49.75,50.5,28.72307014465332,12000
1980-12-09,0.0,51.75,47.0,48.5,27.585519790649414,13900
1980-12-10,0.0,51.25,48.5,49.0,27.86990737915039,7900
1980-12-11,0.0,48.0,44.5,45.0,25.59481430053711,12900
1980-12-12,0.0,47.0,44.5,45.5,25.87920570373535,5000
1980-12-15,0.0,48.0,46.0,47.0,26.732357025146484,5500
1980-12-16,0.0,47.5,46.5,46.5,26.447973251342773,2000
1980-12-17,0.0,49.75,48.0,49.0,27.86990737915039,6000
1980-12-18,0.0,49.5,47.0,47.25,26.87455940246582,6100
1980-12-19,0.0,47.25,46.0,47.25,26.87455940246582,2100
1980-12-22,0.0,47.25,46.5,47.0,26.732357025146484,800
1980-12-23,0.0,47.0,45.25,46.0,26.163585662841797,2500
1980-12-24,0.0,46.5,45.75,45.75,26.021400451660156,600
1980-12-26,0.0,45.75,45.0,45.75,26.021400451660156,1700
1980-12-29,0.0,46.0,45.25,45.5,25.87920570373535,3200
1980-12-30,0.0,46.25,46.0,46.25,26.305782318115234,300
1980-12-31,0.0,47.25,46.25,46.75,26.590179443359375,1100
1981-01-02,0.0,49.0,46.75,47.5,27.016756057739258,7900
1981-01-05,0.0,48.0,47.25,47.25,26.87455940246582,11400
1981-01-06,0.0,48.0,47.0,47.25,26.87455940246582,5350
1981-01-07,0.0,42.5,40.0,41.75,23.746309280395508,34950
1981-01-08,0.0,43.75,40.5,40.5,23.035329818725586,7350
1981-01-09,0.0,42.5,40.0,42.5,24.17287826538086,3650
1981-01-12,0.0,45.0,42.25,42.25,24.03069305419922,7800
1981-01-13,0.0,42.0,41.5,41.5,23.604103088378906,2300
1981-01-14,0.0,42.25,41.5,41.5,23.604103088378906,2300
1981-01-15,0.0,44.25,42.0,44.0,25.02603530883789,4000
1981-01-16,0.0,45.0,43.5,43.75,24.88384437561035,4000
1981-01-19,0.0,44.0,43.0,43.75,24.88384437561035,3550
1981-01-20,0.0,44.25,42.0,42.25,24.03069305419922,1650
1981-01-21,0.0,42.25,41.0,42.0,23.888490676879883,4000
1981-01-22,0.0,41.5,38.0,39.0,22.182172775268555,10850
1981-01-23,0.0,39.5,38.75,39.0,22.182172775268555,1050
1981-01-26,0.0,40.75,38.5,39.75,22.60875701904297,6800
1981-01-27,0.0,46.0,40.25,45.5,25.87920570373535,19700
1981-01-28,0.0,48.5,44.0,46.5,26.447973251342773,26200
1981-01-29,0.0,49.0,46.5,48.25,27.443334579467773,10250
1981-01-30,0.0,54.0,49.0,52.25,29.718421936035156,38700
1981-02-02,0.0,54.75,50.0,51.25,29.14965057373047,20150
1981-02-03,0.0,52.5,50.0,51.5,29.291839599609375,10950
1981-02-04,0.0,52.0,50.0,51.75,29.434038162231445,6000
1981-02-05,0.0,51.75,50.0,50.5,28.72307014465332,4200
1981-02-06,0.0,57.0,50.0,56.0,31.851335525512695,37300
1981-02-09,0.0,58.5,54.0,57.0,32.420101165771484,42150
1981-02-10,0.0,60.75,58.0,59.25,33.6998405456543,48000
1981-02-11,0.0,59.75,55.25,57.5,32.704490661621094,23000
1981-02-12,0.0,55.5,52.25,54.75,31.14036750793457,38900
1981-02-13,0.0,55.25,52.5,53.25,30.287193298339844,8550
1981-02-17,0.0,53.25,51.25,52.5,29.86063003540039,18600
1981-02-18,0.0,54.0,52.0,53.75,30.57158088684082,7550
1981-02-19,0.0,55.0,51.75,52.0,29.576229095458984,12550
1981-02-20,0.0,53.5,52.0,52.75,30.002822875976562,8650
1981-02-23,0.0,54.75,52.75,53.75,30.57158088684082,8700
1981-02-24,0.0,55.0,53.5,54.0,30.71379280090332,6950
1981-02-25,0.0,65.5,54.25,65.0,36.970298767089844,49200
1981-02-26,0.0,69.0,64.0,65.75,37.396873474121094,63850
1981-02-27,0.0,68.0,66.0,66.0,37.539066314697266,28100
1981-03-02,0.0,66.5,62.25,64.75,36.82809066772461,14500
1981-03-03,0.0,65.25,61.5,62.0,35.26396179199219,11650
1981-03-04,0.0,64.75,61.5,63.5,36.11713409423828,15400
1981-03-05,0.0,66.0,62.75,62.75,35.690555572509766,11350
1981-03-06,0.0,66.25,63.25,66.25,37.68124771118164,11350
1981-03-09,0.0,70.25,67.75,69.25,39.38758850097656,22750
1981-03-10,0.0,70.5,65.25,66.0,37.539066314697266,15250
1981-03-11,0.0,67.5,65.0,66.25,37.68124771118164,5600
1981-03-12,66.25,66.25,66.25,66.25,37.68124771118164,0
1981-03-13,66.25,66.25,66.25,66.25,37.68124771118164,0
1981-03-16,66.25,66.25,66.25,66.25,37.68124771118164,0
1981-03-17,66.25,66.25,66.25,66.25,37.68124771118164,0
1981-03-18,0.0,68.0,60.5,60.5,34.41081237792969,50400
1981-03-19,0.0,60.0,56.0,56.75,32.277896881103516,35600
1981-03-20,0.0,60.0,56.25,58.75,33.41544723510742,19550
1981-03-23,0.0,61.75,60.5,61.25,34.83738708496094,12050
1981-03-24,0.0,61.75,60.5,60.5,34.41081237792969,6950
1981-03-25,0.0,61.75,60.5,60.5,34.41081237792969,3150
1981-03-26,0.0,60.75,59.25,59.25,33.6998405456543,5250
1981-03-27,0.0,60.0,57.25,57.75,32.84668731689453,2850
1981-03-30,0.0,58.25,56.0,56.0,31.851335525512695,5400
1981-03-31,0.0,61.5,56.5,61.0,34.695194244384766,14050
1981-04-01,0.0,64.5,61.5,63.25,35.97492980957031,20200
1981-04-02,0.0,64.0,62.0,64.0,36.401519775390625,9900
1981-04-03,0.0,67.75,63.25,66.5,37.82344055175781,18850
1981-04-06,0.0,66.75,62.75,65.0,36.970298767089844,10300
1981-04-07,0.0,66.75,65.25,66.0,37.539066314697266,9950
1981-04-08,0.0,66.25,63.5,63.5,36.11713409423828,6100
1981-04-09,0.0,64.5,63.25,64.0,36.401519775390625,4150
1981-04-10,0.0,63.75,59.5,61.25,34.83738708496094,5900
1981-04-13,0.0,60.5,59.0,59.0,33.55765151977539,3700
1981-04-14,0.0,59.0,57.75,57.75,32.84668731689453,4200
1981-04-15,0.0,58.0,56.25,56.25,31.993515014648438,2250
1981-04-16,0.0,60.5,55.75,60.0,34.12641906738281,13750
1981-04-20,0.0,60.25,57.75,57.75,32.84668731689453,3150
1981-04-21,0.0,57.0,54.25,54.75,31.14036750793457,7650
1981-04-22,0.0,54.0,49.75,51.75,29.434038162231445,17100
1981-04-23,0.0,52.5,50.75,51.5,29.291839599609375,7700
1981-04-24,0.0,52.0,50.0,50.0,28.43868064880371,4050
1981-04-27,0.0,49.5,46.0,49.5,28.1543025970459,15850
1981-04-28,0.0,51.75,49.25,50.75,28.86526870727539,6350
1981-04-29,0.0,50.25,49.0,49.75,28.296497344970703,13600
1981-04-30,0.0,54.5,50.5,54.0,30.71379280090332,18600
1981-05-01,0.0,59.75,54.75,58.0,32.98887252807617,17850
1981-05-04,0.0,58.5,55.0,55.75,31.709131240844727,9500
1981-05-05,0.0,59.75,55.75,59.75,33.984222412109375,11450
1981-05-06,0.0,63.5,60.25,62.5,35.54835891723633,15400
1981-05-07,0.0,65.25,62.5,63.25,35.97492980957031,13550
1981-05-08,0.0,64.0,62.25,63.0,35.8327522277832,3000
1981-05-11,0.0,63.0,59.25,59.25,33.6998405456543,5800
1981-05-12,0.0,59.75,58.0,59.75,33.984222412109375,4350
1981-05-13,0.0,60.0,58.0,58.25,33.13106155395508,4800
1981-05-14,0.0,61.0,57.75,60.5,34.41081237792969,7450
1981-05-15,0.0,61.25,59.75,60.75,34.553009033203125,9800
1981-05-18,0.0,61.75,59.25,59.5,33.84202575683594,7750
1981-05-19,0.0,60.0,59.0,59.0,33.55765151977539,6000
1981-05-20,0.0,59.0,54.25,56.0,31.851335525512695,8350
1981-05-21,0.0,56.0,54.5,54.5,30.99816131591797,6350
1981-05-22,0.0,57.25,54.75,57.25,32.56229782104492,1700
1981-05-26,0.0,58.5,56.75,56.75,32.277896881103516,1850
1981-05-27,0.0,61.25,55.5,56.75,32.277896881103516,7000
1981-05-28,0.0,57.25,54.75,55.75,31.709131240844727,3350
1981-05-29,0.0,65.0,57.5,65.0,36.970298767089844,31850
1981-06-01,0.0,65.25,60.0,62.0,35.26396179199219,17600
1981-06-02,0.0,62.5,58.0,59.0,33.55765151977539,7800
1981-06-03,0.0,60.25,58.75,60.25,34.268619537353516,9400
1981-06-04,0.0,61.5,60.0,61.0,34.695194244384766,7350
1981-06-05,0.0,63.25,59.75,62.25,35.40615463256836,10600
1981-06-08,0.0,62.0,59.0,60.0,34.12641906738281,6300
1981-06-09,0.0,61.75,60.25,61.25,34.83738708496094,8250
1981-06-10,0.0,61.75,59.75,61.0,34.695194244384766,7800
1981-06-11,0.0,61.25,59.25,60.25,34.268619537353516,5600
1981-06-12,0.0,60.75,59.75,60.75,34.553009033203125,5550
1981-06-15,0.0,60.75,59.25,59.75,33.984222412109375,7950
1981-06-16,0.0,59.75,55.0,55.0,31.282548904418945,4900
1981-06-17,0.0,58.5,53.75,58.5,33.27326583862305,8050
1981-06-18,0.0,58.0,57.25,57.5,32.704490661621094,2050
1981-06-19,0.0,61.0,57.75,60.5,34.41081237792969,9700
1981-06-22,0.0,60.75,57.25,57.75,32.84668731689453,2550
1981-06-23,0.0,58.0,56.5,56.5,32.135711669921875,3100
1981-06-24,56.5,56.5,56.5,56.5,32.135711669921875,0
1981-06-25,0.0,57.0,56.0,56.0,31.851335525512695,3100
1981-06-26,0.0,56.0,55.25,55.25,31.42474937438965,4150
1981-06-29,0.0,55.75,54.0,54.0,30.71379280090332,5500
1981-06-30,0.0,55.0,53.5,55.0,31.282548904418945,2200
1981-07-01,0.0,54.75,54.0,54.0,30.71379280090332,1600
1981-07-02,0.0,54.25,52.0,52.5,29.86063003540039,3500
1981-07-06,0.0,52.5,49.5,49.75,28.296497344970703,5000
1981-07-07,0.0,50.75,47.0,49.0,27.86990737915039,8050
1981-07-08,0.0,49.75,48.75,49.5,28.1543025970459,5400
1981-07-09,0.0,50.75,49.25,49.75,28.296497344970703,3500
1981-07-10,0.0,50.0,49.0,50.0,28.43868064880371,6100
1981-07-13,0.0,53.25,50.5,53.25,30.287193298339844,3350
1981-07-14,0.0,57.0,53.5,56.0,31.851335525512695,5350
1981-07-15,0.0,56.5,55.5,55.75,31.709131240844727,1700
1981-07-16,0.0,56.5,54.0,56.25,31.993515014648438,9200
1981-07-17,0.0,56.75,56.0,56.0,31.851335525512695,2900
1981-07-20,0.0,55.5,54.0,54.0,30.71379280090332,2900
1981-07-21,0.0,53.5,52.5,53.25,30.287193298339844,3800
1981-07-22,0.0,53.25,51.25,52.0,29.576229095458984,4450
1981-07-23,0.0,52.0,51.25,52.0,29.576229095458984,550
1981-07-24,0.0,53.0,52.0,52.5,29.86063003540039,550
1981-07-27,0.0,53.5,52.0,52.5,29.86063003540039,3900
1981-07-28,0.0,55.5,52.75,55.5,31.566932678222656,3500
1981-07-29,0.0,57.0,55.75,57.0,32.420101165771484,3450
1981-07-30,0.0,59.75,57.5,59.25,33.6998405456543,7250
1981-07-31,0.0,62.0,59.5,62.0,35.26396179199219,30850
1981-08-03,0.0,62.0,58.0,60.0,34.12641906738281,8750
1981-08-04,0.0,60.75,58.0,58.25,33.13106155395508,5400
1981-08-05,0.0,58.25,57.5,57.5,32.704490661621094,5350
1981-08-06,0.0,58.25,57.25,57.75,32.84668731689453,1450
1981-08-07,0.0,57.75,57.0,57.0,32.420101165771484,400
1981-08-10,0.0,58.0,57.0,58.0,32.98887252807617,3250
1981-08-11,0.0,58.0,55.5,57.0,32.420101165771484,6850
1981-08-12,0.0,57.75,56.75,56.75,32.277896881103516,2950
1981-08-13,0.0,57.25,56.0,57.0,32.420101165771484,3500
1981-08-14,0.0,57.5,55.75,55.75,31.709131240844727,2200
1981-08-17,0.0,55.5,54.25,54.5,30.99816131591797,5500
1981-08-18,0.0,56.0,54.0,55.0,31.282548904418945,3950
1981-08-19,0.0,55.25,53.5,54.0,30.71379280090332,5250
1981-08-20,0.0,53.5,52.25,52.5,29.86063003540039,11100
1981-08-21,0.0,53.0,52.0,52.0,29.576229095458984,2250
1981-08-24,0.0,52.0,49.25,49.25,28.01210594177246,6250
1981-08-25,0.0,48.25,46.0,47.75,27.15894317626953,16600
1981-08-26,0.0,48.25,47.25,47.25,26.87455940246582,4500
1981-08-27,0.0,49.75,47.75,49.75,28.296497344970703,5250
1981-08-28,0.0,51.75,50.25,51.25,29.14965057373047,6100
1981-08-31,0.0,53.0,49.0,49.0,27.86990737915039,3550
1981-09-01,0.0,48.25,47.0,48.0,27.3011417388916,6700
1981-09-02,0.0,48.25,47.5,47.5,27.016756057739258,1350
1981-09-03,0.0,47.75,40.75,41.25,23.4619197845459,7200
1981-09-04,0.0,39.75,35.25,37.0,21.04462242126465,27950
1981-09-08,0.0,39.25,34.0,34.0,19.338306427001953,7150
1981-09-09,0.0,31.5,29.25,30.0,17.063209533691406,19600
1981-09-10,0.0,35.25,29.75,35.25,20.049266815185547,9450
1981-09-11,0.0,36.5,34.75,35.0,19.90707015991211,5250
1981-09-14,0.0,35.75,34.75,34.75,19.76487922668457,1750
1981-09-15,0.0,34.5,31.75,31.75,18.05856704711914,3200
1981-09-16,0.0,32.0,30.25,31.75,18.05856704711914,4750
1981-09-17,0.0,31.75,29.0,30.0,17.063209533691406,6300
1981-09-18,0.0,28.25,26.5,26.5,15.072500228881836,9500
1981-09-21,0.0,25.75,23.25,24.25,13.792759895324707,14300
1981-09-22,0.0,27.25,24.0,25.5,14.503726959228516,29750
1981-09-23,0.0,26.0,23.5,24.75,14.07715129852295,7100
1981-09-24,0.0,26.75,25.25,25.75,14.645919799804688,9500
1981-09-25,0.0,26.0,23.0,23.0,13.081792831420898,5900
1981-09-28,0.0,25.25,20.75,25.25,14.36153507232666,11350
1981-09-29,0.0,26.25,25.5,26.25,14.930315017700195,4650
1981-09-30,0.0,25.75,24.5,25.0,14.219340324401855,3200
1981-10-01,0.0,25.75,25.0,25.5,14.503726959228516,6100
1981-10-02,0.0,28.5,26.0,27.5,15.641274452209473,11800
1981-10-05,0.0,28.5,26.5,26.5,15.072500228881836,5000
1981-10-06,0.0,29.0,26.0,28.25,16.067855834960938,6600
1981-10-07,0.0,29.5,28.5,29.5,16.778825759887695,3050
1981-10-08,0.0,30.75,29.0,29.5,16.778825759887695,5100
1981-10-09,0.0,29.25,27.5,28.5,16.210050582885742,3200
1981-10-12,0.0,28.5,28.0,28.5,16.210050582885742,700
1981-10-13,0.0,28.5,27.5,28.0,15.925667762756348,4700
1981-10-14,0.0,27.5,26.0,26.5,15.072500228881836,3000
1981-10-15,0.0,26.25,24.75,24.75,14.07715129852295,2500
1981-10-16,0.0,25.25,24.0,24.75,14.07715129852295,5250
1981-10-19,0.0,24.0,22.75,23.75,13.508378028869629,5500
1981-10-20,0.0,24.75,24.0,24.25,13.792759895324707,3300
1981-10-21,0.0,27.25,24.25,26.75,15.214694023132324,12200
1981-10-22,0.0,27.25,26.0,26.75,15.214694023132324,1700
1981-10-23,0.0,27.25,26.75,26.75,15.214694023132324,800
1981-10-26,0.0,26.25,25.25,25.25,14.36153507232666,2100
1981-10-27,0.0,26.75,25.25,26.5,15.072500228881836,4250
1981-10-28,0.0,26.75,26.0,26.0,14.788114547729492,1100
1981-10-29,0.0,25.5,25.25,25.25,14.36153507232666,650
1981-10-30,0.0,27.0,25.0,27.0,15.35689640045166,5750
1981-11-02,0.0,29.25,27.5,29.25,16.636632919311523,4350
1981-11-03,0.0,30.75,28.75,30.75,17.48979949951172,6600
1981-11-04,0.0,32.5,31.25,32.5,18.485149383544922,7950
1981-11-05,0.0,36.0,33.5,35.5,20.191471099853516,9100
1981-11-06,0.0,38.5,36.0,37.0,21.04462242126465,14000
1981-11-09,0.0,38.25,34.5,34.5,19.62269401550293,8050
1981-11-10,0.0,35.5,34.5,34.5,19.62269401550293,2150
1981-11-11,0.0,36.0,34.5,35.25,20.049266815185547,5500
1981-11-12,0.0,34.75,33.75,33.75,19.196117401123047,3000
1981-11-13,0.0,34.25,32.25,34.0,19.338306427001953,8150
1981-11-16,0.0,33.5,31.75,31.75,18.05856704711914,1200
1981-11-17,0.0,31.75,30.0,30.0,17.063209533691406,5300
1981-11-18,0.0,30.75,29.0,29.0,16.494436264038086,2850
1981-11-19,0.0,30.75,28.0,30.25,17.205406188964844,3550
1981-11-20,0.0,30.75,29.25,30.5,17.347597122192383,2250
1981-11-23,0.0,31.0,29.75,29.75,16.92101287841797,1400
1981-11-24,0.0,31.75,30.25,31.0,17.631980895996094,2850
1981-11-25,0.0,32.75,30.75,32.25,18.342945098876953,2950
1981-11-27,0.0,33.75,32.25,32.5,18.485149383544922,3650
1981-11-30,0.0,33.0,31.75,32.0,18.200759887695312,1700
1981-12-01,0.0,31.5,30.25,30.25,17.205406188964844,1100
1981-12-02,0.0,31.0,30.0,30.5,17.347597122192383,1200
1981-12-03,0.0,32.0,30.5,30.5,17.347597122192383,2300
1981-12-04,0.0,31.25,30.5,30.5,17.347597122192383,2850
1981-12-07,0.0,30.25,29.25,29.25,16.636632919311523,1850
1981-12-08,0.0,29.25,26.0,26.0,14.788114547729492,7050
1981-12-09,0.0,28.0,26.0,28.0,15.925667762756348,8800
1981-12-10,0.0,29.25,28.25,28.25,16.067855834960938,3450
1981-12-11,0.0,28.25,27.5,28.0,15.925667762756348,2400
1981-12-14,0.0,27.75,26.0,26.0,14.788114547729492,2550
1981-12-15,0.0,27.25,26.0,27.25,15.499080657958984,3600
1981-12-16,0.0,27.25,26.5,26.75,15.214694023132324,2950
1981-12-17,0.0,27.25,26.0,26.5,15.072500228881836,2900
1981-12-18,0.0,26.5,26.0,26.0,14.788114547729492,4050
1981-12-21,0.0,26.5,25.5,25.5,14.503726959228516,2250
1981-12-22,0.0,25.5,25.25,25.25,14.36153507232666,6850
1981-12-23,0.0,25.5,24.5,25.25,14.36153507232666,3600
1981-12-24,0.0,26.5,25.25,26.25,14.930315017700195,5450
1981-12-28,0.0,26.5,25.75,25.75,14.645919799804688,2900
1981-12-29,0.0,26.0,24.5,26.0,14.788114547729492,10300
1981-12-30,0.0,27.0,25.5,26.25,14.930315017700195,6850
1981-12-31,0.0,26.5,24.5,25.25,14.36153507232666,10800
1982-01-04,0.0,25.25,24.0,25.0,14.219340324401855,7050
1982-01-05,0.0,24.5,23.0,24.0,13.6505708694458,2650
1982-01-06,0.0,24.75,24.25,24.75,14.07715129852295,1100
1982-01-07,0.0,24.5,24.0,24.0,13.6505708694458,650
1982-01-08,0.0,24.0,23.5,24.0,13.6505708694458,450
1982-01-11,0.0,24.0,23.5,23.75,13.508378028869629,1200
1982-01-12,0.0,23.75,22.0,22.75,12.939602851867676,2550
1982-01-13,0.0,22.5,22.0,22.5,12.797407150268555,2150
1982-01-14,0.0,22.75,22.5,22.5,12.797407150268555,1050
1982-01-15,0.0,22.75,22.25,22.25,12.655216217041016,2700
1982-01-18,0.0,21.75,20.0,20.0,11.375473022460938,6350
1982-01-19,0.0,21.5,20.0,20.0,11.375473022460938,3950
1982-01-20,0.0,22.75,20.25,21.75,12.37082576751709,6500
1982-01-21,0.0,22.75,22.0,22.0,12.513017654418945,4450
1982-01-22,22.0,22.0,22.0,22.0,12.513017654418945,0
1982-01-25,0.0,21.25,17.5,17.5,9.953535079956055,7900
1982-01-26,0.0,19.75,18.0,18.0,10.23792552947998,10400
1982-01-27,0.0,18.0,16.75,17.25,9.811347007751465,3800
1982-01-28,0.0,18.75,17.5,18.25,10.380123138427734,9450
1982-01-29,0.0,19.25,18.25,19.25,10.94888973236084,4100
1982-02-01,0.0,19.0,17.5,17.5,9.953535079956055,3100
1982-02-02,0.0,18.0,17.0,17.5,9.953535079956055,2850
1982-02-03,0.0,18.5,17.0,18.25,10.380123138427734,5700
1982-02-04,0.0,18.75,17.75,18.0,10.23792552947998,3650
1982-02-05,0.0,17.75,17.25,17.5,9.953535079956055,3850
1982-02-08,0.0,17.25,16.0,16.25,9.242574691772461,4100
1982-02-09,0.0,16.0,14.5,14.5,8.247218132019043,3250
1982-02-10,0.0,15.25,13.25,13.25,7.536250114440918,8350
1982-02-11,0.0,13.75,12.0,12.0,6.8252854347229,14350
1982-02-12,0.0,13.75,11.75,12.0,6.8252854347229,11350
1982-02-16,0.0,14.0,12.5,13.75,7.820637226104736,9550
1982-02-17,0.0,16.25,14.25,16.25,9.242574691772461,8700
1982-02-18,0.0,20.0,16.5,18.0,10.23792552947998,22050
1982-02-19,0.0,20.0,18.25,19.25,10.94888973236084,8700
1982-02-22,0.0,20.25,18.0,18.0,10.23792552947998,10800
1982-02-23,0.0,17.75,16.0,17.5,9.953535079956055,7400
1982-02-24,0.0,17.75,17.25,17.5,9.953535079956055,4850
1982-02-25,0.0,17.5,17.0,17.0,9.669153213500977,1600
1982-02-26,0.0,18.5,17.5,17.75,10.095735549926758,10750
1982-03-01,0.0,18.5,16.75,17.75,10.095735549926758,7050
1982-03-02,0.0,18.0,17.5,18.0,10.23792552947998,7100
1982-03-03,0.0,17.5,15.75,15.75,8.9581880569458,3350
1982-03-04,0.0,17.25,15.75,16.0,9.100379943847656,7800
1982-03-05,0.0,15.75,13.5,14.0,7.962833881378174,4650
1982-03-08,0.0,14.5,12.75,13.5,7.67844820022583,4950
1982-03-09,0.0,13.25,11.0,12.25,6.967476844787598,19200
1982-03-10,0.0,12.5,12.0,12.0,6.8252854347229,7250
1982-03-11,0.0,12.0,11.75,12.0,6.8252854347229,7900
1982-03-12,0.0,12.5,12.0,12.5,7.109670162200928,33850
1982-03-15,0.0,12.5,12.0,12.0,6.8252854347229,550
1982-03-16,12.0,12.0,12.0,12.0,6.8252854347229,0
1982-03-17,0.0,8.0,6.5,6.75,3.839224100112915,33300
1982-03-18,0.0,8.25,5.5,8.0,4.550189971923828,35700
1982-03-19,0.0,9.25,7.75,9.25,5.261155605316162,17400
1982-03-22,0.0,11.0,9.25,10.25,5.829928398132324,25200
1982-03-23,0.0,10.5,10.0,10.25,5.829928398132324,5250
1982-03-24,0.0,10.5,9.75,9.75,5.545543193817139,3100
1982-03-25,0.0,10.0,9.5,9.75,5.545543193817139,3750
1982-03-26,0.0,10.0,9.75,9.75,5.545543193817139,4700
1982-03-29,0.0,10.0,10.0,10.0,5.687736511230469,1850
1982-03-30,0.0,9.75,9.0,9.0,5.11896276473999,2150
1982-03-31,0.0,9.5,8.5,9.5,5.40334939956665,1600
1982-04-01,0.0,9.25,9.0,9.0,5.11896276473999,1500
1982-04-02,0.0,9.0,8.75,8.75,4.976767539978027,2550
1982-04-05,0.0,9.0,8.25,8.25,4.692383289337158,1650
1982-04-06,0.0,9.0,8.0,8.5,4.834576606750488,3250
1982-04-07,0.0,9.5,9.0,9.0,5.11896276473999,4950
1982-04-08,0.0,9.5,8.75,8.75,4.976767539978027,3550
1982-04-12,0.0,9.0,9.0,9.0,5.11896276473999,1900
1982-04-13,0.0,9.0,8.75,8.75,4.976767539978027,3000
1982-04-14,0.0,8.75,8.25,8.25,4.692383289337158,1000
1982-04-15,0.0,8.5,7.75,8.0,4.550189971923828,2200
1982-04-16,8.0,8.0,8.0,8.0,4.550189971923828,0
1982-04-19,8.0,8.0,8.0,8.0,4.550189971923828,0
1982-04-20,8.0,8.0,8.0,8.0,4.550189971923828,0
1982-04-21,8.0,8.0,8.0,8.0,4.550189971923828,0
1982-04-22,8.0,8.0,8.0,8.0,4.550189971923828,0
1982-04-23,8.0,8.0,8.0,8.0,4.550189971923828,0
1982-04-26,8.0,8.0,8.0,8.0,4.550189971923828,0
1982-04-27,0.0,5.5,5.5,5.5,3.1282544136047363,600
1982-04-28,0.0,7.0,7.0,7.0,3.981416940689087,550
1982-04-29,0.0,7.0,5.5,7.0,3.981416940689087,1300
1982-04-30,0.0,8.0,6.0,6.5,3.697028636932373,6100
1982-05-03,0.0,6.5,6.0,6.5,3.697028636932373,1800
1982-05-04,0.0,6.5,6.0,6.5,3.697028636932373,850
1982-05-05,0.0,7.0,5.5,7.0,3.981416940689087,1050
1982-05-06,0.0,9.0,6.75,9.0,5.11896276473999,950
1982-05-07,0.0,8.5,7.0,8.25,4.692383289337158,8250
1982-05-10,0.0,8.0,7.0,8.0,4.550189971923828,1250
1982-05-11,0.0,8.25,7.0,8.0,4.550189971923828,1050
1982-05-12,0.0,10.0,8.0,8.5,4.834576606750488,9900
1982-05-13,0.0,9.25,8.75,9.0,5.11896276473999,3100
1982-05-14,0.0,9.5,9.0,9.5,5.40334939956665,1650
1982-05-17,0.0,9.5,9.0,9.0,5.11896276473999,2050
1982-05-18,0.0,9.0,8.25,9.0,5.11896276473999,3100
1982-05-19,0.0,9.0,9.0,9.0,5.11896276473999,600
1982-05-20,0.0,9.0,8.5,8.5,4.834576606750488,2350
1982-05-21,0.0,8.5,8.25,8.5,4.834576606750488,1550
1982-05-24,0.0,8.5,8.25,8.25,4.692383289337158,3700
1982-05-25,0.0,8.25,8.0,8.0,4.550189971923828,4650
1982-05-26,0.0,7.75,7.25,7.25,4.1236090660095215,2000
1982-05-27,0.0,7.75,7.25,7.75,4.407995223999023,2250
1982-05-28,0.0,7.75,7.25,7.75,4.407995223999023,2350
1982-06-01,0.0,7.5,7.5,7.5,4.265802383422852,1250
1982-06-02,0.0,8.0,7.5,8.0,4.550189971923828,5950
1982-06-03,0.0,8.25,7.75,8.0,4.550189971923828,2500
1982-06-04,0.0,8.0,8.0,8.0,4.550189971923828,250
1982-06-07,0.0,8.0,7.75,8.0,4.550189971923828,500
1982-06-08,0.0,7.75,7.25,7.5,4.265802383422852,1500
1982-06-09,0.0,7.5,7.25,7.25,4.1236090660095215,1750
1982-06-10,0.0,7.25,7.0,7.0,3.981416940689087,2550
1982-06-11,0.0,7.75,7.0,7.75,4.407995223999023,1700
1982-06-14,0.0,7.75,7.25,7.25,4.1236090660095215,1300
1982-06-15,0.0,7.0,7.0,7.0,3.981416940689087,900
1982-06-16,0.0,7.25,7.0,7.25,4.1236090660095215,1900
1982-06-17,0.0,7.0,6.0,6.25,3.554835081100464,7150
1982-06-18,0.0,6.5,6.25,6.25,3.554835081100464,2550
1982-06-21,0.0,6.5,6.5,6.5,3.697028636932373,3550
1982-06-22,0.0,6.75,6.5,6.5,3.697028636932373,750
1982-06-23,0.0,7.0,6.75,6.75,3.839224100112915,1350
1982-06-24,0.0,7.5,7.0,7.0,3.981416940689087,6900
1982-06-25,0.0,7.25,7.25,7.25,4.1236090660095215,1300
1982-06-28,0.0,7.75,7.25,7.75,4.407995223999023,3350
1982-06-29,0.0,8.75,8.25,8.25,4.692383289337158,3550
1982-06-30,0.0,8.25,8.0,8.0,4.550189971923828,3050
1982-07-01,0.0,8.0,7.5,7.5,4.265802383422852,1800
1982-07-02,0.0,7.5,7.25,7.25,4.1236090660095215,1200
1982-07-06,0.0,7.25,7.0,7.0,3.981416940689087,1600
1982-07-07,0.0,7.0,6.5,6.5,3.697028636932373,3750
1982-07-08,0.0,6.5,6.0,6.5,3.697028636932373,1900
1982-07-09,0.0,7.0,6.5,7.0,3.981416940689087,1100
1982-07-12,0.0,7.25,6.75,7.0,3.981416940689087,1050
1982-07-13,0.0,7.0,6.5,6.5,3.697028636932373,900
1982-07-14,0.0,6.25,6.25,6.25,3.554835081100464,550
1982-07-15,0.0,6.5,6.0,6.0,3.41264271736145,6000
1982-07-16,0.0,7.0,6.0,6.25,3.554835081100464,5350
1982-07-19,0.0,6.25,6.0,6.0,3.41264271736145,1650
1982-07-20,0.0,6.25,6.0,6.0,3.41264271736145,1350
1982-07-21,0.0,6.25,6.0,6.25,3.554835081100464,350
1982-07-22,6.25,6.25,6.25,6.25,3.554835081100464,0
1982-07-23,0.0,6.5,6.0,6.25,3.554835081100464,1600
1982-07-26,0.0,6.25,6.0,6.0,3.41264271736145,750
1982-07-27,0.0,6.25,6.0,6.0,3.41264271736145,4600
1982-07-28,0.0,6.25,6.0,6.0,3.41264271736145,950
1982-07-29,0.0,5.75,5.75,5.75,3.2704482078552246,600
1982-07-30,0.0,6.0,5.75,5.75,3.2704482078552246,650
1982-08-02,0.0,6.0,6.0,6.0,3.41264271736145,950
1982-08-03,0.0,7.0,6.0,6.75,3.839224100112915,5200
1982-08-04,0.0,7.0,6.75,7.0,3.981416940689087,5950
1982-08-05,0.0,7.0,6.5,6.5,3.697028636932373,2300
1982-08-06,0.0,6.75,6.25,6.25,3.554835081100464,3950
1982-08-09,0.0,6.25,5.75,5.75,3.2704482078552246,1800
1982-08-10,0.0,6.25,5.75,6.0,3.41264271736145,1050
1982-08-11,0.0,6.0,5.75,6.0,3.41264271736145,250
1982-08-12,0.0,6.0,5.75,5.75,3.2704482078552246,4550
1982-08-13,0.0,5.75,5.5,5.5,3.1282544136047363,1700
1982-08-16,0.0,5.75,5.5,5.5,3.1282544136047363,1900
1982-08-17,0.0,6.0,5.5,5.75,3.2704482078552246,2150
1982-08-18,0.0,6.5,6.0,6.25,3.554835081100464,3350
1982-08-19,0.0,6.5,5.75,5.75,3.2704482078552246,2150
1982-08-20,0.0,6.25,5.75,6.0,3.41264271736145,1050
1982-08-23,0.0,6.25,5.75,5.75,3.2704482078552246,1550
1982-08-24,0.0,6.0,5.5,5.5,3.1282544136047363,2500
1982-08-25,0.0,5.75,5.5,5.75,3.2704482078552246,1050
1982-08-26,0.0,6.0,5.75,6.0,3.41264271736145,5650
1982-08-27,0.0,6.25,5.75,5.75,3.2704482078552246,2200
1982-08-30,0.0,6.0,6.0,6.0,3.41264271736145,150
1982-08-31,0.0,6.0,5.75,5.75,3.2704482078552246,600
1982-09-01,0.0,6.0,6.0,6.0,3.41264271736145,100
1982-09-02,0.0,6.0,5.75,6.0,3.41264271736145,1450
1982-09-03,0.0,6.0,5.75,5.75,3.2704482078552246,1750
1982-09-07,0.0,5.75,5.5,5.5,3.1282544136047363,600
1982-09-08,0.0,5.75,5.5,5.75,3.2704482078552246,2950
1982-09-09,0.0,5.5,5.25,5.25,2.9860613346099854,900
1982-09-10,0.0,5.5,5.0,5.0,2.8438682556152344,2300
1982-09-13,0.0,5.25,5.0,5.0,2.8438682556152344,1350
1982-09-14,0.0,5.25,4.75,5.0,2.8438682556152344,4500
1982-09-15,0.0,5.25,5.0,5.25,2.9860613346099854,2200
1982-09-16,0.0,5.25,5.0,5.0,2.8438682556152344,800
1982-09-17,0.0,5.5,5.25,5.5,3.1282544136047363,2950
1982-09-20,0.0,5.5,5.25,5.25,2.9860613346099854,800
1982-09-21,0.0,5.5,5.5,5.5,3.1282544136047363,800
1982-09-22,0.0,5.5,5.25,5.25,2.9860613346099854,15950
1982-09-23,0.0,5.25,5.0,5.0,2.8438682556152344,1850
1982-09-24,0.0,5.25,5.0,5.0,2.8438682556152344,1650
1982-09-27,0.0,5.0,4.75,5.0,2.8438682556152344,450
1982-09-28,0.0,5.0,4.75,4.75,2.701674699783325,1700
1982-09-29,0.0,5.0,4.5,4.75,2.701674699783325,550
1982-09-30,0.0,4.75,4.5,4.75,2.701674699783325,2400
1982-10-01,0.0,5.0,4.75,4.75,2.701674699783325,1500
1982-10-04,0.0,5.0,4.75,4.75,2.701674699783325,4900
1982-10-05,0.0,6.0,4.75,6.0,3.41264271736145,2150
1982-10-06,0.0,6.0,6.0,6.0,3.41264271736145,3200
1982-10-07,0.0,6.0,5.75,5.75,3.2704482078552246,1350
1982-10-08,0.0,6.0,5.75,6.0,3.41264271736145,1200
1982-10-11,0.0,6.0,6.0,6.0,3.41264271736145,300
1982-10-12,0.0,5.75,5.5,5.75,3.2704482078552246,950
1982-10-13,0.0,5.75,5.75,5.75,3.2704482078552246,1150
1982-10-14,0.0,7.0,6.0,6.5,3.697028636932373,4350
1982-10-15,0.0,7.75,6.75,7.5,4.265802383422852,4750
1982-10-18,0.0,7.75,7.5,7.75,4.407995223999023,2000
1982-10-19,0.0,8.0,7.75,8.0,4.550189971923828,4350
1982-10-20,0.0,8.0,7.75,8.0,4.550189971923828,1600
1982-10-21,0.0,8.25,8.0,8.25,4.692383289337158,6550
1982-10-22,0.0,8.25,8.0,8.0,4.550189971923828,1950
1982-10-25,0.0,8.0,7.5,7.75,4.407995223999023,1250
1982-10-26,0.0,8.0,7.25,7.5,4.265802383422852,1400
1982-10-27,0.0,7.5,7.25,7.25,4.1236090660095215,500
1982-10-28,0.0,7.25,7.0,7.25,4.1236090660095215,1150
1982-10-29,0.0,7.0,7.0,7.0,3.981416940689087,550
1982-11-01,0.0,7.25,7.0,7.0,3.981416940689087,2550
1982-11-02,0.0,7.75,7.25,7.25,4.1236090660095215,3100
1982-11-03,0.0,7.75,7.5,7.5,4.265802383422852,1750
1982-11-04,0.0,7.75,7.25,7.5,4.265802383422852,5550
1982-11-05,0.0,7.75,7.25,7.25,4.1236090660095215,1200
1982-11-08,0.0,7.5,7.0,7.0,3.981416940689087,1550
1982-11-09,0.0,7.0,7.0,7.0,3.981416940689087,700
1982-11-10,0.0,7.75,7.25,7.25,4.1236090660095215,2150
1982-11-11,0.0,7.5,7.0,7.25,4.1236090660095215,600
1982-11-12,0.0,7.25,6.75,6.75,3.839224100112915,2400
1982-11-15,0.0,7.0,7.0,7.0,3.981416940689087,50
1982-11-16,0.0,6.25,5.0,5.5,3.1282544136047363,5000
1982-11-17,0.0,5.25,5.0,5.25,2.9860613346099854,5000
1982-11-18,0.0,5.5,5.0,5.25,2.9860613346099854,3250
1982-11-19,0.0,5.5,5.25,5.5,3.1282544136047363,2250
1982-11-22,0.0,5.5,5.0,5.0,2.8438682556152344,3950
1982-11-23,0.0,5.25,5.0,5.25,2.9860613346099854,800
1982-11-24,0.0,5.25,5.0,5.25,2.9860613346099854,1000
1982-11-26,0.0,5.25,5.0,5.0,2.8438682556152344,300
1982-11-29,0.0,5.25,5.0,5.0,2.8438682556152344,2900
1982-11-30,0.0,5.25,4.5,4.5,2.559481382369995,3450
1982-12-01,0.0,4.75,4.5,4.5,2.559481382369995,800
1982-12-02,0.0,4.75,4.25,4.5,2.559481382369995,12800
1982-12-03,0.0,4.5,4.25,4.25,2.417288303375244,4250
1982-12-06,0.0,4.5,4.0,4.0,2.275094985961914,6850
1982-12-07,0.0,4.5,3.5,4.5,2.559481382369995,6100
1982-12-08,0.0,4.75,4.25,4.75,2.701674699783325,4700
1982-12-09,0.0,5.0,4.25,5.0,2.8438682556152344,2000
1982-12-10,0.0,5.0,4.5,4.75,2.701674699783325,1650
1982-12-13,0.0,5.0,4.5,4.5,2.559481382369995,3600
1982-12-14,0.0,5.25,4.0,4.25,2.417288303375244,5100
1982-12-15,0.0,4.25,4.0,4.0,2.275094985961914,1600
1982-12-16,0.0,4.5,4.0,4.25,2.417288303375244,2250
1982-12-17,0.0,4.75,4.25,4.25,2.417288303375244,1650
1982-12-20,0.0,4.0,3.5,3.75,2.132901191711426,6650
1982-12-21,0.0,4.0,3.75,3.75,2.132901191711426,7150
1982-12-22,0.0,3.75,3.75,3.75,2.132901191711426,3850
1982-12-23,0.0,4.5,3.75,4.5,2.559481382369995,6700
1982-12-27,0.0,4.5,4.0,4.25,2.417288303375244,3450
1982-12-28,0.0,4.25,4.0,4.0,2.275094985961914,8550
1982-12-29,0.0,4.5,3.75,4.25,2.417288303375244,8150
1982-12-30,0.0,4.5,4.0,4.5,2.559481382369995,6700
1982-12-31,0.0,4.75,4.25,4.5,2.559481382369995,8350
1983-01-03,0.0,4.75,4.5,4.75,2.701674699783325,3100
1983-01-04,0.0,4.75,4.5,4.5,2.559481382369995,1100
1983-01-05,0.0,4.5,4.5,4.5,2.559481382369995,250
1983-01-06,0.0,4.75,4.5,4.5,2.559481382369995,850
1983-01-07,0.0,4.75,4.5,4.5,2.559481382369995,1450
1983-01-10,0.0,5.0,4.5,4.75,2.701674699783325,5600
1983-01-11,0.0,5.0,4.75,5.0,2.8438682556152344,4950
1983-01-12,0.0,5.0,4.75,4.75,2.701674699783325,2000
1983-01-13,0.0,5.0,4.75,5.0,2.8438682556152344,700
1983-01-14,0.0,5.0,4.75,5.0,2.8438682556152344,1950
1983-01-17,0.0,5.0,4.75,4.75,2.701674699783325,700
1983-01-18,0.0,5.0,4.5,5.0,2.8438682556152344,2050
1983-01-19,0.0,5.0,4.75,5.0,2.8438682556152344,3900
1983-01-20,0.0,5.25,4.75,5.25,2.9860613346099854,3650
1983-01-21,0.0,5.5,5.0,5.0,2.8438682556152344,7200
1983-01-24,0.0,5.0,5.0,5.0,2.8438682556152344,4350
1983-01-25,0.0,5.0,4.75,4.75,2.701674699783325,2300
1983-01-26,0.0,5.0,4.75,4.75,2.701674699783325,2000
1983-01-27,4.75,4.75,4.75,4.75,2.701674699783325,0
1983-01-28,0.0,5.0,4.75,4.75,2.701674699783325,1100
1983-01-31,0.0,5.0,5.0,5.0,2.8438682556152344,1000
1983-02-01,0.0,5.0,4.75,4.75,2.701674699783325,1350
1983-02-02,0.0,4.75,4.5,4.5,2.559481382369995,3800
1983-02-03,0.0,4.25,4.25,4.25,2.417288303375244,1400
1983-02-04,0.0,5.0,4.25,5.0,2.8438682556152344,3150
1983-02-07,0.0,5.25,4.5,5.25,2.9860613346099854,2950
1983-02-08,0.0,5.25,5.0,5.25,2.9860613346099854,600
1983-02-09,0.0,5.25,5.0,5.0,2.8438682556152344,650
1983-02-10,0.0,5.25,5.0,5.25,2.9860613346099854,1050
1983-02-11,0.0,5.25,4.75,4.75,2.701674699783325,2200
1983-02-14,0.0,5.0,4.75,4.75,2.701674699783325,2250
1983-02-15,0.0,5.25,4.75,5.25,2.9860613346099854,1750
1983-02-16,0.0,5.25,4.75,4.75,2.701674699783325,2000
1983-02-17,0.0,5.25,4.5,5.25,2.9860613346099854,1000
1983-02-18,0.0,5.25,4.75,4.75,2.701674699783325,2400
1983-02-22,0.0,4.5,4.5,4.5,2.559481382369995,1550
1983-02-23,0.0,4.75,4.5,4.75,2.701674699783325,1200
1983-02-24,0.0,4.75,4.5,4.75,2.701674699783325,400
1983-02-25,0.0,5.0,4.5,4.5,2.559481382369995,1600
1983-02-28,0.0,5.0,4.5,4.5,2.559481382369995,500
1983-03-01,0.0,4.75,4.5,4.5,2.559481382369995,1050
1983-03-02,0.0,4.5,4.25,4.5,2.559481382369995,4500
1983-03-03,0.0,4.25,4.25,4.25,2.417288303375244,50
1983-03-04,0.0,4.25,4.25,4.25,2.417288303375244,1300
1983-03-07,0.0,4.25,3.75,3.75,2.132901191711426,9450
1983-03-08,0.0,4.5,4.0,4.5,2.559481382369995,5100
1983-03-09,0.0,4.5,4.25,4.25,2.417288303375244,2850
1983-03-10,0.0,4.75,4.25,4.25,2.417288303375244,1150
1983-03-11,0.0,4.75,4.75,4.75,2.701674699783325,500
1983-03-14,0.0,4.75,4.75,4.75,2.701674699783325,750
1983-03-15,0.0,4.75,4.25,4.5,2.559481382369995,2400
1983-03-16,0.0,4.5,4.25,4.5,2.559481382369995,150
1983-03-17,0.0,4.75,4.25,4.25,2.417288303375244,2550
1983-03-18,0.0,4.25,4.25,4.25,2.417288303375244,150
1983-03-21,0.0,4.5,4.25,4.25,2.417288303375244,2200
1983-03-22,0.0,4.5,4.25,4.25,2.417288303375244,1500
1983-03-23,0.0,4.5,4.25,4.25,2.417288303375244,450
1983-03-24,0.0,4.5,4.5,4.5,2.559481382369995,550
1983-03-25,0.0,5.75,4.75,5.75,3.2704482078552246,21000
1983-03-28,0.0,5.75,5.5,5.5,3.1282544136047363,7850
1983-03-29,0.0,5.75,5.5,5.5,3.1282544136047363,500
1983-03-30,0.0,5.5,5.25,5.5,3.1282544136047363,5850
1983-03-31,0.0,5.75,5.5,5.5,3.1282544136047363,1250
1983-04-04,0.0,5.25,5.0,5.25,2.9860613346099854,450
1983-04-05,0.0,5.25,5.0,5.25,2.9860613346099854,1250
1983-04-06,0.0,5.25,5.0,5.25,2.9860613346099854,750
1983-04-07,0.0,5.25,5.25,5.25,2.9860613346099854,250
1983-04-08,0.0,5.0,5.0,5.0,2.8438682556152344,100
1983-04-11,0.0,5.25,5.0,5.25,2.9860613346099854,1400
1983-04-12,0.0,5.0,5.0,5.0,2.8438682556152344,350
1983-04-13,0.0,5.0,4.75,4.75,2.701674699783325,800
1983-04-14,4.75,4.75,4.75,4.75,2.701674699783325,0
1983-04-15,0.0,4.75,4.75,4.75,2.701674699783325,450
1983-04-18,0.0,5.0,4.75,5.0,2.8438682556152344,650
1983-04-19,0.0,4.75,4.75,4.75,2.701674699783325,150
1983-04-20,0.0,4.75,4.75,4.75,2.701674699783325,350
1983-04-21,0.0,5.25,4.75,4.75,2.701674699783325,5150
1983-04-22,0.0,4.75,4.75,4.75,2.701674699783325,1200
1983-04-25,0.0,4.75,4.5,4.75,2.701674699783325,1300
1983-04-26,0.0,4.75,4.5,4.75,2.701674699783325,850
1983-04-27,0.0,5.25,4.75,5.25,2.9860613346099854,3250
1983-04-28,0.0,5.5,5.25,5.5,3.1282544136047363,4300
1983-04-29,0.0,5.5,5.25,5.25,2.9860613346099854,900
1983-05-02,0.0,5.5,5.25,5.5,3.1282544136047363,7300
1983-05-03,0.0,5.5,5.25,5.25,2.9860613346099854,800
1983-05-04,0.0,5.5,5.25,5.5,3.1282544136047363,3150
1983-05-05,0.0,5.5,5.0,5.0,2.8438682556152344,10200
1983-05-06,0.0,5.25,5.0,5.25,2.9860613346099854,1750
1983-05-09,0.0,5.0,5.0,5.0,2.8438682556152344,600
1983-05-10,0.0,5.25,5.0,5.0,2.8438682556152344,1950
1983-05-11,0.0,5.25,4.75,5.25,2.9860613346099854,1550
1983-05-12,0.0,5.25,5.25,5.25,2.9860613346099854,4200
1983-05-13,0.0,7.0,5.25,6.75,3.839224100112915,20700
1983-05-16,0.0,10.25,8.0,9.75,5.545543193817139,55950
1983-05-17,0.0,12.75,11.25,12.5,7.109670162200928,71800
1983-05-18,0.0,16.0,11.25,11.75,6.683089256286621,122550
1983-05-19,0.0,12.75,11.25,12.0,6.8252854347229,39900
1983-05-20,0.0,12.0,11.25,11.5,6.540896415710449,9400
1983-05-23,0.0,11.5,10.5,11.25,6.398703575134277,14400
1983-05-24,0.0,11.5,10.25,10.25,5.829928398132324,10500
1983-05-25,0.0,11.0,10.25,11.0,6.256508827209473,12150
1983-05-26,0.0,11.0,10.75,10.75,6.114315032958984,4300
1983-05-27,0.0,11.0,10.5,11.0,6.256508827209473,7900
1983-05-31,0.0,11.0,10.5,10.5,5.972122669219971,2800
1983-06-01,0.0,10.75,10.0,10.0,5.687736511230469,7800
1983-06-02,0.0,10.25,9.0,9.0,5.11896276473999,11700
1983-06-03,0.0,9.5,8.5,9.5,5.40334939956665,23300
1983-06-06,0.0,10.0,9.5,10.0,5.687736511230469,3950
1983-06-07,0.0,10.25,9.75,9.75,5.545543193817139,1800
1983-06-08,0.0,10.0,9.25,9.25,5.261155605316162,1300
1983-06-09,0.0,9.75,9.25,9.25,5.261155605316162,4000
1983-06-10,0.0,9.5,9.25,9.25,5.261155605316162,2800
1983-06-13,0.0,10.0,9.5,9.5,5.40334939956665,1450
1983-06-14,0.0,9.75,9.5,9.75,5.545543193817139,1950
1983-06-15,0.0,9.5,9.25,9.25,5.261155605316162,1150
1983-06-16,0.0,9.25,8.75,8.75,4.976767539978027,2500
1983-06-17,0.0,9.0,8.25,8.25,4.692383289337158,4550
1983-06-20,0.0,9.0,8.25,8.75,4.976767539978027,3900
1983-06-21,0.0,9.0,8.75,8.75,4.976767539978027,2850
1983-06-22,0.0,9.25,8.75,9.0,5.11896276473999,6800
1983-06-23,0.0,9.0,8.5,8.75,4.976767539978027,3150
1983-06-24,0.0,8.75,8.5,8.75,4.976767539978027,1250
1983-06-27,0.0,9.0,8.5,8.5,4.834576606750488,550
1983-06-28,0.0,8.75,8.25,8.25,4.692383289337158,1200
1983-06-29,0.0,9.0,8.5,9.0,5.11896276473999,4200
1983-06-30,0.0,11.75,9.25,11.75,6.683089256286621,24350
1983-07-01,0.0,12.0,11.5,11.5,6.540896415710449,12850
1983-07-05,0.0,11.5,10.75,11.5,6.540896415710449,2900
1983-07-06,0.0,13.25,11.5,12.75,7.251863479614258,13950
1983-07-07,0.0,12.5,11.5,11.5,6.540896415710449,3150
1983-07-08,0.0,11.75,11.5,11.75,6.683089256286621,1250
1983-07-11,0.0,12.75,12.0,12.5,7.109670162200928,7400
1983-07-12,0.0,12.5,11.75,11.75,6.683089256286621,1050
1983-07-13,0.0,11.75,11.25,11.75,6.683089256286621,1050
1983-07-14,0.0,11.5,11.25,11.25,6.398703575134277,750
1983-07-15,0.0,11.25,11.0,11.0,6.256508827209473,750
1983-07-18,0.0,11.0,9.75,10.0,5.687736511230469,1650
1983-07-19,0.0,10.5,10.25,10.25,5.829928398132324,3150
1983-07-20,0.0,10.5,10.5,10.5,5.972122669219971,1550
1983-07-21,0.0,10.5,10.0,10.0,5.687736511230469,2250
1983-07-22,0.0,10.25,10.0,10.0,5.687736511230469,400
1983-07-25,0.0,10.0,9.5,9.75,5.545543193817139,1800
1983-07-26,0.0,10.0,9.5,10.0,5.687736511230469,1200
1983-07-27,0.0,10.0,9.75,9.75,5.545543193817139,1000
1983-07-28,0.0,9.5,9.5,9.5,5.40334939956665,300
1983-07-29,0.0,9.75,9.0,9.25,5.261155605316162,3200
1983-08-01,0.0,9.75,9.25,9.25,5.261155605316162,1000
1983-08-02,0.0,10.0,9.5,10.0,5.687736511230469,900
1983-08-03,0.0,10.0,10.0,10.0,5.687736511230469,2650
1983-08-04,0.0,9.75,9.75,9.75,5.545543193817139,150
1983-08-05,9.75,9.75,9.75,9.75,5.545543193817139,0
1983-08-08,0.0,9.75,9.75,9.75,5.545543193817139,600
1983-08-09,0.0,9.75,9.75,9.75,5.545543193817139,850
1983-08-10,0.0,10.25,9.75,9.75,5.545543193817139,3000
1983-08-11,0.0,10.25,9.75,10.25,5.829928398132324,1300
1983-08-12,0.0,10.5,10.25,10.25,5.829928398132324,1100
1983-08-15,0.0,11.5,10.5,10.75,6.114315032958984,4050
1983-08-16,0.0,10.5,10.25,10.25,5.829928398132324,600
1983-08-17,0.0,10.75,10.0,10.5,5.972122669219971,2600
1983-08-18,0.0,11.0,10.5,10.5,5.972122669219971,2350
1983-08-19,0.0,10.75,10.75,10.75,6.114315032958984,100
1983-08-22,0.0,11.75,10.75,10.75,6.114315032958984,4850
1983-08-23,0.0,11.5,11.25,11.25,6.398703575134277,3550
1983-08-24,0.0,11.75,11.25,11.5,6.540896415710449,3750
1983-08-25,0.0,11.5,10.5,10.5,5.972122669219971,1500
1983-08-26,0.0,10.5,10.25,10.25,5.829928398132324,300
1983-08-29,0.0,10.25,10.0,10.0,5.687736511230469,800
1983-08-30,0.0,10.25,10.0,10.0,5.687736511230469,950
1983-08-31,0.0,10.25,10.0,10.0,5.687736511230469,1750
1983-09-01,0.0,10.5,10.25,10.25,5.829928398132324,650
1983-09-02,0.0,10.5,10.5,10.5,5.972122669219971,50
1983-09-06,0.0,10.75,10.0,10.25,5.829928398132324,2750
1983-09-07,0.0,10.25,10.25,10.25,5.829928398132324,250
1983-09-08,0.0,10.25,10.25,10.25,5.829928398132324,1350
1983-09-09,0.0,10.25,10.0,10.25,5.829928398132324,1550
1983-09-12,0.0,10.5,10.25,10.25,5.829928398132324,500
1983-09-13,0.0,10.25,10.0,10.0,5.687736511230469,900
1983-09-14,0.0,10.0,10.0,10.0,5.687736511230469,650
1983-09-15,0.0,10.0,10.0,10.0,5.687736511230469,50
1983-09-16,0.0,10.0,9.75,9.75,5.545543193817139,2000
1983-09-19,0.0,9.5,9.25,9.25,5.261155605316162,2250
1983-09-20,0.0,9.25,8.75,8.75,4.976767539978027,2750
1983-09-21,0.0,9.25,9.0,9.25,5.261155605316162,1000
1983-09-22,0.0,9.5,9.25,9.25,5.261155605316162,1550
1983-09-23,0.0,9.5,9.25,9.5,5.40334939956665,1950
1983-09-26,0.0,9.75,9.25,9.25,5.261155605316162,1700
1983-09-27,0.0,9.25,8.75,9.0,5.11896276473999,1800
1983-09-28,0.0,9.0,8.25,8.5,4.834576606750488,2150
1983-09-29,0.0,8.25,8.0,8.25,4.692383289337158,1450
1983-09-30,0.0,8.25,8.0,8.25,4.692383289337158,1400
1983-10-03,0.0,8.75,8.0,8.25,4.692383289337158,3750
1983-10-04,0.0,8.25,8.0,8.0,4.550189971923828,800
1983-10-05,0.0,8.0,8.0,8.0,4.550189971923828,800
1983-10-06,0.0,8.25,7.75,8.0,4.550189971923828,2400
1983-10-07,0.0,8.5,8.0,8.5,4.834576606750488,1750
1983-10-10,0.0,8.75,8.25,8.75,4.976767539978027,1400
1983-10-11,0.0,9.0,8.5,9.0,5.11896276473999,750
1983-10-12,0.0,8.75,8.5,8.5,4.834576606750488,850
1983-10-13,0.0,8.5,8.25,8.5,4.834576606750488,450
1983-10-14,0.0,8.75,8.25,8.25,4.692383289337158,1150
1983-10-17,0.0,8.5,8.25,8.5,4.834576606750488,600
1983-10-18,0.0,8.25,8.0,8.0,4.550189971923828,2700
1983-10-19,0.0,7.75,7.25,7.25,4.1236090660095215,1850
1983-10-20,0.0,7.75,7.25,7.5,4.265802383422852,3250
1983-10-21,0.0,7.5,7.25,7.25,4.1236090660095215,2000
1983-10-24,0.0,8.0,7.75,8.0,4.550189971923828,1500
1983-10-25,0.0,8.25,7.75,8.0,4.550189971923828,250
1983-10-26,0.0,8.25,7.75,8.0,4.550189971923828,1700
1983-10-27,0.0,8.25,7.75,7.75,4.407995223999023,1700
1983-10-28,0.0,7.75,7.75,7.75,4.407995223999023,850
1983-10-31,0.0,8.25,8.0,8.0,4.550189971923828,1350
1983-11-01,0.0,8.0,7.75,7.75,4.407995223999023,1450
1983-11-02,0.0,8.0,7.75,7.75,4.407995223999023,1550
1983-11-03,0.0,8.25,8.0,8.0,4.550189971923828,4300
1983-11-04,0.0,8.0,8.0,8.0,4.550189971923828,350
1983-11-07,0.0,8.25,8.0,8.0,4.550189971923828,850
1983-11-08,0.0,8.25,8.0,8.25,4.692383289337158,300
1983-11-09,0.0,8.25,8.0,8.0,4.550189971923828,1250
1983-11-10,0.0,8.25,8.0,8.0,4.550189971923828,750
1983-11-11,0.0,8.0,7.75,7.75,4.407995223999023,1150
1983-11-14,0.0,7.25,7.0,7.0,3.981416940689087,500
1983-11-15,0.0,7.0,6.75,7.0,3.981416940689087,450
1983-11-16,0.0,7.0,6.5,6.5,3.697028636932373,3950
1983-11-17,0.0,7.0,6.5,7.0,3.981416940689087,850
1983-11-18,0.0,6.75,6.5,6.5,3.697028636932373,1450
1983-11-21,0.0,6.75,6.5,6.75,3.839224100112915,3100
1983-11-22,0.0,6.75,6.5,6.75,3.839224100112915,3650
1983-11-23,0.0,6.75,6.5,6.5,3.697028636932373,2550
1983-11-25,0.0,6.75,6.5,6.5,3.697028636932373,3050
1983-11-28,0.0,6.75,6.5,6.5,3.697028636932373,3200
1983-11-29,0.0,6.75,6.5,6.5,3.697028636932373,1500
1983-11-30,0.0,6.75,6.5,6.5,3.697028636932373,3250
1983-12-01,0.0,6.5,6.5,6.5,3.697028636932373,1100
1983-12-02,0.0,6.5,6.25,6.25,3.554835081100464,1400
1983-12-05,0.0,6.5,6.25,6.25,3.554835081100464,1400
1983-12-06,0.0,6.25,6.0,6.0,3.41264271736145,3600
1983-12-07,0.0,6.0,6.0,6.0,3.41264271736145,1400
1983-12-08,0.0,5.75,5.75,5.75,3.2704482078552246,2150
1983-12-09,0.0,6.0,5.75,6.0,3.41264271736145,1250
1983-12-12,0.0,6.25,5.75,6.0,3.41264271736145,4300
1983-12-13,0.0,6.25,6.0,6.0,3.41264271736145,10950
1983-12-14,0.0,6.25,6.0,6.0,3.41264271736145,1900
1983-12-15,0.0,6.0,6.0,6.0,3.41264271736145,2400
1983-12-16,0.0,6.25,5.75,6.0,3.41264271736145,9450
1983-12-19,0.0,6.25,6.0,6.0,3.41264271736145,3000
1983-12-20,0.0,6.0,5.75,5.75,3.2704482078552246,1750
1983-12-21,0.0,6.0,5.75,5.75,3.2704482078552246,3350
1983-12-22,0.0,6.0,5.75,5.75,3.2704482078552246,600
1983-12-23,0.0,5.75,5.0,5.0,2.8438682556152344,3900
1983-12-27,0.0,5.0,4.75,5.0,2.8438682556152344,8300
1983-12-28,0.0,5.0,4.75,5.0,2.8438682556152344,5850
1983-12-29,0.0,5.25,4.75,5.0,2.8438682556152344,15850
1983-12-30,0.0,5.25,5.0,5.0,2.8438682556152344,12300
1984-01-03,0.0,5.75,5.25,5.25,2.9860613346099854,2700
1984-01-04,0.0,5.5,5.25,5.5,3.1282544136047363,1400
1984-01-05,0.0,6.0,5.5,6.0,3.41264271736145,2050
1984-01-06,0.0,6.75,6.25,6.75,3.839224100112915,4800
1984-01-09,0.0,7.0,6.75,6.75,3.839224100112915,9750
1984-01-10,0.0,7.0,6.75,6.75,3.839224100112915,1450
1984-01-11,0.0,6.75,6.75,6.75,3.839224100112915,1450
1984-01-12,0.0,7.0,6.75,7.0,3.981416940689087,1800
1984-01-13,0.0,7.0,6.75,6.75,3.839224100112915,1700
1984-01-16,0.0,7.0,6.75,7.0,3.981416940689087,950
1984-01-17,0.0,7.0,7.0,7.0,3.981416940689087,1150
1984-01-18,0.0,7.0,6.75,7.0,3.981416940689087,550
1984-01-19,0.0,6.5,6.5,6.5,3.697028636932373,600
1984-01-20,0.0,6.75,6.5,6.75,3.839224100112915,550
1984-01-23,6.75,6.75,6.75,6.75,3.839224100112915,0
1984-01-24,0.0,6.5,6.25,6.25,3.554835081100464,2850
1984-01-25,0.0,6.5,6.5,6.5,3.697028636932373,50
1984-01-26,0.0,6.5,6.0,6.0,3.41264271736145,2850
1984-01-27,0.0,6.25,6.0,6.25,3.554835081100464,4000
1984-01-30,0.0,6.25,6.0,6.25,3.554835081100464,500
1984-01-31,0.0,6.5,6.25,6.5,3.697028636932373,1050
1984-02-01,6.5,6.5,6.5,6.5,3.697028636932373,0
1984-02-02,0.0,6.25,6.25,6.25,3.554835081100464,1250
1984-02-03,0.0,6.0,6.0,6.0,3.41264271736145,850
1984-02-06,0.0,5.75,5.5,5.5,3.1282544136047363,950
1984-02-07,0.0,5.5,5.25,5.25,2.9860613346099854,2400
1984-02-08,0.0,5.5,5.5,5.5,3.1282544136047363,1050
1984-02-09,0.0,5.25,5.25,5.25,2.9860613346099854,1100
1984-02-10,0.0,5.5,5.25,5.5,3.1282544136047363,3450
1984-02-13,0.0,5.5,5.25,5.25,2.9860613346099854,2100
1984-02-14,0.0,5.5,5.5,5.5,3.1282544136047363,50
1984-02-15,0.0,6.0,5.5,6.0,3.41264271736145,1000
1984-02-16,0.0,5.75,5.75,5.75,3.2704482078552246,700
1984-02-17,0.0,5.75,5.75,5.75,3.2704482078552246,2650
1984-02-21,0.0,5.5,5.25,5.25,2.9860613346099854,750
1984-02-22,0.0,5.75,5.5,5.5,3.1282544136047363,350
1984-02-23,0.0,6.0,5.5,6.0,3.41264271736145,1550
1984-02-24,0.0,6.0,5.25,5.75,3.2704482078552246,2250
1984-02-27,0.0,6.0,6.0,6.0,3.41264271736145,1200
1984-02-28,0.0,6.0,5.75,6.0,3.41264271736145,2350
1984-02-29,0.0,6.0,6.0,6.0,3.41264271736145,5000
1984-03-01,0.0,6.0,5.75,6.0,3.41264271736145,500
1984-03-02,0.0,6.0,5.75,6.0,3.41264271736145,450
1984-03-05,0.0,6.75,5.75,6.75,3.839224100112915,3050
1984-03-06,0.0,7.0,6.75,7.0,3.981416940689087,5000
1984-03-07,0.0,7.0,6.5,6.75,3.839224100112915,3850
1984-03-08,0.0,6.5,6.5,6.5,3.697028636932373,1000
1984-03-09,0.0,6.5,6.25,6.5,3.697028636932373,300
1984-03-12,0.0,6.5,6.25,6.25,3.554835081100464,850
1984-03-13,0.0,6.5,6.25,6.5,3.697028636932373,600
1984-03-14,0.0,6.5,6.25,6.5,3.697028636932373,600
1984-03-15,0.0,6.25,6.25,6.25,3.554835081100464,250
1984-03-16,0.0,6.25,6.25,6.25,3.554835081100464,250
1984-03-19,0.0,6.25,6.25,6.25,3.554835081100464,700
1984-03-20,0.0,6.5,6.25,6.5,3.697028636932373,150
1984-03-21,0.0,6.25,6.25,6.25,3.554835081100464,1750
1984-03-22,0.0,6.25,6.25,6.25,3.554835081100464,350
1984-03-23,0.0,6.25,6.25,6.25,3.554835081100464,1100
1984-03-26,0.0,6.5,6.5,6.5,3.697028636932373,200
1984-03-27,0.0,6.25,6.25,6.25,3.554835081100464,100
1984-03-28,0.0,6.5,6.0,6.0,3.41264271736145,3250
1984-03-29,0.0,6.0,5.75,5.75,3.2704482078552246,700
1984-03-30,0.0,6.0,6.0,6.0,3.41264271736145,200
1984-04-02,0.0,6.0,5.25,5.25,2.9860613346099854,2250
1984-04-03,0.0,5.5,5.25,5.25,2.9860613346099854,2100
1984-04-04,0.0,5.75,5.5,5.75,3.2704482078552246,800
1984-04-05,0.0,5.75,5.5,5.5,3.1282544136047363,400
1984-04-06,0.0,6.0,5.75,6.0,3.41264271736145,3000
1984-04-09,0.0,6.0,6.0,6.0,3.41264271736145,50
1984-04-10,0.0,6.0,5.75,6.0,3.41264271736145,450
1984-04-11,0.0,6.0,5.75,6.0,3.41264271736145,750
1984-04-12,0.0,6.0,5.75,6.0,3.41264271736145,200
1984-04-13,0.0,6.25,6.25,6.25,3.554835081100464,500
1984-04-16,0.0,7.25,6.5,7.25,4.1236090660095215,5900
1984-04-17,0.0,7.25,6.75,7.0,3.981416940689087,5800
1984-04-18,0.0,7.0,6.5,6.75,3.839224100112915,3150
1984-04-19,0.0,7.0,6.5,7.0,3.981416940689087,900
1984-04-23,0.0,7.0,6.5,6.75,3.839224100112915,14800
1984-04-24,0.0,7.0,6.75,7.0,3.981416940689087,1350
1984-04-25,0.0,7.0,6.75,7.0,3.981416940689087,1600
1984-04-26,0.0,7.0,6.75,7.0,3.981416940689087,2550
1984-04-27,0.0,6.75,6.5,6.75,3.839224100112915,1100
1984-04-30,0.0,6.75,6.5,6.5,3.697028636932373,1300
1984-05-01,0.0,7.0,6.75,7.0,3.981416940689087,550
1984-05-02,0.0,7.0,6.75,7.0,3.981416940689087,500
1984-05-03,0.0,6.75,6.5,6.5,3.697028636932373,3500
1984-05-04,6.5,6.5,6.5,6.5,3.697028636932373,0
1984-05-07,0.0,6.75,6.5,6.5,3.697028636932373,2900
1984-05-08,0.0,6.75,6.5,6.5,3.697028636932373,1100
1984-05-09,0.0,6.75,6.5,6.5,3.697028636932373,1250
1984-05-10,0.0,6.75,6.75,6.75,3.839224100112915,750
1984-05-11,0.0,6.5,6.5,6.5,3.697028636932373,800
1984-05-14,0.0,6.5,6.5,6.5,3.697028636932373,1750
1984-05-15,0.0,6.5,6.25,6.5,3.697028636932373,400
1984-05-16,0.0,6.5,6.25,6.25,3.554835081100464,1800
1984-05-17,0.0,6.5,6.0,6.0,3.41264271736145,1800
1984-05-18,0.0,6.5,6.0,6.0,3.41264271736145,2000
1984-05-21,0.0,6.5,6.25,6.5,3.697028636932373,1150
1984-05-22,0.0,6.25,6.25,6.25,3.554835081100464,200
1984-05-23,0.0,6.25,6.0,6.0,3.41264271736145,800
1984-05-24,0.0,6.25,6.0,6.0,3.41264271736145,1800
1984-05-25,0.0,6.0,6.0,6.0,3.41264271736145,250
1984-05-29,0.0,6.25,6.0,6.0,3.41264271736145,550
1984-05-30,0.0,6.25,6.0,6.0,3.41264271736145,750
1984-05-31,0.0,5.75,5.75,5.75,3.2704482078552246,100
1984-06-01,0.0,5.75,5.75,5.75,3.2704482078552246,450
1984-06-04,0.0,6.0,5.5,5.5,3.1282544136047363,2200
1984-06-05,0.0,5.75,5.75,5.75,3.2704482078552246,350
1984-06-06,0.0,5.75,5.5,5.75,3.2704482078552246,550
1984-06-07,0.0,6.0,5.75,6.0,3.41264271736145,600
1984-06-08,0.0,6.0,6.0,6.0,3.41264271736145,750
1984-06-11,0.0,5.75,5.75,5.75,3.2704482078552246,200
1984-06-12,0.0,5.75,5.75,5.75,3.2704482078552246,50
1984-06-13,0.0,5.75,5.5,5.75,3.2704482078552246,250
1984-06-14,0.0,5.75,5.5,5.5,3.1282544136047363,250
1984-06-15,0.0,5.5,5.25,5.5,3.1282544136047363,1850
1984-06-18,0.0,5.5,5.5,5.5,3.1282544136047363,1000
1984-06-19,0.0,6.0,6.0,6.0,3.41264271736145,450
1984-06-20,0.0,6.0,6.0,6.0,3.41264271736145,500
1984-06-21,0.0,6.0,6.0,6.0,3.41264271736145,4650
1984-06-22,0.0,6.0,6.0,6.0,3.41264271736145,1500
1984-06-25,0.0,6.0,5.75,6.0,3.41264271736145,4000
1984-06-26,0.0,5.75,5.5,5.75,3.2704482078552246,350
1984-06-27,0.0,5.75,5.5,5.75,3.2704482078552246,850
1984-06-28,5.75,5.75,5.75,5.75,3.2704482078552246,0
1984-06-29,0.0,5.75,5.75,5.75,3.2704482078552246,350
1984-07-02,0.0,5.5,5.25,5.25,2.9860613346099854,500
1984-07-03,0.0,5.25,5.25,5.25,2.9860613346099854,850
1984-07-05,0.0,5.75,5.5,5.75,3.2704482078552246,250
1984-07-06,0.0,5.5,5.0,5.5,3.1282544136047363,21850
1984-07-09,0.0,5.5,5.25,5.5,3.1282544136047363,550
1984-07-10,0.0,5.5,5.25,5.25,2.9860613346099854,2500
1984-07-11,0.0,5.5,5.0,5.25,2.9860613346099854,27200
1984-07-12,0.0,5.25,5.0,5.25,2.9860613346099854,1700
1984-07-13,0.0,5.75,5.25,5.75,3.2704482078552246,2350
1984-07-16,0.0,5.5,5.0,5.0,2.8438682556152344,700
1984-07-17,0.0,5.25,5.0,5.0,2.8438682556152344,5850
1984-07-18,0.0,5.0,5.0,5.0,2.8438682556152344,50
1984-07-19,0.0,5.0,4.5,4.75,2.701674699783325,2900
1984-07-20,0.0,5.0,4.5,5.0,2.8438682556152344,5550
1984-07-23,0.0,5.0,5.0,5.0,2.8438682556152344,600
1984-07-24,0.0,5.0,5.0,5.0,2.8438682556152344,1000
1984-07-25,0.0,4.75,4.75,4.75,2.701674699783325,1650
1984-07-26,0.0,4.75,4.75,4.75,2.701674699783325,1000
1984-07-27,0.0,4.75,4.5,4.5,2.559481382369995,600
1984-07-30,0.0,4.5,4.5,4.5,2.559481382369995,300
1984-07-31,0.0,4.5,4.5,4.5,2.559481382369995,700
1984-08-01,0.0,5.0,4.75,5.0,2.8438682556152344,1150
1984-08-02,0.0,5.25,4.75,5.25,2.9860613346099854,7050
1984-08-03,0.0,5.5,4.75,5.0,2.8438682556152344,2050
1984-08-06,0.0,5.0,4.75,5.0,2.8438682556152344,450
1984-08-07,0.0,5.0,5.0,5.0,2.8438682556152344,500
1984-08-08,0.0,5.0,4.75,4.75,2.701674699783325,1550
1984-08-09,0.0,6.25,4.75,6.0,3.41264271736145,12500
1984-08-10,0.0,7.25,6.5,6.5,3.697028636932373,22100
1984-08-13,0.0,6.75,6.5,6.5,3.697028636932373,2500
1984-08-14,0.0,6.75,6.5,6.5,3.697028636932373,3350
1984-08-15,0.0,6.75,6.5,6.5,3.697028636932373,450
1984-08-16,0.0,6.5,6.25,6.5,3.697028636932373,950
1984-08-17,0.0,6.5,6.25,6.25,3.554835081100464,850
1984-08-20,0.0,6.25,6.0,6.0,3.41264271736145,1350
1984-08-21,0.0,6.0,6.0,6.0,3.41264271736145,800
1984-08-22,0.0,6.0,5.25,5.25,2.9860613346099854,2000
1984-08-23,0.0,5.75,5.25,5.75,3.2704482078552246,750
1984-08-24,5.75,5.75,5.75,5.75,3.2704482078552246,0
1984-08-27,0.0,5.75,5.75,5.75,3.2704482078552246,50
1984-08-28,0.0,6.0,6.0,6.0,3.41264271736145,100
1984-08-29,6.0,6.0,6.0,6.0,3.41264271736145,0
1984-08-30,0.0,6.0,6.0,6.0,3.41264271736145,2250
1984-08-31,0.0,6.25,5.75,6.0,3.41264271736145,9500
1984-09-04,0.0,6.0,6.0,6.0,3.41264271736145,200
1984-09-05,0.0,6.0,5.75,5.75,3.2704482078552246,5500
1984-09-06,0.0,6.0,5.75,6.0,3.41264271736145,250
1984-09-07,6.0,6.25,6.0,6.0,3.41264271736145,3000
1984-09-10,6.0,6.25,6.0,6.0,3.41264271736145,1700
1984-09-11,6.0,6.25,5.75,6.25,3.554835081100464,1600
1984-09-12,6.0,6.0,5.75,5.75,3.2704482078552246,400
1984-09-13,5.75,6.25,5.75,6.25,3.554835081100464,1500
1984-09-14,6.0,6.0,5.5,5.75,3.2704482078552246,9900
1984-09-17,6.0,6.0,6.0,6.0,3.41264271736145,1100
1984-09-18,6.0,6.0,5.75,6.0,3.41264271736145,1500
1984-09-19,5.75,5.75,5.75,5.75,3.2704482078552246,2400
1984-09-20,5.75,5.75,5.5,5.75,3.2704482078552246,3500
1984-09-21,5.5,5.5,5.5,5.5,3.1282544136047363,600
1984-09-24,5.5,5.75,5.5,5.5,3.1282544136047363,3000
1984-09-25,5.5,5.75,5.5,5.75,3.2704482078552246,1100
1984-09-26,5.75,5.75,5.5,5.75,3.2704482078552246,1500
1984-09-27,5.5,5.5,5.5,5.5,3.1282544136047363,300
1984-09-28,5.5,5.5,5.25,5.25,2.9860613346099854,600
1984-10-01,5.25,5.25,5.25,5.25,2.9860613346099854,1000
1984-10-02,5.25,5.25,5.25,5.25,2.9860613346099854,0
1984-10-03,5.25,5.5,5.25,5.25,2.9860613346099854,200
1984-10-04,5.25,5.25,5.0,5.0,2.8438682556152344,1200
1984-10-05,5.25,5.25,5.25,5.25,2.9860613346099854,300
1984-10-08,5.25,5.5,5.25,5.25,2.9860613346099854,1900
1984-10-09,5.25,5.25,5.25,5.25,2.9860613346099854,500
1984-10-10,5.25,5.25,5.0,5.0,2.8438682556152344,800
1984-10-11,5.0,5.0,5.0,5.0,2.8438682556152344,100
1984-10-12,5.0,5.25,5.0,5.25,2.9860613346099854,600
1984-10-15,5.25,5.25,5.25,5.25,2.9860613346099854,400
1984-10-16,5.25,5.25,4.0,4.5,2.559481382369995,37700
1984-10-17,4.5,4.5,4.25,4.5,2.559481382369995,6700
1984-10-18,4.5,4.5,4.25,4.25,2.417288303375244,600
1984-10-19,4.25,4.5,4.25,4.25,2.417288303375244,1500
1984-10-22,4.25,4.5,4.25,4.5,2.559481382369995,4100
1984-10-23,4.25,4.25,4.0,4.0,2.275094985961914,14900
1984-10-24,4.0,4.5,4.0,4.5,2.559481382369995,11900
1984-10-25,4.5,4.5,4.5,4.5,2.559481382369995,700
1984-10-26,4.25,4.25,4.25,4.25,2.417288303375244,400
1984-10-29,4.25,4.25,4.25,4.25,2.417288303375244,3600
1984-10-30,4.25,4.25,4.0,4.0,2.275094985961914,4700
1984-10-31,4.0,4.0,4.0,4.0,2.275094985961914,4000
1984-11-01,4.0,4.0,4.0,4.0,2.275094985961914,6200
1984-11-02,4.0,4.0,3.75,3.75,2.132901191711426,1300
1984-11-05,3.75,4.5,3.75,4.5,2.559481382369995,4300
1984-11-06,4.25,4.25,4.0,4.0,2.275094985961914,2000
1984-11-07,4.0,4.0,4.0,4.0,2.275094985961914,700
1984-11-08,4.0,4.5,3.75,4.25,2.417288303375244,2900
1984-11-09,4.25,4.75,4.0,4.25,2.417288303375244,4000
1984-11-12,4.25,4.25,4.0,4.25,2.417288303375244,600
1984-11-13,4.25,4.25,4.0,4.0,2.275094985961914,2700
1984-11-14,4.0,4.5,4.0,4.0,2.275094985961914,1800
1984-11-15,4.0,4.25,4.0,4.25,2.417288303375244,1400
1984-11-16,4.25,4.25,4.25,4.25,2.417288303375244,0
1984-11-19,4.25,4.5,4.25,4.25,2.417288303375244,1300
1984-11-20,4.25,4.25,4.25,4.25,2.417288303375244,0
1984-11-21,4.25,4.25,4.0,4.0,2.275094985961914,900
1984-11-23,4.0,4.25,4.0,4.25,2.417288303375244,100
1984-11-26,4.25,4.25,4.0,4.0,2.275094985961914,500
1984-11-27,4.0,4.0,4.0,4.0,2.275094985961914,800
1984-11-28,4.0,4.25,4.0,4.0,2.275094985961914,1300
1984-11-29,4.0,4.25,4.0,4.0,2.275094985961914,700
1984-11-30,4.0,4.0,4.0,4.0,2.275094985961914,0
1984-12-03,3.75,3.75,3.75,3.75,2.132901191711426,1100
1984-12-04,3.75,4.0,3.5,3.5,1.9907084703445435,3600
1984-12-05,3.5,3.5,3.25,3.25,1.8485143184661865,5700
1984-12-06,3.25,3.75,3.25,3.5,1.9907084703445435,8500
1984-12-07,3.75,4.0,3.75,3.75,2.132901191711426,5800
1984-12-10,3.75,4.0,3.75,4.0,2.275094985961914,5200
1984-12-11,4.0,4.0,3.75,4.0,2.275094985961914,300
1984-12-12,3.75,3.75,3.5,3.5,1.9907084703445435,4500
1984-12-13,3.5,3.75,3.0,3.0,1.706321358680725,22700
1984-12-14,3.0,3.25,3.0,3.25,1.8485143184661865,10900
1984-12-17,3.25,3.25,3.0,3.0,1.706321358680725,5000
1984-12-18,3.0,3.0,3.0,3.0,1.706321358680725,400
1984-12-19,3.0,3.75,3.0,3.5,1.9907084703445435,3800
1984-12-20,3.5,3.75,3.5,3.5,1.9907084703445435,3700
1984-12-21,3.5,3.75,3.5,3.5,1.9907084703445435,1000
1984-12-24,3.25,3.25,3.25,3.25,1.8485143184661865,5300
1984-12-26,3.25,3.5,3.25,3.25,1.8485143184661865,3200
1984-12-27,3.25,3.25,3.0,3.0,1.706321358680725,2500
1984-12-28,3.0,3.25,3.0,3.0,1.706321358680725,17100
1984-12-31,3.0,3.5,3.0,3.0,1.706321358680725,10400
1985-01-02,3.25,3.25,3.25,3.25,1.8485143184661865,2000
1985-01-03,3.25,3.25,3.25,3.25,1.8485143184661865,2700
1985-01-04,3.25,3.5,3.25,3.5,1.9907084703445435,2100
1985-01-07,3.5,3.75,3.25,3.75,2.132901191711426,1000
1985-01-08,3.75,3.75,3.5,3.75,2.132901191711426,5200
1985-01-09,3.75,3.75,3.5,3.75,2.132901191711426,1700
1985-01-10,3.75,3.75,3.5,3.75,2.132901191711426,300
1985-01-11,3.75,3.75,3.5,3.75,2.132901191711426,5100
1985-01-14,3.75,4.25,3.5,4.0,2.275094985961914,6000
1985-01-15,4.0,4.5,4.0,4.5,2.559481382369995,3600
1985-01-16,4.5,4.5,4.25,4.25,2.417288303375244,3100
1985-01-17,4.25,4.75,4.25,4.25,2.417288303375244,3200
1985-01-18,4.25,4.25,4.0,4.25,2.417288303375244,800
1985-01-21,4.25,4.25,4.0,4.25,2.417288303375244,300
1985-01-22,4.25,4.5,4.25,4.5,2.559481382369995,2700
1985-01-23,4.25,4.25,4.0,4.0,2.275094985961914,5400
1985-01-24,4.0,4.25,4.0,4.25,2.417288303375244,200
1985-01-25,4.25,4.5,4.25,4.25,2.417288303375244,1800
1985-01-28,4.25,4.5,4.25,4.25,2.417288303375244,900
1985-01-29,4.25,4.25,4.0,4.0,2.275094985961914,1700
1985-01-30,4.25,4.25,4.25,4.25,2.417288303375244,300
1985-01-31,4.25,4.25,4.0,4.0,2.275094985961914,1100
1985-02-01,4.0,4.25,4.0,4.0,2.275094985961914,1300
1985-02-04,4.25,4.5,4.25,4.25,2.417288303375244,1000
1985-02-05,4.25,4.5,4.25,4.5,2.559481382369995,900
1985-02-06,4.5,4.5,4.25,4.5,2.559481382369995,5000
1985-02-07,4.5,4.5,4.5,4.5,2.559481382369995,2700
1985-02-08,4.5,4.5,4.25,4.5,2.559481382369995,1100
1985-02-11,4.5,5.0,4.5,4.5,2.559481382369995,1800
1985-02-12,4.75,5.0,4.75,5.0,2.8438682556152344,1300
1985-02-13,5.0,5.25,4.75,5.0,2.8438682556152344,6700
1985-02-14,5.0,5.25,4.5,4.75,2.701674699783325,3400
1985-02-15,4.75,4.75,4.75,4.75,2.701674699783325,300
1985-02-19,4.75,4.75,4.75,4.75,2.701674699783325,100
1985-02-20,4.75,4.75,4.75,4.75,2.701674699783325,800
1985-02-21,4.5,4.5,4.25,4.5,2.559481382369995,1200
1985-02-22,4.5,4.5,4.25,4.25,2.417288303375244,200
1985-02-25,4.25,4.5,4.0,4.0,2.275094985961914,600
1985-02-26,4.0,4.0,4.0,4.0,2.275094985961914,300
1985-02-27,4.0,4.25,4.0,4.0,2.275094985961914,500
1985-02-28,4.0,4.25,4.0,4.0,2.275094985961914,400
1985-03-01,4.25,4.25,4.25,4.25,2.417288303375244,400
1985-03-04,4.25,4.5,4.25,4.25,2.417288303375244,800
1985-03-05,4.5,4.5,4.5,4.5,2.559481382369995,100
1985-03-06,4.5,4.5,4.5,4.5,2.559481382369995,200
1985-03-07,4.25,4.25,4.0,4.0,2.275094985961914,400
1985-03-08,4.0,4.25,4.0,4.0,2.275094985961914,400
1985-03-11,4.25,4.25,4.25,4.25,2.417288303375244,300
1985-03-12,4.25,4.25,4.25,4.25,2.417288303375244,400
1985-03-13,4.25,4.25,4.0,4.0,2.275094985961914,400
1985-03-14,4.0,4.0,4.0,4.0,2.275094985961914,1100
1985-03-15,4.0,4.0,4.0,4.0,2.275094985961914,200
1985-03-18,4.25,4.25,4.25,4.25,2.417288303375244,600
1985-03-19,4.25,4.5,4.0,4.5,2.559481382369995,5200
1985-03-20,4.5,4.5,4.25,4.25,2.417288303375244,400
1985-03-21,4.25,4.25,4.0,4.25,2.417288303375244,600
1985-03-22,4.25,4.25,4.0,4.25,2.417288303375244,700
1985-03-25,4.25,4.5,4.25,4.25,2.417288303375244,300
1985-03-26,4.25,4.25,4.0,4.25,2.417288303375244,500
1985-03-27,4.0,4.0,4.0,4.0,2.275094985961914,300
1985-03-28,4.25,4.5,4.25,4.5,2.559481382369995,700
1985-03-29,4.5,4.5,4.25,4.25,2.417288303375244,400
1985-04-01,4.25,4.25,4.0,4.0,2.275094985961914,1400
1985-04-02,4.0,4.0,4.0,4.0,2.275094985961914,100
1985-04-03,4.0,4.25,4.0,4.0,2.275094985961914,700
1985-04-04,4.0,4.25,4.0,4.25,2.417288303375244,700
1985-04-08,4.25,4.25,4.25,4.25,2.417288303375244,100
1985-04-09,4.25,4.25,4.0,4.0,2.275094985961914,2900
1985-04-10,4.0,4.25,4.0,4.25,2.417288303375244,2900
1985-04-11,4.25,4.25,4.0,4.25,2.417288303375244,200
1985-04-12,4.0,4.0,4.0,4.0,2.275094985961914,2200
1985-04-15,4.0,4.0,4.0,4.0,2.275094985961914,0
1985-04-16,4.0,4.25,3.75,3.75,2.132901191711426,1500
1985-04-17,3.75,4.0,3.75,4.0,2.275094985961914,400
1985-04-18,4.0,4.0,3.75,4.0,2.275094985961914,3200
1985-04-19,4.0,4.0,3.75,4.0,2.275094985961914,3700
1985-04-22,4.0,4.0,4.0,4.0,2.275094985961914,200
1985-04-23,4.0,4.25,4.0,4.0,2.275094985961914,2000
1985-04-24,4.25,4.25,4.25,4.25,2.417288303375244,100
1985-04-25,4.0,4.0,3.75,3.75,2.132901191711426,3000
1985-04-26,4.0,4.0,4.0,4.0,2.275094985961914,100
1985-04-29,4.0,4.0,3.5,3.5,1.9907084703445435,800
1985-04-30,3.5,3.5,3.5,3.5,1.9907084703445435,1300
1985-05-01,3.5,3.75,3.5,3.5,1.9907084703445435,700
1985-05-02,3.75,3.75,3.75,3.75,2.132901191711426,300
1985-05-03,3.5,3.5,3.5,3.5,1.9907084703445435,300
1985-05-06,3.5,3.75,3.5,3.75,2.132901191711426,700
1985-05-07,3.75,4.0,3.75,3.75,2.132901191711426,2200
1985-05-08,3.75,4.0,3.75,3.75,2.132901191711426,600
1985-05-09,3.75,3.75,3.5,3.5,1.9907084703445435,500
1985-05-10,3.5,3.75,3.5,3.75,2.132901191711426,1500
1985-05-13,3.75,4.0,3.75,4.0,2.275094985961914,2400
1985-05-14,4.0,4.25,4.0,4.25,2.417288303375244,3000
1985-05-15,4.25,4.25,4.0,4.25,2.417288303375244,600
1985-05-16,4.25,4.25,4.0,4.25,2.417288303375244,700
1985-05-17,4.25,4.25,4.0,4.0,2.275094985961914,1400
1985-05-20,4.25,4.25,4.25,4.25,2.417288303375244,800
1985-05-21,4.0,4.0,4.0,4.0,2.275094985961914,600
1985-05-22,4.0,4.0,4.0,4.0,2.275094985961914,600
1985-05-23,4.0,4.25,4.0,4.0,2.275094985961914,2300
1985-05-24,4.25,4.25,4.25,4.25,2.417288303375244,2500
1985-05-28,4.25,4.25,4.25,4.25,2.417288303375244,2800
1985-05-29,4.25,4.25,4.0,4.0,2.275094985961914,4400
1985-05-30,4.0,4.0,4.0,4.0,2.275094985961914,400
1985-05-31,4.0,4.25,4.0,4.25,2.417288303375244,800
1985-06-03,4.25,4.5,4.0,4.5,2.559481382369995,5500
1985-06-04,4.5,4.5,4.25,4.5,2.559481382369995,1200
1985-06-05,4.5,4.5,4.25,4.25,2.417288303375244,900
1985-06-06,4.25,4.25,4.25,4.25,2.417288303375244,100
1985-06-07,4.0,4.0,4.0,4.0,2.275094985961914,1200
1985-06-10,4.0,4.25,4.0,4.25,2.417288303375244,3800
1985-06-11,4.25,4.5,4.0,4.0,2.275094985961914,2100
1985-06-12,4.0,4.0,4.0,4.0,2.275094985961914,3700
1985-06-13,4.0,4.25,4.0,4.0,2.275094985961914,800
1985-06-14,4.0,4.25,4.0,4.0,2.275094985961914,600
1985-06-17,4.0,4.25,4.0,4.25,2.417288303375244,1200
1985-06-18,4.25,4.25,4.0,4.25,2.417288303375244,800
1985-06-19,4.25,4.25,4.0,4.0,2.275094985961914,800
1985-06-20,4.0,4.0,4.0,4.0,2.275094985961914,1500
1985-06-21,4.0,4.25,3.75,3.75,2.132901191711426,2100
1985-06-24,4.0,4.0,4.0,4.0,2.275094985961914,100
1985-06-25,4.0,4.0,4.0,4.0,2.275094985961914,100
1985-06-26,4.25,4.25,4.25,4.25,2.417288303375244,100
1985-06-27,4.25,4.5,4.25,4.25,2.417288303375244,5700
1985-06-28,4.25,4.5,4.25,4.5,2.559481382369995,5100
1985-07-01,4.5,4.5,4.25,4.5,2.559481382369995,1800
1985-07-02,4.25,4.25,4.25,4.25,2.417288303375244,100
1985-07-03,4.25,4.5,4.25,4.25,2.417288303375244,1300
1985-07-05,4.5,4.5,4.5,4.5,2.559481382369995,100
1985-07-08,4.5,4.5,4.5,4.5,2.559481382369995,8400
1985-07-09,4.5,4.5,4.5,4.5,2.559481382369995,1900
1985-07-10,4.5,4.5,4.5,4.5,2.559481382369995,200
1985-07-11,4.5,5.25,4.5,5.0,2.8438682556152344,4700
1985-07-12,5.25,6.5,5.25,6.5,3.697028636932373,16000
1985-07-15,6.5,6.75,6.0,6.25,3.554835081100464,18000
1985-07-16,6.25,6.25,5.5,5.5,3.1282544136047363,5100
1985-07-17,5.5,5.75,5.25,5.5,3.1282544136047363,2000
1985-07-18,5.5,6.0,5.5,5.75,3.2704482078552246,1800
1985-07-19,5.75,6.0,5.25,5.25,2.9860613346099854,1300
1985-07-22,5.75,6.0,5.75,6.0,3.41264271736145,5000
1985-07-23,6.0,6.25,6.0,6.25,3.554835081100464,5300
1985-07-24,6.25,6.25,6.0,6.0,3.41264271736145,2500
1985-07-25,6.0,6.25,6.0,6.0,3.41264271736145,6300
1985-07-26,6.0,6.25,6.0,6.0,3.41264271736145,3400
1985-07-29,6.0,6.25,6.0,6.25,3.554835081100464,4000
1985-07-30,6.25,6.5,6.25,6.5,3.697028636932373,2200
1985-07-31,6.5,7.0,6.25,7.0,3.981416940689087,14700
1985-08-01,7.0,7.25,6.75,7.25,4.1236090660095215,17700
1985-08-02,7.25,8.0,6.75,8.0,4.550189971923828,9600
1985-08-05,8.0,9.5,7.5,9.5,5.40334939956665,38300
1985-08-06,9.5,9.5,8.25,8.25,4.692383289337158,29500
1985-08-07,8.25,8.25,7.5,8.0,4.550189971923828,10900
1985-08-08,8.0,8.5,7.75,7.75,4.407995223999023,5700
1985-08-09,7.75,8.0,7.5,7.75,4.407995223999023,3000
1985-08-12,7.75,7.75,7.5,7.75,4.407995223999023,4700
1985-08-13,7.75,7.75,7.5,7.75,4.407995223999023,2700
1985-08-14,7.75,7.75,7.0,7.0,3.981416940689087,5800
1985-08-15,6.75,6.75,6.0,6.25,3.554835081100464,11600
1985-08-16,6.25,6.75,6.25,6.5,3.697028636932373,1400
1985-08-19,6.5,7.0,6.25,6.25,3.554835081100464,3700
1985-08-20,6.25,6.75,6.25,6.5,3.697028636932373,5600
1985-08-21,6.5,6.5,6.25,6.5,3.697028636932373,2600
1985-08-22,6.5,6.75,6.5,6.75,3.839224100112915,1800
1985-08-23,6.75,7.25,6.5,7.25,4.1236090660095215,3900
1985-08-26,7.25,7.5,7.0,7.5,4.265802383422852,1600
1985-08-27,7.25,7.25,6.5,6.5,3.697028636932373,5600
1985-08-28,6.75,6.75,6.75,6.75,3.839224100112915,1200
1985-08-29,6.75,7.25,6.75,7.0,3.981416940689087,1300
1985-08-30,7.0,7.0,6.5,6.5,3.697028636932373,2200
1985-09-03,6.75,7.0,6.75,7.0,3.981416940689087,1700
1985-09-04,7.0,7.0,6.75,7.0,3.981416940689087,2900
1985-09-05,6.75,6.75,6.5,6.75,3.839224100112915,1200
1985-09-06,6.75,7.0,6.75,6.75,3.839224100112915,3800
1985-09-09,7.0,7.0,7.0,7.0,3.981416940689087,1800
1985-09-10,6.75,6.75,6.5,6.5,3.697028636932373,2700
1985-09-11,6.5,6.5,6.25,6.25,3.554835081100464,1500
1985-09-12,6.25,7.25,6.25,6.75,3.839224100112915,10500
1985-09-13,6.75,6.75,6.75,6.75,3.839224100112915,1100
1985-09-16,6.75,7.0,6.5,6.5,3.697028636932373,1100
1985-09-17,6.5,6.5,6.0,6.0,3.41264271736145,1700
1985-09-18,6.0,6.25,6.0,6.0,3.41264271736145,1400
1985-09-19,6.25,6.25,6.25,6.25,3.554835081100464,400
1985-09-20,6.0,6.0,6.0,6.0,3.41264271736145,2800
1985-09-23,6.0,6.25,6.0,6.25,3.554835081100464,700
1985-09-24,6.0,6.0,6.0,6.0,3.41264271736145,100
1985-09-25,6.0,6.25,6.0,6.0,3.41264271736145,100
1985-09-26,6.25,6.5,6.25,6.5,3.697028636932373,7200
1985-09-30,6.5,6.5,6.25,6.25,3.554835081100464,1100
1985-10-01,6.25,6.5,6.25,6.5,3.697028636932373,800
1985-10-02,6.5,6.5,6.5,6.5,3.697028636932373,0
1985-10-03,6.5,6.5,6.0,6.5,3.697028636932373,5000
1985-10-04,6.5,6.5,6.25,6.5,3.697028636932373,1200
1985-10-07,6.5,7.25,6.25,7.0,3.981416940689087,4000
1985-10-08,7.0,7.0,6.75,6.75,3.839224100112915,2100
1985-10-09,6.75,7.0,6.5,7.0,3.981416940689087,25800
1985-10-10,7.0,7.5,6.5,6.75,3.839224100112915,4400
1985-10-11,6.75,6.75,6.75,6.75,3.839224100112915,1800
1985-10-14,6.75,7.0,6.5,7.0,3.981416940689087,700
1985-10-15,7.0,7.0,7.0,7.0,3.981416940689087,1200
1985-10-16,7.0,7.0,6.75,6.75,3.839224100112915,4500
1985-10-17,6.75,6.75,6.5,6.5,3.697028636932373,1200
1985-10-18,6.5,6.5,6.5,6.5,3.697028636932373,4000
1985-10-21,6.5,6.5,6.25,6.5,3.697028636932373,500
1985-10-22,6.25,6.25,6.25,6.25,3.554835081100464,200
1985-10-23,6.5,6.5,6.5,6.5,3.697028636932373,300
1985-10-24,6.25,6.25,6.25,6.25,3.554835081100464,100
1985-10-25,6.25,6.5,6.25,6.25,3.554835081100464,1100
1985-10-28,6.5,6.5,6.5,6.5,3.697028636932373,100
1985-10-29,6.5,6.5,6.25,6.5,3.697028636932373,1200
1985-10-30,6.5,6.5,6.25,6.25,3.554835081100464,1100
1985-10-31,6.25,6.5,6.25,6.25,3.554835081100464,700
1985-11-01,6.25,6.25,6.0,6.25,3.554835081100464,800
1985-11-04,6.25,6.25,6.25,6.25,3.554835081100464,400
1985-11-05,6.0,6.0,5.5,6.0,3.41264271736145,7600
1985-11-06,6.0,6.0,5.75,6.0,3.41264271736145,5400
1985-11-07,6.0,6.0,6.0,6.0,3.41264271736145,200
1985-11-08,6.0,6.0,5.75,6.0,3.41264271736145,5300
1985-11-11,5.75,5.75,5.75,5.75,3.2704482078552246,1600
1985-11-12,5.75,5.75,5.75,5.75,3.2704482078552246,2600
1985-11-13,5.75,5.75,5.75,5.75,3.2704482078552246,4800
1985-11-14,5.75,5.75,5.5,5.5,3.1282544136047363,800
1985-11-15,5.5,5.5,5.5,5.5,3.1282544136047363,1200
1985-11-18,5.5,5.5,5.0,5.25,2.9860613346099854,4100
1985-11-19,5.25,5.5,5.0,5.5,3.1282544136047363,5900
1985-11-20,5.25,5.25,4.75,4.75,2.701674699783325,1500
1985-11-21,5.0,5.75,5.0,5.75,3.2704482078552246,2000
1985-11-22,5.5,5.5,5.5,5.5,3.1282544136047363,200
1985-11-25,5.5,5.5,5.25,5.5,3.1282544136047363,1000
1985-11-26,5.5,5.5,5.25,5.5,3.1282544136047363,900
1985-11-27,5.75,6.0,5.75,6.0,3.41264271736145,500
1985-11-29,6.0,6.0,5.75,5.75,3.2704482078552246,600
1985-12-02,5.75,6.0,5.75,5.75,3.2704482078552246,1100
1985-12-03,5.75,5.75,5.75,5.75,3.2704482078552246,0
1985-12-04,6.0,6.5,6.0,6.0,3.41264271736145,3200
1985-12-05,6.0,6.25,5.5,5.5,3.1282544136047363,5100
1985-12-06,5.5,6.0,5.5,6.0,3.41264271736145,1600
1985-12-09,5.75,5.75,5.25,5.25,2.9860613346099854,4200
1985-12-10,5.25,5.25,5.0,5.0,2.8438682556152344,4300
1985-12-11,5.0,5.25,5.0,5.25,2.9860613346099854,1300
1985-12-12,5.25,5.25,5.0,5.25,2.9860613346099854,800
1985-12-13,5.25,5.25,5.0,5.0,2.8438682556152344,1200
1985-12-16,5.0,5.25,5.0,5.0,2.8438682556152344,2300
1985-12-17,5.0,5.0,5.0,5.0,2.8438682556152344,1300
1985-12-18,5.0,5.0,4.75,4.75,2.701674699783325,400
1985-12-19,5.0,5.25,5.0,5.0,2.8438682556152344,1800
1985-12-20,5.0,5.25,5.0,5.0,2.8438682556152344,1400
1985-12-23,5.25,5.5,5.25,5.25,2.9860613346099854,1700
1985-12-24,5.25,5.5,5.25,5.25,2.9860613346099854,700
1985-12-26,5.25,5.5,5.25,5.5,3.1282544136047363,1900
1985-12-27,5.5,5.5,5.25,5.5,3.1282544136047363,900
1985-12-30,5.5,5.75,5.25,5.5,3.1282544136047363,3900
1985-12-31,5.25,5.25,5.25,5.25,2.9860613346099854,300
1986-01-02,5.25,5.25,5.25,5.25,2.9860613346099854,100
1986-01-03,5.25,5.5,5.25,5.25,2.9860613346099854,500
1986-01-06,5.25,5.25,5.25,5.25,2.9860613346099854,100
1986-01-07,5.25,5.5,5.25,5.25,2.9860613346099854,700
1986-01-08,5.25,5.5,5.25,5.5,3.1282544136047363,400
1986-01-09,5.25,5.25,5.0,5.0,2.8438682556152344,600
1986-01-10,5.0,5.25,5.0,5.25,2.9860613346099854,1200
1986-01-13,5.5,5.5,5.5,5.5,3.1282544136047363,500
1986-01-14,5.5,5.5,5.25,5.5,3.1282544136047363,500
1986-01-15,5.25,5.25,5.25,5.25,2.9860613346099854,300
1986-01-16,5.0,5.0,5.0,5.0,2.8438682556152344,500
1986-01-17,5.0,5.25,5.0,5.25,2.9860613346099854,2100
1986-01-20,5.25,5.25,5.0,5.0,2.8438682556152344,2800
1986-01-21,5.0,5.0,5.0,5.0,2.8438682556152344,1000
1986-01-22,5.0,5.25,5.0,5.25,2.9860613346099854,1700
1986-01-23,5.25,5.25,5.25,5.25,2.9860613346099854,0
1986-01-24,5.0,5.0,5.0,5.0,2.8438682556152344,2200
1986-01-27,5.0,5.0,5.0,5.0,2.8438682556152344,1500
1986-01-28,5.0,5.0,5.0,5.0,2.8438682556152344,800
1986-01-29,5.0,5.0,5.0,5.0,2.8438682556152344,1700
1986-01-30,5.0,5.25,5.0,5.25,2.9860613346099854,3000
1986-01-31,5.25,5.25,5.0,5.25,2.9860613346099854,300
1986-02-03,5.0,5.0,4.75,4.75,2.701674699783325,700
1986-02-04,4.75,5.0,4.0,4.0,2.275094985961914,6500
1986-02-05,4.0,4.25,3.75,4.0,2.275094985961914,5000
1986-02-06,4.25,4.75,4.25,4.75,2.701674699783325,1200
1986-02-07,4.75,5.0,4.75,4.75,2.701674699783325,2100
1986-02-10,4.75,5.0,4.75,4.75,2.701674699783325,400
1986-02-11,4.75,4.75,4.5,4.5,2.559481382369995,200
1986-02-12,4.5,4.5,4.5,4.5,2.559481382369995,300
1986-02-13,4.5,4.75,4.5,4.5,2.559481382369995,800
1986-02-14,4.5,4.75,4.5,4.5,2.559481382369995,200
1986-02-18,4.5,4.75,4.5,4.5,2.559481382369995,1000
1986-02-19,4.5,4.5,4.5,4.5,2.559481382369995,1800
1986-02-20,4.5,4.75,4.5,4.5,2.559481382369995,600
1986-02-21,4.25,4.25,4.0,4.25,2.417288303375244,2200
1986-02-24,4.25,4.25,4.0,4.0,2.275094985961914,800
1986-02-25,4.0,4.0,3.75,4.0,2.275094985961914,900
1986-02-26,4.0,4.25,4.0,4.0,2.275094985961914,800
1986-02-27,4.25,4.25,4.25,4.25,2.417288303375244,1500
1986-02-28,4.25,4.5,4.25,4.25,2.417288303375244,1300
1986-03-03,4.25,4.5,4.25,4.25,2.417288303375244,400
1986-03-04,4.5,4.75,4.5,4.75,2.701674699783325,300
1986-03-05,4.75,4.75,4.5,4.75,2.701674699783325,800
1986-03-06,4.75,4.75,4.5,4.5,2.559481382369995,400
1986-03-07,4.5,4.5,4.25,4.5,2.559481382369995,300
1986-03-10,4.5,4.5,4.5,4.5,2.559481382369995,1300
1986-03-11,4.5,4.5,4.25,4.25,2.417288303375244,1900
1986-03-12,4.25,4.25,4.0,4.0,2.275094985961914,900
1986-03-13,4.0,4.0,3.75,4.0,2.275094985961914,4100
1986-03-14,4.0,4.0,4.0,4.0,2.275094985961914,2200
1986-03-17,4.0,4.0,3.75,3.75,2.132901191711426,4800
1986-03-18,4.0,4.0,4.0,4.0,2.275094985961914,2100
1986-03-19,4.0,4.0,4.0,4.0,2.275094985961914,200
1986-03-20,4.0,4.25,4.0,4.0,2.275094985961914,1500
1986-03-21,4.0,4.25,3.75,3.75,2.132901191711426,1100
1986-03-24,4.0,4.0,4.0,4.0,2.275094985961914,600
1986-03-25,3.75,3.75,3.75,3.75,2.132901191711426,400
1986-03-26,3.75,4.0,3.75,3.75,2.132901191711426,400
1986-03-27,3.75,4.0,3.75,3.75,2.132901191711426,800
1986-03-31,3.75,3.75,3.75,3.75,2.132901191711426,100
1986-04-01,4.0,4.0,4.0,4.0,2.275094985961914,400
1986-04-02,4.0,4.0,4.0,4.0,2.275094985961914,0
1986-04-03,4.0,4.0,4.0,4.0,2.275094985961914,900
1986-04-04,4.0,4.25,4.0,4.25,2.417288303375244,17500
1986-04-07,4.25,4.25,4.0,4.0,2.275094985961914,400
1986-04-08,4.5,4.5,4.5,4.5,2.559481382369995,900
1986-04-09,4.5,4.5,4.25,4.25,2.417288303375244,1800
1986-04-10,4.25,4.25,4.25,4.25,2.417288303375244,100
1986-04-11,4.25,4.5,4.25,4.5,2.559481382369995,4000
1986-04-14,4.5,4.5,4.5,4.5,2.559481382369995,400
1986-04-15,4.5,4.5,4.25,4.5,2.559481382369995,1200
1986-04-16,4.5,4.75,4.5,4.5,2.559481382369995,1700
1986-04-17,4.5,4.75,4.5,4.5,2.559481382369995,1000
1986-04-18,4.5,4.75,4.5,4.5,2.559481382369995,400
1986-04-21,4.5,4.5,4.5,4.5,2.559481382369995,300
1986-04-22,4.5,4.5,4.5,4.5,2.559481382369995,700
1986-04-23,4.75,5.0,4.75,5.0,2.8438682556152344,1100
1986-04-24,5.0,5.5,5.0,5.5,3.1282544136047363,7500
1986-04-25,5.5,5.75,5.5,5.5,3.1282544136047363,3500
1986-04-28,5.5,5.5,5.25,5.25,2.9860613346099854,700
1986-04-29,5.0,5.0,4.75,5.0,2.8438682556152344,500
1986-04-30,4.75,4.75,4.5,4.75,2.701674699783325,400
1986-05-01,4.75,4.75,4.75,4.75,2.701674699783325,300
1986-05-02,4.75,5.0,4.5,5.0,2.8438682556152344,3200
1986-05-05,5.0,5.0,4.75,5.0,2.8438682556152344,300
1986-05-06,5.0,5.0,4.75,4.75,2.701674699783325,4300
1986-05-07,5.0,5.0,5.0,5.0,2.8438682556152344,300
1986-05-08,5.0,5.25,5.0,5.0,2.8438682556152344,3500
1986-05-09,5.25,5.25,5.25,5.25,2.9860613346099854,900
1986-05-12,5.0,5.0,5.0,5.0,2.8438682556152344,100
1986-05-13,5.0,5.5,5.0,5.5,3.1282544136047363,2100
1986-05-14,5.5,5.5,5.25,5.25,2.9860613346099854,1300
1986-05-15,5.25,5.25,5.25,5.25,2.9860613346099854,1600
1986-05-16,5.0,5.0,5.0,5.0,2.8438682556152344,500
1986-05-19,5.0,5.25,5.0,5.25,2.9860613346099854,2200
1986-05-20,5.25,5.25,5.0,5.25,2.9860613346099854,1100
1986-05-21,5.0,5.0,5.0,5.0,2.8438682556152344,200
1986-05-22,5.0,5.0,5.0,5.0,2.8438682556152344,600
1986-05-23,5.0,5.25,5.0,5.0,2.8438682556152344,400
1986-05-27,5.0,5.25,5.0,5.25,2.9860613346099854,700
1986-05-28,5.25,5.25,5.0,5.0,2.8438682556152344,600
1986-05-29,5.0,5.0,5.0,5.0,2.8438682556152344,900
1986-05-30,5.0,5.0,5.0,5.0,2.8438682556152344,200
1986-06-02,5.0,5.25,5.0,5.0,2.8438682556152344,7700
1986-06-03,5.0,5.0,5.0,5.0,2.8438682556152344,100
1986-06-04,5.0,5.0,5.0,5.0,2.8438682556152344,100
1986-06-05,4.75,4.75,4.75,4.75,2.701674699783325,500
1986-06-06,4.75,4.75,4.75,4.75,2.701674699783325,400
1986-06-09,4.75,4.75,4.5,4.5,2.559481382369995,600
1986-06-10,4.75,4.75,4.75,4.75,2.701674699783325,100
1986-06-11,4.5,4.5,4.5,4.5,2.559481382369995,2500
1986-06-12,4.5,4.75,4.5,4.5,2.559481382369995,4000
1986-06-13,4.5,4.5,4.25,4.5,2.559481382369995,900
1986-06-16,4.5,4.5,4.25,4.5,2.559481382369995,1100
1986-06-17,4.5,4.5,4.5,4.5,2.559481382369995,100
1986-06-18,4.25,4.25,4.0,4.0,2.275094985961914,1400
1986-06-19,4.0,4.0,4.0,4.0,2.275094985961914,2800
1986-06-20,4.0,4.0,4.0,4.0,2.275094985961914,100
1986-06-23,4.0,4.0,4.0,4.0,2.275094985961914,200
1986-06-24,4.0,4.0,3.75,4.0,2.275094985961914,2600
1986-06-25,4.0,4.5,4.0,4.0,2.275094985961914,1800
1986-06-26,4.0,4.0,4.0,4.0,2.275094985961914,300
1986-06-27,4.0,4.0,4.0,4.0,2.275094985961914,200
1986-06-30,4.0,4.0,4.0,4.0,2.275094985961914,800
1986-07-01,4.0,4.25,4.0,4.0,2.275094985961914,1700
1986-07-02,4.0,4.0,4.0,4.0,2.275094985961914,0
1986-07-03,4.25,4.25,4.25,4.25,2.417288303375244,1800
1986-07-07,4.25,4.25,4.25,4.25,2.417288303375244,300
1986-07-08,4.25,4.5,4.25,4.25,2.417288303375244,1900
1986-07-09,4.25,4.25,4.25,4.25,2.417288303375244,2300
1986-07-10,4.5,4.5,4.5,4.5,2.559481382369995,300
1986-07-11,4.5,4.5,4.5,4.5,2.559481382369995,100
1986-07-14,4.5,4.5,4.5,4.5,2.559481382369995,700
1986-07-15,4.5,4.75,4.5,4.75,2.701674699783325,1900
1986-07-16,4.75,5.0,4.75,5.0,2.8438682556152344,4000
1986-07-17,5.0,5.0,5.0,5.0,2.8438682556152344,600
1986-07-18,4.75,4.75,4.75,4.75,2.701674699783325,200
1986-07-21,4.75,4.75,4.75,4.75,2.701674699783325,300
1986-07-22,4.5,4.5,4.5,4.5,2.559481382369995,400
1986-07-23,4.5,4.5,4.5,4.5,2.559481382369995,4800
1986-07-24,4.5,4.5,4.5,4.5,2.559481382369995,500
1986-07-25,4.25,4.25,4.25,4.25,2.417288303375244,1300
1986-07-28,4.5,4.5,4.5,4.5,2.559481382369995,100
1986-07-29,4.25,4.25,4.25,4.25,2.417288303375244,100
1986-07-30,4.25,4.5,4.25,4.5,2.559481382369995,1600
1986-07-31,4.5,4.5,4.5,4.5,2.559481382369995,0
1986-08-01,4.5,4.5,4.5,4.5,2.559481382369995,1600
1986-08-04,4.25,4.25,4.25,4.25,2.417288303375244,1100
1986-08-05,4.5,4.75,4.5,4.5,2.559481382369995,400
1986-08-06,4.5,4.5,4.5,4.5,2.559481382369995,600
1986-08-07,4.5,4.5,4.25,4.5,2.559481382369995,800
1986-08-08,4.5,4.5,4.25,4.25,2.417288303375244,500
1986-08-11,4.5,4.75,4.5,4.5,2.559481382369995,1100
1986-08-12,4.5,4.75,4.5,4.5,2.559481382369995,700
1986-08-13,4.5,4.5,4.5,4.5,2.559481382369995,500
1986-08-14,4.5,4.5,4.5,4.5,2.559481382369995,200
1986-08-15,4.5,4.75,4.5,4.5,2.559481382369995,16600
1986-08-18,4.75,5.0,4.75,5.0,2.8438682556152344,600
1986-08-19,4.75,4.75,4.75,4.75,2.701674699783325,400
1986-08-20,4.75,4.75,4.75,4.75,2.701674699783325,0
1986-08-21,4.75,4.75,4.75,4.75,2.701674699783325,1600
1986-08-22,4.75,4.75,4.75,4.75,2.701674699783325,400
1986-08-25,5.0,5.0,5.0,5.0,2.8438682556152344,300
1986-08-26,5.0,5.0,4.75,4.75,2.701674699783325,1800
1986-08-27,4.75,4.75,4.75,4.75,2.701674699783325,0
1986-08-28,4.75,4.75,4.5,4.75,2.701674699783325,800
1986-08-29,4.75,4.75,4.75,4.75,2.701674699783325,200
1986-09-02,4.75,4.75,4.5,4.75,2.701674699783325,600
1986-09-03,4.75,4.75,4.5,4.5,2.559481382369995,300
1986-09-04,4.5,4.5,4.25,4.25,2.417288303375244,300
1986-09-05,4.25,4.75,4.25,4.75,2.701674699783325,4300
1986-09-08,4.75,4.75,4.5,4.75,2.701674699783325,1000
1986-09-09,4.5,4.5,4.5,4.5,2.559481382369995,300
1986-09-10,4.25,4.25,4.25,4.25,2.417288303375244,100
1986-09-11,4.25,4.25,4.25,4.25,2.417288303375244,0
1986-09-12,4.25,4.5,4.25,4.25,2.417288303375244,1100
1986-09-15,4.25,4.25,4.25,4.25,2.417288303375244,0
1986-09-16,4.25,4.25,4.25,4.25,2.417288303375244,100
1986-09-17,4.25,4.25,4.25,4.25,2.417288303375244,400
1986-09-18,4.0,4.0,4.0,4.0,2.275094985961914,1000
1986-09-19,4.25,4.25,4.25,4.25,2.417288303375244,500
1986-09-22,4.25,4.25,4.25,4.25,2.417288303375244,0
1986-09-23,4.25,4.5,4.0,4.0,2.275094985961914,800
1986-09-24,4.0,4.0,4.0,4.0,2.275094985961914,500
1986-09-25,4.0,4.25,4.0,4.0,2.275094985961914,2400
1986-09-26,4.25,4.25,4.25,4.25,2.417288303375244,100
1986-09-29,4.5,4.5,4.5,4.5,2.559481382369995,200
1986-09-30,4.5,4.5,4.25,4.25,2.417288303375244,300
1986-10-01,4.25,4.25,4.0,4.0,2.275094985961914,1000
1986-10-02,4.0,4.0,4.0,4.0,2.275094985961914,800
1986-10-03,4.25,4.25,4.25,4.25,2.417288303375244,100
1986-10-06,4.25,4.5,4.0,4.0,2.275094985961914,4300
1986-10-07,4.0,4.0,4.0,4.0,2.275094985961914,200
1986-10-08,4.0,4.0,4.0,4.0,2.275094985961914,200
1986-10-09,3.75,3.75,3.75,3.75,2.132901191711426,800
1986-10-10,4.0,4.0,4.0,4.0,2.275094985961914,400
1986-10-13,4.0,4.0,3.75,4.0,2.275094985961914,200
1986-10-14,4.0,4.25,4.0,4.0,2.275094985961914,200
1986-10-15,4.0,4.0,4.0,4.0,2.275094985961914,4600
1986-10-16,4.0,4.0,3.75,4.0,2.275094985961914,2600
1986-10-17,4.0,4.0,4.0,4.0,2.275094985961914,400
1986-10-20,4.0,4.0,4.0,4.0,2.275094985961914,100
1986-10-21,4.0,4.25,4.0,4.25,2.417288303375244,600
1986-10-22,4.25,4.25,4.25,4.25,2.417288303375244,300
1986-10-23,4.0,4.0,4.0,4.0,2.275094985961914,200
1986-10-24,4.0,4.0,4.0,4.0,2.275094985961914,800
1986-10-27,4.0,4.0,4.0,4.0,2.275094985961914,0
1986-10-28,4.0,4.0,4.0,4.0,2.275094985961914,500
1986-10-29,4.25,4.25,4.25,4.25,2.417288303375244,100
1986-10-30,4.0,4.0,4.0,4.0,2.275094985961914,200
1986-10-31,4.0,4.0,4.0,4.0,2.275094985961914,500
1986-11-03,4.0,4.0,4.0,4.0,2.275094985961914,1300
1986-11-04,4.0,4.0,3.75,3.75,2.132901191711426,1900
1986-11-05,3.75,3.75,3.75,3.75,2.132901191711426,0
1986-11-06,4.0,4.0,4.0,4.0,2.275094985961914,100
1986-11-07,3.75,3.75,3.75,3.75,2.132901191711426,100
1986-11-10,4.0,4.0,4.0,4.0,2.275094985961914,100
1986-11-11,3.75,3.75,3.75,3.75,2.132901191711426,500
1986-11-12,3.75,4.0,3.5,3.5,1.9907084703445435,1400
1986-11-13,3.5,3.75,3.5,3.75,2.132901191711426,3700
1986-11-14,3.75,3.75,3.5,3.75,2.132901191711426,1100
1986-11-17,3.75,4.0,3.75,4.0,2.275094985961914,600
1986-11-18,3.75,3.75,3.75,3.75,2.132901191711426,400
1986-11-19,3.75,3.75,3.5,3.5,1.9907084703445435,2500
1986-11-20,3.5,3.5,3.5,3.5,1.9907084703445435,100
1986-11-21,3.5,3.5,3.5,3.5,1.9907084703445435,500
1986-11-24,3.5,3.75,3.25,3.25,1.8485143184661865,4900
1986-11-25,3.25,3.25,3.0,3.25,1.8485143184661865,1200
1986-11-26,3.25,3.75,3.0,3.75,2.132901191711426,8100
1986-11-28,3.75,3.75,3.75,3.75,2.132901191711426,0
1986-12-01,3.5,3.5,3.5,3.5,1.9907084703445435,100
1986-12-02,3.5,3.5,3.5,3.5,1.9907084703445435,300
1986-12-03,3.5,3.75,3.5,3.75,2.132901191711426,400
1986-12-04,3.5,3.5,3.5,3.5,1.9907084703445435,500
1986-12-05,3.5,3.5,3.25,3.25,1.8485143184661865,7700
1986-12-08,3.25,3.25,3.25,3.25,1.8485143184661865,300
1986-12-09,3.25,3.25,2.5,2.75,1.5641272068023682,8900
1986-12-10,2.75,3.0,2.75,3.0,1.706321358680725,2700
1986-12-11,3.0,3.75,3.0,3.75,2.132901191711426,7700
1986-12-12,3.5,3.5,3.25,3.25,1.8485143184661865,3900
1986-12-15,3.25,3.25,3.25,3.25,1.8485143184661865,400
1986-12-16,3.25,3.5,3.25,3.25,1.8485143184661865,900
1986-12-17,3.25,3.25,3.25,3.25,1.8485143184661865,6500
1986-12-18,3.25,3.25,3.25,3.25,1.8485143184661865,500
1986-12-19,3.25,3.5,3.25,3.25,1.8485143184661865,1900
1986-12-22,3.25,3.25,3.25,3.25,1.8485143184661865,2300
1986-12-23,3.25,3.5,3.25,3.25,1.8485143184661865,1300
1986-12-24,3.25,3.25,3.25,3.25,1.8485143184661865,400
1986-12-26,3.25,3.25,3.25,3.25,1.8485143184661865,100
1986-12-29,3.25,3.5,3.25,3.25,1.8485143184661865,2000
1986-12-30,3.25,3.25,3.25,3.25,1.8485143184661865,14300
1986-12-31,3.25,3.25,3.25,3.25,1.8485143184661865,7100
1987-01-02,3.5,3.5,3.5,3.5,1.9907084703445435,300
1987-01-05,3.5,3.5,3.25,3.5,1.9907084703445435,800
1987-01-06,3.5,3.5,3.5,3.5,1.9907084703445435,100
1987-01-07,3.25,3.25,3.25,3.25,1.8485143184661865,100
1987-01-08,3.25,3.5,3.25,3.25,1.8485143184661865,400
1987-01-09,3.25,3.25,3.25,3.25,1.8485143184661865,100
1987-01-12,3.5,4.0,3.5,4.0,2.275094985961914,7500
1987-01-13,4.25,4.5,4.25,4.5,2.559481382369995,5600
1987-01-14,4.5,4.5,4.25,4.5,2.559481382369995,3200
1987-01-15,4.25,4.25,4.0,4.0,2.275094985961914,1200
1987-01-16,4.0,4.0,3.75,4.0,2.275094985961914,4000
1987-01-19,4.0,4.0,3.75,4.0,2.275094985961914,400
1987-01-20,4.0,4.0,3.75,3.75,2.132901191711426,700
1987-01-21,3.75,3.75,3.75,3.75,2.132901191711426,700
1987-01-22,3.75,3.75,3.75,3.75,2.132901191711426,0
1987-01-23,3.5,3.5,3.5,3.5,1.9907084703445435,2300
1987-01-26,3.5,3.5,3.5,3.5,1.9907084703445435,700
1987-01-27,3.5,3.5,3.5,3.5,1.9907084703445435,0
1987-01-28,3.5,3.5,3.5,3.5,1.9907084703445435,100
1987-01-29,3.5,3.5,3.5,3.5,1.9907084703445435,700
1987-01-30,3.75,3.75,3.75,3.75,2.132901191711426,500
1987-02-02,3.5,3.5,3.5,3.5,1.9907084703445435,500
1987-02-03,3.75,3.75,3.75,3.75,2.132901191711426,300
1987-02-04,3.75,4.0,3.75,4.0,2.275094985961914,800
1987-02-05,4.0,4.25,4.0,4.0,2.275094985961914,8000
1987-02-06,4.25,4.25,4.25,4.25,2.417288303375244,6700
1987-02-09,4.25,4.25,4.25,4.25,2.417288303375244,400
1987-02-10,4.0,4.0,4.0,4.0,2.275094985961914,500
1987-02-11,4.25,4.25,4.25,4.25,2.417288303375244,700
1987-02-12,4.0,4.0,4.0,4.0,2.275094985961914,2300
1987-02-13,4.25,4.25,4.25,4.25,2.417288303375244,100
1987-02-17,4.25,4.25,4.0,4.0,2.275094985961914,1500
1987-02-18,4.0,4.0,4.0,4.0,2.275094985961914,800
1987-02-19,4.0,4.0,4.0,4.0,2.275094985961914,1600
1987-02-20,4.0,4.0,3.75,4.0,2.275094985961914,600
1987-02-23,3.75,3.75,3.75,3.75,2.132901191711426,800
1987-02-24,3.75,4.0,3.75,4.0,2.275094985961914,1900
1987-02-25,4.0,4.0,4.0,4.0,2.275094985961914,500
1987-02-26,3.75,3.75,3.75,3.75,2.132901191711426,4100
1987-02-27,3.5,3.5,3.5,3.5,1.9907084703445435,400
1987-03-02,3.5,3.5,3.5,3.5,1.9907084703445435,0
1987-03-03,3.75,3.75,3.75,3.75,2.132901191711426,400
1987-03-04,3.75,3.75,3.5,3.75,2.132901191711426,500
1987-03-05,3.75,3.75,3.5,3.5,1.9907084703445435,700
1987-03-06,3.5,3.75,3.5,3.5,1.9907084703445435,700
1987-03-09,3.5,3.75,3.5,3.5,1.9907084703445435,1000
1987-03-10,3.75,3.75,3.75,3.75,2.132901191711426,300
1987-03-11,3.75,4.0,3.75,3.75,2.132901191711426,1000
1987-03-12,3.75,3.75,3.75,3.75,2.132901191711426,4600
1987-03-13,3.75,3.75,3.75,3.75,2.132901191711426,100
1987-03-16,4.0,4.0,4.0,4.0,2.275094985961914,100
1987-03-17,4.0,4.0,3.75,3.75,2.132901191711426,500
1987-03-18,3.75,4.0,3.75,4.0,2.275094985961914,700
1987-03-19,3.75,3.75,3.75,3.75,2.132901191711426,100
1987-03-20,4.0,4.0,4.0,4.0,2.275094985961914,3300
1987-03-23,4.0,4.0,3.75,3.75,2.132901191711426,700
1987-03-24,4.0,4.25,4.0,4.25,2.417288303375244,4200
1987-03-25,4.25,4.5,4.0,4.25,2.417288303375244,9800
1987-03-26,4.25,4.25,4.25,4.25,2.417288303375244,500
1987-03-27,4.25,4.25,4.25,4.25,2.417288303375244,600
1987-03-30,4.25,4.25,4.25,4.25,2.417288303375244,300
1987-03-31,4.25,4.25,4.0,4.0,2.275094985961914,1300
1987-04-01,4.0,4.0,4.0,4.0,2.275094985961914,1500
1987-04-02,4.0,4.0,4.0,4.0,2.275094985961914,200
1987-04-03,3.75,3.75,3.75,3.75,2.132901191711426,300
1987-04-06,4.0,4.0,4.0,4.0,2.275094985961914,1600
1987-04-07,4.25,4.25,4.25,4.25,2.417288303375244,6500
1987-04-08,4.25,4.5,4.25,4.25,2.417288303375244,700
1987-04-09,4.5,4.5,4.5,4.5,2.559481382369995,100
1987-04-10,4.25,4.25,4.0,4.0,2.275094985961914,2200
1987-04-13,4.0,4.25,4.0,4.0,2.275094985961914,1800
1987-04-14,4.0,4.0,3.75,3.75,2.132901191711426,1600
1987-04-15,3.75,4.25,3.75,4.25,2.417288303375244,400
1987-04-16,4.25,4.25,4.0,4.0,2.275094985961914,800
1987-04-20,4.0,4.0,4.0,4.0,2.275094985961914,700
1987-04-21,4.0,4.0,3.75,3.75,2.132901191711426,900
1987-04-22,3.75,4.0,3.75,4.0,2.275094985961914,600
1987-04-23,3.75,3.75,3.75,3.75,2.132901191711426,300
1987-04-24,3.75,3.75,3.75,3.75,2.132901191711426,100
1987-04-27,4.0,4.25,4.0,4.25,2.417288303375244,1800
1987-04-28,4.25,4.5,4.0,4.5,2.559481382369995,2300
1987-04-29,4.5,4.5,4.5,4.5,2.559481382369995,0
1987-04-30,4.25,4.25,4.25,4.25,2.417288303375244,400
1987-05-01,4.25,4.25,4.0,4.0,2.275094985961914,200
1987-05-04,4.0,4.0,4.0,4.0,2.275094985961914,500
1987-05-05,4.25,4.25,4.25,4.25,2.417288303375244,100
1987-05-06,4.25,4.25,4.0,4.25,2.417288303375244,1300
1987-05-07,4.25,4.5,4.0,4.0,2.275094985961914,11200
1987-05-08,4.5,4.5,4.5,4.5,2.559481382369995,100
1987-05-11,4.25,4.25,4.25,4.25,2.417288303375244,500
1987-05-12,4.25,4.5,4.0,4.25,2.417288303375244,2300
1987-05-13,4.25,4.25,4.0,4.0,2.275094985961914,1700
1987-05-14,4.25,4.25,4.25,4.25,2.417288303375244,100
1987-05-15,4.25,4.25,4.0,4.0,2.275094985961914,400
1987-05-18,4.0,4.25,4.0,4.0,2.275094985961914,1100
1987-05-19,4.0,4.0,4.0,4.0,2.275094985961914,100
1987-05-20,4.25,4.25,4.25,4.25,2.417288303375244,500
1987-05-21,4.25,4.25,4.25,4.25,2.417288303375244,700
1987-05-22,4.25,4.25,4.25,4.25,2.417288303375244,100
1987-05-26,4.5,4.5,4.5,4.5,2.559481382369995,500
1987-05-27,4.5,4.5,4.25,4.5,2.559481382369995,600
1987-05-28,4.5,4.5,4.5,4.5,2.559481382369995,100
1987-05-29,4.5,4.5,4.25,4.25,2.417288303375244,200
1987-06-01,4.25,4.5,4.25,4.25,2.417288303375244,11700
1987-06-02,4.25,4.5,4.25,4.25,2.417288303375244,200
1987-06-03,4.25,4.25,4.25,4.25,2.417288303375244,500
1987-06-04,4.25,4.25,4.25,4.25,2.417288303375244,400
1987-06-05,4.25,4.5,4.25,4.5,2.559481382369995,2000
1987-06-08,4.5,4.5,4.25,4.25,2.417288303375244,1500
1987-06-09,4.25,4.25,4.25,4.25,2.417288303375244,100
1987-06-10,4.25,4.5,4.25,4.5,2.559481382369995,1800
1987-06-11,4.5,4.5,4.25,4.5,2.559481382369995,1400
1987-06-12,4.5,4.5,4.5,4.5,2.559481382369995,100
1987-06-15,4.5,4.5,4.25,4.5,2.559481382369995,4000
1987-06-16,4.25,4.25,4.25,4.25,2.417288303375244,200
1987-06-17,4.5,4.5,4.5,4.5,2.559481382369995,100
1987-06-18,4.25,4.25,3.75,3.75,2.132901191711426,6000
1987-06-19,4.0,4.5,4.0,4.5,2.559481382369995,5500
1987-06-22,4.5,4.5,4.25,4.25,2.417288303375244,8700
1987-06-23,4.25,4.25,4.25,4.25,2.417288303375244,300
1987-06-24,4.25,4.5,4.25,4.5,2.559481382369995,800
1987-06-25,4.5,4.5,4.5,4.5,2.559481382369995,300
1987-06-26,4.25,4.25,4.25,4.25,2.417288303375244,9800
1987-06-29,4.25,4.25,4.25,4.25,2.417288303375244,100
1987-06-30,4.25,4.25,4.0,4.0,2.275094985961914,400
1987-07-01,4.25,4.5,4.25,4.25,2.417288303375244,700
1987-07-02,4.25,4.5,4.25,4.5,2.559481382369995,200
1987-07-06,4.5,4.75,4.25,4.75,2.701674699783325,4200
1987-07-07,4.75,4.75,4.5,4.75,2.701674699783325,5100
1987-07-08,4.75,5.25,4.75,5.25,2.9860613346099854,11500
1987-07-09,5.25,7.0,5.25,6.75,3.839224100112915,19200
1987-07-10,7.25,7.75,7.25,7.5,4.265802383422852,39000
1987-07-13,7.5,7.5,6.25,7.25,4.1236090660095215,25000
1987-07-14,7.25,7.5,7.0,7.0,3.981416940689087,11500
1987-07-15,7.0,7.25,6.5,7.0,3.981416940689087,7100
1987-07-16,7.0,8.0,6.75,8.0,4.550189971923828,19000
1987-07-17,8.0,8.25,7.25,7.25,4.1236090660095215,12700
1987-07-20,7.25,7.5,7.0,7.0,3.981416940689087,3400
1987-07-21,7.0,7.25,6.75,6.75,3.839224100112915,1800
1987-07-22,6.5,6.5,6.25,6.5,3.697028636932373,2300
1987-07-23,6.5,6.5,6.25,6.25,3.554835081100464,600
1987-07-24,6.25,6.25,6.0,6.0,3.41264271736145,1100
1987-07-27,6.0,6.25,6.0,6.0,3.41264271736145,2500
1987-07-28,6.0,6.0,6.0,6.0,3.41264271736145,6700
1987-07-29,6.0,6.0,5.75,5.75,3.2704482078552246,900
1987-07-30,5.75,6.0,5.75,6.0,3.41264271736145,5000
1987-07-31,6.0,6.0,5.75,6.0,3.41264271736145,2700
1987-08-03,6.0,6.5,6.0,6.5,3.697028636932373,1700
1987-08-04,6.25,6.25,6.0,6.0,3.41264271736145,2900
1987-08-05,6.0,6.0,6.0,6.0,3.41264271736145,700
1987-08-06,6.25,6.5,6.25,6.5,3.697028636932373,300
1987-08-07,6.5,7.0,6.5,6.75,3.839224100112915,2600
1987-08-10,6.75,6.75,6.5,6.5,3.697028636932373,500
1987-08-11,6.5,6.5,6.25,6.25,3.554835081100464,1100
1987-08-12,6.25,6.25,6.0,6.0,3.41264271736145,1300
1987-08-13,6.25,6.25,6.25,6.25,3.554835081100464,1200
1987-08-14,6.25,6.5,6.0,6.5,3.697028636932373,2100
1987-08-17,6.5,7.0,6.5,7.0,3.981416940689087,2700
1987-08-18,7.0,7.5,6.5,6.75,3.839224100112915,18000
1987-08-19,6.5,6.5,6.5,6.5,3.697028636932373,2400
1987-08-20,6.5,6.5,6.5,6.5,3.697028636932373,1300
1987-08-21,6.5,7.0,6.5,7.0,3.981416940689087,2700
1987-08-24,6.75,6.75,6.5,6.75,3.839224100112915,3000
1987-08-25,6.5,6.5,6.25,6.25,3.554835081100464,1000
1987-08-26,6.25,6.25,6.0,6.0,3.41264271736145,200
1987-08-27,6.0,6.25,6.0,6.0,3.41264271736145,4200
1987-08-28,6.0,6.0,6.0,6.0,3.41264271736145,100
1987-08-31,6.0,6.25,6.0,6.25,3.554835081100464,300
1987-09-01,6.25,6.25,6.0,6.0,3.41264271736145,200
1987-09-02,6.0,6.0,5.75,5.75,3.2704482078552246,700
1987-09-03,5.75,5.75,5.75,5.75,3.2704482078552246,500
1987-09-04,6.0,6.0,6.0,6.0,3.41264271736145,100
1987-09-08,5.75,5.75,5.75,5.75,3.2704482078552246,1400
1987-09-09,6.0,6.0,6.0,6.0,3.41264271736145,200
1987-09-10,5.5,5.5,5.5,5.5,3.1282544136047363,1200
1987-09-11,5.5,5.75,5.5,5.75,3.2704482078552246,800
1987-09-14,5.5,5.5,5.5,5.5,3.1282544136047363,300
1987-09-15,5.5,5.5,5.5,5.5,3.1282544136047363,0
1987-09-16,5.5,5.5,5.5,5.5,3.1282544136047363,500
1987-09-17,5.5,5.5,5.5,5.5,3.1282544136047363,800
1987-09-18,5.5,5.5,5.5,5.5,3.1282544136047363,0
1987-09-21,5.5,5.5,5.5,5.5,3.1282544136047363,0
1987-09-22,5.25,5.25,5.25,5.25,2.9860613346099854,700
1987-09-23,5.25,5.25,5.25,5.25,2.9860613346099854,3100
1987-09-24,5.5,5.5,5.5,5.5,3.1282544136047363,300
1987-09-25,5.5,5.5,5.5,5.5,3.1282544136047363,0
1987-09-28,5.25,5.25,5.25,5.25,2.9860613346099854,100
1987-09-29,5.25,5.25,5.25,5.25,2.9860613346099854,700
1987-09-30,5.25,5.25,5.25,5.25,2.9860613346099854,400
1987-10-01,5.25,5.25,5.25,5.25,2.9860613346099854,100
1987-10-02,5.25,5.25,5.25,5.25,2.9860613346099854,1000
1987-10-05,5.25,5.25,5.25,5.25,2.9860613346099854,0
1987-10-06,5.25,5.5,5.0,5.5,3.1282544136047363,5600
1987-10-07,5.25,5.25,5.25,5.25,2.9860613346099854,300
1987-10-08,5.25,5.25,5.25,5.25,2.9860613346099854,300
1987-10-09,5.25,5.25,5.25,5.25,2.9860613346099854,200
1987-10-12,5.0,5.0,5.0,5.0,2.8438682556152344,600
1987-10-13,5.0,5.25,5.0,5.0,2.8438682556152344,200
1987-10-14,5.0,5.0,5.0,5.0,2.8438682556152344,600
1987-10-15,5.0,5.0,5.0,5.0,2.8438682556152344,300
1987-10-16,5.0,5.0,5.0,5.0,2.8438682556152344,400
1987-10-19,5.0,5.0,4.25,4.25,2.417288303375244,1400
1987-10-20,4.0,4.0,3.75,3.75,2.132901191711426,11600
1987-10-21,3.75,4.25,3.75,4.0,2.275094985961914,2700
1987-10-22,4.0,4.25,3.5,4.0,2.275094985961914,7700
1987-10-23,4.0,4.0,4.0,4.0,2.275094985961914,1500
1987-10-26,4.0,4.0,3.5,3.5,1.9907084703445435,1700
1987-10-27,3.5,3.75,3.0,3.0,1.706321358680725,7700
1987-10-28,3.25,3.75,3.25,3.5,1.9907084703445435,1900
1987-10-29,3.5,3.5,3.25,3.5,1.9907084703445435,300
1987-10-30,3.75,3.75,3.75,3.75,2.132901191711426,800
1987-11-02,3.75,4.0,3.5,4.0,2.275094985961914,5200
1987-11-03,4.0,4.25,4.0,4.0,2.275094985961914,2300
1987-11-04,4.0,4.0,4.0,4.0,2.275094985961914,0
1987-11-05,4.0,4.25,4.0,4.0,2.275094985961914,200
1987-11-06,3.75,3.75,3.5,3.5,1.9907084703445435,2000
1987-11-09,3.5,3.75,3.5,3.5,1.9907084703445435,600
1987-11-10,3.5,3.5,3.25,3.5,1.9907084703445435,500
1987-11-11,3.25,3.25,3.25,3.25,1.8485143184661865,600
1987-11-12,3.5,3.75,3.5,3.75,2.132901191711426,1000
1987-11-13,3.5,3.5,3.5,3.5,1.9907084703445435,200
1987-11-16,3.25,3.25,3.25,3.25,1.8485143184661865,600
1987-11-17,3.25,3.25,3.25,3.25,1.8485143184661865,0
1987-11-18,3.5,3.5,3.5,3.5,1.9907084703445435,500
1987-11-19,3.5,3.5,3.25,3.25,1.8485143184661865,1900
1987-11-20,3.25,3.25,3.25,3.25,1.8485143184661865,0
1987-11-23,3.25,3.5,3.25,3.5,1.9907084703445435,800
1987-11-24,3.25,3.25,3.25,3.25,1.8485143184661865,1100
1987-11-25,3.25,3.75,3.25,3.75,2.132901191711426,800
1987-11-27,4.25,4.25,4.25,4.25,2.417288303375244,3800
1987-11-30,4.25,4.25,3.5,3.5,1.9907084703445435,2000
1987-12-01,3.5,3.75,3.5,3.5,1.9907084703445435,900
1987-12-02,3.5,3.5,3.5,3.5,1.9907084703445435,0
1987-12-03,3.5,3.5,3.5,3.5,1.9907084703445435,500
1987-12-04,3.5,3.5,3.5,3.5,1.9907084703445435,100
1987-12-07,3.5,3.5,3.25,3.5,1.9907084703445435,1700
1987-12-08,3.25,3.25,3.25,3.25,1.8485143184661865,400
1987-12-09,3.5,3.5,3.5,3.5,1.9907084703445435,2500
1987-12-10,3.75,3.75,3.75,3.75,2.132901191711426,700
1987-12-11,3.75,3.75,3.75,3.75,2.132901191711426,1000
1987-12-14,3.5,3.5,3.0,3.0,1.706321358680725,6200
1987-12-15,3.0,3.0,2.75,3.0,1.706321358680725,2700
1987-12-16,3.0,3.25,3.0,3.0,1.706321358680725,4000
1987-12-17,3.0,3.0,2.75,2.75,1.5641272068023682,500
1987-12-18,2.75,3.0,2.75,3.0,1.706321358680725,1200
1987-12-21,3.0,3.0,2.75,2.75,1.5641272068023682,2900
1987-12-22,2.75,2.75,2.75,2.75,1.5641272068023682,1400
1987-12-23,2.75,2.75,2.75,2.75,1.5641272068023682,1300
1987-12-24,2.75,2.75,2.5,2.75,1.5641272068023682,24600
1987-12-28,2.75,2.75,2.5,2.5,1.4219341278076172,1100
1987-12-29,2.5,2.75,2.5,2.75,1.5641272068023682,16200
1987-12-30,2.75,2.75,2.5,2.5,1.4219341278076172,33700
1987-12-31,2.5,2.75,2.5,2.5,1.4219341278076172,1600
1988-01-04,2.75,3.25,2.75,3.0,1.706321358680725,1600
1988-01-05,3.0,3.25,3.0,3.25,1.8485143184661865,1600
1988-01-06,3.25,3.25,3.25,3.25,1.8485143184661865,0
1988-01-07,3.25,3.25,3.0,3.25,1.8485143184661865,600
1988-01-08,3.25,3.5,3.0,3.5,1.9907084703445435,2200
1988-01-11,3.25,3.25,3.25,3.25,1.8485143184661865,200
1988-01-12,3.25,3.25,3.25,3.25,1.8485143184661865,0
1988-01-13,3.25,3.25,3.25,3.25,1.8485143184661865,0
1988-01-14,3.5,3.5,3.5,3.5,1.9907084703445435,100
1988-01-15,3.5,3.5,3.5,3.5,1.9907084703445435,100
1988-01-18,3.25,3.25,3.25,3.25,1.8485143184661865,100
1988-01-19,3.25,3.25,3.0,3.25,1.8485143184661865,100
1988-01-20,3.25,3.25,3.25,3.25,1.8485143184661865,100
1988-01-21,3.0,3.0,3.0,3.0,1.706321358680725,100
1988-01-22,3.0,3.0,3.0,3.0,1.706321358680725,1000
1988-01-25,3.0,3.0,2.75,2.75,1.5641272068023682,2100
1988-01-26,3.0,3.0,3.0,3.0,1.706321358680725,300
1988-01-27,3.0,3.0,3.0,3.0,1.706321358680725,1000
1988-01-28,3.0,3.0,2.75,3.0,1.706321358680725,1000
1988-01-29,3.0,3.0,2.75,3.0,1.706321358680725,1400
1988-02-01,2.75,2.75,2.75,2.75,1.5641272068023682,500
1988-02-02,2.75,2.75,2.75,2.75,1.5641272068023682,100
1988-02-03,3.0,3.0,3.0,3.0,1.706321358680725,100
1988-02-04,3.0,3.0,3.0,3.0,1.706321358680725,100
1988-02-05,3.0,3.0,3.0,3.0,1.706321358680725,100
1988-02-08,3.0,3.0,3.0,3.0,1.706321358680725,700
1988-02-09,3.0,3.0,2.75,3.0,1.706321358680725,1900
1988-02-10,3.0,3.0,3.0,3.0,1.706321358680725,800
1988-02-11,3.0,3.0,3.0,3.0,1.706321358680725,100
1988-02-12,3.0,3.0,3.0,3.0,1.706321358680725,800
1988-02-16,3.25,3.25,3.25,3.25,1.8485143184661865,100
1988-02-17,3.0,3.0,3.0,3.0,1.706321358680725,100
1988-02-18,3.0,3.0,3.0,3.0,1.706321358680725,0
1988-02-19,3.25,3.25,3.25,3.25,1.8485143184661865,100
1988-02-22,3.25,3.25,3.25,3.25,1.8485143184661865,100
1988-02-23,3.25,3.25,3.25,3.25,1.8485143184661865,100
1988-02-24,3.25,3.5,3.0,3.5,1.9907084703445435,12600
1988-02-25,3.5,3.5,3.0,3.0,1.706321358680725,2100
1988-02-26,3.25,3.5,3.25,3.5,1.9907084703445435,800
1988-02-29,3.5,3.5,3.5,3.5,1.9907084703445435,1000
1988-03-01,3.5,3.5,3.25,3.5,1.9907084703445435,400
1988-03-02,3.5,3.5,3.5,3.5,1.9907084703445435,200
1988-03-03,3.5,3.5,3.5,3.5,1.9907084703445435,500
1988-03-04,3.5,3.5,3.5,3.5,1.9907084703445435,400
1988-03-07,3.5,3.5,3.5,3.5,1.9907084703445435,100
1988-03-08,3.5,3.5,3.5,3.5,1.9907084703445435,100
1988-03-09,3.5,3.5,3.5,3.5,1.9907084703445435,800
1988-03-10,3.5,3.5,3.5,3.5,1.9907084703445435,100
1988-03-11,3.75,3.75,3.75,3.75,2.132901191711426,1100
1988-03-14,3.75,3.75,3.75,3.75,2.132901191711426,400
1988-03-15,3.5,3.5,3.25,3.25,1.8485143184661865,1200
1988-03-16,3.25,3.5,3.25,3.25,1.8485143184661865,200
1988-03-17,3.5,3.5,3.5,3.5,1.9907084703445435,100
1988-03-18,3.5,3.5,3.25,3.25,1.8485143184661865,1400
1988-03-21,3.5,3.5,3.5,3.5,1.9907084703445435,100
1988-03-22,3.5,3.5,3.0,3.25,1.8485143184661865,1900
1988-03-23,3.5,3.5,3.5,3.5,1.9907084703445435,500
1988-03-24,3.5,3.75,3.5,3.5,1.9907084703445435,1900
1988-03-25,3.75,3.75,3.75,3.75,2.132901191711426,100
1988-03-28,3.5,3.5,3.5,3.5,1.9907084703445435,100
1988-03-29,3.25,3.25,3.25,3.25,1.8485143184661865,200
1988-03-30,3.5,3.5,3.5,3.5,1.9907084703445435,100
1988-03-31,3.5,3.5,3.5,3.5,1.9907084703445435,800
1988-04-04,3.5,4.0,3.5,4.0,2.275094985961914,7600
1988-04-05,4.0,4.0,4.0,4.0,2.275094985961914,1500
1988-04-06,4.0,4.0,3.75,3.75,2.132901191711426,1100
1988-04-07,3.75,3.75,3.5,3.75,2.132901191711426,1300
1988-04-08,3.75,3.75,3.75,3.75,2.132901191711426,200
1988-04-11,3.75,3.75,3.75,3.75,2.132901191711426,600
1988-04-12,3.5,3.5,3.5,3.5,1.9907084703445435,200
1988-04-13,3.75,3.75,3.75,3.75,2.132901191711426,500
1988-04-14,3.75,3.75,3.5,3.5,1.9907084703445435,4600
1988-04-15,3.5,3.5,3.5,3.5,1.9907084703445435,1700
1988-04-18,3.5,3.5,3.5,3.5,1.9907084703445435,300
1988-04-19,3.75,3.75,3.75,3.75,2.132901191711426,900
1988-04-20,3.75,3.75,3.75,3.75,2.132901191711426,100
1988-04-21,3.75,3.75,3.5,3.75,2.132901191711426,1300
1988-04-22,3.5,3.5,3.5,3.5,1.9907084703445435,200
1988-04-25,3.75,3.75,3.75,3.75,2.132901191711426,3300
1988-04-26,3.75,3.75,3.5,3.75,2.132901191711426,1200
1988-04-27,3.75,4.25,3.75,4.25,2.417288303375244,12700
1988-04-28,4.25,4.25,3.75,3.75,2.132901191711426,3400
1988-04-29,3.75,4.0,3.75,4.0,2.275094985961914,500
1988-05-02,4.0,4.0,4.0,4.0,2.275094985961914,100
1988-05-03,4.0,4.0,3.75,3.75,2.132901191711426,5900
1988-05-04,3.75,3.75,3.75,3.75,2.132901191711426,1300
1988-05-05,4.0,4.0,4.0,4.0,2.275094985961914,600
1988-05-06,3.75,3.75,3.75,3.75,2.132901191711426,700
1988-05-09,3.75,3.75,3.5,3.5,1.9907084703445435,3300
1988-05-10,3.75,3.75,3.75,3.75,2.132901191711426,100
1988-05-11,3.75,3.75,3.75,3.75,2.132901191711426,100
1988-05-12,3.5,3.5,3.5,3.5,1.9907084703445435,1300
1988-05-13,3.75,3.75,3.75,3.75,2.132901191711426,3300
1988-05-16,3.75,3.75,3.75,3.75,2.132901191711426,100
1988-05-17,3.75,3.75,3.75,3.75,2.132901191711426,500
1988-05-18,4.0,4.0,4.0,4.0,2.275094985961914,100
1988-05-19,4.0,4.0,3.75,3.75,2.132901191711426,2800
1988-05-20,3.75,3.75,3.75,3.75,2.132901191711426,300
1988-05-23,3.75,3.75,3.75,3.75,2.132901191711426,1400
1988-05-24,3.75,3.75,3.75,3.75,2.132901191711426,800
1988-05-25,3.5,3.5,3.5,3.5,1.9907084703445435,4100
1988-05-26,3.75,3.75,3.75,3.75,2.132901191711426,300
1988-05-27,3.75,3.75,3.75,3.75,2.132901191711426,0
1988-05-31,3.75,3.75,3.75,3.75,2.132901191711426,600
1988-06-01,3.75,4.0,3.75,3.75,2.132901191711426,900
1988-06-02,4.0,4.0,4.0,4.0,2.275094985961914,100
1988-06-03,4.0,4.0,4.0,4.0,2.275094985961914,100
1988-06-06,4.0,4.0,4.0,4.0,2.275094985961914,800
1988-06-07,4.0,4.0,3.75,3.75,2.132901191711426,600
1988-06-08,4.0,4.0,4.0,4.0,2.275094985961914,700
1988-06-09,4.0,4.0,3.75,4.0,2.275094985961914,3400
1988-06-10,3.75,3.75,3.75,3.75,2.132901191711426,100
1988-06-13,4.0,4.0,4.0,4.0,2.275094985961914,100
1988-06-14,4.0,4.0,3.75,3.75,2.132901191711426,500
1988-06-15,3.75,3.75,3.5,3.75,2.132901191711426,1800
1988-06-16,3.75,3.75,3.75,3.75,2.132901191711426,200
1988-06-17,4.0,4.0,4.0,4.0,2.275094985961914,100
1988-06-20,4.0,4.0,4.0,4.0,2.275094985961914,100
1988-06-21,4.0,4.0,4.0,4.0,2.275094985961914,300
1988-06-22,4.0,4.0,3.75,3.75,2.132901191711426,800
1988-06-23,3.75,4.0,3.75,4.0,2.275094985961914,6100
1988-06-24,4.0,4.0,4.0,4.0,2.275094985961914,4100
1988-06-27,4.0,4.75,4.0,4.75,2.701674699783325,10200
1988-06-28,4.5,4.5,4.25,4.25,2.417288303375244,3600
1988-06-29,4.25,4.25,4.25,4.25,2.417288303375244,5400
1988-06-30,4.25,4.75,4.25,4.75,2.701674699783325,3800
1988-07-01,4.75,4.75,4.5,4.75,2.701674699783325,2300
1988-07-05,4.5,4.5,4.5,4.5,2.559481382369995,100
1988-07-06,4.5,4.5,4.0,4.25,2.417288303375244,8800
1988-07-07,4.25,4.5,4.25,4.25,2.417288303375244,2400
1988-07-08,4.25,4.5,4.25,4.5,2.559481382369995,900
1988-07-11,4.5,4.5,4.25,4.5,2.559481382369995,700
1988-07-12,4.25,4.25,4.25,4.25,2.417288303375244,100
1988-07-13,4.5,4.5,4.5,4.5,2.559481382369995,700
1988-07-14,4.5,4.5,4.25,4.5,2.559481382369995,2300
1988-07-15,4.5,4.5,4.25,4.5,2.559481382369995,3900
1988-07-18,4.25,4.25,4.0,4.0,2.275094985961914,3500
1988-07-19,4.25,4.25,4.25,4.25,2.417288303375244,100
1988-07-20,4.25,4.25,4.25,4.25,2.417288303375244,1600
1988-07-21,4.0,4.0,4.0,4.0,2.275094985961914,100
1988-07-22,4.25,4.25,4.25,4.25,2.417288303375244,100
1988-07-25,4.0,4.0,4.0,4.0,2.275094985961914,2600
1988-07-26,4.0,4.0,4.0,4.0,2.275094985961914,100
1988-07-27,4.0,4.0,3.75,3.75,2.132901191711426,2000
1988-07-28,4.0,4.0,4.0,4.0,2.275094985961914,700
1988-07-29,3.75,3.75,3.75,3.75,2.132901191711426,300
1988-08-01,3.75,4.0,3.75,3.75,2.132901191711426,1700
1988-08-02,3.75,3.75,3.75,3.75,2.132901191711426,1400
1988-08-03,4.0,4.0,4.0,4.0,2.275094985961914,100
1988-08-04,4.0,4.0,3.75,3.75,2.132901191711426,700
1988-08-05,3.75,3.75,3.75,3.75,2.132901191711426,200
1988-08-08,4.0,4.0,4.0,4.0,2.275094985961914,500
1988-08-09,4.0,4.0,4.0,4.0,2.275094985961914,1200
1988-08-10,3.75,3.75,3.75,3.75,2.132901191711426,1500
1988-08-11,3.75,3.75,3.5,3.75,2.132901191711426,6600
1988-08-12,3.75,3.75,3.25,3.5,1.9907084703445435,3500
1988-08-15,3.25,3.25,3.25,3.25,1.8485143184661865,1000
1988-08-16,3.5,3.5,3.5,3.5,1.9907084703445435,1300
1988-08-17,3.5,3.5,3.25,3.5,1.9907084703445435,1900
1988-08-18,3.5,3.5,3.5,3.5,1.9907084703445435,0
1988-08-19,3.75,3.75,3.75,3.75,2.132901191711426,1000
1988-08-22,3.75,3.75,3.75,3.75,2.132901191711426,300
1988-08-23,3.5,3.5,3.5,3.5,1.9907084703445435,300
1988-08-24,3.5,3.5,3.25,3.25,1.8485143184661865,500
1988-08-25,3.5,3.5,3.5,3.5,1.9907084703445435,500
1988-08-26,3.5,3.5,3.5,3.5,1.9907084703445435,200
1988-08-29,3.5,3.5,3.25,3.25,1.8485143184661865,1600
1988-08-30,3.25,3.25,3.25,3.25,1.8485143184661865,4300
1988-08-31,3.25,3.5,3.25,3.5,1.9907084703445435,800
1988-09-01,3.5,3.5,3.5,3.5,1.9907084703445435,400
1988-09-02,3.5,3.5,3.5,3.5,1.9907084703445435,2500
1988-09-06,3.5,3.5,3.25,3.25,1.8485143184661865,300
1988-09-07,3.25,3.25,3.0,3.25,1.8485143184661865,8400
1988-09-08,3.25,3.25,3.0,3.0,1.706321358680725,1100
1988-09-09,3.25,3.5,3.25,3.5,1.9907084703445435,900
1988-09-12,3.5,3.5,3.5,3.5,1.9907084703445435,100
1988-09-13,3.5,3.5,3.25,3.5,1.9907084703445435,3800
1988-09-14,3.5,3.5,3.5,3.5,1.9907084703445435,1000
1988-09-15,3.5,3.5,3.25,3.5,1.9907084703445435,400
1988-09-16,3.25,3.25,3.25,3.25,1.8485143184661865,2900
1988-09-19,3.25,3.5,3.25,3.5,1.9907084703445435,700
1988-09-20,3.25,3.25,3.25,3.25,1.8485143184661865,400
1988-09-21,3.5,3.5,3.5,3.5,1.9907084703445435,200
1988-09-22,3.25,3.25,3.25,3.25,1.8485143184661865,100
1988-09-23,3.25,3.5,3.25,3.5,1.9907084703445435,1400
1988-09-26,3.5,3.5,3.5,3.5,1.9907084703445435,100
1988-09-27,3.25,3.25,3.25,3.25,1.8485143184661865,2000
1988-09-28,3.25,3.25,3.0,3.0,1.706321358680725,1700
1988-09-29,3.25,3.25,3.25,3.25,1.8485143184661865,200
1988-09-30,3.25,3.25,3.25,3.25,1.8485143184661865,300
1988-10-03,3.0,3.0,3.0,3.0,1.706321358680725,1600
1988-10-04,3.0,3.0,3.0,3.0,1.706321358680725,1300
1988-10-05,3.0,3.0,3.0,3.0,1.706321358680725,2400
1988-10-06,3.25,3.25,3.25,3.25,1.8485143184661865,100
1988-10-07,3.0,3.0,3.0,3.0,1.706321358680725,1900
1988-10-10,3.0,3.0,3.0,3.0,1.706321358680725,600
1988-10-11,3.0,3.0,3.0,3.0,1.706321358680725,500
1988-10-12,3.0,3.25,3.0,3.0,1.706321358680725,2900
1988-10-13,3.25,3.25,3.25,3.25,1.8485143184661865,100
1988-10-14,3.25,3.25,3.0,3.0,1.706321358680725,1600
1988-10-17,3.0,3.25,3.0,3.0,1.706321358680725,1000
1988-10-18,3.0,3.0,3.0,3.0,1.706321358680725,1500
1988-10-19,3.25,3.25,3.25,3.25,1.8485143184661865,300
1988-10-20,3.25,3.25,3.25,3.25,1.8485143184661865,100
1988-10-21,3.25,3.25,3.25,3.25,1.8485143184661865,0
1988-10-24,3.0,3.0,3.0,3.0,1.706321358680725,200
1988-10-25,3.25,3.25,3.25,3.25,1.8485143184661865,1000
1988-10-26,3.0,3.0,3.0,3.0,1.706321358680725,100
1988-10-27,3.25,3.25,3.25,3.25,1.8485143184661865,500
1988-10-28,3.5,3.5,3.5,3.5,1.9907084703445435,100
1988-10-31,3.5,3.5,3.5,3.5,1.9907084703445435,100
1988-11-01,3.5,3.5,3.25,3.25,1.8485143184661865,400
1988-11-02,3.25,3.25,3.25,3.25,1.8485143184661865,100
1988-11-03,3.25,3.25,3.0,3.0,1.706321358680725,3400
1988-11-04,3.25,3.25,3.25,3.25,1.8485143184661865,100
1988-11-07,3.25,3.25,3.0,3.0,1.706321358680725,1700
1988-11-08,2.75,2.75,2.75,2.75,1.5641272068023682,7000
1988-11-09,2.75,3.0,2.75,3.0,1.706321358680725,1900
1988-11-10,3.0,3.0,2.75,3.0,1.706321358680725,4200
1988-11-11,3.0,3.0,3.0,3.0,1.706321358680725,1000
1988-11-14,3.0,3.0,3.0,3.0,1.706321358680725,100
1988-11-15,2.75,2.75,2.75,2.75,1.5641272068023682,100
1988-11-16,2.75,2.75,2.75,2.75,1.5641272068023682,100
1988-11-17,2.75,2.75,2.75,2.75,1.5641272068023682,200
1988-11-18,2.75,3.0,2.75,2.75,1.5641272068023682,4200
1988-11-21,2.75,2.75,2.75,2.75,1.5641272068023682,2100
1988-11-22,2.75,2.75,2.75,2.75,1.5641272068023682,1200
1988-11-23,2.75,2.75,2.75,2.75,1.5641272068023682,100
1988-11-25,3.0,3.0,3.0,3.0,1.706321358680725,100
1988-11-28,3.0,3.0,3.0,3.0,1.706321358680725,200
1988-11-29,3.0,3.0,2.75,3.0,1.706321358680725,700
1988-11-30,3.0,3.0,3.0,3.0,1.706321358680725,100
1988-12-01,2.75,2.75,2.75,2.75,1.5641272068023682,700
1988-12-02,2.75,3.0,2.75,2.75,1.5641272068023682,1300
1988-12-05,2.75,2.75,2.5,2.75,1.5641272068023682,4300
1988-12-06,2.75,2.75,2.5,2.5,1.4219341278076172,1200
1988-12-07,2.5,2.75,2.5,2.5,1.4219341278076172,2100
1988-12-08,2.75,2.75,2.75,2.75,1.5641272068023682,4000
1988-12-09,2.75,2.75,2.75,2.75,1.5641272068023682,500
1988-12-12,2.75,2.75,2.75,2.75,1.5641272068023682,400
1988-12-13,2.75,2.75,2.75,2.75,1.5641272068023682,500
1988-12-14,3.0,3.0,3.0,3.0,1.706321358680725,2600
1988-12-15,3.0,3.0,2.75,3.0,1.706321358680725,2000
1988-12-16,3.0,3.0,2.75,3.0,1.706321358680725,1100
1988-12-19,3.0,3.25,3.0,3.25,1.8485143184661865,400
1988-12-20,3.0,3.0,2.75,2.75,1.5641272068023682,700
1988-12-21,3.0,3.25,3.0,3.0,1.706321358680725,2400
1988-12-22,3.0,3.0,2.75,2.75,1.5641272068023682,500
1988-12-23,3.0,3.0,3.0,3.0,1.706321358680725,300
1988-12-27,3.0,3.25,2.75,3.25,1.8485143184661865,3300
1988-12-28,3.0,3.0,2.75,2.75,1.5641272068023682,800
1988-12-29,2.75,3.0,2.75,3.0,1.706321358680725,1200
1988-12-30,3.0,3.0,2.75,3.0,1.706321358680725,2000
1989-01-03,3.0,3.0,3.0,3.0,1.706321358680725,0
1989-01-04,2.75,2.75,2.75,2.75,1.5641272068023682,100
1989-01-05,2.75,2.75,2.75,2.75,1.5641272068023682,100
1989-01-06,2.75,3.0,2.75,2.75,1.5641272068023682,700
1989-01-09,3.0,3.0,3.0,3.0,1.706321358680725,100
1989-01-10,3.0,3.0,3.0,3.0,1.706321358680725,500
1989-01-11,2.75,2.75,2.75,2.75,1.5641272068023682,900
1989-01-12,3.0,3.0,3.0,3.0,1.706321358680725,1000
1989-01-13,2.75,2.75,2.75,2.75,1.5641272068023682,500
1989-01-16,3.0,3.25,3.0,3.25,1.8485143184661865,12300
1989-01-17,3.25,3.25,3.0,3.0,1.706321358680725,1700
1989-01-18,3.25,3.25,3.25,3.25,1.8485143184661865,100
1989-01-19,3.25,3.25,3.0,3.0,1.706321358680725,1700
1989-01-20,3.0,3.0,3.0,3.0,1.706321358680725,500
1989-01-23,3.0,3.25,3.0,3.0,1.706321358680725,1300
1989-01-24,3.0,3.0,3.0,3.0,1.706321358680725,500
1989-01-25,3.0,3.0,3.0,3.0,1.706321358680725,300
1989-01-26,3.0,3.0,3.0,3.0,1.706321358680725,500
1989-01-27,3.0,3.25,3.0,3.25,1.8485143184661865,400
1989-01-30,3.0,3.0,3.0,3.0,1.706321358680725,1000
1989-01-31,3.0,3.0,3.0,3.0,1.706321358680725,100
1989-02-01,3.0,3.0,3.0,3.0,1.706321358680725,1000
1989-02-02,3.0,3.0,3.0,3.0,1.706321358680725,200
1989-02-03,3.0,3.25,3.0,3.25,1.8485143184661865,8400
1989-02-06,3.25,3.25,3.25,3.25,1.8485143184661865,1000
1989-02-07,3.25,3.25,3.25,3.25,1.8485143184661865,500
1989-02-08,3.25,3.5,3.25,3.5,1.9907084703445435,700
1989-02-09,3.5,3.5,3.5,3.5,1.9907084703445435,100
1989-02-10,3.25,3.25,3.25,3.25,1.8485143184661865,400
1989-02-13,3.25,3.75,3.25,3.75,2.132901191711426,12100
1989-02-14,3.75,3.75,3.75,3.75,2.132901191711426,100
1989-02-15,3.5,3.5,3.25,3.25,1.8485143184661865,8100
1989-02-16,3.25,3.25,3.25,3.25,1.8485143184661865,100
1989-02-17,3.5,3.5,3.5,3.5,1.9907084703445435,100
1989-02-21,3.25,3.25,3.25,3.25,1.8485143184661865,100
1989-02-22,3.25,3.25,3.25,3.25,1.8485143184661865,400
1989-02-23,3.25,3.25,3.25,3.25,1.8485143184661865,800
1989-02-24,3.25,3.25,3.25,3.25,1.8485143184661865,100
1989-02-27,3.25,3.25,3.25,3.25,1.8485143184661865,500
1989-02-28,3.5,3.5,3.5,3.5,1.9907084703445435,900
1989-03-01,3.25,3.25,3.25,3.25,1.8485143184661865,100
1989-03-02,3.5,3.5,3.5,3.5,1.9907084703445435,500
1989-03-03,3.75,4.25,3.75,4.0,2.275094985961914,11100
1989-03-06,4.0,4.25,4.0,4.25,2.417288303375244,8600
1989-03-07,4.0,4.0,4.0,4.0,2.275094985961914,1000
1989-03-08,4.25,4.25,4.25,4.25,2.417288303375244,100
1989-03-09,4.25,4.25,4.0,4.0,2.275094985961914,2900
1989-03-10,4.0,4.0,4.0,4.0,2.275094985961914,100
1989-03-13,4.0,4.0,4.0,4.0,2.275094985961914,800
1989-03-14,4.0,4.0,4.0,4.0,2.275094985961914,3300
1989-03-15,4.0,4.25,4.0,4.0,2.275094985961914,1300
1989-03-16,4.0,4.25,4.0,4.25,2.417288303375244,2500
1989-03-17,4.0,4.0,4.0,4.0,2.275094985961914,1600
1989-03-20,4.0,4.0,4.0,4.0,2.275094985961914,1500
1989-03-21,4.25,4.25,4.25,4.25,2.417288303375244,100
1989-03-22,4.25,4.25,3.75,3.75,2.132901191711426,4400
1989-03-23,3.75,4.0,3.75,4.0,2.275094985961914,1200
1989-03-27,4.0,4.0,4.0,4.0,2.275094985961914,2500
1989-03-28,4.0,4.25,4.0,4.0,2.275094985961914,4800
1989-03-29,4.0,4.0,4.0,4.0,2.275094985961914,100
1989-03-30,4.25,4.25,4.25,4.25,2.417288303375244,1500
1989-03-31,4.0,4.0,4.0,4.0,2.275094985961914,100
1989-04-03,4.0,4.0,3.75,4.0,2.275094985961914,1800
1989-04-04,3.75,3.75,3.75,3.75,2.132901191711426,300
1989-04-05,3.75,3.75,3.75,3.75,2.132901191711426,100
1989-04-06,3.75,3.75,3.75,3.75,2.132901191711426,800
1989-04-07,4.0,4.0,4.0,4.0,2.275094985961914,100
1989-04-10,4.0,4.0,3.75,4.0,2.275094985961914,4000
1989-04-11,4.0,4.0,4.0,4.0,2.275094985961914,100
1989-04-12,4.0,4.0,3.75,3.75,2.132901191711426,2000
1989-04-13,3.75,4.0,3.75,4.0,2.275094985961914,200
1989-04-14,4.0,4.0,4.0,4.0,2.275094985961914,5400
1989-04-17,4.0,4.25,4.0,4.25,2.417288303375244,4500
1989-04-18,4.0,4.0,4.0,4.0,2.275094985961914,3600
1989-04-19,4.0,4.25,3.75,4.25,2.417288303375244,5700
1989-04-20,4.25,4.25,4.25,4.25,2.417288303375244,3100
1989-04-21,4.25,4.25,4.25,4.25,2.417288303375244,1500
1989-04-24,4.25,4.25,4.25,4.25,2.417288303375244,500
1989-04-25,4.25,4.25,4.25,4.25,2.417288303375244,3100
1989-04-26,4.25,4.25,4.0,4.0,2.275094985961914,2600
1989-04-27,4.0,4.25,4.0,4.0,2.275094985961914,800
1989-04-28,4.0,4.0,4.0,4.0,2.275094985961914,2300
1989-05-01,4.0,4.0,4.0,4.0,2.275094985961914,700
1989-05-02,4.0,4.25,4.0,4.0,2.275094985961914,400
1989-05-03,4.0,4.0,3.75,4.0,2.275094985961914,1600
1989-05-04,3.75,3.75,3.75,3.75,2.132901191711426,100
1989-05-05,3.75,3.75,3.75,3.75,2.132901191711426,3100
1989-05-08,3.75,4.0,3.75,3.75,2.132901191711426,1200
1989-05-09,4.0,4.0,4.0,4.0,2.275094985961914,100
1989-05-10,4.0,4.0,4.0,4.0,2.275094985961914,100
1989-05-11,4.0,4.0,3.75,3.75,2.132901191711426,100
1989-05-12,3.75,4.0,3.75,4.0,2.275094985961914,900
1989-05-15,4.0,4.0,4.0,4.0,2.275094985961914,2500
1989-05-16,3.75,3.75,3.75,3.75,2.132901191711426,300
1989-05-17,3.75,4.0,3.75,4.0,2.275094985961914,4800
1989-05-18,4.0,4.0,4.0,4.0,2.275094985961914,2500
1989-05-19,4.0,4.0,3.75,4.0,2.275094985961914,2600
1989-05-22,4.0,4.0,4.0,4.0,2.275094985961914,900
1989-05-23,3.75,3.75,3.5,3.5,1.9907084703445435,31500
1989-05-24,3.5,3.5,3.5,3.5,1.9907084703445435,600
1989-05-25,3.5,3.5,3.5,3.5,1.9907084703445435,400
1989-05-26,3.5,3.5,3.25,3.25,1.8485143184661865,200
1989-05-30,3.25,3.5,3.25,3.25,1.8485143184661865,700
1989-05-31,3.5,3.5,3.5,3.5,1.9907084703445435,100
1989-06-01,3.5,3.5,3.5,3.5,1.9907084703445435,200
1989-06-02,3.25,3.25,3.25,3.25,1.8485143184661865,100
1989-06-05,3.25,3.25,3.25,3.25,1.8485143184661865,1000
1989-06-06,3.5,3.5,3.5,3.5,1.9907084703445435,100
1989-06-07,3.5,3.5,3.5,3.5,1.9907084703445435,100
1989-06-08,3.25,3.25,3.25,3.25,1.8485143184661865,100
1989-06-09,3.25,3.25,3.25,3.25,1.8485143184661865,200
1989-06-12,3.5,3.5,3.5,3.5,1.9907084703445435,100
1989-06-13,3.5,3.5,3.5,3.5,1.9907084703445435,400
1989-06-14,3.5,3.5,3.5,3.5,1.9907084703445435,100
1989-06-15,3.5,3.5,3.5,3.5,1.9907084703445435,200
1989-06-16,3.25,3.25,3.25,3.25,1.8485143184661865,100
1989-06-19,3.5,3.5,3.5,3.5,1.9907084703445435,100
1989-06-20,3.5,3.5,3.5,3.5,1.9907084703445435,100
1989-06-21,3.5,3.5,3.25,3.5,1.9907084703445435,800
1989-06-22,3.5,3.5,3.25,3.5,1.9907084703445435,2100
1989-06-23,3.5,3.5,3.5,3.5,1.9907084703445435,100
1989-06-26,3.25,3.25,3.25,3.25,1.8485143184661865,400
1989-06-27,3.25,3.5,3.25,3.5,1.9907084703445435,200
1989-06-28,3.5,3.5,3.5,3.5,1.9907084703445435,4000
1989-06-29,3.25,3.25,3.25,3.25,1.8485143184661865,2500
1989-06-30,3.5,3.5,3.5,3.5,1.9907084703445435,3800
1989-07-03,3.5,3.5,3.25,3.5,1.9907084703445435,1800
1989-07-05,3.25,3.25,3.25,3.25,1.8485143184661865,1500
1989-07-06,3.25,3.25,3.25,3.25,1.8485143184661865,1500
1989-07-07,3.25,3.25,3.0,3.0,1.706321358680725,19500
1989-07-10,3.25,3.25,3.25,3.25,1.8485143184661865,100
1989-07-11,3.25,3.25,3.0,3.25,1.8485143184661865,400
1989-07-12,3.25,3.25,3.25,3.25,1.8485143184661865,100
1989-07-13,3.25,3.25,3.0,3.0,1.706321358680725,800
1989-07-14,3.0,3.0,3.0,3.0,1.706321358680725,200
1989-07-17,3.0,3.0,3.0,3.0,1.706321358680725,200
1989-07-18,3.0,3.0,3.0,3.0,1.706321358680725,2100
1989-07-19,3.25,3.25,3.25,3.25,1.8485143184661865,100
1989-07-20,3.25,3.25,3.25,3.25,1.8485143184661865,100
1989-07-21,3.0,3.0,3.0,3.0,1.706321358680725,600
1989-07-24,3.0,3.0,3.0,3.0,1.706321358680725,1000
1989-07-25,3.25,3.25,3.25,3.25,1.8485143184661865,100
1989-07-26,3.0,3.0,3.0,3.0,1.706321358680725,300
1989-07-27,3.0,3.25,3.0,3.25,1.8485143184661865,900
1989-07-28,3.0,3.0,3.0,3.0,1.706321358680725,4400
1989-07-31,3.0,3.0,3.0,3.0,1.706321358680725,2500
1989-08-01,3.25,3.25,3.25,3.25,1.8485143184661865,500
1989-08-02,3.0,3.0,3.0,3.0,1.706321358680725,2100
1989-08-03,3.0,3.25,3.0,3.0,1.706321358680725,2200
1989-08-04,3.0,3.0,3.0,3.0,1.706321358680725,1100
1989-08-07,3.0,3.0,3.0,3.0,1.706321358680725,2000
1989-08-08,2.75,2.75,2.75,2.75,1.5641272068023682,5000
1989-08-09,2.75,3.0,2.75,3.0,1.706321358680725,2400
1989-08-10,3.0,3.0,3.0,3.0,1.706321358680725,3300
1989-08-11,3.0,3.0,3.0,3.0,1.706321358680725,500
1989-08-14,3.0,3.0,3.0,3.0,1.706321358680725,200
1989-08-15,3.0,3.0,3.0,3.0,1.706321358680725,200
1989-08-16,3.0,3.0,3.0,3.0,1.706321358680725,0
1989-08-17,2.75,2.75,2.75,2.75,1.5641272068023682,300
1989-08-18,3.0,3.0,3.0,3.0,1.706321358680725,300
1989-08-21,2.75,2.75,2.75,2.75,1.5641272068023682,200
1989-08-22,2.75,2.75,2.75,2.75,1.5641272068023682,400
1989-08-23,3.0,3.0,3.0,3.0,1.706321358680725,500
1989-08-24,3.0,3.0,3.0,3.0,1.706321358680725,700
1989-08-25,3.0,3.0,3.0,3.0,1.706321358680725,100
1989-08-28,3.0,3.0,3.0,3.0,1.706321358680725,100
1989-08-29,3.0,3.0,3.0,3.0,1.706321358680725,700
1989-08-30,3.0,3.0,3.0,3.0,1.706321358680725,500
1989-08-31,3.0,3.0,3.0,3.0,1.706321358680725,200
1989-09-01,3.0,3.0,3.0,3.0,1.706321358680725,200
1989-09-05,3.0,3.25,3.0,3.0,1.706321358680725,1300
1989-09-06,3.0,3.0,3.0,3.0,1.706321358680725,0
1989-09-07,3.0,3.25,3.0,3.25,1.8485143184661865,1300
1989-09-08,3.0,3.0,3.0,3.0,1.706321358680725,100
1989-09-11,3.0,3.0,3.0,3.0,1.706321358680725,0
1989-09-12,3.0,3.25,3.0,3.0,1.706321358680725,600
1989-09-13,3.0,3.0,3.0,3.0,1.706321358680725,1500
1989-09-14,3.0,3.0,3.0,3.0,1.706321358680725,0
1989-09-15,3.0,3.0,3.0,3.0,1.706321358680725,0
1989-09-18,3.0,3.0,3.0,3.0,1.706321358680725,1300
1989-09-19,3.0,3.0,3.0,3.0,1.706321358680725,1500
1989-09-20,3.0,3.0,2.75,3.0,1.706321358680725,7900
1989-09-21,3.0,3.0,3.0,3.0,1.706321358680725,300
1989-09-22,3.0,3.0,3.0,3.0,1.706321358680725,0
1989-09-25,2.75,2.75,2.75,2.75,1.5641272068023682,1100
1989-09-26,2.75,3.0,2.75,2.75,1.5641272068023682,2700
1989-09-27,2.75,2.75,2.75,2.75,1.5641272068023682,0
1989-09-28,2.75,2.75,2.75,2.75,1.5641272068023682,0
1989-09-29,2.75,2.75,2.75,2.75,1.5641272068023682,0
1989-10-02,2.75,2.75,2.75,2.75,1.5641272068023682,0
1989-10-03,2.75,2.75,2.75,2.75,1.5641272068023682,3200
1989-10-04,2.75,3.0,2.75,2.75,1.5641272068023682,500
1989-10-05,2.75,3.0,2.75,2.75,1.5641272068023682,1700
1989-10-06,2.75,2.75,2.75,2.75,1.5641272068023682,1600
1989-10-09,2.75,2.75,2.75,2.75,1.5641272068023682,100
1989-10-10,2.75,3.0,2.75,3.0,1.706321358680725,1500
1989-10-11,2.75,2.75,2.75,2.75,1.5641272068023682,1100
1989-10-12,2.75,2.75,2.75,2.75,1.5641272068023682,0
1989-10-13,3.0,3.0,3.0,3.0,1.706321358680725,2600
1989-10-16,2.75,2.75,2.75,2.75,1.5641272068023682,4000
1989-10-17,2.75,2.75,2.75,2.75,1.5641272068023682,0
1989-10-18,3.0,3.0,3.0,3.0,1.706321358680725,300
1989-10-19,3.0,3.0,3.0,3.0,1.706321358680725,0
1989-10-20,2.75,2.75,2.75,2.75,1.5641272068023682,400
1989-10-23,2.75,2.75,2.75,2.75,1.5641272068023682,100
1989-10-24,2.75,2.75,2.75,2.75,1.5641272068023682,2500
1989-10-25,2.75,2.75,2.75,2.75,1.5641272068023682,500
1989-10-26,2.75,2.75,2.75,2.75,1.5641272068023682,0
1989-10-27,2.75,2.75,2.75,2.75,1.5641272068023682,0
1989-10-30,2.75,2.75,2.75,2.75,1.5641272068023682,100
1989-10-31,2.75,2.75,2.75,2.75,1.5641272068023682,500
1989-11-01,2.75,2.75,2.75,2.75,1.5641272068023682,500
1989-11-02,2.75,2.75,2.75,2.75,1.5641272068023682,1300
1989-11-03,2.75,2.75,2.75,2.75,1.5641272068023682,1500
1989-11-06,2.75,2.75,2.75,2.75,1.5641272068023682,100
1989-11-07,2.75,2.75,2.75,2.75,1.5641272068023682,0
1989-11-08,2.75,2.75,2.75,2.75,1.5641272068023682,400
1989-11-09,2.75,2.75,2.75,2.75,1.5641272068023682,0
1989-11-10,2.75,3.0,2.75,2.75,1.5641272068023682,4700
1989-11-13,2.75,2.75,2.75,2.75,1.5641272068023682,1400
1989-11-14,2.75,3.0,2.75,3.0,1.706321358680725,1700
1989-11-15,3.0,3.0,2.75,2.75,1.5641272068023682,300
1989-11-16,2.75,3.0,2.75,3.0,1.706321358680725,1300
1989-11-17,3.0,3.0,2.75,2.75,1.5641272068023682,400
1989-11-20,3.0,3.0,3.0,3.0,1.706321358680725,1400
1989-11-21,3.0,3.0,3.0,3.0,1.706321358680725,1500
1989-11-22,3.0,3.25,3.0,3.0,1.706321358680725,1000
1989-11-24,3.0,3.0,3.0,3.0,1.706321358680725,0
1989-11-27,3.0,3.0,3.0,3.0,1.706321358680725,1000
1989-11-28,3.0,3.0,3.0,3.0,1.706321358680725,0
1989-11-29,3.0,3.0,3.0,3.0,1.706321358680725,0
1989-11-30,3.0,3.0,3.0,3.0,1.706321358680725,100
1989-12-01,3.25,3.25,3.25,3.25,1.8485143184661865,3000
1989-12-04,3.25,3.5,3.0,3.5,1.9907084703445435,1300
1989-12-05,3.5,3.5,3.0,3.0,1.706321358680725,2300
1989-12-06,3.0,3.25,3.0,3.25,1.8485143184661865,600
1989-12-07,3.25,3.5,3.25,3.5,1.9907084703445435,5300
1989-12-08,3.5,3.5,3.5,3.5,1.9907084703445435,3600
1989-12-11,3.5,3.5,3.25,3.25,1.8485143184661865,600
1989-12-12,3.25,3.5,3.25,3.5,1.9907084703445435,800
1989-12-13,3.5,3.5,3.25,3.25,1.8485143184661865,900
1989-12-14,3.25,3.25,3.25,3.25,1.8485143184661865,0
1989-12-15,3.5,3.5,3.5,3.5,1.9907084703445435,200
1989-12-18,3.5,3.5,3.25,3.5,1.9907084703445435,4000
1989-12-19,3.25,3.25,3.25,3.25,1.8485143184661865,800
1989-12-20,3.25,3.25,3.25,3.25,1.8485143184661865,0
1989-12-21,3.25,3.25,3.25,3.25,1.8485143184661865,900
1989-12-22,3.25,3.25,3.25,3.25,1.8485143184661865,200
1989-12-26,3.25,3.25,3.25,3.25,1.8485143184661865,100
1989-12-27,3.25,3.25,3.25,3.25,1.8485143184661865,600
1989-12-28,3.25,3.25,3.25,3.25,1.8485143184661865,1500
1989-12-29,3.25,3.5,3.25,3.25,1.8485143184661865,2100
1990-01-02,3.5,3.5,3.5,3.5,1.9907084703445435,200
1990-01-03,3.5,3.5,3.5,3.5,1.9907084703445435,1500
1990-01-04,3.5,3.5,3.5,3.5,1.9907084703445435,8700
1990-01-05,3.5,3.75,3.5,3.5,1.9907084703445435,1600
1990-01-08,3.75,3.75,3.75,3.75,2.132901191711426,400
1990-01-09,3.75,3.75,3.75,3.75,2.132901191711426,1100
1990-01-10,3.75,3.75,3.5,3.5,1.9907084703445435,1600
1990-01-11,3.5,3.5,3.5,3.5,1.9907084703445435,0
1990-01-12,3.5,3.75,3.25,3.5,1.9907084703445435,2800
1990-01-15,3.5,3.5,3.5,3.5,1.9907084703445435,0
1990-01-16,3.5,3.75,3.5,3.75,2.132901191711426,800
1990-01-17,3.75,3.75,3.5,3.75,2.132901191711426,1700
1990-01-18,3.75,3.75,3.5,3.75,2.132901191711426,2000
1990-01-19,3.75,3.75,3.5,3.5,1.9907084703445435,1300
1990-01-22,3.5,3.5,3.5,3.5,1.9907084703445435,0
1990-01-23,3.5,3.75,3.5,3.75,2.132901191711426,700
1990-01-24,3.75,3.75,3.75,3.75,2.132901191711426,0
1990-01-25,3.5,3.5,3.5,3.5,1.9907084703445435,100
1990-01-26,3.5,3.5,3.5,3.5,1.9907084703445435,1400
1990-01-29,3.25,3.25,3.25,3.25,1.8485143184661865,9000
1990-01-30,3.25,3.25,3.0,3.0,1.706321358680725,3700
1990-01-31,3.0,3.0,3.0,3.0,1.706321358680725,10600
1990-02-01,3.0,3.0,3.0,3.0,1.706321358680725,0
1990-02-02,3.0,3.0,3.0,3.0,1.706321358680725,0
1990-02-05,3.0,3.0,3.0,3.0,1.706321358680725,0
1990-02-06,3.0,3.25,3.0,3.25,1.8485143184661865,1200
1990-02-07,3.25,3.25,3.25,3.25,1.8485143184661865,0
1990-02-08,3.25,3.25,3.25,3.25,1.8485143184661865,300
1990-02-09,3.25,3.25,3.25,3.25,1.8485143184661865,600
1990-02-12,3.25,3.5,3.0,3.25,1.8485143184661865,5700
1990-02-13,3.25,3.5,3.25,3.5,1.9907084703445435,8300
1990-02-14,3.5,3.5,3.25,3.25,1.8485143184661865,2100
1990-02-15,3.25,3.75,3.25,3.75,2.132901191711426,11000
1990-02-16,3.75,4.25,3.75,4.25,2.417288303375244,10200
1990-02-20,4.25,4.25,4.0,4.25,2.417288303375244,8200
1990-02-21,4.0,4.0,3.75,4.0,2.275094985961914,1600
1990-02-22,4.0,4.0,4.0,4.0,2.275094985961914,9500
1990-02-23,4.0,4.0,4.0,4.0,2.275094985961914,1100
1990-02-26,4.0,4.0,3.75,4.0,2.275094985961914,1600
1990-02-27,4.0,4.25,4.0,4.25,2.417288303375244,14200
1990-02-28,4.25,4.5,4.25,4.5,2.559481382369995,11400
1990-03-01,4.5,5.0,4.5,5.0,2.8438682556152344,13100
1990-03-02,4.75,4.75,4.75,4.75,2.701674699783325,2700
1990-03-05,4.75,4.75,4.5,4.5,2.559481382369995,400
1990-03-06,4.5,5.0,4.5,5.0,2.8438682556152344,15500
1990-03-07,5.0,5.0,4.75,4.75,2.701674699783325,7400
1990-03-08,4.75,5.0,4.5,5.0,2.8438682556152344,11500
1990-03-09,4.75,4.75,4.25,4.25,2.417288303375244,6500
1990-03-12,4.25,4.25,4.25,4.25,2.417288303375244,6200
1990-03-13,4.25,4.25,4.0,4.25,2.417288303375244,9800
1990-03-14,4.25,4.25,4.0,4.0,2.275094985961914,4400
1990-03-15,4.25,4.25,4.25,4.25,2.417288303375244,2700
1990-03-16,4.25,4.5,4.25,4.25,2.417288303375244,4700
1990-03-19,4.25,4.25,4.0,4.25,2.417288303375244,6900
1990-03-20,4.25,4.5,4.25,4.5,2.559481382369995,5500
1990-03-21,4.5,4.75,4.5,4.75,2.701674699783325,5200
1990-03-22,4.75,4.75,4.5,4.5,2.559481382369995,7700
1990-03-23,4.5,4.75,4.5,4.75,2.701674699783325,6300
1990-03-26,4.75,4.75,4.5,4.75,2.701674699783325,1500
1990-03-27,4.75,4.75,4.75,4.75,2.701674699783325,2200
1990-03-28,4.75,4.75,4.5,4.5,2.559481382369995,600
1990-03-29,4.5,5.0,4.5,4.5,2.559481382369995,4900
1990-03-30,4.5,4.75,4.5,4.75,2.701674699783325,1800
1990-04-02,4.75,4.75,4.5,4.5,2.559481382369995,600
1990-04-03,4.5,4.75,4.5,4.75,2.701674699783325,4800
1990-04-04,4.75,4.75,4.5,4.75,2.701674699783325,3300
1990-04-05,4.5,4.5,4.5,4.5,2.559481382369995,6000
1990-04-06,4.5,4.5,4.5,4.5,2.559481382369995,1900
1990-04-09,4.5,4.5,4.5,4.5,2.559481382369995,900
1990-04-10,4.5,4.75,4.5,4.75,2.701674699783325,2300
1990-04-11,4.5,4.5,4.0,4.0,2.275094985961914,6000
1990-04-12,3.75,3.75,3.75,3.75,2.132901191711426,400
1990-04-16,3.75,3.75,3.75,3.75,2.132901191711426,200
1990-04-17,3.75,4.0,3.75,3.75,2.132901191711426,3400
1990-04-18,4.0,4.0,4.0,4.0,2.275094985961914,2100
1990-04-19,4.0,4.0,3.75,3.75,2.132901191711426,700
1990-04-20,3.75,3.75,3.75,3.75,2.132901191711426,1100
1990-04-23,3.75,3.75,3.75,3.75,2.132901191711426,800
1990-04-24,3.75,3.75,3.75,3.75,2.132901191711426,0
1990-04-25,3.75,3.75,3.75,3.75,2.132901191711426,100
1990-04-26,3.75,3.75,3.75,3.75,2.132901191711426,300
1990-04-27,3.75,3.75,3.75,3.75,2.132901191711426,700
1990-04-30,3.75,4.0,3.75,4.0,2.275094985961914,600
1990-05-01,4.0,4.0,3.75,4.0,2.275094985961914,4000
1990-05-02,4.0,4.0,3.75,3.75,2.132901191711426,1900
1990-05-03,3.75,4.0,3.75,4.0,2.275094985961914,800
1990-05-04,4.0,4.0,4.0,4.0,2.275094985961914,300
1990-05-07,4.0,4.0,4.0,4.0,2.275094985961914,0
1990-05-08,4.0,4.0,4.0,4.0,2.275094985961914,0
1990-05-09,4.0,4.0,3.75,3.75,2.132901191711426,1800
1990-05-10,3.75,4.0,3.75,3.75,2.132901191711426,1100
1990-05-11,3.75,4.0,3.75,3.75,2.132901191711426,800
1990-05-14,3.75,3.75,3.75,3.75,2.132901191711426,1400
1990-05-15,3.75,3.75,3.75,3.75,2.132901191711426,1500
1990-05-16,3.75,4.0,3.75,3.75,2.132901191711426,3800
1990-05-17,3.75,3.75,3.5,3.75,2.132901191711426,4700
1990-05-18,3.5,3.5,3.5,3.5,1.9907084703445435,100
1990-05-21,3.5,3.75,3.5,3.5,1.9907084703445435,800
1990-05-22,3.5,3.75,3.5,3.75,2.132901191711426,2500
1990-05-23,3.75,3.75,3.75,3.75,2.132901191711426,0
1990-05-24,3.75,3.75,3.75,3.75,2.132901191711426,800
1990-05-25,3.75,3.75,3.5,3.75,2.132901191711426,900
1990-05-29,3.75,3.75,3.5,3.5,1.9907084703445435,2000
1990-05-30,3.75,3.75,3.75,3.75,2.132901191711426,100
1990-05-31,3.75,4.0,3.75,4.0,2.275094985961914,300
1990-06-01,3.75,3.75,3.75,3.75,2.132901191711426,900
1990-06-04,3.5,3.5,3.5,3.5,1.9907084703445435,3500
1990-06-05,3.5,3.75,3.5,3.75,2.132901191711426,1500
1990-06-06,3.5,3.5,3.5,3.5,1.9907084703445435,500
1990-06-07,3.5,3.5,3.5,3.5,1.9907084703445435,0
1990-06-08,3.5,3.5,3.5,3.5,1.9907084703445435,300
1990-06-11,3.5,3.5,3.5,3.5,1.9907084703445435,0
1990-06-12,3.5,3.5,3.5,3.5,1.9907084703445435,500
1990-06-13,3.5,3.5,3.5,3.5,1.9907084703445435,1300
1990-06-14,3.5,3.5,3.5,3.5,1.9907084703445435,1000
1990-06-15,3.25,3.25,3.25,3.25,1.8485143184661865,1200
1990-06-18,3.25,3.5,3.25,3.25,1.8485143184661865,900
1990-06-19,3.5,3.5,3.5,3.5,1.9907084703445435,200
1990-06-20,3.25,3.25,3.25,3.25,1.8485143184661865,1100
1990-06-21,3.25,3.25,3.25,3.25,1.8485143184661865,2900
1990-06-22,3.25,3.5,3.0,3.5,1.9907084703445435,17300
1990-06-25,3.5,3.5,3.5,3.5,1.9907084703445435,0
1990-06-26,3.25,3.25,3.25,3.25,1.8485143184661865,1000
1990-06-27,3.25,3.25,3.25,3.25,1.8485143184661865,0
1990-06-28,3.25,3.25,3.25,3.25,1.8485143184661865,300
1990-06-29,3.25,3.25,3.25,3.25,1.8485143184661865,0
1990-07-02,3.25,3.25,3.25,3.25,1.8485143184661865,1100
1990-07-03,3.0,3.0,3.0,3.0,1.706321358680725,1600
1990-07-05,3.25,3.25,3.25,3.25,1.8485143184661865,400
1990-07-06,3.25,3.25,3.25,3.25,1.8485143184661865,0
1990-07-09,3.25,3.25,3.25,3.25,1.8485143184661865,0
1990-07-10,3.25,3.25,3.0,3.25,1.8485143184661865,1800
1990-07-11,3.25,3.25,3.0,3.25,1.8485143184661865,900
1990-07-12,3.25,3.5,3.0,3.25,1.8485143184661865,6700
1990-07-13,3.25,3.25,3.0,3.0,1.706321358680725,11700
1990-07-16,3.0,3.0,3.0,3.0,1.706321358680725,200
1990-07-17,3.0,3.0,3.0,3.0,1.706321358680725,0
1990-07-18,3.0,3.0,3.0,3.0,1.706321358680725,300
1990-07-19,3.0,3.0,3.0,3.0,1.706321358680725,1600
1990-07-20,3.0,3.0,3.0,3.0,1.706321358680725,200
1990-07-23,3.0,3.0,2.75,3.0,1.706321358680725,2000
1990-07-24,2.75,2.75,2.75,2.75,1.5641272068023682,500
1990-07-25,3.0,3.0,3.0,3.0,1.706321358680725,1300
1990-07-26,3.0,3.25,3.0,3.25,1.8485143184661865,2900
1990-07-27,3.25,3.25,3.0,3.25,1.8485143184661865,6000
1990-07-30,3.25,3.25,3.0,3.0,1.706321358680725,800
1990-07-31,3.0,3.0,3.0,3.0,1.706321358680725,100
1990-08-01,3.0,3.25,3.0,3.0,1.706321358680725,1100
1990-08-02,3.25,3.5,3.25,3.5,1.9907084703445435,5000
1990-08-03,3.5,4.0,3.5,3.75,2.132901191711426,29100
1990-08-06,3.75,4.0,3.75,4.0,2.275094985961914,7700
1990-08-07,4.0,4.0,3.75,3.75,2.132901191711426,10400
1990-08-08,3.75,4.0,3.75,3.75,2.132901191711426,7400
1990-08-09,3.75,3.75,3.75,3.75,2.132901191711426,500
1990-08-10,3.75,3.75,3.75,3.75,2.132901191711426,800
1990-08-13,3.75,4.0,3.75,3.75,2.132901191711426,700
1990-08-14,3.5,3.5,3.5,3.5,1.9907084703445435,800
1990-08-15,3.5,3.5,3.25,3.25,1.8485143184661865,3100
1990-08-16,3.5,3.5,3.5,3.5,1.9907084703445435,800
1990-08-17,3.25,3.25,3.25,3.25,1.8485143184661865,2000
1990-08-20,3.25,3.25,3.0,3.0,1.706321358680725,2000
1990-08-21,3.0,3.0,2.75,2.75,1.5641272068023682,15000
1990-08-22,2.75,3.0,2.75,3.0,1.706321358680725,2600
1990-08-23,3.0,3.0,2.75,3.0,1.706321358680725,1200
1990-08-24,3.0,3.0,2.75,3.0,1.706321358680725,3300
1990-08-27,3.0,3.0,2.75,2.75,1.5641272068023682,14800
1990-08-28,2.75,3.0,2.75,2.75,1.5641272068023682,12600
1990-08-29,2.75,2.75,2.75,2.75,1.5641272068023682,4800
1990-08-30,3.0,3.0,3.0,3.0,1.706321358680725,3100
1990-08-31,3.0,3.0,2.75,2.75,1.5641272068023682,1600
1990-09-04,2.75,2.75,2.5,2.75,1.5641272068023682,8100
1990-09-05,2.75,2.75,2.5,2.5,1.4219341278076172,1500
1990-09-06,2.5,2.75,2.5,2.75,1.5641272068023682,8600
1990-09-07,2.5,2.5,2.5,2.5,1.4219341278076172,1900
1990-09-10,2.5,2.5,2.5,2.5,1.4219341278076172,0
1990-09-11,2.5,2.75,2.5,2.5,1.4219341278076172,4100
1990-09-12,2.5,2.75,2.5,2.75,1.5641272068023682,9200
1990-09-13,2.75,2.75,2.5,2.75,1.5641272068023682,1900
1990-09-14,2.75,2.75,2.75,2.75,1.5641272068023682,0
1990-09-17,2.75,2.75,2.75,2.75,1.5641272068023682,0
1990-09-18,2.75,2.75,2.5,2.5,1.4219341278076172,3300
1990-09-19,2.5,2.5,2.25,2.5,1.4219341278076172,7000
1990-09-20,2.5,2.5,2.25,2.5,1.4219341278076172,2900
1990-09-21,2.5,2.5,2.25,2.25,1.2797406911849976,2400
1990-09-24,2.25,2.25,2.25,2.25,1.2797406911849976,200
1990-09-25,2.25,2.25,2.25,2.25,1.2797406911849976,600
1990-09-26,2.25,2.5,2.25,2.25,1.2797406911849976,2900
1990-09-27,2.25,2.25,2.25,2.25,1.2797406911849976,0
1990-09-28,2.25,2.25,2.25,2.25,1.2797406911849976,600
1990-10-01,2.5,2.5,2.5,2.5,1.4219341278076172,1000
1990-10-02,2.75,2.75,2.75,2.75,1.5641272068023682,100
1990-10-03,2.5,2.5,2.25,2.25,1.2797406911849976,4500
1990-10-04,2.25,2.5,2.25,2.25,1.2797406911849976,3600
1990-10-05,2.5,2.5,2.5,2.5,1.4219341278076172,1000
1990-10-08,2.5,2.5,2.5,2.5,1.4219341278076172,0
1990-10-09,2.5,2.5,2.5,2.5,1.4219341278076172,500
1990-10-10,2.25,2.25,2.25,2.25,1.2797406911849976,2700
1990-10-11,2.25,2.25,2.25,2.25,1.2797406911849976,600
1990-10-12,2.25,2.25,2.25,2.25,1.2797406911849976,0
1990-10-15,2.25,2.25,2.25,2.25,1.2797406911849976,1500
1990-10-16,2.25,2.25,2.25,2.25,1.2797406911849976,0
1990-10-17,2.25,2.25,1.75,1.75,0.9953542351722717,11600
1990-10-18,1.75,2.0,1.75,2.0,1.137547492980957,2300
1990-10-19,2.0,2.25,2.0,2.25,1.2797406911849976,2000
1990-10-22,2.25,2.25,1.75,1.875,1.066450595855713,7700
1990-10-23,1.875,2.0,1.75,2.0,1.137547492980957,6100
1990-10-24,2.25,2.25,2.25,2.25,1.2797406911849976,1500
1990-10-25,2.25,2.25,2.25,2.25,1.2797406911849976,1300
1990-10-26,2.0,2.0,2.0,2.0,1.137547492980957,1300
1990-10-29,2.0,2.0,1.875,2.0,1.137547492980957,1300
1990-10-30,1.875,1.875,1.875,1.875,1.066450595855713,300
1990-10-31,1.875,2.0,1.75,1.75,0.9953542351722717,6000
1990-11-01,1.875,2.0,1.875,2.0,1.137547492980957,1600
1990-11-02,2.0,2.0,2.0,2.0,1.137547492980957,0
1990-11-05,2.0,2.0,2.0,2.0,1.137547492980957,1400
1990-11-06,2.0,2.0,1.875,2.0,1.137547492980957,200
1990-11-07,2.25,2.25,2.25,2.25,1.2797406911849976,100
1990-11-08,2.25,2.25,2.25,2.25,1.2797406911849976,600
1990-11-09,2.25,2.25,2.25,2.25,1.2797406911849976,0
1990-11-12,2.0,2.0,2.0,2.0,1.137547492980957,400
1990-11-13,2.0,2.0,2.0,2.0,1.137547492980957,2500
1990-11-14,2.0,2.0,2.0,2.0,1.137547492980957,2600
1990-11-15,2.0,2.0,2.0,2.0,1.137547492980957,0
1990-11-16,2.0,2.0,2.0,2.0,1.137547492980957,0
1990-11-19,2.25,2.25,2.25,2.25,1.2797406911849976,1500
1990-11-20,2.25,2.25,2.0,2.25,1.2797406911849976,3000
1990-11-21,2.25,2.25,2.25,2.25,1.2797406911849976,300
1990-11-23,2.25,2.25,2.25,2.25,1.2797406911849976,0
1990-11-26,2.0,2.0,2.0,2.0,1.137547492980957,3100
1990-11-27,2.0,2.0,2.0,2.0,1.137547492980957,0
1990-11-28,2.0,2.0,2.0,2.0,1.137547492980957,1000
1990-11-29,2.0,2.0,2.0,2.0,1.137547492980957,500
1990-11-30,2.0,2.0,1.875,2.0,1.137547492980957,2100
1990-12-03,2.0,2.25,2.0,2.0,1.137547492980957,1600
1990-12-04,2.0,2.0,2.0,2.0,1.137547492980957,500
1990-12-05,2.0,2.0,2.0,2.0,1.137547492980957,200
1990-12-06,2.25,2.25,2.25,2.25,1.2797406911849976,1000
1990-12-07,2.0,2.0,2.0,2.0,1.137547492980957,100
1990-12-10,2.0,2.0,2.0,2.0,1.137547492980957,200
1990-12-11,2.0,2.25,2.0,2.25,1.2797406911849976,400
1990-12-12,2.0,2.0,2.0,2.0,1.137547492980957,600
1990-12-13,2.0,2.25,2.0,2.0,1.137547492980957,1200
1990-12-14,2.0,2.0,2.0,2.0,1.137547492980957,3500
1990-12-17,2.0,2.0,2.0,2.0,1.137547492980957,600
1990-12-18,2.0,2.0,2.0,2.0,1.137547492980957,300
1990-12-19,2.0,2.5,2.0,2.5,1.4219341278076172,12800
1990-12-20,2.25,2.25,2.25,2.25,1.2797406911849976,6000
1990-12-21,2.25,2.25,2.25,2.25,1.2797406911849976,1300
1990-12-24,2.25,2.25,2.25,2.25,1.2797406911849976,300
1990-12-26,2.25,2.25,2.25,2.25,1.2797406911849976,1300
1990-12-27,2.25,2.25,2.0,2.25,1.2797406911849976,1000
1990-12-28,2.25,2.25,2.0,2.25,1.2797406911849976,1100
1990-12-31,2.5,2.75,2.5,2.75,1.5641272068023682,9600
1991-01-02,2.5,2.5,2.5,2.5,1.4219341278076172,1300
1991-01-03,2.5,2.5,2.5,2.5,1.4219341278076172,500
1991-01-04,2.5,2.5,2.5,2.5,1.4219341278076172,0
1991-01-07,2.5,2.75,2.5,2.5,1.4219341278076172,500
1991-01-08,2.5,2.5,2.5,2.5,1.4219341278076172,500
1991-01-09,2.5,2.5,2.25,2.25,1.2797406911849976,600
1991-01-10,2.25,2.25,2.25,2.25,1.2797406911849976,100
1991-01-11,2.25,2.25,2.25,2.25,1.2797406911849976,0
1991-01-14,2.25,2.25,2.25,2.25,1.2797406911849976,0
1991-01-15,2.5,2.5,2.5,2.5,1.4219341278076172,1300
1991-01-16,2.5,2.5,2.5,2.5,1.4219341278076172,100
1991-01-17,2.5,2.5,2.5,2.5,1.4219341278076172,900
1991-01-18,2.5,2.75,2.5,2.5,1.4219341278076172,1200
1991-01-21,2.5,2.75,2.5,2.75,1.5641272068023682,100
1991-01-22,2.75,2.75,2.75,2.75,1.5641272068023682,100
1991-01-23,2.75,2.75,2.75,2.75,1.5641272068023682,0
1991-01-24,2.75,2.75,2.75,2.75,1.5641272068023682,400
1991-01-25,2.5,2.5,2.5,2.5,1.4219341278076172,500
1991-01-28,2.5,2.75,2.5,2.75,1.5641272068023682,1300
1991-01-29,2.75,2.75,2.75,2.75,1.5641272068023682,100
1991-01-30,2.5,2.5,2.5,2.5,1.4219341278076172,100
1991-01-31,2.5,2.5,2.5,2.5,1.4219341278076172,100
1991-02-01,2.5,2.5,2.5,2.5,1.4219341278076172,0
1991-02-04,2.5,2.5,2.5,2.5,1.4219341278076172,0
1991-02-05,2.5,2.5,2.5,2.5,1.4219341278076172,2300
1991-02-06,2.5,2.5,2.5,2.5,1.4219341278076172,500
1991-02-07,2.5,2.5,2.5,2.5,1.4219341278076172,1700
1991-02-08,2.75,2.75,2.75,2.75,1.5641272068023682,1700
1991-02-11,2.75,2.75,2.75,2.75,1.5641272068023682,1000
1991-02-12,2.75,2.75,2.75,2.75,1.5641272068023682,600
1991-02-13,2.75,2.75,2.75,2.75,1.5641272068023682,0
1991-02-14,2.75,2.75,2.75,2.75,1.5641272068023682,0
1991-02-15,2.75,2.75,2.5,2.5,1.4219341278076172,5000
1991-02-19,2.5,2.5,2.5,2.5,1.4219341278076172,6300
1991-02-20,2.5,2.5,2.5,2.5,1.4219341278076172,300
1991-02-21,2.5,2.5,2.5,2.5,1.4219341278076172,900
1991-02-22,2.75,2.75,2.75,2.75,1.5641272068023682,300
1991-02-25,2.75,2.75,2.25,2.5,1.4219341278076172,8800
1991-02-26,2.75,2.75,2.75,2.75,1.5641272068023682,100
1991-02-27,2.5,2.5,2.5,2.5,1.4219341278076172,1000
1991-02-28,2.75,2.75,2.75,2.75,1.5641272068023682,2500
1991-03-01,2.75,2.75,2.5,2.5,1.4219341278076172,5400
1991-03-04,2.75,2.75,2.75,2.75,1.5641272068023682,3100
1991-03-05,2.75,2.75,2.5,2.5,1.4219341278076172,4100
1991-03-06,2.5,2.75,2.5,2.75,1.5641272068023682,4000
1991-03-07,2.75,3.25,2.75,3.25,1.8485143184661865,13200
1991-03-08,3.25,4.0,3.25,4.0,2.275094985961914,18300
1991-03-11,4.0,4.0,3.5,3.5,1.9907084703445435,9200
1991-03-12,3.5,3.5,3.0,3.0,1.706321358680725,5700
1991-03-13,3.0,3.25,3.0,3.25,1.8485143184661865,5000
1991-03-14,3.25,3.25,3.0,3.25,1.8485143184661865,10600
1991-03-15,3.25,3.25,3.25,3.25,1.8485143184661865,100
1991-03-18,3.25,3.5,3.25,3.25,1.8485143184661865,4300
1991-03-19,3.25,3.25,3.25,3.25,1.8485143184661865,4000
1991-03-20,3.25,3.25,3.0,3.25,1.8485143184661865,2000
1991-03-21,3.25,3.25,3.25,3.25,1.8485143184661865,0
1991-03-22,3.25,3.25,3.25,3.25,1.8485143184661865,500
1991-03-25,3.25,3.5,3.0,3.5,1.9907084703445435,5000
1991-03-26,3.25,3.25,3.25,3.25,1.8485143184661865,100
1991-03-27,3.25,3.25,3.0,3.0,1.706321358680725,1100
1991-03-28,3.0,3.25,3.0,3.0,1.706321358680725,1500
1991-04-01,3.0,3.25,3.0,3.0,1.706321358680725,200
1991-04-02,3.0,3.25,3.0,3.25,1.8485143184661865,1400
1991-04-03,3.25,3.25,3.0,3.0,1.706321358680725,1300
1991-04-04,3.0,3.25,3.0,3.25,1.8485143184661865,2200
1991-04-05,3.25,3.25,3.25,3.25,1.8485143184661865,500
1991-04-08,3.25,3.25,3.25,3.25,1.8485143184661865,0
1991-04-09,3.25,3.5,3.25,3.5,1.9907084703445435,6000
1991-04-10,3.75,4.0,3.75,4.0,2.275094985961914,6700
1991-04-11,4.0,4.0,3.75,3.75,2.132901191711426,6200
1991-04-12,3.75,3.75,3.5,3.75,2.132901191711426,1000
1991-04-15,3.75,3.75,3.5,3.75,2.132901191711426,2400
1991-04-16,3.75,4.0,3.75,3.75,2.132901191711426,6200
1991-04-17,3.75,4.0,3.75,3.75,2.132901191711426,8300
1991-04-18,3.75,3.75,3.5,3.75,2.132901191711426,1200
1991-04-19,3.75,3.75,3.5,3.75,2.132901191711426,6000
1991-04-22,3.75,3.75,3.75,3.75,2.132901191711426,1000
1991-04-23,3.75,3.75,3.75,3.75,2.132901191711426,500
1991-04-24,3.75,3.75,3.5,3.75,2.132901191711426,6800
1991-04-25,3.5,3.5,3.5,3.5,1.9907084703445435,300
1991-04-26,3.5,3.5,3.25,3.5,1.9907084703445435,5800
1991-04-29,3.5,3.5,3.25,3.5,1.9907084703445435,1000
1991-04-30,3.5,3.5,3.5,3.5,1.9907084703445435,300
1991-05-01,3.5,3.5,3.5,3.5,1.9907084703445435,3300
1991-05-02,3.5,3.5,3.5,3.5,1.9907084703445435,0
1991-05-03,3.5,3.5,3.25,3.25,1.8485143184661865,600
1991-05-06,3.25,3.5,3.25,3.25,1.8485143184661865,1900
1991-05-07,3.5,3.5,3.5,3.5,1.9907084703445435,5700
1991-05-08,3.5,3.5,3.5,3.5,1.9907084703445435,4500
1991-05-09,3.5,3.5,3.25,3.5,1.9907084703445435,3500
1991-05-10,3.25,3.25,3.25,3.25,1.8485143184661865,1400
1991-05-13,3.25,3.25,3.25,3.25,1.8485143184661865,0
1991-05-14,3.25,3.25,3.25,3.25,1.8485143184661865,2600
1991-05-15,3.25,3.25,3.0,3.25,1.8485143184661865,6900
1991-05-16,3.25,3.25,3.25,3.25,1.8485143184661865,500
1991-05-17,3.0,3.0,3.0,3.0,1.706321358680725,900
1991-05-20,3.0,3.25,3.0,3.0,1.706321358680725,1700
1991-05-21,3.0,3.0,3.0,3.0,1.706321358680725,1300
1991-05-22,3.25,3.25,3.25,3.25,1.8485143184661865,2000
1991-05-23,3.0,3.0,3.0,3.0,1.706321358680725,300
1991-05-24,3.0,3.0,2.75,2.75,1.5641272068023682,3300
1991-05-28,3.0,3.0,3.0,3.0,1.706321358680725,700
1991-05-29,3.0,3.0,2.75,2.75,1.5641272068023682,300
1991-05-30,2.75,3.0,2.75,3.0,1.706321358680725,1100
1991-05-31,3.0,3.0,3.0,3.0,1.706321358680725,800
1991-06-03,2.75,2.75,2.75,2.75,1.5641272068023682,500
1991-06-04,3.0,3.0,3.0,3.0,1.706321358680725,300
1991-06-05,3.0,3.0,3.0,3.0,1.706321358680725,0
1991-06-06,2.75,2.75,2.75,2.75,1.5641272068023682,300
1991-06-07,2.75,2.75,2.75,2.75,1.5641272068023682,0
1991-06-10,3.0,3.0,3.0,3.0,1.706321358680725,2000
1991-06-11,3.0,3.0,3.0,3.0,1.706321358680725,0
1991-06-12,2.75,2.75,2.75,2.75,1.5641272068023682,1000
1991-06-13,2.75,2.75,2.75,2.75,1.5641272068023682,0
1991-06-14,3.0,3.0,3.0,3.0,1.706321358680725,300
1991-06-17,3.0,3.0,3.0,3.0,1.706321358680725,200
1991-06-18,3.25,3.25,3.25,3.25,1.8485143184661865,100
1991-06-19,3.0,3.0,3.0,3.0,1.706321358680725,1300
1991-06-20,3.0,3.0,3.0,3.0,1.706321358680725,0
1991-06-21,3.0,3.0,3.0,3.0,1.706321358680725,500
1991-06-24,3.0,3.0,3.0,3.0,1.706321358680725,8200
1991-06-25,3.0,3.0,3.0,3.0,1.706321358680725,0
1991-06-26,2.75,2.75,2.75,2.75,1.5641272068023682,500
1991-06-27,2.75,2.75,2.75,2.75,1.5641272068023682,4300
1991-06-28,2.75,2.75,2.75,2.75,1.5641272068023682,500
1991-07-01,2.75,2.75,2.75,2.75,1.5641272068023682,0
1991-07-02,2.75,2.75,2.75,2.75,1.5641272068023682,0
1991-07-03,2.75,3.0,2.75,2.75,1.5641272068023682,1000
1991-07-05,2.75,2.75,2.75,2.75,1.5641272068023682,0
1991-07-08,2.75,2.75,2.75,2.75,1.5641272068023682,3500
1991-07-09,2.5,2.5,2.5,2.5,1.4219341278076172,7800
1991-07-10,2.5,2.5,2.5,2.5,1.4219341278076172,1000
1991-07-11,2.5,2.75,2.5,2.5,1.4219341278076172,5100
1991-07-12,2.5,2.75,2.5,2.75,1.5641272068023682,1600
1991-07-15,2.5,2.5,2.5,2.5,1.4219341278076172,1700
1991-07-16,2.5,2.5,2.5,2.5,1.4219341278076172,100
1991-07-17,2.5,2.5,2.5,2.5,1.4219341278076172,3500
1991-07-18,2.75,2.75,2.75,2.75,1.5641272068023682,2500
1991-07-19,2.75,3.0,2.75,3.0,1.706321358680725,500
1991-07-22,3.0,3.0,2.75,3.0,1.706321358680725,1100
1991-07-23,2.75,2.75,2.75,2.75,1.5641272068023682,700
1991-07-24,2.5,2.5,2.5,2.5,1.4219341278076172,200
1991-07-25,2.75,2.75,2.75,2.75,1.5641272068023682,200
1991-07-26,2.75,3.0,2.75,3.0,1.706321358680725,300
1991-07-29,2.75,2.75,2.75,2.75,1.5641272068023682,300
1991-07-30,3.0,3.0,3.0,3.0,1.706321358680725,100
1991-07-31,3.0,3.0,3.0,3.0,1.706321358680725,100
1991-08-01,3.0,3.0,3.0,3.0,1.706321358680725,100
1991-08-02,3.0,3.0,3.0,3.0,1.706321358680725,100
1991-08-05,3.0,3.0,3.0,3.0,1.706321358680725,100
1991-08-06,3.0,3.0,3.0,3.0,1.706321358680725,100
1991-08-07,2.75,2.75,2.75,2.75,1.5641272068023682,4200
1991-08-08,2.75,2.75,2.5,2.5,1.4219341278076172,1800
1991-08-09,2.5,2.5,2.5,2.5,1.4219341278076172,1000
1991-08-12,2.5,2.75,2.5,2.5,1.4219341278076172,1200
1991-08-13,2.5,2.75,2.5,2.75,1.5641272068023682,500
1991-08-14,2.75,2.75,2.5,2.75,1.5641272068023682,500
1991-08-15,2.75,2.75,2.75,2.75,1.5641272068023682,1500
1991-08-16,2.75,2.75,2.75,2.75,1.5641272068023682,0
1991-08-19,2.75,2.75,2.5,2.5,1.4219341278076172,2000
1991-08-20,2.5,2.75,2.5,2.75,1.5641272068023682,200
1991-08-21,2.75,2.75,2.5,2.5,1.4219341278076172,600
1991-08-22,2.5,2.5,2.5,2.5,1.4219341278076172,100
1991-08-23,2.5,2.5,2.5,2.5,1.4219341278076172,2200
1991-08-26,2.5,2.5,2.5,2.5,1.4219341278076172,100
1991-08-27,2.75,2.75,2.75,2.75,1.5641272068023682,100
1991-08-28,2.5,2.5,2.5,2.5,1.4219341278076172,600
1991-08-29,2.75,2.75,2.75,2.75,1.5641272068023682,2500
1991-08-30,2.75,2.75,2.75,2.75,1.5641272068023682,2700
1991-09-03,2.75,2.75,2.5,2.5,1.4219341278076172,1700
1991-09-04,2.5,2.75,2.5,2.5,1.4219341278076172,1800
1991-09-05,2.5,2.75,2.5,2.75,1.5641272068023682,900
1991-09-06,2.75,2.75,2.5,2.75,1.5641272068023682,8500
1991-09-09,2.75,2.75,2.75,2.75,1.5641272068023682,100
1991-09-10,2.75,2.75,2.75,2.75,1.5641272068023682,1900
1991-09-11,2.75,2.75,2.75,2.75,1.5641272068023682,1200
1991-09-12,2.75,2.75,2.75,2.75,1.5641272068023682,2000
1991-09-13,2.75,2.75,2.75,2.75,1.5641272068023682,100
1991-09-16,2.75,2.75,2.75,2.75,1.5641272068023682,3200
1991-09-17,2.5,2.5,2.5,2.5,1.4219341278076172,2100
1991-09-18,2.5,2.5,2.5,2.5,1.4219341278076172,1000
1991-09-19,2.5,2.75,2.5,2.75,1.5641272068023682,2100
1991-09-20,2.75,2.75,2.5,2.5,1.4219341278076172,4600
1991-09-23,2.75,2.75,2.75,2.75,1.5641272068023682,100
1991-09-24,2.75,3.25,2.75,3.25,1.8485143184661865,17000
1991-09-25,3.25,3.5,3.25,3.25,1.8485143184661865,9500
1991-09-26,3.25,3.25,3.0,3.0,1.706321358680725,1900
1991-09-27,3.25,3.25,3.25,3.25,1.8485143184661865,100
1991-09-30,3.25,3.25,3.25,3.25,1.8485143184661865,300
1991-10-01,3.25,3.25,3.25,3.25,1.8485143184661865,100
1991-10-02,3.0,3.0,3.0,3.0,1.706321358680725,100
1991-10-03,3.0,3.0,2.75,2.75,1.5641272068023682,8600
1991-10-04,3.0,3.25,3.0,3.0,1.706321358680725,1400
1991-10-07,3.25,3.25,3.25,3.25,1.8485143184661865,100
1991-10-08,3.0,3.0,3.0,3.0,1.706321358680725,1300
1991-10-09,3.25,3.25,3.25,3.25,1.8485143184661865,100
1991-10-10,3.0,3.0,3.0,3.0,1.706321358680725,100
1991-10-11,3.0,3.0,3.0,3.0,1.706321358680725,3500
1991-10-14,3.0,3.0,3.0,3.0,1.706321358680725,100
1991-10-15,3.0,3.0,3.0,3.0,1.706321358680725,4500
1991-10-16,3.25,3.25,3.25,3.25,1.8485143184661865,100
1991-10-17,3.0,3.0,2.75,3.0,1.706321358680725,5500
1991-10-18,3.0,3.0,3.0,3.0,1.706321358680725,1200
1991-10-21,3.0,3.0,3.0,3.0,1.706321358680725,600
1991-10-22,3.0,3.0,3.0,3.0,1.706321358680725,1600
1991-10-23,3.0,3.0,3.0,3.0,1.706321358680725,3100
1991-10-24,2.75,2.75,2.75,2.75,1.5641272068023682,500
1991-10-25,3.0,3.0,3.0,3.0,1.706321358680725,1000
1991-10-28,3.0,3.0,3.0,3.0,1.706321358680725,500
1991-10-29,3.0,3.0,3.0,3.0,1.706321358680725,100
1991-10-30,3.0,3.25,3.0,3.25,1.8485143184661865,700
1991-10-31,3.25,3.25,3.25,3.25,1.8485143184661865,100
1991-11-01,3.25,3.25,3.25,3.25,1.8485143184661865,600
1991-11-04,3.0,3.0,3.0,3.0,1.706321358680725,900
1991-11-05,3.0,3.0,3.0,3.0,1.706321358680725,500
1991-11-06,2.75,2.75,2.75,2.75,1.5641272068023682,44800
1991-11-07,2.75,3.0,2.75,3.0,1.706321358680725,25800
1991-11-08,3.0,3.5,3.0,3.25,1.8485143184661865,37300
1991-11-11,3.25,3.25,3.0,3.0,1.706321358680725,15400
1991-11-12,3.0,3.25,3.0,3.0,1.706321358680725,24900
1991-11-13,3.0,3.25,3.0,3.0,1.706321358680725,2500
1991-11-14,3.0,3.25,3.0,3.25,1.8485143184661865,5000
1991-11-15,3.25,3.25,3.0,3.0,1.706321358680725,1900
1991-11-18,3.0,3.0,2.75,3.0,1.706321358680725,6400
1991-11-19,3.0,3.0,2.75,3.0,1.706321358680725,1500
1991-11-20,3.0,3.0,3.0,3.0,1.706321358680725,1500
1991-11-21,3.0,3.0,2.75,2.75,1.5641272068023682,13400
1991-11-22,2.75,2.75,2.75,2.75,1.5641272068023682,0
1991-11-25,2.75,3.0,2.75,2.75,1.5641272068023682,3400
1991-11-26,2.75,3.0,2.75,3.0,1.706321358680725,3000
1991-11-27,3.0,3.0,3.0,3.0,1.706321358680725,5000
1991-11-29,3.0,3.0,3.0,3.0,1.706321358680725,58500
1991-12-02,3.0,3.25,3.0,3.0,1.706321358680725,10400
1991-12-03,3.25,3.25,3.25,3.25,1.8485143184661865,400
1991-12-04,3.25,3.25,3.0,3.25,1.8485143184661865,700
1991-12-05,3.25,3.5,3.25,3.25,1.8485143184661865,11500
1991-12-06,3.25,3.5,3.25,3.25,1.8485143184661865,5000
1991-12-09,3.25,3.5,3.25,3.5,1.9907084703445435,5700
1991-12-10,3.5,3.5,3.25,3.25,1.8485143184661865,8700
1991-12-11,3.5,3.75,3.5,3.5,1.9907084703445435,9600
1991-12-12,3.5,3.75,3.5,3.5,1.9907084703445435,11100
1991-12-13,3.5,3.5,3.5,3.5,1.9907084703445435,1600
1991-12-16,3.5,3.5,3.25,3.5,1.9907084703445435,1800
1991-12-17,3.5,3.5,3.25,3.25,1.8485143184661865,2200
1991-12-18,3.25,3.5,3.25,3.25,1.8485143184661865,2200
1991-12-19,3.25,3.25,3.25,3.25,1.8485143184661865,300
1991-12-20,3.25,3.25,3.25,3.25,1.8485143184661865,100
1991-12-23,3.25,3.25,3.25,3.25,1.8485143184661865,1400
1991-12-24,3.25,3.25,3.25,3.25,1.8485143184661865,100
1991-12-26,3.25,3.25,3.25,3.25,1.8485143184661865,500
1991-12-27,3.5,3.5,3.5,3.5,1.9907084703445435,500
1991-12-30,3.5,3.5,3.25,3.5,1.9907084703445435,800
1991-12-31,3.5,3.5,3.5,3.5,1.9907084703445435,600
1992-01-02,3.75,3.75,3.75,3.75,2.132901191711426,2300
1992-01-03,3.75,4.25,3.75,4.0,2.275094985961914,17900
1992-01-06,4.0,4.25,4.0,4.0,2.275094985961914,5800
1992-01-07,4.0,4.0,3.75,3.75,2.132901191711426,3200
1992-01-08,3.5,3.5,3.5,3.5,1.9907084703445435,1500
1992-01-09,3.75,3.75,3.75,3.75,2.132901191711426,3600
1992-01-10,3.75,3.75,3.5,3.75,2.132901191711426,2800
1992-01-13,3.5,3.5,3.5,3.5,1.9907084703445435,1900
1992-01-14,3.5,3.75,3.5,3.5,1.9907084703445435,1100
1992-01-15,3.5,3.75,3.5,3.5,1.9907084703445435,3600
1992-01-16,3.5,3.5,3.5,3.5,1.9907084703445435,7700
1992-01-17,3.5,3.75,3.5,3.5,1.9907084703445435,800
1992-01-20,3.5,3.75,3.5,3.75,2.132901191711426,3200
1992-01-21,3.75,3.75,3.75,3.75,2.132901191711426,100
1992-01-22,3.75,3.75,3.75,3.75,2.132901191711426,300
1992-01-23,3.75,4.0,3.75,4.0,2.275094985961914,4100
1992-01-24,4.0,4.0,3.75,3.75,2.132901191711426,2300
1992-01-27,3.75,4.0,3.75,3.75,2.132901191711426,5000
1992-01-28,3.75,3.75,3.5,3.5,1.9907084703445435,6900
1992-01-29,3.75,3.75,3.75,3.75,2.132901191711426,6700
1992-01-30,3.75,3.75,3.5,3.75,2.132901191711426,3000
1992-01-31,3.75,3.75,3.5,3.75,2.132901191711426,6500
1992-02-03,3.75,3.75,3.5,3.5,1.9907084703445435,4900
1992-02-04,3.75,3.75,3.75,3.75,2.132901191711426,500
1992-02-05,3.75,3.75,3.5,3.75,2.132901191711426,2700
1992-02-06,3.75,3.75,3.5,3.5,1.9907084703445435,2300
1992-02-07,3.75,3.75,3.75,3.75,2.132901191711426,3300
1992-02-10,3.75,3.875,3.5,3.875,2.2039976119995117,3600
1992-02-11,3.875,3.875,3.875,3.875,2.2039976119995117,100
1992-02-12,3.875,3.875,3.875,3.875,2.2039976119995117,100
1992-02-13,3.75,3.75,3.625,3.75,2.132901191711426,1500
1992-02-14,3.875,3.875,3.875,3.875,2.2039976119995117,1900
1992-02-18,3.875,3.875,3.625,3.625,2.0618045330047607,6100
1992-02-19,3.625,3.625,3.625,3.625,2.0618045330047607,300
1992-02-20,3.75,3.875,3.75,3.875,2.2039976119995117,3000
1992-02-21,3.75,3.75,3.75,3.75,2.132901191711426,1000
1992-02-24,3.75,3.875,3.75,3.875,2.2039976119995117,500
1992-02-25,3.875,3.875,3.875,3.875,2.2039976119995117,100
1992-02-26,3.875,3.875,3.875,3.875,2.2039976119995117,100
1992-02-27,3.75,3.75,3.625,3.625,2.0618045330047607,4000
1992-02-28,3.625,3.625,3.5,3.625,2.0618045330047607,5900
1992-03-02,3.5,3.5,3.25,3.25,1.8485143184661865,2300
1992-03-03,3.25,3.25,3.0,3.25,1.8485143184661865,9500
1992-03-04,3.25,3.25,3.25,3.25,1.8485143184661865,300
1992-03-05,3.25,3.75,3.125,3.625,2.0618045330047607,5500
1992-03-06,3.625,3.875,3.625,3.625,2.0618045330047607,5600
1992-03-09,3.75,3.875,3.75,3.75,2.132901191711426,400
1992-03-10,3.75,3.75,3.75,3.75,2.132901191711426,300
1992-03-11,3.625,3.625,3.5,3.5,1.9907084703445435,2100
1992-03-12,3.375,3.375,3.375,3.375,1.9196120500564575,400
1992-03-13,3.5,3.5,3.5,3.5,1.9907084703445435,100
1992-03-16,3.375,3.375,3.375,3.375,1.9196120500564575,200
1992-03-17,3.5,3.5,3.5,3.5,1.9907084703445435,500
1992-03-18,3.5,3.5,3.5,3.5,1.9907084703445435,1500
1992-03-19,3.625,3.75,3.625,3.75,2.132901191711426,3500
1992-03-20,3.75,3.75,3.5,3.75,2.132901191711426,5000
1992-03-23,3.625,3.625,3.5,3.5,1.9907084703445435,4500
1992-03-24,3.5,3.5,3.5,3.5,1.9907084703445435,500
1992-03-25,3.625,3.625,3.625,3.625,2.0618045330047607,100
1992-03-26,3.625,3.625,3.625,3.625,2.0618045330047607,1000
1992-03-27,3.5,3.5,3.5,3.5,1.9907084703445435,3000
1992-03-30,3.375,3.5,3.375,3.5,1.9907084703445435,1000
1992-03-31,3.375,3.375,3.375,3.375,1.9196120500564575,1500
1992-04-01,3.375,3.5,3.25,3.25,1.8485143184661865,7600
1992-04-02,3.25,3.25,3.125,3.25,1.8485143184661865,2400
1992-04-03,3.125,3.25,3.125,3.125,1.777417540550232,2900
1992-04-06,3.25,3.25,3.25,3.25,1.8485143184661865,7000
1992-04-07,3.125,3.125,3.125,3.125,1.777417540550232,1300
1992-04-08,3.125,3.125,3.0,3.125,1.777417540550232,3500
1992-04-09,3.125,3.375,3.125,3.25,1.8485143184661865,11600
1992-04-10,3.375,3.5,3.375,3.5,1.9907084703445435,3000
1992-04-13,3.5,3.5,3.375,3.375,1.9196120500564575,3200
1992-04-14,3.375,3.375,3.375,3.375,1.9196120500564575,400
1992-04-15,3.375,3.375,3.375,3.375,1.9196120500564575,900
1992-04-16,3.375,3.375,3.375,3.375,1.9196120500564575,1600
1992-04-20,3.5,3.5,3.5,3.5,1.9907084703445435,100
1992-04-21,3.375,3.375,3.375,3.375,1.9196120500564575,2000
1992-04-22,3.25,3.25,3.25,3.25,1.8485143184661865,400
1992-04-23,3.25,3.25,3.25,3.25,1.8485143184661865,1900
1992-04-24,3.25,3.25,3.25,3.25,1.8485143184661865,200
1992-04-27,3.25,3.25,3.25,3.25,1.8485143184661865,2000
1992-04-28,3.25,3.375,3.25,3.25,1.8485143184661865,3600
1992-04-29,3.375,3.375,3.375,3.375,1.9196120500564575,100
1992-04-30,3.25,3.25,3.25,3.25,1.8485143184661865,200
1992-05-01,3.25,3.25,3.25,3.25,1.8485143184661865,0
1992-05-04,3.375,3.375,3.25,3.375,1.9196120500564575,12100
1992-05-05,3.375,3.5,3.375,3.5,1.9907084703445435,3200
1992-05-06,3.5,3.75,3.5,3.75,2.132901191711426,13200
1992-05-07,3.625,3.75,3.625,3.75,2.132901191711426,1400
1992-05-08,3.625,3.625,3.625,3.625,2.0618045330047607,600
1992-05-11,3.625,3.625,3.5,3.5,1.9907084703445435,8600
1992-05-12,3.375,3.375,3.375,3.375,1.9196120500564575,1700
1992-05-13,3.375,3.5,3.375,3.5,1.9907084703445435,800
1992-05-14,3.5,3.5,3.5,3.5,1.9907084703445435,100
1992-05-15,3.625,3.625,3.625,3.625,2.0618045330047607,500
1992-05-18,3.5,3.5,3.375,3.375,1.9196120500564575,1000
1992-05-19,3.5,3.5,3.5,3.5,1.9907084703445435,2000
1992-05-20,3.5,3.625,3.5,3.5,1.9907084703445435,4100
1992-05-21,3.5,3.5,3.5,3.5,1.9907084703445435,700
1992-05-22,3.625,3.625,3.625,3.625,2.0618045330047607,100
1992-05-26,3.5,3.5,3.375,3.375,1.9196120500564575,3500
1992-05-27,3.375,3.375,3.375,3.375,1.9196120500564575,500
1992-05-28,3.5,3.5,3.375,3.375,1.9196120500564575,1100
1992-05-29,3.5,3.5,3.5,3.5,1.9907084703445435,100
1992-06-01,3.625,3.625,3.625,3.625,2.0618045330047607,500
1992-06-02,3.5,3.5,3.375,3.5,1.9907084703445435,3200
1992-06-03,3.5,3.5,3.5,3.5,1.9907084703445435,2000
1992-06-04,3.5,3.5,3.5,3.5,1.9907084703445435,100
1992-06-05,3.5,3.5,3.5,3.5,1.9907084703445435,100
1992-06-08,3.375,3.5,3.375,3.375,1.9196120500564575,500
1992-06-09,3.375,3.5,3.375,3.375,1.9196120500564575,7000
1992-06-10,3.375,3.375,3.375,3.375,1.9196120500564575,500
1992-06-11,3.25,3.375,3.25,3.375,1.9196120500564575,3000
1992-06-12,3.375,3.375,3.375,3.375,1.9196120500564575,6000
1992-06-15,3.5,3.5,3.5,3.5,1.9907084703445435,100
1992-06-16,3.5,3.5,3.5,3.5,1.9907084703445435,2000
1992-06-17,3.375,3.375,3.25,3.25,1.8485143184661865,1400
1992-06-18,3.25,3.25,3.125,3.125,1.777417540550232,4500
1992-06-19,3.125,3.25,3.125,3.25,1.8485143184661865,2300
1992-06-22,3.125,3.25,3.125,3.25,1.8485143184661865,1000
1992-06-23,3.25,3.25,3.25,3.25,1.8485143184661865,200
1992-06-24,3.375,3.375,3.375,3.375,1.9196120500564575,500
1992-06-25,3.25,3.625,3.25,3.5,1.9907084703445435,3500
1992-06-26,3.375,3.375,3.25,3.25,1.8485143184661865,1000
1992-06-29,3.375,3.375,3.375,3.375,1.9196120500564575,1900
1992-06-30,3.5,3.5,3.5,3.5,1.9907084703445435,100
1992-07-01,3.5,3.625,3.5,3.625,2.0618045330047607,5000
1992-07-02,3.625,3.75,3.625,3.75,2.132901191711426,5300
1992-07-06,3.75,3.75,3.75,3.75,2.132901191711426,2700
1992-07-07,3.625,3.75,3.625,3.75,2.132901191711426,2000
1992-07-08,3.625,3.75,3.625,3.75,2.132901191711426,1500
1992-07-09,3.625,3.625,3.5,3.625,2.0618045330047607,1400
1992-07-10,3.625,3.625,3.625,3.625,2.0618045330047607,500
1992-07-13,3.75,3.75,3.75,3.75,2.132901191711426,100
1992-07-14,3.75,3.75,3.625,3.625,2.0618045330047607,3100
1992-07-15,3.75,3.75,3.75,3.75,2.132901191711426,2000
1992-07-16,3.75,3.75,3.75,3.75,2.132901191711426,2300
1992-07-17,3.625,3.625,3.625,3.625,2.0618045330047607,600
1992-07-20,3.625,3.625,3.625,3.625,2.0618045330047607,100
1992-07-21,3.625,3.625,3.5,3.5,1.9907084703445435,3900
1992-07-22,3.5,3.75,3.5,3.625,2.0618045330047607,2200
1992-07-23,3.75,3.75,3.75,3.75,2.132901191711426,100
1992-07-24,3.75,3.75,3.75,3.75,2.132901191711426,100
1992-07-27,3.875,3.875,3.875,3.875,2.2039976119995117,100
1992-07-28,3.875,4.0,3.875,4.0,2.275094985961914,14200
1992-07-29,4.0,4.0,3.875,3.875,2.2039976119995117,5100
1992-07-30,3.875,3.875,3.875,3.875,2.2039976119995117,2000
1992-07-31,3.75,3.75,3.75,3.75,2.132901191711426,1000
1992-08-03,3.75,3.75,3.75,3.75,2.132901191711426,500
1992-08-04,3.625,3.75,3.625,3.75,2.132901191711426,7400
1992-08-05,3.75,3.75,3.75,3.75,2.132901191711426,2100
1992-08-06,3.75,3.75,3.625,3.625,2.0618045330047607,5000
1992-08-07,3.75,3.75,3.75,3.75,2.132901191711426,100
1992-08-10,3.75,3.75,3.625,3.625,2.0618045330047607,2600
1992-08-11,3.625,3.625,3.625,3.625,2.0618045330047607,500
1992-08-12,3.75,3.75,3.75,3.75,2.132901191711426,600
1992-08-13,3.625,5.625,3.625,5.625,3.1993517875671387,78100
1992-08-14,5.75,5.75,4.875,5.0,2.8438682556152344,55300
1992-08-17,5.0,5.25,5.0,5.0,2.8438682556152344,27400
1992-08-18,5.0,5.0,4.875,5.0,2.8438682556152344,3700
1992-08-19,5.0,5.0,4.5,4.875,2.7727715969085693,16600
1992-08-20,4.875,4.875,4.75,4.75,2.701674699783325,3200
1992-08-21,4.875,4.875,4.625,4.625,2.630577802658081,4100
1992-08-24,4.625,4.75,4.625,4.75,2.701674699783325,11100
1992-08-25,4.875,4.875,4.75,4.75,2.701674699783325,9100
1992-08-26,4.75,4.875,4.75,4.875,2.7727715969085693,14200
1992-08-27,5.0,5.25,4.875,5.125,2.914964199066162,14100
1992-08-28,5.25,5.5,5.25,5.375,3.057157516479492,12200
1992-08-31,5.25,5.25,5.0,5.125,2.914964199066162,7600
1992-09-01,5.125,5.125,5.0,5.125,2.914964199066162,3100
1992-09-02,5.25,5.25,5.0,5.25,2.9860613346099854,3500
1992-09-03,5.125,5.25,5.0,5.25,2.9860613346099854,4100
1992-09-04,5.25,5.25,5.25,5.25,2.9860613346099854,100
1992-09-08,5.125,5.125,5.0,5.0,2.8438682556152344,3500
1992-09-09,5.0,5.125,5.0,5.125,2.914964199066162,900
1992-09-10,5.0,5.125,5.0,5.0,2.8438682556152344,4000
1992-09-11,5.0,5.25,5.0,5.25,2.9860613346099854,3000
1992-09-14,5.375,5.375,5.0,5.0,2.8438682556152344,15000
1992-09-15,5.0,5.125,5.0,5.125,2.914964199066162,3600
1992-09-16,5.125,5.25,5.0,5.0,2.8438682556152344,7100
1992-09-17,5.0,5.25,5.0,5.25,2.9860613346099854,1100
1992-09-18,5.125,5.375,5.125,5.375,3.057157516479492,3900
1992-09-21,5.375,5.375,5.125,5.125,2.914964199066162,3700
1992-09-22,5.125,5.25,5.0,5.0,2.8438682556152344,9200
1992-09-23,5.125,5.25,5.125,5.25,2.9860613346099854,1400
1992-09-24,5.375,5.5,5.375,5.5,3.1282544136047363,7000
1992-09-25,5.375,5.5,5.375,5.5,3.1282544136047363,12500
1992-09-28,5.25,5.5,5.25,5.5,3.1282544136047363,3600
1992-09-29,5.5,6.5,5.5,6.5,3.697028636932373,25500
1992-09-30,6.5,6.5,6.0,6.25,3.554835081100464,17700
1992-10-01,6.125,6.25,6.125,6.125,3.483738422393799,8300
1992-10-02,6.0,6.125,5.875,6.125,3.483738422393799,4900
1992-10-05,5.875,5.875,5.5,5.75,3.2704482078552246,9700
1992-10-06,5.875,6.0,5.875,6.0,3.41264271736145,2200
1992-10-07,6.125,6.125,6.0,6.0,3.41264271736145,7300
1992-10-08,5.875,5.875,5.75,5.875,3.3415446281433105,1300
1992-10-09,5.875,6.0,5.75,5.75,3.2704482078552246,2700
1992-10-12,5.75,5.875,5.75,5.75,3.2704482078552246,1100
1992-10-13,5.875,6.125,5.875,6.125,3.483738422393799,3700
1992-10-14,6.125,6.125,6.0,6.125,3.483738422393799,7800
1992-10-15,6.125,6.125,6.0,6.125,3.483738422393799,7100
1992-10-16,6.0,6.0,6.0,6.0,3.41264271736145,700
1992-10-19,6.0,6.0,6.0,6.0,3.41264271736145,1000
1992-10-20,6.0,6.0,6.0,6.0,3.41264271736145,1200
1992-10-21,5.75,6.0,5.75,5.75,3.2704482078552246,5200
1992-10-22,6.0,6.0,5.875,5.875,3.3415446281433105,2100
1992-10-23,6.0,6.0,5.625,5.625,3.1993517875671387,3400
1992-10-26,5.5,5.625,5.375,5.375,3.057157516479492,11800
1992-10-27,5.375,5.5,5.375,5.5,3.1282544136047363,1000
1992-10-28,5.5,5.75,5.5,5.75,3.2704482078552246,600
1992-10-29,5.625,5.875,5.5,5.875,3.3415446281433105,4900
1992-10-30,5.75,5.75,5.625,5.75,3.2704482078552246,4400
1992-11-02,5.75,5.75,5.625,5.75,3.2704482078552246,2100
1992-11-03,5.875,5.875,5.75,5.875,3.3415446281433105,4400
1992-11-04,5.875,5.875,5.625,5.625,3.1993517875671387,2300
1992-11-05,5.75,5.75,5.75,5.75,3.2704482078552246,400
1992-11-06,5.625,5.625,5.5,5.5,3.1282544136047363,3300
1992-11-09,5.5,5.625,5.5,5.625,3.1993517875671387,2300
1992-11-10,5.75,5.75,5.0,5.125,2.914964199066162,19800
1992-11-11,5.25,5.5,5.125,5.25,2.9860613346099854,9000
1992-11-12,5.375,5.5,5.25,5.25,2.9860613346099854,8100
1992-11-13,5.25,5.25,5.25,5.25,2.9860613346099854,2900
1992-11-16,5.375,5.375,5.375,5.375,3.057157516479492,5400
1992-11-17,5.5,5.625,5.25,5.625,3.1993517875671387,2900
1992-11-18,5.5,5.5,5.5,5.5,3.1282544136047363,700
1992-11-19,5.375,5.5,5.375,5.5,3.1282544136047363,5200
1992-11-20,5.5,5.625,5.375,5.625,3.1993517875671387,6000
1992-11-23,5.625,5.75,5.625,5.75,3.2704482078552246,4900
1992-11-24,5.75,5.75,5.625,5.625,3.1993517875671387,3000
1992-11-25,5.5,5.75,5.5,5.625,3.1993517875671387,4700
1992-11-27,5.625,5.625,5.625,5.625,3.1993517875671387,2000
1992-11-30,5.5,5.5,5.5,5.5,3.1282544136047363,4900
1992-12-01,5.625,5.75,5.625,5.625,3.1993517875671387,1200
1992-12-02,5.5,5.625,5.5,5.625,3.1993517875671387,2100
1992-12-03,5.5,5.75,5.5,5.75,3.2704482078552246,3800
1992-12-04,5.625,5.75,5.5,5.625,3.1993517875671387,2300
1992-12-07,5.75,5.75,5.5,5.625,3.1993517875671387,2200
1992-12-08,5.5,5.5,5.5,5.5,3.1282544136047363,400
1992-12-09,5.375,5.5,5.375,5.5,3.1282544136047363,3000
1992-12-10,5.375,5.375,5.25,5.25,2.9860613346099854,5000
1992-12-11,5.375,5.375,5.25,5.25,2.9860613346099854,2500
1992-12-14,5.125,5.125,5.125,5.125,2.914964199066162,2500
1992-12-15,5.0,5.0,5.0,5.0,2.8438682556152344,8400
1992-12-16,4.875,5.125,4.875,5.0,2.8438682556152344,3500
1992-12-17,5.125,5.125,5.0,5.0,2.8438682556152344,1600
1992-12-18,5.125,5.125,5.125,5.125,2.914964199066162,100
1992-12-21,5.375,5.375,5.375,5.375,3.057157516479492,1800
1992-12-22,5.375,5.375,5.375,5.375,3.057157516479492,1100
1992-12-23,5.5,5.5,5.5,5.5,3.1282544136047363,2500
1992-12-24,5.5,5.5,5.375,5.375,3.057157516479492,3300
1992-12-28,5.5,5.5,5.5,5.5,3.1282544136047363,2000
1992-12-29,5.375,5.375,5.25,5.25,2.9860613346099854,2100
1992-12-30,5.125,5.125,5.125,5.125,2.914964199066162,1700
1992-12-31,5.25,5.25,5.125,5.125,2.914964199066162,2400
1993-01-04,5.125,5.25,5.125,5.125,2.914964199066162,5600
1993-01-05,5.125,5.25,5.125,5.25,2.9860613346099854,700
1993-01-06,5.125,5.375,5.125,5.25,2.9860613346099854,4800
1993-01-07,5.25,5.375,5.25,5.375,3.057157516479492,800
1993-01-08,5.25,5.25,5.125,5.125,2.914964199066162,3400
1993-01-11,5.25,5.25,5.25,5.25,2.9860613346099854,500
1993-01-12,5.25,5.25,5.25,5.25,2.9860613346099854,100
1993-01-13,5.125,5.25,5.125,5.25,2.9860613346099854,1400
1993-01-14,5.375,5.375,5.375,5.375,3.057157516479492,600
1993-01-15,5.25,5.25,5.125,5.125,2.914964199066162,1300
1993-01-18,5.125,5.375,5.125,5.375,3.057157516479492,1300
1993-01-19,5.375,5.375,5.375,5.375,3.057157516479492,0
1993-01-20,5.5,5.5,5.375,5.375,3.057157516479492,1200
1993-01-21,5.25,5.25,5.25,5.25,2.9860613346099854,200
1993-01-22,5.125,5.125,5.125,5.125,2.914964199066162,500
1993-01-25,5.125,5.25,5.0,5.0,2.8438682556152344,14400
1993-01-26,5.25,5.25,5.125,5.125,2.914964199066162,6300
1993-01-27,5.125,5.125,5.0,5.0,2.8438682556152344,6100
1993-01-28,5.0,5.0,4.75,4.875,2.7727715969085693,2000
1993-01-29,4.875,4.875,4.5,4.5,2.559481382369995,6400
1993-02-01,4.5,4.625,4.5,4.5,2.559481382369995,10400
1993-02-02,4.5,4.625,4.5,4.625,2.630577802658081,2100
1993-02-03,4.75,5.0,4.75,5.0,2.8438682556152344,6600
1993-02-04,5.0,5.25,5.0,5.25,2.9860613346099854,8100
1993-02-05,5.125,5.375,5.125,5.25,2.9860613346099854,7000
1993-02-08,5.375,5.375,5.125,5.25,2.9860613346099854,14400
1993-02-09,5.375,5.625,5.375,5.625,3.1993517875671387,6000
1993-02-10,5.5,5.875,5.5,5.75,3.2704482078552246,11800
1993-02-11,5.75,6.0,5.75,6.0,3.41264271736145,9500
1993-02-12,5.875,5.875,5.625,5.625,3.1993517875671387,3000
1993-02-16,5.5,5.5,5.25,5.25,2.9860613346099854,2500
1993-02-17,5.25,5.625,5.25,5.5,3.1282544136047363,4900
1993-02-18,5.625,5.75,5.625,5.75,3.2704482078552246,2400
1993-02-19,5.75,5.75,4.625,4.6875,2.6661264896392822,24700
1993-02-22,4.75,4.875,4.625,4.8125,2.73722243309021,13000
1993-02-23,4.8125,4.9375,4.75,4.875,2.7727715969085693,11900
1993-02-24,4.875,4.875,4.8125,4.8125,2.73722243309021,11000
1993-02-25,4.8125,4.8125,4.8125,4.8125,2.73722243309021,2400
1993-02-26,4.75,4.875,4.75,4.875,2.7727715969085693,2800
1993-03-01,4.75,4.75,4.75,4.75,2.701674699783325,2000
1993-03-02,4.375,4.625,4.125,4.5,2.559481382369995,35300
1993-03-03,4.5,4.625,4.4375,4.625,2.630577802658081,6100
1993-03-04,4.5625,4.625,4.5625,4.625,2.630577802658081,3500
1993-03-05,4.875,5.125,4.875,5.0,2.8438682556152344,16600
1993-03-08,5.0,5.25,5.0,5.125,2.914964199066162,16500
1993-03-09,5.125,5.125,5.125,5.125,2.914964199066162,2000
1993-03-10,5.0,5.0,5.0,5.0,2.8438682556152344,200
1993-03-11,4.875,4.9375,4.875,4.9375,2.808319330215454,900
1993-03-12,5.0,5.0,4.875,4.875,2.7727715969085693,3200
1993-03-15,4.875,4.875,4.875,4.875,2.7727715969085693,100
1993-03-16,4.75,4.75,4.75,4.75,2.701674699783325,500
1993-03-17,4.75,4.75,4.75,4.75,2.701674699783325,500
1993-03-18,4.75,4.875,4.75,4.875,2.7727715969085693,3200
1993-03-19,4.875,4.875,4.875,4.875,2.7727715969085693,100
1993-03-22,4.875,4.875,4.875,4.875,2.7727715969085693,700
1993-03-23,4.875,4.875,4.875,4.875,2.7727715969085693,100
1993-03-24,4.75,4.875,4.75,4.875,2.7727715969085693,3000
1993-03-25,4.875,4.9375,4.875,4.9375,2.808319330215454,800
1993-03-26,4.9375,4.9375,4.9375,4.9375,2.808319330215454,100
1993-03-29,4.875,5.0,4.875,5.0,2.8438682556152344,1300
1993-03-30,5.0,5.0,5.0,5.0,2.8438682556152344,100
1993-03-31,4.875,4.875,4.875,4.875,2.7727715969085693,200
1993-04-01,5.125,5.125,5.0,5.0,2.8438682556152344,5200
1993-04-02,5.125,5.125,4.875,4.875,2.7727715969085693,2100
1993-04-05,4.9375,4.9375,4.9375,4.9375,2.808319330215454,100
1993-04-06,4.875,4.875,4.75,4.75,2.701674699783325,1600
1993-04-07,4.75,5.125,4.75,5.125,2.914964199066162,8000
1993-04-08,5.375,5.375,5.25,5.375,3.057157516479492,8500
1993-04-12,5.125,5.125,5.0,5.0,2.8438682556152344,6800
1993-04-13,5.125,5.375,5.0,5.0,2.8438682556152344,11000
1993-04-14,5.125,5.125,5.0,5.0,2.8438682556152344,900
1993-04-15,5.0,5.0,5.0,5.0,2.8438682556152344,1000
1993-04-16,5.0,5.0,5.0,5.0,2.8438682556152344,500
1993-04-19,5.125,5.125,4.875,4.875,2.7727715969085693,5400
1993-04-20,4.875,4.875,4.875,4.875,2.7727715969085693,2000
1993-04-21,4.875,4.875,4.75,4.75,2.701674699783325,1200
1993-04-22,4.625,4.625,4.625,4.625,2.630577802658081,500
1993-04-23,4.5,4.625,4.4375,4.625,2.630577802658081,6300
1993-04-26,4.5,4.5,4.5,4.5,2.559481382369995,5000
1993-04-27,4.875,4.875,4.75,4.75,2.701674699783325,5600
1993-04-28,4.875,4.875,4.875,4.875,2.7727715969085693,1100
1993-04-29,4.9375,4.9375,4.75,4.75,2.701674699783325,2900
1993-04-30,4.875,4.875,4.75,4.75,2.701674699783325,1100
1993-05-03,4.75,4.75,4.75,4.75,2.701674699783325,100
1993-05-04,4.75,4.75,4.75,4.75,2.701674699783325,400
1993-05-05,4.75,4.75,4.75,4.75,2.701674699783325,0
1993-05-06,4.625,4.625,4.625,4.625,2.630577802658081,1300
1993-05-07,4.75,4.875,4.75,4.75,2.701674699783325,1500
1993-05-10,4.75,4.75,4.75,4.75,2.701674699783325,400
1993-05-11,4.8125,4.8125,4.8125,4.8125,2.73722243309021,100
1993-05-12,4.6875,4.6875,4.6875,4.6875,2.6661264896392822,500
1993-05-13,4.75,4.75,4.75,4.75,2.701674699783325,200
1993-05-14,4.625,4.75,4.625,4.625,2.630577802658081,2500
1993-05-17,4.625,4.625,4.625,4.625,2.630577802658081,600
1993-05-18,4.5,4.5,4.25,4.25,2.417288303375244,6000
1993-05-19,4.25,4.25,4.1875,4.25,2.417288303375244,2700
1993-05-20,4.375,4.375,4.25,4.25,2.417288303375244,2500
1993-05-21,4.5,4.625,4.5,4.5,2.559481382369995,8300
1993-05-24,4.5,4.625,4.5,4.625,2.630577802658081,1800
1993-05-25,4.5,4.5,4.5,4.5,2.559481382369995,4000
1993-05-26,4.5,4.5,4.5,4.5,2.559481382369995,1000
1993-05-27,4.625,4.625,4.625,4.625,2.630577802658081,1000
1993-05-28,4.5,4.5,4.3125,4.3125,2.452836751937866,2500
1993-06-01,4.4375,4.5,4.4375,4.4375,2.5239338874816895,2500
1993-06-02,4.5625,4.75,4.5,4.75,2.701674699783325,5900
1993-06-03,5.0,5.25,5.0,5.25,2.9860613346099854,13400
1993-06-04,5.125,5.25,5.0,5.0,2.8438682556152344,5200
1993-06-07,4.875,5.0,4.875,5.0,2.8438682556152344,900
1993-06-08,5.25,5.25,5.125,5.25,2.9860613346099854,3200
1993-06-09,5.0,5.0,5.0,5.0,2.8438682556152344,3300
1993-06-10,4.875,5.0,4.875,5.0,2.8438682556152344,1300
1993-06-11,5.0,5.0,4.9375,4.9375,2.808319330215454,2000
1993-06-14,5.0,5.0,5.0,5.0,2.8438682556152344,5300
1993-06-15,5.125,5.25,5.125,5.25,2.9860613346099854,5900
1993-06-16,5.25,5.25,5.25,5.25,2.9860613346099854,3500
1993-06-17,5.125,5.125,5.125,5.125,2.914964199066162,1900
1993-06-18,5.125,5.125,4.75,4.875,2.7727715969085693,5600
1993-06-21,5.0,5.0,5.0,5.0,2.8438682556152344,400
1993-06-22,5.25,5.25,5.25,5.25,2.9860613346099854,2600
1993-06-23,5.375,5.375,5.25,5.25,2.9860613346099854,2800
1993-06-24,5.125,5.75,5.125,5.5,3.1282544136047363,16500
1993-06-25,5.625,6.125,5.625,6.0,3.41264271736145,19000
1993-06-28,5.875,6.125,5.875,6.0,3.41264271736145,9900
1993-06-29,6.0,6.0,5.75,5.75,3.2704482078552246,4000
1993-06-30,5.75,5.75,5.625,5.75,3.2704482078552246,5400
1993-07-01,5.875,6.125,5.875,6.0,3.41264271736145,5600
1993-07-02,6.125,6.125,5.875,5.875,3.3415446281433105,2800
1993-07-06,5.875,5.875,5.625,5.625,3.1993517875671387,1600
1993-07-07,5.5,5.5,5.5,5.5,3.1282544136047363,1000
1993-07-08,5.5,5.5,5.5,5.5,3.1282544136047363,1000
1993-07-09,5.5,5.5,5.5,5.5,3.1282544136047363,100
1993-07-12,5.375,5.375,5.375,5.375,3.057157516479492,100
1993-07-13,5.25,5.375,5.25,5.375,3.057157516479492,600
1993-07-14,5.5,5.5,5.5,5.5,3.1282544136047363,10000
1993-07-15,5.375,5.375,5.375,5.375,3.057157516479492,500
1993-07-16,5.375,5.375,5.375,5.375,3.057157516479492,800
1993-07-19,5.5,5.625,5.5,5.625,3.1993517875671387,1000
1993-07-20,5.75,5.75,5.75,5.75,3.2704482078552246,100
1993-07-21,5.5,5.5,5.5,5.5,3.1282544136047363,5000
1993-07-22,5.5,5.5,5.5,5.5,3.1282544136047363,1100
1993-07-23,5.5,5.5,5.5,5.5,3.1282544136047363,1300
1993-07-26,5.5,5.5,5.5,5.5,3.1282544136047363,500
1993-07-27,5.5,5.5,5.5,5.5,3.1282544136047363,100
1993-07-28,5.375,5.5,5.375,5.5,3.1282544136047363,2600
1993-07-29,5.375,5.375,5.375,5.375,3.057157516479492,100
1993-07-30,5.25,5.25,5.125,5.125,2.914964199066162,1500
1993-08-02,5.25,5.25,5.25,5.25,2.9860613346099854,100
1993-08-03,5.125,5.375,5.125,5.125,2.914964199066162,3600
1993-08-04,5.125,5.375,5.125,5.375,3.057157516479492,5300
1993-08-05,5.25,5.25,5.25,5.25,2.9860613346099854,1600
1993-08-06,5.25,5.25,5.0,5.25,2.9860613346099854,2800
1993-08-09,5.375,5.375,5.125,5.125,2.914964199066162,2300
1993-08-10,5.0,5.0,4.875,4.875,2.7727715969085693,2800
1993-08-11,4.875,5.0,4.75,5.0,2.8438682556152344,7000
1993-08-12,4.875,4.875,4.875,4.875,2.7727715969085693,2000
1993-08-13,4.75,4.75,4.75,4.75,2.701674699783325,400
1993-08-16,4.625,4.75,4.625,4.625,2.630577802658081,2000
1993-08-17,4.75,4.75,4.75,4.75,2.701674699783325,6000
1993-08-18,4.625,4.625,4.375,4.375,2.4883837699890137,6800
1993-08-19,4.375,4.375,4.375,4.375,2.4883837699890137,9100
1993-08-20,4.375,4.375,4.25,4.25,2.417288303375244,1700
1993-08-23,4.1875,4.375,4.125,4.375,2.4883837699890137,4600
1993-08-24,4.25,4.25,4.25,4.25,2.417288303375244,1000
1993-08-25,4.125,4.125,4.125,4.125,2.346191644668579,1600
1993-08-26,4.25,4.375,4.25,4.375,2.4883837699890137,1000
1993-08-27,4.25,4.25,4.25,4.25,2.417288303375244,300
1993-08-30,4.375,4.5,4.375,4.5,2.559481382369995,2300
1993-08-31,4.5,4.5,4.5,4.5,2.559481382369995,1100
1993-09-01,4.5,4.625,4.5,4.625,2.630577802658081,1900
1993-09-02,4.625,4.875,4.625,4.875,2.7727715969085693,3500
1993-09-03,4.875,4.875,4.875,4.875,2.7727715969085693,2200
1993-09-07,4.875,4.875,4.875,4.875,2.7727715969085693,300
1993-09-08,4.75,4.75,4.75,4.75,2.701674699783325,1000
1993-09-09,4.875,5.0,4.875,5.0,2.8438682556152344,5500
1993-09-10,5.0,5.0,5.0,5.0,2.8438682556152344,2300
1993-09-13,4.875,4.875,4.75,4.75,2.701674699783325,1000
1993-09-14,4.625,4.625,4.5,4.5,2.559481382369995,2400
1993-09-15,4.625,4.625,4.625,4.625,2.630577802658081,200
1993-09-16,4.625,4.625,4.5,4.5,2.559481382369995,1500
1993-09-17,4.5,4.5,4.5,4.5,2.559481382369995,100
1993-09-20,4.375,4.5,4.375,4.5,2.559481382369995,10100
1993-09-21,4.5,4.5,4.5,4.5,2.559481382369995,100
1993-09-22,4.375,4.375,4.375,4.375,2.4883837699890137,500
1993-09-23,4.375,4.375,4.25,4.25,2.417288303375244,8300
1993-09-24,4.25,4.25,4.25,4.25,2.417288303375244,2000
1993-09-27,4.25,4.3125,4.125,4.125,2.346191644668579,4000
1993-09-28,4.125,4.125,4.125,4.125,2.346191644668579,1100
1993-09-29,4.125,4.125,4.0,4.0,2.275094985961914,3500
1993-09-30,4.125,4.25,4.125,4.25,2.417288303375244,2900
1993-10-01,4.125,4.25,4.125,4.25,2.417288303375244,1100
1993-10-04,4.25,4.25,4.0625,4.0625,2.3106436729431152,1500
1993-10-05,4.1875,4.1875,4.125,4.125,2.346191644668579,1000
1993-10-06,4.125,4.125,4.125,4.125,2.346191644668579,500
1993-10-07,4.125,4.125,4.125,4.125,2.346191644668579,200
1993-10-08,4.25,4.25,4.25,4.25,2.417288303375244,100
1993-10-11,4.25,4.375,4.25,4.375,2.4883837699890137,1100
1993-10-12,4.25,4.375,4.25,4.375,2.4883837699890137,300
1993-10-13,4.375,4.375,4.375,4.375,2.4883837699890137,300
1993-10-14,4.25,4.5,4.25,4.375,2.4883837699890137,1600
1993-10-15,4.25,4.25,4.125,4.125,2.346191644668579,4800
1993-10-18,4.375,4.375,4.375,4.375,2.4883837699890137,3100
1993-10-19,4.4375,4.6875,4.4375,4.6875,2.6661264896392822,6100
1993-10-20,4.5625,4.5625,4.5625,4.5625,2.5950307846069336,500
1993-10-21,4.625,4.625,4.5,4.5,2.559481382369995,2200
1993-10-22,4.5625,4.5625,4.5625,4.5625,2.5950307846069336,100
1993-10-25,4.625,4.625,4.625,4.625,2.630577802658081,500
1993-10-26,4.5,4.5,4.5,4.5,2.559481382369995,1500
1993-10-27,4.5625,4.5625,4.5625,4.5625,2.5950307846069336,100
1993-10-28,4.625,4.75,4.5,4.5,2.559481382369995,4500
1993-10-29,4.625,4.625,4.625,4.625,2.630577802658081,3800
1993-11-01,4.75,4.875,4.75,4.875,2.7727715969085693,2200
1993-11-02,5.0,5.0,4.875,4.875,2.7727715969085693,3300
1993-11-03,4.875,5.375,4.875,5.25,2.9860613346099854,11900
1993-11-04,5.375,5.5,5.25,5.25,2.9860613346099854,5700
1993-11-05,5.125,5.125,4.8125,4.875,2.7727715969085693,6600
1993-11-08,5.0,5.0,4.625,4.625,2.630577802658081,3000
1993-11-09,4.75,4.75,4.625,4.625,2.630577802658081,1400
1993-11-10,4.5,4.75,4.5,4.625,2.630577802658081,1600
1993-11-11,4.625,4.625,4.375,4.375,2.4883837699890137,7700
1993-11-12,4.3125,4.4375,4.3125,4.4375,2.5239338874816895,4400
1993-11-15,4.3125,4.5625,4.3125,4.5625,2.5950307846069336,4900
1993-11-16,4.5625,4.5625,4.3125,4.3125,2.452836751937866,6200
1993-11-17,4.25,4.4375,4.25,4.4375,2.5239338874816895,4000
1993-11-18,4.5,4.5,4.3125,4.3125,2.452836751937866,2700
1993-11-19,4.375,4.375,4.25,4.3125,2.452836751937866,1600
1993-11-22,4.3125,4.3125,4.3125,4.3125,2.452836751937866,0
1993-11-23,4.3125,4.4375,4.3125,4.4375,2.5239338874816895,1300
1993-11-24,4.375,4.375,4.375,4.375,2.4883837699890137,200
1993-11-26,4.375,4.375,4.375,4.375,2.4883837699890137,0
1993-11-29,4.625,4.625,4.5,4.5,2.559481382369995,3600
1993-11-30,4.5,4.5,4.5,4.5,2.559481382369995,100
1993-12-01,4.375,4.375,4.375,4.375,2.4883837699890137,1000
1993-12-02,4.3125,4.5,4.3125,4.5,2.559481382369995,4800
1993-12-03,4.375,4.4375,4.375,4.4375,2.5239338874816895,1300
1993-12-06,4.375,4.375,4.25,4.25,2.417288303375244,4000
1993-12-07,4.125,4.125,4.125,4.125,2.346191644668579,3800
1993-12-08,4.1875,4.1875,4.1875,4.1875,2.381739377975464,500
1993-12-09,4.25,4.25,4.1875,4.1875,2.381739377975464,2300
1993-12-10,4.1875,4.1875,4.1875,4.1875,2.381739377975464,200
1993-12-13,4.1875,4.25,4.1875,4.25,2.417288303375244,5100
1993-12-14,4.25,4.25,4.1875,4.1875,2.381739377975464,1500
1993-12-15,4.1875,4.25,4.1875,4.1875,2.381739377975464,2900
1993-12-16,4.1875,4.1875,4.1875,4.1875,2.381739377975464,200
1993-12-17,4.1875,4.1875,4.1875,4.1875,2.381739377975464,0
1993-12-20,4.25,4.25,4.25,4.25,2.417288303375244,100
1993-12-21,4.25,4.25,4.1875,4.1875,2.381739377975464,1600
1993-12-22,4.1875,4.3125,4.1875,4.3125,2.452836751937866,1300
1993-12-23,4.3125,4.3125,4.3125,4.3125,2.452836751937866,200
1993-12-27,4.3125,4.4375,4.3125,4.4375,2.5239338874816895,1900
1993-12-28,4.375,4.5,4.375,4.5,2.559481382369995,2200
1993-12-29,4.625,4.625,4.5,4.5625,2.5950307846069336,2300
1993-12-30,4.5625,4.5625,4.5625,4.5625,2.5950307846069336,1000
1993-12-31,4.5,4.5,4.375,4.5,2.559481382369995,2200
1994-01-03,4.5,4.5,4.5,4.5,2.559481382369995,2200
1994-01-04,4.625,4.875,4.625,4.75,2.701674699783325,5800
1994-01-05,4.6875,4.6875,4.6875,4.6875,2.6661264896392822,100
1994-01-06,4.6875,4.6875,4.5625,4.5625,2.5950307846069336,1600
1994-01-07,4.5625,4.5625,4.5625,4.5625,2.5950307846069336,100
1994-01-10,4.6875,4.6875,4.6875,4.6875,2.6661264896392822,1600
1994-01-11,4.6875,4.6875,4.6875,4.6875,2.6661264896392822,100
1994-01-12,4.6875,4.6875,4.6875,4.6875,2.6661264896392822,100
1994-01-13,4.625,4.625,4.5,4.5,2.559481382369995,7100
1994-01-14,4.5,4.5,4.5,4.5,2.559481382369995,600
1994-01-17,4.5,4.5625,4.5,4.5625,2.5950307846069336,500
1994-01-18,4.6875,4.6875,4.6875,4.6875,2.6661264896392822,100
1994-01-19,4.5625,4.6875,4.5625,4.6875,2.6661264896392822,3100
1994-01-20,4.625,4.6875,4.625,4.6875,2.6661264896392822,5000
1994-01-21,4.6875,4.6875,4.5625,4.5625,2.5950307846069336,900
1994-01-24,4.625,4.625,4.625,4.625,2.630577802658081,100
1994-01-25,4.625,4.625,4.625,4.625,2.630577802658081,2800
1994-01-26,4.875,4.875,4.875,4.875,2.7727715969085693,7900
1994-01-27,4.875,4.875,4.875,4.875,2.7727715969085693,100
1994-01-28,4.875,4.875,4.75,4.75,2.701674699783325,1500
1994-01-31,4.625,4.75,4.625,4.75,2.701674699783325,2300
1994-02-01,4.75,4.75,4.625,4.625,2.630577802658081,1100
1994-02-02,4.625,4.625,4.5,4.5,2.559481382369995,2500
1994-02-03,4.4375,4.5,4.4375,4.5,2.559481382369995,1800
1994-02-04,4.5,4.5,4.5,4.5,2.559481382369995,100
1994-02-07,4.625,4.75,4.625,4.625,2.630577802658081,3000
1994-02-08,4.625,4.625,4.625,4.625,2.630577802658081,200
1994-02-09,4.625,4.75,4.625,4.75,2.701674699783325,600
1994-02-10,4.6875,4.8125,4.6875,4.8125,2.73722243309021,600
1994-02-11,4.75,4.75,4.75,4.75,2.701674699783325,600
1994-02-14,4.6875,4.6875,4.6875,4.6875,2.6661264896392822,700
1994-02-15,4.8125,4.8125,4.8125,4.8125,2.73722243309021,100
1994-02-16,4.8125,4.9375,4.75,4.75,2.701674699783325,3000
1994-02-17,4.8125,4.8125,4.8125,4.8125,2.73722243309021,100
1994-02-18,4.8125,4.8125,4.8125,4.8125,2.73722243309021,700
1994-02-22,4.75,4.75,4.75,4.75,2.701674699783325,1000
1994-02-23,4.6875,4.6875,4.6875,4.6875,2.6661264896392822,1000
1994-02-24,4.6875,4.6875,4.6875,4.6875,2.6661264896392822,100
1994-02-25,4.6875,4.6875,4.6875,4.6875,2.6661264896392822,1000
1994-02-28,4.625,4.8125,4.625,4.75,2.701674699783325,8500
1994-03-01,4.8125,4.8125,4.6875,4.6875,2.6661264896392822,1000
1994-03-02,4.625,4.75,4.625,4.75,2.701674699783325,1300
1994-03-03,4.6875,4.6875,4.6875,4.6875,2.6661264896392822,500
1994-03-04,4.6875,4.6875,4.6875,4.6875,2.6661264896392822,300
1994-03-07,4.75,4.75,4.75,4.75,2.701674699783325,100
1994-03-08,4.75,4.75,4.75,4.75,2.701674699783325,1000
1994-03-09,4.75,4.75,4.75,4.75,2.701674699783325,1500
1994-03-10,4.8125,4.8125,4.8125,4.8125,2.73722243309021,100
1994-03-11,4.875,5.0,4.875,5.0,2.8438682556152344,4000
1994-03-14,5.125,5.25,5.125,5.125,2.914964199066162,6500
1994-03-15,5.0,5.0,5.0,5.0,2.8438682556152344,700
1994-03-16,5.0,5.125,5.0,5.0,2.8438682556152344,3700
1994-03-17,5.0,5.0,5.0,5.0,2.8438682556152344,1200
1994-03-18,5.0,5.125,5.0,5.125,2.914964199066162,1500
1994-03-21,5.125,5.25,5.125,5.25,2.9860613346099854,1300
1994-03-22,5.125,5.125,5.125,5.125,2.914964199066162,500
1994-03-23,5.25,5.25,5.0,5.0,2.8438682556152344,8100
1994-03-24,5.125,5.25,5.125,5.125,2.914964199066162,4600
1994-03-25,5.125,5.125,5.125,5.125,2.914964199066162,0
1994-03-28,5.125,5.125,5.125,5.125,2.914964199066162,100
1994-03-29,5.125,5.125,5.0,5.0,2.8438682556152344,900
1994-03-30,5.0,5.0,5.0,5.0,2.8438682556152344,500
1994-03-31,5.0,5.0,4.875,5.0,2.8438682556152344,7000
1994-04-04,5.0,5.0,4.875,4.875,2.7727715969085693,3300
1994-04-05,4.875,4.875,4.875,4.875,2.7727715969085693,700
1994-04-06,5.0,5.0,5.0,5.0,2.8438682556152344,1000
1994-04-07,5.0,5.0,5.0,5.0,2.8438682556152344,500
1994-04-08,5.125,5.125,5.125,5.125,2.914964199066162,100
1994-04-11,5.0,5.0,5.0,5.0,2.8438682556152344,5100
1994-04-12,5.125,5.125,5.0,5.0,2.8438682556152344,800
1994-04-13,5.0,5.0,5.0,5.0,2.8438682556152344,700
1994-04-14,4.875,4.875,4.875,4.875,2.7727715969085693,500
1994-04-15,4.875,4.875,4.875,4.875,2.7727715969085693,300
1994-04-18,4.875,4.875,4.875,4.875,2.7727715969085693,100
1994-04-19,5.0,5.0,5.0,5.0,2.8438682556152344,100
1994-04-20,5.0,5.0,5.0,5.0,2.8438682556152344,100
1994-04-21,5.0,5.0,5.0,5.0,2.8438682556152344,1700
1994-04-22,5.0,5.125,5.0,5.125,2.914964199066162,5900
1994-04-25,5.125,5.25,5.0,5.25,2.9860613346099854,8200
1994-04-26,5.25,5.5,5.25,5.5,3.1282544136047363,9200
1994-04-28,5.375,5.625,5.375,5.625,3.1993517875671387,5200
1994-04-29,5.75,6.125,5.75,5.75,3.2704482078552246,30000
1994-05-02,5.875,5.875,5.5,5.5,3.1282544136047363,2200
1994-05-03,5.375,5.5,5.375,5.5,3.1282544136047363,5200
1994-05-04,5.5,5.5,5.5,5.5,3.1282544136047363,600
1994-05-05,5.375,5.375,5.375,5.375,3.057157516479492,700
1994-05-06,5.5,5.5,5.5,5.5,3.1282544136047363,100
1994-05-09,5.625,5.75,5.625,5.625,3.1993517875671387,5100
1994-05-10,5.75,5.75,5.75,5.75,3.2704482078552246,1500
1994-05-11,5.75,5.75,5.625,5.75,3.2704482078552246,3000
1994-05-12,5.625,5.625,5.5,5.5,3.1282544136047363,1700
1994-05-13,5.625,5.75,5.625,5.75,3.2704482078552246,4600
1994-05-16,5.625,5.75,5.5,5.5,3.1282544136047363,2700
1994-05-17,5.625,5.625,5.625,5.625,3.1993517875671387,100
1994-05-18,5.5,5.625,5.375,5.625,3.1993517875671387,2000
1994-05-19,5.5,5.5,5.375,5.375,3.057157516479492,1300
1994-05-20,5.5,5.5,5.5,5.5,3.1282544136047363,100
1994-05-23,5.625,5.625,5.625,5.625,3.1993517875671387,1100
1994-05-24,5.5,5.5,5.5,5.5,3.1282544136047363,500
1994-05-25,5.625,5.625,5.5,5.5,3.1282544136047363,600
1994-05-26,5.625,5.625,5.625,5.625,3.1993517875671387,100
1994-05-27,5.625,5.625,5.625,5.625,3.1993517875671387,500
1994-05-31,5.625,5.625,5.625,5.625,3.1993517875671387,1100
1994-06-01,5.625,5.625,5.625,5.625,3.1993517875671387,500
1994-06-02,5.5,5.625,5.5,5.625,3.1993517875671387,2700
1994-06-03,5.625,5.625,5.5,5.5,3.1282544136047363,900
1994-06-06,5.375,5.375,5.375,5.375,3.057157516479492,400
1994-06-07,5.375,5.375,5.375,5.375,3.057157516479492,200
1994-06-08,5.5,5.5,5.5,5.5,3.1282544136047363,100
1994-06-09,5.5,5.5,5.5,5.5,3.1282544136047363,100
1994-06-10,5.5,5.5,5.5,5.5,3.1282544136047363,0
1994-06-13,5.375,5.5,5.375,5.5,3.1282544136047363,2000
1994-06-14,5.625,5.75,5.625,5.75,3.2704482078552246,1600
1994-06-15,5.75,5.75,5.625,5.625,3.1993517875671387,2100
1994-06-16,5.875,5.875,5.75,5.75,3.2704482078552246,4000
1994-06-17,5.75,5.75,5.75,5.75,3.2704482078552246,200
1994-06-20,5.75,5.875,5.75,5.875,3.3415446281433105,2500
1994-06-21,5.875,5.875,5.875,5.875,3.3415446281433105,5400
1994-06-22,5.875,6.0,5.875,6.0,3.41264271736145,2900
1994-06-23,5.875,5.875,5.875,5.875,3.3415446281433105,4000
1994-06-24,5.875,5.875,5.75,5.75,3.2704482078552246,2100
1994-06-27,5.625,5.625,5.625,5.625,3.1993517875671387,300
1994-06-28,5.5,5.5,5.5,5.5,3.1282544136047363,200
1994-06-29,5.5,5.5,5.5,5.5,3.1282544136047363,800
1994-06-30,5.5,5.5,5.5,5.5,3.1282544136047363,0
1994-07-01,5.625,5.75,5.625,5.75,3.2704482078552246,1000
1994-07-05,5.875,5.875,5.875,5.875,3.3415446281433105,1200
1994-07-06,5.75,5.875,5.75,5.875,3.3415446281433105,1900
1994-07-07,5.75,5.75,5.75,5.75,3.2704482078552246,500
1994-07-08,5.625,5.625,5.625,5.625,3.1993517875671387,200
1994-07-11,5.625,5.625,5.625,5.625,3.1993517875671387,500
1994-07-12,5.75,5.875,5.75,5.875,3.3415446281433105,1200
1994-07-13,5.875,5.875,5.875,5.875,3.3415446281433105,100
1994-07-14,5.875,6.0,5.875,6.0,3.41264271736145,1200
1994-07-15,5.875,5.875,5.875,5.875,3.3415446281433105,100
1994-07-18,6.0,6.125,6.0,6.0,3.41264271736145,7000
1994-07-19,6.0,6.25,6.0,6.25,3.554835081100464,5600
1994-07-20,6.25,6.25,6.0,6.0,3.41264271736145,3300
1994-07-21,6.125,6.125,6.125,6.125,3.483738422393799,200
1994-07-22,6.125,6.125,6.0,6.0,3.41264271736145,2100
1994-07-25,6.0,6.25,6.0,6.25,3.554835081100464,2700
1994-07-26,6.25,6.25,6.25,6.25,3.554835081100464,200
1994-07-27,6.25,6.25,6.0,6.25,3.554835081100464,4000
1994-07-28,6.125,6.125,6.125,6.125,3.483738422393799,100
1994-07-29,6.0,6.125,6.0,6.0,3.41264271736145,1700
1994-08-01,6.25,6.25,6.125,6.125,3.483738422393799,2000
1994-08-02,6.125,6.125,6.125,6.125,3.483738422393799,1500
1994-08-03,6.125,6.125,6.125,6.125,3.483738422393799,0
1994-08-04,6.25,6.25,6.25,6.25,3.554835081100464,1200
1994-08-05,6.25,6.25,6.25,6.25,3.554835081100464,200
1994-08-08,6.125,6.625,6.125,6.625,3.768125057220459,13800
1994-08-09,6.75,6.75,6.5,6.625,3.768125057220459,4900
1994-08-10,6.625,6.875,6.25,6.375,3.625931739807129,6200
1994-08-11,6.625,6.875,6.625,6.875,3.910318613052368,6400
1994-08-12,6.625,6.875,6.625,6.875,3.910318613052368,3700
1994-08-15,6.75,6.75,6.625,6.75,3.839224100112915,1600
1994-08-16,6.625,6.75,6.625,6.75,3.839224100112915,1100
1994-08-17,6.75,6.75,6.5,6.5,3.697028636932373,3700
1994-08-18,6.375,6.5,6.375,6.375,3.625931739807129,6900
1994-08-19,6.25,6.375,6.25,6.375,3.625931739807129,900
1994-08-22,6.5,6.5,6.25,6.25,3.554835081100464,2600
1994-08-23,6.375,6.375,6.25,6.375,3.625931739807129,600
1994-08-24,6.375,6.5,6.375,6.5,3.697028636932373,400
1994-08-25,6.5,6.5,6.375,6.375,3.625931739807129,500
1994-08-26,6.375,6.375,6.25,6.25,3.554835081100464,800
1994-08-29,6.25,6.25,6.25,6.25,3.554835081100464,200
1994-08-30,6.125,6.125,6.125,6.125,3.483738422393799,100
1994-08-31,6.125,6.25,6.125,6.25,3.554835081100464,500
1994-09-01,6.25,6.25,6.25,6.25,3.554835081100464,0
1994-09-02,6.25,6.25,6.125,6.125,3.483738422393799,2200
1994-09-06,6.125,6.125,6.125,6.125,3.483738422393799,200
1994-09-07,6.125,6.25,6.125,6.25,3.554835081100464,1800
1994-09-08,6.375,6.375,6.25,6.25,3.554835081100464,2600
1994-09-09,6.25,6.25,6.25,6.25,3.554835081100464,500
1994-09-12,6.25,6.375,6.25,6.25,3.554835081100464,2700
1994-09-13,6.25,6.5,6.25,6.5,3.697028636932373,3500
1994-09-14,6.625,6.625,6.625,6.625,3.768125057220459,1400
1994-09-15,6.5,6.5,6.5,6.5,3.697028636932373,500
1994-09-16,6.5,6.5,6.5,6.5,3.697028636932373,0
1994-09-19,6.5,6.625,6.5,6.5,3.697028636932373,2100
1994-09-20,6.5,6.5,6.5,6.5,3.697028636932373,1800
1994-09-21,6.5,6.5,6.5,6.5,3.697028636932373,400
1994-09-22,6.5,6.5,6.5,6.5,3.697028636932373,1000
1994-09-23,6.625,6.625,6.625,6.625,3.768125057220459,4800
1994-09-26,6.75,6.75,6.625,6.625,3.768125057220459,4200
1994-09-27,6.75,7.125,6.75,7.125,4.0525126457214355,9900
1994-09-28,7.25,7.75,7.25,7.75,4.407995223999023,32200
1994-09-29,7.625,8.625,7.625,8.625,4.905673503875732,33000
1994-09-30,8.375,8.75,7.75,8.125,4.6212873458862305,19900
1994-10-03,8.125,8.125,8.0,8.125,4.6212873458862305,3800
1994-10-04,8.125,8.125,7.875,8.125,4.6212873458862305,8300
1994-10-05,8.375,8.375,8.0,8.0,4.550189971923828,12900
1994-10-06,8.0,8.0,7.5,7.5,4.265802383422852,4800
1994-10-07,7.25,7.375,7.0,7.375,4.194706439971924,9700
1994-10-10,7.5,7.5,7.375,7.375,4.194706439971924,3600
1994-10-11,7.25,7.25,7.125,7.25,4.1236090660095215,19400
1994-10-12,7.375,7.375,7.25,7.375,4.194706439971924,10500
1994-10-13,7.5,7.875,7.5,7.875,4.4790940284729,2900
1994-10-14,8.0,8.0,8.0,8.0,4.550189971923828,2200
1994-10-17,7.75,7.875,7.75,7.75,4.407995223999023,4800
1994-10-18,7.875,7.875,7.875,7.875,4.4790940284729,200
1994-10-19,7.75,7.75,7.625,7.625,4.336899280548096,3300
1994-10-20,7.75,7.875,7.75,7.75,4.407995223999023,1700
1994-10-21,7.875,7.875,7.625,7.625,4.336899280548096,3400
1994-10-24,7.625,7.75,7.625,7.625,4.336899280548096,1700
1994-10-25,7.5,7.625,7.5,7.625,4.336899280548096,4100
1994-10-26,7.625,7.625,7.5,7.5,4.265802383422852,800
1994-10-27,7.5,7.5,7.5,7.5,4.265802383422852,500
1994-10-28,7.625,7.625,7.5,7.625,4.336899280548096,3200
1994-10-31,7.75,7.75,7.75,7.75,4.407995223999023,1000
1994-11-01,7.875,8.0,7.875,7.875,4.4790940284729,4300
1994-11-02,7.75,7.75,7.5,7.625,4.336899280548096,4700
1994-11-03,7.625,7.625,7.625,7.625,4.336899280548096,600
1994-11-04,7.75,8.0,7.75,8.0,4.550189971923828,3300
1994-11-07,8.0,8.125,8.0,8.125,4.6212873458862305,4200
1994-11-08,8.0,8.0,7.75,7.75,4.407995223999023,1700
1994-11-09,7.875,8.0,7.875,7.875,4.4790940284729,3300
1994-11-10,8.0,8.0,7.875,7.875,4.4790940284729,1200
1994-11-11,8.0,8.375,8.0,8.25,4.692383289337158,5700
1994-11-14,8.375,8.375,8.125,8.25,4.692383289337158,7900
1994-11-15,8.125,8.375,8.125,8.125,4.6212873458862305,10900
1994-11-16,8.25,8.375,8.25,8.375,4.763478755950928,800
1994-11-17,8.375,8.375,8.25,8.375,4.763478755950928,3800
1994-11-18,8.375,8.375,8.375,8.375,4.763478755950928,2600
1994-11-21,8.375,8.5,8.25,8.375,4.763478755950928,13700
1994-11-22,8.375,8.375,8.125,8.25,4.692383289337158,9300
1994-11-23,8.25,8.25,8.125,8.25,4.692383289337158,4600
1994-11-25,8.25,8.5,8.25,8.5,4.852221488952637,7000
1994-11-28,8.5,8.5,8.375,8.5,4.852221488952637,4200
1994-11-29,8.625,8.75,8.625,8.625,4.923577785491943,3400
1994-11-30,8.75,9.0,8.75,9.0,5.137645721435547,7900
1994-12-01,9.375,9.75,9.375,9.625,5.494423866271973,17500
1994-12-02,9.625,9.75,9.375,9.75,5.565782070159912,13100
1994-12-05,9.625,10.75,9.625,10.375,5.922562122344971,35300
1994-12-06,10.125,10.25,9.875,10.0,5.708495140075684,20000
1994-12-07,9.875,10.0,9.75,9.75,5.565782070159912,6000
1994-12-08,9.875,9.875,9.625,9.625,5.494423866271973,5500
1994-12-09,9.5,9.5,9.5,9.5,5.423069953918457,1500
1994-12-12,9.5,9.625,9.5,9.625,5.494423866271973,800
1994-12-13,9.625,9.75,9.5,9.5,5.423069953918457,8000
1994-12-14,9.375,9.5,9.375,9.375,5.351714611053467,4100
1994-12-15,9.375,9.75,9.25,9.75,5.565782070159912,7200
1994-12-16,9.875,9.875,9.875,9.875,5.6371378898620605,1400
1994-12-19,10.0,10.0,9.625,9.625,5.494423866271973,1800
1994-12-20,9.5,9.75,9.5,9.75,5.565782070159912,3600
1994-12-21,9.875,10.0,9.5,9.625,5.494423866271973,57500
1994-12-22,9.625,9.75,9.625,9.625,5.494423866271973,3400
1994-12-23,9.75,9.875,9.625,9.875,5.6371378898620605,2900
1994-12-27,9.875,10.0,9.875,10.0,5.708495140075684,1100
1994-12-28,10.0,10.0,9.875,10.0,5.708495140075684,4900
1994-12-29,10.0,10.0,9.75,9.875,5.6371378898620605,800
1994-12-30,9.75,9.875,9.625,9.875,5.6371378898620605,5300
1995-01-03,10.0,10.0,9.75,9.75,5.565782070159912,6100
1995-01-04,9.75,10.0,9.75,10.0,5.708495140075684,5600
1995-01-05,9.875,9.875,9.0,9.25,5.280356407165527,10900
1995-01-06,9.125,9.25,8.375,8.75,4.994931697845459,23200
1995-01-09,8.5,8.625,8.375,8.625,4.923577785491943,7900
1995-01-10,8.375,8.375,8.25,8.25,4.709508419036865,2900
1995-01-11,8.25,8.25,8.0,8.125,4.638153076171875,6000
1995-01-12,8.125,8.25,8.125,8.25,4.709508419036865,1000
1995-01-13,8.125,8.125,8.125,8.125,4.638153076171875,700
1995-01-16,8.25,8.375,8.25,8.375,4.780864715576172,2000
1995-01-17,8.5,8.5,8.375,8.5,4.852221488952637,2400
1995-01-18,8.375,8.375,8.25,8.25,4.709508419036865,1500
1995-01-19,8.25,8.25,8.125,8.125,4.638153076171875,1600
1995-01-20,8.125,8.375,8.125,8.375,4.780864715576172,1200
1995-01-23,8.375,8.375,8.125,8.375,4.780864715576172,2400
1995-01-24,8.125,8.125,8.125,8.125,4.638153076171875,1200
1995-01-25,8.25,8.375,8.125,8.375,4.780864715576172,1300
1995-01-26,8.375,8.375,8.25,8.25,4.709508419036865,800
1995-01-27,8.375,8.375,8.375,8.375,4.780864715576172,2600
1995-01-30,8.375,8.75,8.375,8.75,4.994931697845459,5500
1995-01-31,8.875,9.0,8.875,9.0,5.137645721435547,700
1995-02-01,9.0,9.0,8.875,8.875,5.066290378570557,2500
1995-02-02,9.125,9.125,9.0,9.125,5.209003448486328,3100
1995-02-03,9.0,9.125,8.875,9.0,5.137645721435547,1900
1995-02-06,9.0,9.0,8.75,8.75,4.994931697845459,1500
1995-02-07,8.625,8.625,8.25,8.375,4.780864715576172,2400
1995-02-08,8.5,8.5,8.5,8.5,4.852221488952637,700
1995-02-09,8.5,8.5,8.375,8.375,4.780864715576172,3700
1995-02-10,8.5,8.5,8.5,8.5,4.852221488952637,1000
1995-02-13,8.625,8.75,8.625,8.75,4.994931697845459,1100
1995-02-14,8.625,9.125,8.625,9.125,5.209003448486328,7100
1995-02-15,9.25,9.25,9.0,9.0,5.137645721435547,3800
1995-02-16,9.0,9.125,8.875,9.0,5.137645721435547,2400
1995-02-17,9.25,9.25,9.0,9.0,5.137645721435547,800
1995-02-21,9.25,9.5,9.25,9.375,5.351714611053467,8200
1995-02-22,9.5,9.5,9.0,9.0,5.137645721435547,4600
1995-02-23,8.875,8.875,8.875,8.875,5.066290378570557,600
1995-02-24,9.0,9.125,8.875,9.125,5.209003448486328,3000
1995-02-27,9.125,9.125,9.125,9.125,5.209003448486328,0
1995-02-28,9.0,9.125,9.0,9.0,5.137645721435547,1700
1995-03-01,9.0,9.0,9.0,9.0,5.137645721435547,100
1995-03-02,8.875,8.875,8.875,8.875,5.066290378570557,1000
1995-03-03,8.875,8.875,8.875,8.875,5.066290378570557,700
1995-03-06,8.875,8.875,8.75,8.75,4.994931697845459,1100
1995-03-07,8.75,8.75,8.75,8.75,4.994931697845459,0
1995-03-08,8.75,8.75,8.75,8.75,4.994931697845459,400
1995-03-09,8.75,9.0,8.75,9.0,5.137645721435547,1500
1995-03-10,9.0,9.0,9.0,9.0,5.137645721435547,100
1995-03-13,8.75,8.75,8.75,8.75,4.994931697845459,1000
1995-03-14,8.625,8.75,8.5,8.625,4.923577785491943,2000
1995-03-15,8.5,8.5,8.5,8.5,4.852221488952637,300
1995-03-16,8.25,8.25,8.0,8.125,4.638153076171875,5400
1995-03-17,8.0,8.0,7.875,8.0,4.56679630279541,6900
1995-03-20,8.0,8.375,8.0,8.125,4.638153076171875,2100
1995-03-21,8.125,8.125,8.0,8.0,4.56679630279541,900
1995-03-22,8.0,8.0,7.875,7.875,4.4954400062561035,800
1995-03-23,7.75,7.75,7.75,7.75,4.424083709716797,200
1995-03-24,7.75,7.875,7.75,7.875,4.4954400062561035,2700
1995-03-27,7.875,7.875,7.875,7.875,4.4954400062561035,0
1995-03-28,7.75,7.875,7.75,7.875,4.4954400062561035,800
1995-03-29,7.75,7.75,7.75,7.75,4.424083709716797,500
1995-03-30,7.625,7.625,7.5,7.5,4.281370639801025,4600
1995-03-31,7.5,7.5,7.5,7.5,4.281370639801025,800
1995-04-03,7.75,7.75,7.625,7.625,4.35272741317749,1100
1995-04-04,7.875,7.875,7.875,7.875,4.4954400062561035,1000
1995-04-05,7.75,7.75,7.75,7.75,4.424083709716797,1000
1995-04-06,7.75,7.875,7.75,7.875,4.4954400062561035,1400
1995-04-07,7.75,7.875,7.625,7.875,4.4954400062561035,1500
1995-04-10,7.625,7.875,7.625,7.875,4.4954400062561035,3300
1995-04-11,7.875,7.875,7.75,7.875,4.4954400062561035,600
1995-04-12,7.875,7.875,7.75,7.875,4.4954400062561035,2000
1995-04-13,7.625,7.75,7.5,7.75,4.424083709716797,4400
1995-04-17,7.875,7.875,7.625,7.75,4.424083709716797,2700
1995-04-18,7.875,8.375,7.875,8.0,4.56679630279541,10000
1995-04-19,8.0,8.0,8.0,8.0,4.56679630279541,0
1995-04-20,8.0,8.0,8.0,8.0,4.56679630279541,0
1995-04-21,8.125,8.25,8.125,8.25,4.709508419036865,1500
1995-04-24,8.375,8.375,8.125,8.125,4.638153076171875,2500
1995-04-25,8.0,8.0,7.875,7.875,4.4954400062561035,1500
1995-04-26,8.125,8.375,8.125,8.375,4.780864715576172,3600
1995-04-27,8.375,8.375,8.0,8.0,4.56679630279541,5700
1995-04-28,8.125,8.125,7.875,7.875,4.4954400062561035,600
1995-05-01,7.875,7.875,7.875,7.875,4.4954400062561035,0
1995-05-02,7.875,7.875,7.875,7.875,4.4954400062561035,2200
1995-05-03,7.875,7.875,7.875,7.875,4.4954400062561035,0
1995-05-04,8.0,8.0,7.875,7.875,4.4954400062561035,2100
1995-05-05,8.0,8.0,8.0,8.0,4.56679630279541,100
1995-05-08,7.875,7.875,7.875,7.875,4.4954400062561035,400
1995-05-09,7.75,7.75,7.625,7.625,4.35272741317749,2100
1995-05-10,7.625,8.0,7.625,8.0,4.56679630279541,1100
1995-05-11,8.0,8.0,8.0,8.0,4.56679630279541,0
1995-05-12,8.0,8.0,8.0,8.0,4.56679630279541,0
1995-05-15,7.875,8.125,7.875,8.0,4.56679630279541,2400
1995-05-16,8.125,8.25,7.875,8.0,4.56679630279541,3700
1995-05-17,8.125,8.125,8.125,8.125,4.638153076171875,200
1995-05-18,8.0,8.125,8.0,8.0,4.56679630279541,1900
1995-05-19,7.875,7.875,7.875,7.875,4.4954400062561035,800
1995-05-22,7.875,7.875,7.875,7.875,4.4954400062561035,0
1995-05-23,7.875,8.125,7.875,8.125,4.638153076171875,700
1995-05-24,8.0,8.0,8.0,8.0,4.56679630279541,300
1995-05-25,8.25,8.25,8.25,8.25,4.709508419036865,500
1995-05-26,8.125,8.25,8.125,8.25,4.709508419036865,900
1995-05-30,8.25,8.5,8.25,8.5,4.852221488952637,1600
1995-05-31,8.5,8.5,8.5,8.5,4.852221488952637,100
1995-06-01,8.625,8.625,8.625,8.625,4.923577785491943,100
1995-06-02,8.5,8.5,8.5,8.5,4.852221488952637,100
1995-06-05,8.5,8.5,8.5,8.5,4.852221488952637,1800
1995-06-06,8.5,8.625,8.5,8.625,4.923577785491943,1800
1995-06-07,8.5,8.5,8.5,8.5,4.852221488952637,500
1995-06-08,8.625,8.625,8.5,8.5,4.852221488952637,1600
1995-06-09,8.5,8.5,8.375,8.4375,4.816544055938721,3700
1995-06-12,8.3125,8.3125,8.1875,8.1875,4.673830032348633,2600
1995-06-13,8.125,8.125,8.0625,8.0625,4.60247278213501,800
1995-06-14,8.0625,8.1875,8.0625,8.1875,4.673830032348633,1600
1995-06-15,8.1875,8.3125,8.1875,8.1875,4.673830032348633,1600
1995-06-16,8.125,8.125,7.875,7.875,4.4954400062561035,1700
1995-06-19,7.75,7.75,7.625,7.625,4.35272741317749,3500
1995-06-20,7.625,7.75,7.5625,7.5625,4.317049026489258,5700
1995-06-21,7.5625,7.5625,7.5625,7.5625,4.317049026489258,2200
1995-06-22,7.625,7.875,7.625,7.625,4.35272741317749,4100
1995-06-23,7.75,7.75,7.625,7.75,4.424083709716797,2100
1995-06-26,7.875,7.875,7.75,7.75,4.424083709716797,700
1995-06-27,7.75,7.75,7.5,7.5,4.281370639801025,1600
1995-06-28,7.5,7.5,7.5,7.5,4.281370639801025,200
1995-06-29,7.5,7.625,7.5,7.625,4.35272741317749,500
1995-06-30,7.5,7.8125,7.5,7.8125,4.459762096405029,7100
1995-07-03,7.6875,7.6875,7.5625,7.5625,4.317049026489258,1200
1995-07-05,7.5625,7.5625,7.5625,7.5625,4.317049026489258,0
1995-07-06,7.5625,7.5625,7.5,7.5,4.281370639801025,800
1995-07-07,7.5,7.625,7.375,7.375,4.210014820098877,5500
1995-07-10,7.375,7.5,7.375,7.375,4.210014820098877,700
1995-07-11,7.375,7.375,7.1875,7.1875,4.102981090545654,800
1995-07-12,7.3125,7.3125,7.3125,7.3125,4.174337863922119,600
1995-07-13,7.1875,7.1875,7.1875,7.1875,4.102981090545654,1500
1995-07-14,7.125,7.25,7.125,7.125,4.06730318069458,7300
1995-07-17,7.125,7.125,7.0,7.125,4.06730318069458,3000
1995-07-18,7.0625,7.125,7.0625,7.125,4.06730318069458,300
1995-07-19,7.25,7.25,7.125,7.125,4.06730318069458,4300
1995-07-20,7.25,7.375,7.125,7.125,4.06730318069458,1100
1995-07-21,7.25,7.5,7.25,7.5,4.281370639801025,1300
1995-07-24,7.5,7.625,7.5,7.625,4.35272741317749,600
1995-07-25,7.75,7.75,7.75,7.75,4.424083709716797,400
1995-07-26,7.75,7.75,7.75,7.75,4.424083709716797,0
1995-07-27,7.875,8.375,7.875,8.375,4.780864715576172,3600
1995-07-28,8.25,8.25,8.0,8.0,4.56679630279541,2500
1995-07-31,7.875,8.125,7.875,8.125,4.638153076171875,1000
1995-08-01,7.875,7.875,7.5,7.5,4.281370639801025,2000
1995-08-02,7.25,7.25,7.125,7.125,4.06730318069458,1400
1995-08-03,7.0,7.125,6.875,7.0,3.9959475994110107,5600
1995-08-04,6.875,6.875,6.875,6.875,3.9245901107788086,700
1995-08-07,6.875,6.875,6.875,6.875,3.9245901107788086,0
1995-08-08,6.625,7.0,6.625,7.0,3.9959475994110107,3200
1995-08-09,7.0,7.0,7.0,7.0,3.9959475994110107,0
1995-08-10,6.875,6.875,6.875,6.875,3.9245901107788086,2300
1995-08-11,6.9375,6.9375,6.9375,6.9375,3.9602675437927246,700
1995-08-14,6.9375,7.0,6.9375,7.0,3.9959475994110107,1500
1995-08-15,6.875,6.875,6.75,6.875,3.9245901107788086,1300
1995-08-16,6.75,6.75,6.5625,6.5625,3.746201276779175,1700
1995-08-17,6.5625,6.5625,6.4375,6.5,3.7105214595794678,8600
1995-08-18,6.375,6.5,6.375,6.5,3.7105214595794678,1600
1995-08-21,6.375,6.5,6.375,6.5,3.7105214595794678,300
1995-08-22,6.375,6.375,6.375,6.375,3.639164924621582,200
1995-08-23,6.625,6.625,6.5,6.5,3.7105214595794678,1500
1995-08-24,6.625,6.625,6.625,6.625,3.781877279281616,500
1995-08-25,6.5,6.5,6.5,6.5,3.7105214595794678,200
1995-08-28,6.625,6.75,6.625,6.75,3.853235960006714,1000
1995-08-29,6.875,6.875,6.875,6.875,3.9245901107788086,100
1995-08-30,6.875,6.875,6.875,6.875,3.9245901107788086,700
1995-08-31,6.875,7.0,6.875,7.0,3.9959475994110107,200
1995-09-01,7.0,7.0,7.0,7.0,3.9959475994110107,0
1995-09-05,7.125,7.125,7.125,7.125,4.06730318069458,100
1995-09-06,7.25,7.5,7.25,7.375,4.210014820098877,2100
1995-09-07,7.25,7.25,7.25,7.25,4.13865852355957,100
1995-09-08,7.25,7.375,7.125,7.375,4.210014820098877,3900
1995-09-11,7.375,7.625,7.375,7.625,4.35272741317749,2700
1995-09-12,7.5,7.625,7.4375,7.625,4.35272741317749,4200
1995-09-13,7.625,7.625,7.625,7.625,4.35272741317749,0
1995-09-14,7.75,7.75,7.375,7.375,4.210014820098877,2600
1995-09-15,7.375,7.375,7.375,7.375,4.210014820098877,0
1995-09-18,7.25,7.25,7.25,7.25,4.13865852355957,500
1995-09-19,7.125,7.125,7.0,7.0,3.9959475994110107,1700
1995-09-20,6.875,6.875,6.75,6.75,3.853235960006714,4300
1995-09-21,6.75,6.75,6.75,6.75,3.853235960006714,0
1995-09-22,6.75,6.75,6.75,6.75,3.853235960006714,1100
1995-09-25,6.75,6.75,6.75,6.75,3.853235960006714,0
1995-09-26,6.6875,6.6875,6.6875,6.6875,3.8175554275512695,500
1995-09-27,6.5625,6.5625,6.375,6.375,3.639164924621582,7800
1995-09-28,6.375,6.375,6.375,6.375,3.639164924621582,0
1995-09-29,6.375,6.375,6.375,6.375,3.639164924621582,0
1995-10-02,6.375,6.375,6.375,6.375,3.639164924621582,0
1995-10-03,6.5,6.5,6.5,6.5,3.7105214595794678,200
1995-10-04,6.375,6.5,6.375,6.5,3.7105214595794678,2500
1995-10-05,6.5,6.5,6.5,6.5,3.7105214595794678,1200
1995-10-06,6.375,6.5,6.375,6.5,3.7105214595794678,900
1995-10-09,6.5,6.5,6.5,6.5,3.7105214595794678,0
1995-10-10,6.625,6.625,6.5,6.5,3.7105214595794678,1700
1995-10-11,6.5,6.5,6.5,6.5,3.7105214595794678,1400
1995-10-12,6.625,6.625,6.625,6.625,3.781877279281616,100
1995-10-13,6.5625,6.5625,6.5625,6.5625,3.746201276779175,400
1995-10-16,6.5,6.5,6.5,6.5,3.7105214595794678,500
1995-10-17,6.5,6.5,6.5,6.5,3.7105214595794678,1700
1995-10-18,6.625,6.625,6.5,6.5,3.7105214595794678,1000
1995-10-19,6.625,6.625,6.625,6.625,3.781877279281616,500
1995-10-20,6.625,6.625,6.625,6.625,3.781877279281616,0
1995-10-23,6.5,6.5,6.5,6.5,3.7105214595794678,1200
1995-10-24,6.5,6.5,6.5,6.5,3.7105214595794678,0
1995-10-25,6.375,6.375,6.25,6.25,3.5678088665008545,4100
1995-10-26,6.1875,6.1875,6.1875,6.1875,3.5321319103240967,1200
1995-10-27,6.125,6.125,6.0,6.0,3.4250972270965576,1100
1995-10-30,6.125,6.125,6.0,6.125,3.496452808380127,1900
1995-10-31,6.0,6.125,6.0,6.09375,3.478614091873169,1700
1995-11-01,6.1875,6.1875,6.0625,6.125,3.496452808380127,1700
1995-11-02,6.1875,6.1875,6.0625,6.0625,3.4607744216918945,1300
1995-11-03,6.125,6.125,5.9375,5.9375,3.3894197940826416,2800
1995-11-06,6.0625,6.0625,5.75,5.75,3.2823843955993652,3500
1995-11-07,5.875,5.875,5.75,5.875,3.3537402153015137,1100
1995-11-08,6.0,6.125,6.0,6.0,3.4250972270965576,3100
1995-11-09,6.0,6.0,5.75,5.75,3.2823843955993652,2800
1995-11-10,5.875,5.875,5.625,5.625,3.211028575897217,1400
1995-11-13,5.75,5.75,5.625,5.75,3.2823843955993652,1300
1995-11-14,5.625,5.625,5.5,5.5,3.139671802520752,1600
1995-11-15,5.5,5.5,5.125,5.125,2.925603151321411,9200
1995-11-16,5.125,5.25,4.875,4.875,2.782891035079956,5500
1995-11-17,5.25,5.25,4.875,5.0,2.854247570037842,4500
1995-11-20,5.125,5.625,5.125,5.5,3.139671802520752,8400
1995-11-21,5.75,5.875,5.75,5.875,3.3537402153015137,6000
1995-11-22,6.125,6.25,5.875,5.875,3.3537402153015137,8400
1995-11-24,5.875,5.875,5.875,5.875,3.3537402153015137,100
1995-11-27,5.9375,6.375,5.9375,6.375,3.639164924621582,18500
1995-11-28,6.5,6.625,6.25,6.25,3.5678088665008545,5500
1995-11-29,6.3125,6.4375,6.1875,6.4375,3.7044787406921387,4000
1995-11-30,6.5625,6.6875,6.5625,6.6875,3.8483426570892334,1500
1995-12-01,6.75,6.8125,6.6875,6.6875,3.8483426570892334,3100
1995-12-04,6.6875,6.6875,6.6875,6.6875,3.8483426570892334,0
1995-12-05,6.6875,6.6875,6.6875,6.6875,3.8483426570892334,0
1995-12-06,6.625,6.625,6.5,6.5,3.7404439449310303,1100
1995-12-07,6.375,6.5,6.125,6.25,3.5965824127197266,4200
1995-12-08,6.125,6.25,6.125,6.125,3.524651050567627,400
1995-12-11,6.125,6.125,6.125,6.125,3.524651050567627,0
1995-12-12,6.125,6.125,6.125,6.125,3.524651050567627,0
1995-12-13,6.125,6.125,6.125,6.125,3.524651050567627,0
1995-12-14,6.125,6.125,6.0,6.0,3.452718496322632,1500
1995-12-15,6.0,6.0,6.0,6.0,3.452718496322632,200
1995-12-18,6.0,6.0,6.0,6.0,3.452718496322632,500
1995-12-19,6.125,6.125,6.125,6.125,3.524651050567627,1200
1995-12-20,6.125,6.125,6.125,6.125,3.524651050567627,3500
1995-12-21,6.125,6.25,6.125,6.25,3.5965824127197266,2000
1995-12-22,6.125,6.125,5.75,5.875,3.3807880878448486,5900
1995-12-26,6.0,6.0,6.0,6.0,3.452718496322632,200
1995-12-27,5.875,5.875,5.75,5.75,3.3088552951812744,3600
1995-12-28,6.125,6.375,6.125,6.375,3.668513774871826,9700
1995-12-29,6.625,7.375,6.625,7.125,4.100101947784424,10500
1996-01-02,7.5,7.875,7.5,7.625,4.387829780578613,8400
1996-01-03,7.5,7.5,7.375,7.375,4.243966579437256,1700
1996-01-04,7.4375,7.4375,7.125,7.25,4.172032356262207,2900
1996-01-05,7.0,7.125,7.0,7.125,4.100101947784424,1400
1996-01-08,7.125,7.125,7.125,7.125,4.100101947784424,800
1996-01-09,7.0,7.0,7.0,7.0,4.028171539306641,500
1996-01-10,6.875,6.875,6.875,6.875,3.956242084503174,500
1996-01-11,6.875,6.875,6.875,6.875,3.956242084503174,0
1996-01-12,7.0,7.0,7.0,7.0,4.028171539306641,200
1996-01-15,6.75,6.875,6.625,6.625,3.8123772144317627,2400
1996-01-16,6.5,6.625,6.5,6.625,3.8123772144317627,1000
1996-01-17,6.625,6.625,6.625,6.625,3.8123772144317627,1600
1996-01-18,6.625,6.625,6.625,6.625,3.8123772144317627,0
1996-01-19,6.5,6.5,6.375,6.375,3.668513774871826,3200
1996-01-22,6.4375,6.4375,6.4375,6.4375,3.7044787406921387,400
1996-01-23,6.5,6.5,6.375,6.5,3.7404439449310303,6400
1996-01-24,6.5,6.625,6.5,6.625,3.8123772144317627,3900
1996-01-25,6.75,6.75,6.75,6.75,3.884307861328125,1900
1996-01-26,6.75,6.75,6.625,6.625,3.8123772144317627,2600
1996-01-29,6.75,7.0,6.625,7.0,4.028171539306641,7600
1996-01-30,6.875,6.875,6.875,6.875,3.956242084503174,800
1996-01-31,6.875,6.875,6.875,6.875,3.956242084503174,1000
1996-02-01,6.875,6.875,6.875,6.875,3.956242084503174,600
1996-02-02,7.0,7.0625,7.0,7.0625,4.064136981964111,1000
1996-02-05,7.0,7.0,6.75,6.75,3.884307861328125,1600
1996-02-06,6.875,6.875,6.75,6.75,3.884307861328125,1400
1996-02-07,6.875,6.875,6.75,6.75,3.884307861328125,1600
1996-02-08,6.875,7.125,6.875,7.125,4.100101947784424,2000
1996-02-09,7.25,7.25,7.0,7.0,4.028171539306641,1300
1996-02-12,7.0,7.0,6.875,6.875,3.956242084503174,1500
1996-02-13,6.875,6.875,6.875,6.875,3.956242084503174,0
1996-02-14,6.75,6.75,6.625,6.625,3.8123772144317627,1800
1996-02-15,6.625,6.625,6.625,6.625,3.8123772144317627,0
1996-02-16,6.625,6.625,6.625,6.625,3.8123772144317627,0
1996-02-20,6.5,6.5,6.5,6.5,3.7404439449310303,1000
1996-02-21,6.5,6.5,6.5,6.5,3.7404439449310303,0
1996-02-22,6.5,6.5,6.5,6.5,3.7404439449310303,1500
1996-02-23,6.625,6.625,6.625,6.625,3.8123772144317627,500
1996-02-26,6.625,6.625,6.625,6.625,3.8123772144317627,0
1996-02-27,6.5,6.5,6.375,6.375,3.668513774871826,1200
1996-02-28,6.375,6.375,6.375,6.375,3.668513774871826,400
1996-02-29,6.25,6.25,6.125,6.125,3.524651050567627,1000
1996-03-01,6.125,6.125,6.0,6.0,3.452718496322632,700
1996-03-04,6.0,6.0,6.0,6.0,3.452718496322632,800
1996-03-05,6.0,6.0,5.75,6.0,3.452718496322632,3400
1996-03-06,6.0,6.0,6.0,6.0,3.452718496322632,0
1996-03-07,5.75,5.75,5.6875,5.6875,3.272890090942383,2600
1996-03-08,5.625,5.875,5.625,5.6875,3.272890090942383,4300
1996-03-11,5.8125,5.875,5.8125,5.875,3.3807880878448486,500
1996-03-12,5.875,5.875,5.75,5.75,3.3088552951812744,700
1996-03-13,5.75,5.75,5.75,5.75,3.3088552951812744,0
1996-03-14,5.75,5.875,5.6875,5.6875,3.272890090942383,3100
1996-03-15,5.8125,5.875,5.8125,5.875,3.3807880878448486,400
1996-03-18,6.0,6.0,5.9375,5.9375,3.416752338409424,2700
1996-03-19,6.125,6.125,6.125,6.125,3.524651050567627,700
1996-03-20,6.25,6.625,6.25,6.625,3.8123772144317627,2400
1996-03-21,6.75,6.75,6.75,6.75,3.884307861328125,2000
1996-03-22,6.875,6.875,6.875,6.875,3.956242084503174,500
1996-03-25,6.875,7.0,6.875,6.875,3.956242084503174,4500
1996-03-26,6.9375,6.9375,6.9375,6.9375,3.9922068119049072,1000
1996-03-27,7.0,7.0625,6.875,6.875,3.956242084503174,5900
1996-03-28,7.0,7.0,7.0,7.0,4.028171539306641,1000
1996-03-29,6.875,6.875,6.875,6.875,3.956242084503174,100
1996-04-01,6.75,6.75,6.625,6.625,3.8123772144317627,2300
1996-04-02,6.75,6.75,6.75,6.75,3.884307861328125,400
1996-04-03,7.0,7.125,7.0,7.125,4.100101947784424,4400
1996-04-04,7.0,7.0,7.0,7.0,4.028171539306641,1000
1996-04-08,6.875,6.875,6.625,6.625,3.8123772144317627,1700
1996-04-09,6.625,6.625,6.625,6.625,3.8123772144317627,900
1996-04-10,6.75,6.75,6.375,6.375,3.668513774871826,4700
1996-04-11,6.875,6.875,6.75,6.75,3.884307861328125,10600
1996-04-12,6.875,7.0,6.875,7.0,4.028171539306641,1300
1996-04-15,6.875,6.875,6.625,6.625,3.8123772144317627,3100
1996-04-16,6.875,7.0,6.875,7.0,4.028171539306641,3100
1996-04-17,7.0,7.125,7.0,7.0,4.028171539306641,3100
1996-04-18,6.875,6.875,6.625,6.625,3.8123772144317627,6700
1996-04-19,6.75,6.75,6.75,6.75,3.884307861328125,100
1996-04-22,6.625,6.75,6.625,6.75,3.884307861328125,3000
1996-04-23,6.625,6.625,6.625,6.625,3.8123772144317627,500
1996-04-24,6.8125,6.8125,6.6875,6.8125,3.9202733039855957,1000
1996-04-25,6.875,6.875,6.875,6.875,3.956242084503174,100
1996-04-26,6.875,6.875,6.875,6.875,3.956242084503174,1400
1996-04-29,6.75,6.75,6.75,6.75,3.884307861328125,2500
1996-04-30,6.625,6.75,6.5,6.75,3.884307861328125,5700
1996-05-01,6.9375,6.9375,6.875,6.875,3.956242084503174,3700
1996-05-02,6.875,6.875,6.875,6.875,3.956242084503174,0
1996-05-03,6.75,6.75,6.75,6.75,3.884307861328125,300
1996-05-06,6.625,6.875,6.625,6.75,3.884307861328125,6100
1996-05-07,6.75,6.75,6.75,6.75,3.884307861328125,100
1996-05-08,6.625,7.0,6.5,7.0,4.028171539306641,6800
1996-05-09,7.0,8.125,7.0,7.875,4.531693458557129,23100
1996-05-10,7.875,8.0,7.875,8.0,4.603625774383545,4000
1996-05-13,8.125,8.125,7.875,8.0,4.603625774383545,7600
1996-05-14,8.125,8.125,8.125,8.125,4.6755547523498535,1000
1996-05-15,8.25,8.25,8.25,8.25,4.747488975524902,5500
1996-05-16,8.125,8.125,8.125,8.125,4.6755547523498535,200
1996-05-17,8.75,9.25,8.5,8.75,5.035214900970459,27400
1996-05-20,8.625,8.75,8.625,8.75,5.035214900970459,3800
1996-05-21,8.625,8.625,8.25,8.375,4.819421291351318,4500
1996-05-22,8.375,8.375,8.375,8.375,4.819421291351318,0
1996-05-23,8.25,8.375,8.25,8.25,4.747488975524902,1200
1996-05-24,8.125,8.25,8.125,8.25,4.747488975524902,500
1996-05-28,8.125,8.125,7.875,7.875,4.531693458557129,2000
1996-05-29,7.875,7.875,7.75,7.75,4.459762096405029,800
1996-05-30,7.625,7.625,7.5,7.5,4.315896987915039,1000
1996-05-31,7.375,7.5,7.125,7.375,4.243966579437256,7600
1996-06-03,7.5,7.5,7.5,7.5,4.315896987915039,100
1996-06-04,7.625,7.625,7.625,7.625,4.387829780578613,100
1996-06-05,7.625,7.625,7.625,7.625,4.387829780578613,0
1996-06-06,7.75,7.75,7.75,7.75,4.459762096405029,1100
1996-06-07,7.625,7.625,7.375,7.375,4.243966579437256,5000
1996-06-10,7.375,7.375,7.375,7.375,4.243966579437256,0
1996-06-11,7.375,7.375,7.25,7.25,4.172032356262207,5600
1996-06-12,7.25,7.25,7.25,7.25,4.172032356262207,100
1996-06-13,7.375,7.375,7.25,7.375,4.243966579437256,2600
1996-06-14,7.5,7.5,7.5,7.5,4.315896987915039,100
1996-06-17,7.375,7.5,7.375,7.5,4.315896987915039,1200
1996-06-18,7.5625,7.5625,7.4375,7.4375,4.279931545257568,1600
1996-06-19,7.375,7.375,7.375,7.375,4.243966579437256,300
1996-06-20,7.375,7.375,7.375,7.375,4.243966579437256,0
1996-06-21,7.375,7.375,7.375,7.375,4.243966579437256,0
1996-06-24,7.25,7.25,7.0,7.0,4.028171539306641,2000
1996-06-25,7.125,7.25,7.125,7.125,4.100101947784424,4700
1996-06-26,7.25,7.25,6.875,6.875,3.956242084503174,4100
1996-06-27,6.875,6.875,6.875,6.875,3.956242084503174,0
1996-06-28,7.0,7.0,6.875,6.875,3.956242084503174,600
1996-07-01,7.0,7.0,7.0,7.0,4.028171539306641,100
1996-07-02,7.0,7.25,7.0,7.25,4.172032356262207,1900
1996-07-03,7.375,7.5,7.375,7.5,4.315896987915039,1000
1996-07-05,7.625,7.625,7.5,7.5,4.315896987915039,3000
1996-07-08,7.5,7.5,7.5,7.5,4.315896987915039,100
1996-07-09,7.5,7.5,7.5,7.5,4.315896987915039,100
1996-07-10,7.5,7.625,7.5,7.625,4.387829780578613,1000
1996-07-11,7.75,7.75,7.625,7.625,4.387829780578613,700
1996-07-12,7.5,7.5,7.25,7.25,4.172032356262207,2000
1996-07-15,7.125,7.125,6.75,6.75,3.884307861328125,1600
1996-07-16,6.75,6.75,6.75,6.75,3.884307861328125,0
1996-07-17,6.875,7.0,6.875,7.0,4.028171539306641,600
1996-07-18,6.875,6.875,6.875,6.875,3.956242084503174,500
1996-07-19,7.0,7.125,7.0,7.0,4.028171539306641,1100
1996-07-22,7.125,7.125,7.0,7.0,4.028171539306641,1000
1996-07-23,7.0,7.0,7.0,7.0,4.028171539306641,0
1996-07-24,6.75,6.875,6.75,6.875,3.956242084503174,1300
1996-07-25,6.75,6.75,6.75,6.75,3.884307861328125,1500
1996-07-26,7.0,7.125,7.0,7.125,4.100101947784424,2000
1996-07-29,7.0625,7.0625,7.0625,7.0625,4.064136981964111,500
1996-07-30,7.125,7.25,7.125,7.25,4.172032356262207,600
1996-07-31,7.125,7.125,7.125,7.125,4.100101947784424,2000
1996-08-01,7.0,7.0,6.75,7.0,4.028171539306641,6100
1996-08-02,7.125,7.5,7.125,7.5,4.315896987915039,3000
1996-08-05,7.625,9.125,7.625,9.125,5.251008033752441,30800
1996-08-06,9.25,10.125,9.25,10.125,5.82646369934082,66100
1996-08-07,9.625,9.625,8.75,9.125,5.251008033752441,30300
1996-08-08,9.125,9.375,9.0625,9.0625,5.21504545211792,9300
1996-08-09,9.0,9.25,9.0,9.125,5.251008033752441,5600
1996-08-12,9.25,9.25,9.0,9.1875,5.286974906921387,9000
1996-08-13,9.25,9.25,8.875,8.875,5.107147693634033,3500
1996-08-14,9.0,9.125,9.0,9.0,5.179076671600342,4800
1996-08-15,8.875,9.0,8.875,9.0,5.179076671600342,2500
1996-08-16,8.875,9.0625,8.875,9.0625,5.21504545211792,1300
1996-08-19,9.25,9.5,9.25,9.5,5.466804504394531,18400
1996-08-20,9.375,9.625,9.25,9.625,5.538736820220947,14900
1996-08-21,9.625,9.75,9.5,9.75,5.6106696128845215,10600
1996-08-22,9.875,9.875,9.5625,9.75,5.6106696128845215,7200
1996-08-23,9.75,9.75,9.5625,9.625,5.538736820220947,12300
1996-08-26,9.75,10.0,9.75,9.875,5.682600021362305,11500
1996-08-27,9.75,9.875,9.75,9.875,5.682600021362305,3600
1996-08-28,10.0,10.0,9.625,9.875,5.682600021362305,23600
1996-08-29,9.75,9.9375,9.75,9.875,5.682600021362305,3300
1996-08-30,9.9375,10.75,9.875,10.625,6.114189147949219,42100
1996-09-03,11.0,11.375,10.375,10.625,6.114189147949219,35200
1996-09-04,10.875,10.875,10.5,10.5,6.042257785797119,4000
1996-09-05,10.625,10.625,9.875,10.375,5.970326900482178,7600
1996-09-06,10.25,10.375,10.25,10.25,5.898393630981445,2600
1996-09-09,10.125,10.25,9.375,9.5,5.466804504394531,15300
1996-09-10,9.25,9.875,9.1875,9.875,5.682600021362305,16900
1996-09-11,10.0,10.25,9.9375,9.9375,5.718565940856934,7100
1996-09-12,10.125,10.25,10.0,10.25,5.898393630981445,3200
1996-09-13,10.25,10.25,9.875,10.0,5.754531383514404,2800
1996-09-16,9.875,9.9375,9.8125,9.8125,5.64663553237915,5300
1996-09-17,9.8125,10.125,9.625,10.125,5.82646369934082,11900
1996-09-18,10.125,10.25,10.0,10.25,5.898393630981445,1900
1996-09-19,10.25,10.25,10.125,10.125,5.82646369934082,1900
1996-09-20,10.25,10.25,10.0,10.125,5.82646369934082,4100
1996-09-23,10.25,10.25,10.25,10.25,5.898393630981445,900
1996-09-24,10.25,10.25,10.25,10.25,5.898393630981445,1100
1996-09-25,10.0,10.0,10.0,10.0,5.754531383514404,3100
1996-09-26,10.0,10.125,9.875,9.875,5.682600021362305,16300
1996-09-27,10.125,10.125,9.875,9.875,5.682600021362305,1300
1996-09-30,10.0,10.125,10.0,10.125,5.82646369934082,300
1996-10-01,10.125,10.125,10.0,10.0,5.754531383514404,1300
1996-10-02,10.0,10.0,10.0,10.0,5.754531383514404,0
1996-10-03,10.0,10.0,10.0,10.0,5.754531383514404,10200
1996-10-04,10.125,10.125,10.0,10.125,5.82646369934082,2800
1996-10-07,10.0,10.125,9.875,10.0,5.754531383514404,1200
1996-10-08,10.125,10.125,10.0,10.0,5.754531383514404,3100
1996-10-09,10.0,10.0,10.0,10.0,5.754531383514404,7200
1996-10-10,10.0,10.25,10.0,10.25,5.898393630981445,1100
1996-10-11,10.125,10.125,10.125,10.125,5.82646369934082,500
1996-10-14,10.125,10.25,10.125,10.25,5.898393630981445,3800
1996-10-15,10.25,10.25,10.125,10.25,5.898393630981445,2400
1996-10-16,10.0,10.125,9.875,10.125,5.82646369934082,2800
1996-10-17,10.0,10.375,9.875,10.375,5.970326900482178,7300
1996-10-18,10.5,11.0,10.5,10.625,6.114189147949219,18900
1996-10-21,11.0,11.0,10.625,10.625,6.114189147949219,11600
1996-10-22,10.75,12.125,10.625,12.0,6.905436992645264,47500
1996-10-23,12.375,12.625,12.0,12.125,6.97736930847168,39700
1996-10-24,12.25,12.5,12.125,12.375,7.1212310791015625,17000
1996-10-25,12.125,12.375,12.125,12.25,7.049302101135254,5500
1996-10-28,12.5,12.5,12.375,12.5,7.193164825439453,12400
1996-10-29,12.75,13.875,12.0,12.25,7.049302101135254,49000
1996-10-30,11.75,12.5,11.625,12.375,7.1212310791015625,27800
1996-10-31,12.5,13.0,12.375,13.0,7.4808878898620605,7200
1996-11-01,13.125,13.125,12.375,12.375,7.1212310791015625,5700
1996-11-04,12.5,12.5,12.25,12.25,7.049302101135254,2600
1996-11-05,12.25,12.375,12.25,12.375,7.1212310791015625,2200
1996-11-06,12.5,12.5,12.0,12.0,6.905436992645264,4900
1996-11-07,12.125,12.25,12.125,12.25,7.049302101135254,900
1996-11-08,12.25,12.625,12.25,12.5,7.193164825439453,7400
1996-11-11,12.625,12.625,12.125,12.5,7.193164825439453,6800
1996-11-12,12.375,12.75,12.375,12.75,7.337027549743652,5600
1996-11-13,12.5,12.625,12.375,12.625,7.2650957107543945,2800
1996-11-14,12.625,12.625,12.25,12.5,7.193164825439453,5500
1996-11-15,12.5,12.625,12.5,12.625,7.2650957107543945,1900
1996-11-18,12.5,12.625,12.5,12.625,7.2650957107543945,1500
1996-11-19,12.5,12.625,12.375,12.625,7.2650957107543945,4100
1996-11-20,12.625,12.625,12.125,12.5,7.193164825439453,4900
1996-11-21,12.375,12.5,11.875,12.25,7.049302101135254,7000
1996-11-22,12.0,12.0,10.375,10.625,6.114189147949219,29800
1996-11-25,10.125,10.375,9.75,10.125,5.82646369934082,47400
1996-11-26,9.5,10.25,9.5,10.125,5.82646369934082,23700
1996-11-27,9.625,10.0,9.625,10.0,5.794592380523682,14100
1996-11-29,9.875,9.875,9.875,9.875,5.7221598625183105,300
1996-12-02,9.75,10.125,9.75,9.875,5.7221598625183105,12000
1996-12-03,9.875,9.875,9.875,9.875,5.7221598625183105,0
1996-12-04,10.125,10.5,10.125,10.5,6.084322452545166,2900
1996-12-05,10.5,10.625,10.375,10.625,6.1567535400390625,2300
1996-12-06,10.375,10.625,10.375,10.5,6.084322452545166,1100
1996-12-09,10.5,10.5,10.375,10.375,6.011890888214111,2100
1996-12-10,10.375,10.375,10.375,10.375,6.011890888214111,600
1996-12-11,10.125,10.125,9.75,9.875,5.7221598625183105,8700
1996-12-12,9.875,10.125,9.8125,10.125,5.867026329040527,11200
1996-12-13,10.25,10.5,10.125,10.5,6.084322452545166,11100
1996-12-16,10.375,10.5,10.375,10.5,6.084322452545166,3000
1996-12-17,10.375,10.375,10.375,10.375,6.011890888214111,400
1996-12-18,10.375,10.375,10.375,10.375,6.011890888214111,0
1996-12-19,10.625,10.875,10.625,10.875,6.3016204833984375,6200
1996-12-20,11.0,12.125,11.0,12.0,6.9535112380981445,18400
1996-12-23,12.375,12.625,12.0,12.0,6.9535112380981445,9400
1996-12-24,11.75,11.75,11.75,11.75,6.808648586273193,500
1996-12-26,11.375,11.5,11.375,11.5,6.663782119750977,5300
1996-12-27,11.75,12.0,11.75,11.75,6.808648586273193,3400
1996-12-30,11.625,12.25,11.625,12.0,6.9535112380981445,5800
1996-12-31,12.125,12.5,12.125,12.25,7.098376274108887,12100
1997-01-02,12.625,12.625,11.75,11.75,6.808648586273193,14400
1997-01-03,11.875,12.125,11.875,12.125,7.025941848754883,2500
1997-01-06,12.375,13.5,12.375,13.375,7.750268459320068,15100
1997-01-07,13.5,14.625,13.25,14.625,8.474592208862305,33800
1997-01-08,14.625,14.75,14.25,14.625,8.474592208862305,29600
1997-01-09,14.75,15.875,14.625,15.875,9.198915481567383,47300
1997-01-10,15.75,16.125,15.125,16.0,9.271347999572754,67600
1997-01-13,16.375,18.375,16.375,17.5,10.140535354614258,90200
1997-01-14,17.25,17.375,16.5,16.625,9.633511543273926,28400
1997-01-15,16.875,16.875,15.75,16.5,9.561076164245605,31100
1997-01-16,16.75,17.125,16.5,17.125,9.923240661621094,9600
1997-01-17,17.125,17.25,16.625,16.625,9.633511543273926,12100
1997-01-20,16.5,17.0,16.5,17.0,9.850807189941406,2900
1997-01-21,16.875,17.0,16.125,16.375,9.488645553588867,9200
1997-01-22,16.125,16.125,15.125,15.125,8.76431941986084,12800
1997-01-23,15.125,16.375,15.125,16.0,9.271347999572754,14800
1997-01-24,16.25,16.375,16.0,16.25,9.416211128234863,4100
1997-01-27,16.375,16.375,15.875,16.125,9.34378433227539,5700
1997-01-28,16.625,16.625,16.25,16.375,9.488645553588867,11600
1997-01-29,16.25,16.25,16.0,16.25,9.416211128234863,5500
1997-01-30,16.125,16.125,16.0,16.0,9.271347999572754,1400
1997-01-31,15.875,15.875,15.5,15.5,8.981619834899902,13300
1997-02-03,15.75,15.75,15.0,15.0,8.691890716552734,13900
1997-02-04,15.0,15.0,13.875,14.0,8.112428665161133,22500
1997-02-05,14.25,14.875,13.875,13.875,8.039996147155762,26100
1997-02-06,13.5,13.75,13.25,13.25,7.6778364181518555,15700
1997-02-07,13.5,14.125,13.375,13.75,7.967565536499023,30800
1997-02-10,13.875,14.375,13.75,14.0,8.112428665161133,11900
1997-02-11,14.125,14.125,13.875,14.125,8.18486213684082,3400
1997-02-12,14.375,15.125,14.375,15.0,8.691890716552734,28100
1997-02-13,15.375,16.375,15.375,16.25,9.416211128234863,42500
1997-02-14,16.5,16.625,16.0,16.0,9.271347999572754,32000
1997-02-18,16.125,16.125,15.375,15.375,8.909186363220215,7500
1997-02-19,15.5,15.625,15.125,15.125,8.76431941986084,11100
1997-02-20,15.375,15.375,14.875,14.875,8.619457244873047,8700
1997-02-21,15.0,15.0,14.125,14.125,8.18486213684082,5300
1997-02-24,14.0,14.0,13.625,13.75,7.967565536499023,5000
1997-02-25,13.625,13.75,12.75,13.75,7.967565536499023,23200
1997-02-26,13.625,13.625,13.0,13.125,7.605401515960693,17100
1997-02-27,12.75,12.75,12.375,12.5,7.2432403564453125,10900
1997-02-28,12.125,12.25,12.0,12.25,7.098376274108887,10100
1997-03-03,12.0,12.0,11.875,11.875,6.881077766418457,6300
1997-03-04,11.875,12.25,11.625,12.25,7.098376274108887,15400
1997-03-05,12.375,13.5,12.375,13.375,7.750268459320068,16400
1997-03-06,13.5,14.0,13.5,13.625,7.895131587982178,10500
1997-03-07,13.75,14.5,13.625,14.5,8.402156829833984,20700
1997-03-10,14.75,14.75,14.5,14.625,8.474592208862305,11100
1997-03-11,14.5,14.625,13.875,13.875,8.039996147155762,7500
1997-03-12,14.125,14.125,13.75,14.0,8.112428665161133,7800
1997-03-13,14.0,14.0,14.0,14.0,8.112428665161133,800
1997-03-14,14.125,14.375,14.125,14.25,8.257291793823242,9200
1997-03-17,14.25,14.25,13.375,13.375,7.750268459320068,7400
1997-03-18,13.5,13.625,13.5,13.5,7.822699546813965,2000
1997-03-19,13.5,13.625,13.5,13.625,7.895131587982178,600
1997-03-20,13.875,13.875,13.75,13.875,8.039996147155762,1800
1997-03-21,14.0,14.5,14.0,14.5,8.402156829833984,4100
1997-03-24,14.25,14.25,14.0,14.25,8.257291793823242,3400
1997-03-25,14.125,14.125,14.0,14.0,8.112428665161133,900
1997-03-26,13.875,13.875,13.625,13.625,7.895131587982178,1900
1997-03-27,14.25,14.375,14.0,14.0,8.112428665161133,5000
1997-03-31,14.0,14.0,13.625,13.875,8.039996147155762,1800
1997-04-01,13.75,13.75,13.625,13.625,7.895131587982178,5000
1997-04-02,13.5,13.5,13.0,13.125,7.605401515960693,4600
1997-04-03,13.25,13.5,13.0,13.125,7.605401515960693,4400
1997-04-04,13.0,13.0,12.875,12.875,7.460538864135742,600
1997-04-07,12.875,12.875,12.625,12.875,7.460538864135742,1500
1997-04-08,13.125,13.5,13.125,13.375,7.750268459320068,6800
1997-04-09,13.625,13.625,13.5,13.5,7.822699546813965,5200
1997-04-10,13.375,13.5,13.25,13.5,7.822699546813965,4500
1997-04-11,13.375,13.375,13.375,13.375,7.750268459320068,2000
1997-04-14,13.375,13.375,13.125,13.125,7.605401515960693,600
1997-04-15,13.375,13.375,13.125,13.125,7.605401515960693,2700
1997-04-16,13.0,13.0,12.875,12.875,7.460538864135742,1600
1997-04-17,12.875,12.875,12.625,12.625,7.315673351287842,23700
1997-04-18,12.625,12.75,12.625,12.75,7.388107776641846,6500
1997-04-21,12.75,12.75,12.375,12.375,7.170806407928467,4100
1997-04-22,12.625,12.625,12.375,12.375,7.170806407928467,29300
1997-04-23,12.25,12.5,12.25,12.375,7.170806407928467,8700
1997-04-24,12.25,12.5,12.25,12.25,7.098376274108887,2400
1997-04-25,12.25,12.25,12.25,12.25,7.098376274108887,500
1997-04-28,12.25,12.25,12.25,12.25,7.098376274108887,900
1997-04-29,12.125,12.125,12.0,12.0,6.9535112380981445,1000
1997-04-30,11.75,12.0,11.625,11.875,6.881077766418457,9800
1997-05-01,11.875,12.125,11.875,12.125,7.025941848754883,4000
1997-05-02,12.0,12.25,12.0,12.25,7.098376274108887,4000
1997-05-05,12.0,12.0,11.625,11.625,6.7362141609191895,13800
1997-05-06,11.625,12.625,11.625,12.5,7.2432403564453125,10100
1997-05-07,12.625,14.125,12.5,14.125,8.18486213684082,27900
1997-05-08,14.75,14.875,14.125,14.125,8.18486213684082,21600
1997-05-09,14.125,14.125,13.125,13.75,7.967565536499023,20500
1997-05-12,13.625,13.75,13.375,13.625,7.895131587982178,11400
1997-05-13,13.625,13.875,13.5,13.5,7.822699546813965,4000
1997-05-14,13.625,14.0,13.5,13.75,7.967565536499023,5700
1997-05-15,13.75,13.875,13.75,13.75,7.967565536499023,3200
1997-05-16,13.625,13.625,13.625,13.625,7.895131587982178,1900
1997-05-19,13.75,13.75,13.75,13.75,7.967565536499023,900
1997-05-20,13.75,14.0,13.5,13.75,7.967565536499023,5900
1997-05-21,13.75,13.75,13.75,13.75,7.967565536499023,300
1997-05-22,14.0,14.1875,13.875,14.1875,8.221076965332031,2100
1997-05-23,14.25,14.25,14.0,14.125,8.18486213684082,2700
1997-05-27,14.125,14.375,14.0,14.25,8.257291793823242,5500
1997-05-28,14.125,14.125,13.625,13.625,7.895131587982178,3800
1997-05-29,13.75,13.75,13.75,13.75,7.967565536499023,500
1997-05-30,13.625,13.75,13.625,13.75,7.967565536499023,2400
1997-06-02,14.0,14.0,13.8125,13.875,8.039996147155762,2700
1997-06-03,14.0,14.0,13.875,14.0,8.112428665161133,2400
1997-06-04,14.0,14.5,14.0,14.5,8.402156829833984,9000
1997-06-05,14.5,14.5,14.25,14.5,8.402156829833984,7300
1997-06-06,14.5,15.0,14.5,15.0,8.691890716552734,5400
1997-06-09,15.0,15.375,15.0,15.25,8.836755752563477,5500
1997-06-10,15.125,15.125,14.875,14.875,8.619457244873047,3900
1997-06-11,14.875,14.875,14.75,14.75,8.547022819519043,1300
1997-06-12,14.625,14.75,14.5,14.75,8.547022819519043,1600
1997-06-13,14.5,14.625,14.125,14.25,8.257291793823242,5700
1997-06-16,14.0,14.125,14.0,14.0,8.112428665161133,2900
1997-06-17,14.0,14.0,13.75,14.0,8.112428665161133,5400
1997-06-18,14.0,14.0,14.0,14.0,8.112428665161133,0
1997-06-19,14.25,14.375,14.0,14.0,8.112428665161133,4400
1997-06-20,14.0,14.0,14.0,14.0,8.112428665161133,0
1997-06-23,13.875,13.9375,13.75,13.9375,8.076214790344238,2000
1997-06-24,13.75,13.75,13.625,13.625,7.895131587982178,4000
1997-06-25,13.625,13.625,13.5,13.5,7.822699546813965,2900
1997-06-26,13.25,13.25,13.25,13.25,7.6778364181518555,2600
1997-06-27,13.5,13.625,13.5,13.625,7.895131587982178,5000
1997-06-30,13.75,14.0,13.75,14.0,8.112428665161133,1400
1997-07-01,13.875,13.875,13.875,13.875,8.039996147155762,400
1997-07-02,13.75,14.25,13.75,14.25,8.257291793823242,2900
1997-07-03,14.375,14.625,14.375,14.625,8.474592208862305,2400
1997-07-07,14.5,14.5,14.5,14.5,8.402156829833984,200
1997-07-08,14.5,14.625,14.375,14.625,8.474592208862305,3500
1997-07-09,14.75,14.875,14.375,14.375,8.329726219177246,3500
1997-07-10,14.375,14.375,14.25,14.25,8.257291793823242,6600
1997-07-11,14.25,14.25,14.25,14.25,8.257291793823242,1200
1997-07-14,14.25,14.625,14.25,14.5,8.402156829833984,5000
1997-07-15,14.4375,14.625,14.375,14.625,8.474592208862305,4300
1997-07-16,14.75,15.25,14.75,15.25,8.836755752563477,10400
1997-07-17,15.125,15.4375,14.75,15.375,8.909186363220215,15900
1997-07-18,15.5,15.5,15.25,15.375,8.909186363220215,4600
1997-07-21,15.375,15.5,15.1875,15.5,8.981619834899902,4600
1997-07-22,15.4375,15.5,15.25,15.25,8.836755752563477,4100
1997-07-23,15.375,15.625,15.375,15.625,9.054051399230957,1600
1997-07-24,15.625,15.625,15.25,15.5,8.981619834899902,5300
1997-07-25,15.5,15.5,15.5,15.5,8.981619834899902,0
1997-07-28,15.625,15.625,15.5,15.5625,9.017836570739746,4000
1997-07-29,15.5,15.5,15.3125,15.3125,8.872968673706055,2300
1997-07-30,15.3125,15.3125,15.0,15.0,8.691890716552734,14900
1997-07-31,14.875,14.875,14.625,14.625,8.474592208862305,1800
1997-08-01,14.625,14.625,14.125,14.5,8.402156829833984,6400
1997-08-04,14.5,14.625,14.375,14.5,8.402156829833984,2800
1997-08-05,14.5625,14.5625,14.375,14.375,8.329726219177246,2500
1997-08-06,14.5625,15.0,14.5,14.875,8.619457244873047,4500
1997-08-07,14.9375,15.625,14.9375,15.625,9.054051399230957,12900
1997-08-08,15.25,15.25,13.75,14.0,8.112428665161133,32200
1997-08-11,13.5,13.5,12.0,12.125,7.025941848754883,35000
1997-08-12,12.625,13.0,12.5,12.625,7.315673351287842,15200
1997-08-13,12.375,12.75,12.375,12.75,7.388107776641846,6600
1997-08-14,12.625,12.75,12.625,12.625,7.315673351287842,4000
1997-08-15,12.5,12.5,12.5,12.5,7.2432403564453125,1700
1997-08-18,12.625,13.0,12.375,12.875,7.460538864135742,10900
1997-08-19,13.25,13.25,13.125,13.125,7.605401515960693,3300
1997-08-20,13.125,13.6875,13.125,13.6875,7.9313483238220215,5100
1997-08-21,14.0625,14.0625,13.875,14.0,8.112428665161133,7600
1997-08-22,13.875,13.875,13.625,13.625,7.895131587982178,900
1997-08-25,13.75,13.75,13.625,13.625,7.895131587982178,1000
1997-08-26,13.625,13.625,13.5,13.5,7.822699546813965,1400
1997-08-27,13.5,13.5,13.375,13.375,7.750268459320068,4800
1997-08-28,13.25,13.375,13.125,13.125,7.605401515960693,1600
1997-08-29,13.125,13.125,13.0,13.0,7.532968997955322,1900
1997-09-02,13.25,13.5,13.25,13.25,7.6778364181518555,4800
1997-09-03,13.625,14.25,13.625,14.25,8.257291793823242,10600
1997-09-04,14.375,14.375,14.3125,14.3125,8.293511390686035,3100
1997-09-05,14.1875,14.1875,14.0,14.0625,8.148645401000977,4200
1997-09-08,14.0,14.0,13.75,14.0,8.112428665161133,3700
1997-09-09,13.875,14.0,13.75,14.0,8.112428665161133,1500
1997-09-10,13.8125,13.875,13.8125,13.875,8.039996147155762,1700
1997-09-11,13.75,13.75,13.5,13.5,7.822699546813965,2300
1997-09-12,13.5,13.5,13.5,13.5,7.822699546813965,0
1997-09-15,13.5,13.5,13.5,13.5,7.822699546813965,0
1997-09-16,13.625,13.625,13.5,13.5,7.822699546813965,1300
1997-09-17,13.375,13.75,13.25,13.625,7.895131587982178,15800
1997-09-18,13.75,13.875,13.625,13.625,7.895131587982178,3100
1997-09-19,13.5,13.75,13.5,13.625,7.895131587982178,4500
1997-09-22,13.625,13.875,13.625,13.6875,7.9313483238220215,2900
1997-09-23,13.625,14.25,13.625,14.125,8.18486213684082,10400
1997-09-24,14.25,14.25,14.125,14.25,8.257291793823242,2900
1997-09-25,14.125,14.125,14.0,14.0,8.112428665161133,900
1997-09-26,14.125,14.25,14.0,14.25,8.257291793823242,2300
1997-09-29,14.1875,14.1875,14.0625,14.0625,8.148645401000977,4800
1997-09-30,14.1875,14.1875,14.0,14.0,8.112428665161133,3100
1997-10-01,13.875,14.125,13.875,14.0,8.112428665161133,1600
1997-10-02,14.0625,14.0625,14.0,14.0,8.112428665161133,2800
1997-10-03,14.0,14.25,14.0,14.0,8.112428665161133,4400
1997-10-06,14.0,15.0625,14.0,15.0,8.691890716552734,20200
1997-10-07,15.25,15.375,15.0625,15.125,8.76431941986084,6600
1997-10-08,15.375,15.5,15.25,15.3125,8.872968673706055,8300
1997-10-09,15.3125,15.3125,15.125,15.125,8.76431941986084,3000
1997-10-10,15.125,15.25,15.0,15.0625,8.728106498718262,7200
1997-10-13,15.125,15.125,15.0,15.0,8.691890716552734,400
1997-10-14,15.0,15.125,15.0,15.125,8.76431941986084,700
1997-10-15,15.0,15.25,15.0,15.25,8.836755752563477,3900
1997-10-16,15.125,15.25,15.0,15.0,8.691890716552734,3800
1997-10-17,15.0,15.0,14.625,14.625,8.474592208862305,4000
1997-10-20,14.5,14.625,14.375,14.5,8.402156829833984,2000
1997-10-21,14.625,14.625,14.4375,14.4375,8.36594295501709,600
1997-10-22,14.625,14.625,14.25,14.25,8.257291793823242,3400
1997-10-23,14.125,14.125,14.0,14.0,8.112428665161133,300
1997-10-24,13.875,14.0,13.75,14.0,8.112428665161133,1100
1997-10-27,13.875,13.9375,13.8125,13.8125,8.003783226013184,2000
1997-10-28,13.5625,13.5625,13.3125,13.5,7.822699546813965,3700
1997-10-29,13.75,13.75,13.5625,13.5625,7.858919143676758,6800
1997-10-30,13.5625,13.5625,13.5625,13.5625,7.858919143676758,0
1997-10-31,13.4375,13.6875,13.4375,13.6875,7.9313483238220215,1200
1997-11-03,13.625,13.625,13.5625,13.5625,7.858919143676758,2100
1997-11-04,13.5,13.625,13.5,13.625,7.895131587982178,1100
1997-11-05,13.625,13.625,13.5,13.625,7.895131587982178,400
1997-11-06,13.75,15.0,13.75,15.0,8.691890716552734,12100
1997-11-07,14.875,16.75,14.875,15.5,8.981619834899902,40000
1997-11-10,15.5,15.875,15.375,15.875,9.198915481567383,10500
1997-11-11,16.0,16.1875,15.9375,15.9375,9.235132217407227,14400
1997-11-12,15.5625,15.5625,15.25,15.25,8.836755752563477,21700
1997-11-13,15.25,15.25,14.5,14.875,8.619457244873047,5800
1997-11-14,15.0,15.25,15.0,15.25,8.836755752563477,1800
1997-11-17,15.1875,15.1875,14.8125,14.875,8.619457244873047,4200
1997-11-18,14.75,14.75,14.625,14.625,8.474592208862305,4900
1997-11-19,14.625,14.625,14.625,14.625,8.474592208862305,0
1997-11-20,14.5,14.5,14.375,14.5,8.402156829833984,2200
1997-11-21,14.5,14.75,14.5,14.75,8.547022819519043,1400
1997-11-24,14.625,14.625,14.625,14.625,8.474592208862305,200
1997-11-25,14.9375,14.9375,14.75,14.75,8.547022819519043,4400
1997-11-26,14.625,14.875,14.625,14.875,8.67829418182373,3700
1997-11-28,14.875,14.875,14.875,14.875,8.67829418182373,0
1997-12-01,14.5,14.875,14.5,14.75,8.605362892150879,6400
1997-12-02,14.875,15.0,14.75,14.75,8.605362892150879,2000
1997-12-03,14.75,14.75,14.75,14.75,8.605362892150879,200
1997-12-04,14.75,14.75,14.75,14.75,8.605362892150879,200
1997-12-05,14.875,15.0,14.625,14.625,8.532439231872559,3900
1997-12-08,14.5,14.75,14.5,14.5,8.459510803222656,2400
1997-12-09,14.5,14.5,14.5,14.5,8.459510803222656,0
1997-12-10,14.375,14.375,14.375,14.375,8.386584281921387,100
1997-12-11,14.125,14.125,14.125,14.125,8.240729331970215,400
1997-12-12,14.25,14.25,13.625,13.625,7.9490227699279785,4200
1997-12-15,14.0,14.0,13.875,13.875,8.094876289367676,2200
1997-12-16,14.125,14.125,14.0,14.0,8.167804718017578,800
1997-12-17,14.0,14.0,14.0,14.0,8.167804718017578,0
1997-12-18,14.0,14.0625,14.0,14.0625,8.204268455505371,4300
1997-12-19,14.1875,14.3125,14.0625,14.25,8.313655853271484,7800
1997-12-22,14.0,14.25,14.0,14.0,8.167804718017578,1500
1997-12-23,14.125,14.25,13.875,13.875,8.094876289367676,5900
1997-12-24,13.75,13.75,13.75,13.75,8.021953582763672,500
1997-12-26,13.75,13.75,13.75,13.75,8.021953582763672,0
1997-12-29,13.875,13.875,13.625,13.625,7.9490227699279785,1900
1997-12-30,13.625,13.875,13.625,13.875,8.094876289367676,3900
1997-12-31,14.0,14.375,13.75,14.375,8.386584281921387,12100
1998-01-02,14.25,14.5,14.25,14.375,8.386584281921387,2000
1998-01-05,14.5,14.5625,14.5,14.5625,8.49597454071045,1700
1998-01-06,14.5625,14.5625,14.5,14.5625,8.49597454071045,10500
1998-01-07,14.25,14.25,14.0,14.0,8.167804718017578,5500
1998-01-08,13.875,13.875,13.875,13.875,8.094876289367676,500
1998-01-09,13.625,13.625,13.125,13.125,7.657314777374268,8600
1998-01-12,13.0,13.125,13.0,13.125,7.657314777374268,4100
1998-01-13,13.25,13.25,13.125,13.125,7.657314777374268,2100
1998-01-14,13.1875,13.1875,12.9375,12.9375,7.5479254722595215,3200
1998-01-15,12.9375,13.0,12.75,12.75,7.438539028167725,11800
1998-01-16,12.75,12.75,12.375,12.75,7.438539028167725,8600
1998-01-20,12.625,13.0,12.625,12.75,7.438539028167725,17300
1998-01-21,12.75,12.875,12.625,12.875,7.511464595794678,3100
1998-01-22,12.875,12.875,12.375,12.375,7.219754219055176,11900
1998-01-23,12.25,12.375,11.625,12.125,7.073901653289795,15700
1998-01-26,11.875,11.875,11.75,11.75,6.855123043060303,3500
1998-01-27,11.875,11.875,11.75,11.75,6.855123043060303,3800
1998-01-28,12.0,12.3125,12.0,12.3125,7.183293342590332,2500
1998-01-29,12.4375,12.875,12.375,12.875,7.511464595794678,2800
1998-01-30,12.875,12.875,12.875,12.875,7.511464595794678,0
1998-02-02,12.875,13.75,12.875,13.75,8.021953582763672,6400
1998-02-03,13.625,13.625,13.5,13.5625,7.912561893463135,2700
1998-02-04,13.6875,13.6875,13.5625,13.5625,7.912561893463135,800
1998-02-05,13.5,13.625,13.5,13.625,7.9490227699279785,1200
1998-02-06,13.5625,13.5625,13.375,13.375,7.803171634674072,2300
1998-02-09,13.25,13.25,12.75,13.125,7.657314777374268,9600
1998-02-10,13.25,13.25,13.0,13.25,7.730244159698486,13500
1998-02-11,13.125,13.125,12.75,12.75,7.438539028167725,6500
1998-02-12,12.625,13.0625,12.625,13.0625,7.620855808258057,7100
1998-02-13,12.9375,13.125,12.875,13.125,7.657314777374268,7300
1998-02-17,13.125,13.25,13.125,13.125,7.657314777374268,800
1998-02-18,13.375,13.375,13.125,13.125,7.657314777374268,3000
1998-02-19,13.125,13.125,13.125,13.125,7.657314777374268,900
1998-02-20,13.125,13.125,12.9375,12.9375,7.5479254722595215,1200
1998-02-23,12.8125,12.8125,12.5625,12.5625,7.329145908355713,2500
1998-02-24,12.5,12.5,12.375,12.375,7.219754219055176,3800
1998-02-25,12.25,12.25,11.625,11.875,6.9280476570129395,10700
1998-02-26,11.75,11.875,11.625,11.875,6.9280476570129395,11400
1998-02-27,12.125,12.625,12.125,12.5,7.292682647705078,4500
1998-03-02,12.5,12.6875,12.375,12.625,7.365610599517822,6600
1998-03-03,12.75,12.75,12.75,12.75,7.438539028167725,1400
1998-03-04,12.75,12.75,12.5,12.5,7.292682647705078,3200
1998-03-05,12.25,12.5,12.25,12.5,7.292682647705078,4000
1998-03-06,12.5,13.0,12.5,13.0,7.58438777923584,11400
1998-03-09,13.125,13.5,13.125,13.25,7.730244159698486,8500
1998-03-10,13.5,13.5,13.5,13.5,7.876097202301025,6500
1998-03-11,13.5,13.5,13.375,13.375,7.803171634674072,7200
1998-03-12,13.375,13.375,13.375,13.375,7.803171634674072,4200
1998-03-13,13.375,13.375,13.25,13.3125,7.766708850860596,2700
1998-03-16,13.3125,13.375,13.3125,13.3125,7.766708850860596,4700
1998-03-17,13.25,13.25,13.0,13.25,7.730244159698486,5200
1998-03-18,13.0,13.0,12.875,12.875,7.511464595794678,4600
1998-03-19,12.875,13.0,12.75,12.875,7.511464595794678,2600
1998-03-20,13.0,13.5,13.0,13.25,7.730244159698486,11800
1998-03-23,13.5,14.0,13.5,13.9375,8.131343841552734,7200
1998-03-24,13.6875,13.875,13.5625,13.875,8.094876289367676,6400
1998-03-25,14.0,14.0,13.875,13.875,8.094876289367676,2700
1998-03-26,14.0,14.0,13.875,14.0,8.167804718017578,6300
1998-03-27,14.0,14.0,14.0,14.0,8.167804718017578,3100
1998-03-30,14.0,14.0,13.875,14.0,8.167804718017578,2800
1998-03-31,14.0,14.0,13.875,13.875,8.094876289367676,2700
1998-04-01,13.875,14.0,13.875,14.0,8.167804718017578,1200
1998-04-02,14.0,14.0,13.625,13.625,7.9490227699279785,7500
1998-04-03,13.875,13.875,13.1875,13.3125,7.766708850860596,11000
1998-04-06,13.25,13.375,13.25,13.25,7.730244159698486,1500
1998-04-07,13.25,13.25,13.25,13.25,7.730244159698486,0
1998-04-08,13.125,13.125,13.0,13.0,7.58438777923584,1000
1998-04-09,12.75,12.75,12.25,12.5,7.292682647705078,9300
1998-04-13,12.625,12.625,12.375,12.375,7.219754219055176,5900
1998-04-14,12.25,12.875,12.25,12.875,7.511464595794678,3200
1998-04-15,13.0,13.0,13.0,13.0,7.58438777923584,400
1998-04-16,13.125,13.125,13.125,13.125,7.657314777374268,300
1998-04-17,13.0,13.0,12.875,13.0,7.58438777923584,6500
1998-04-20,13.0,13.25,13.0,13.25,7.730244159698486,8300
1998-04-21,13.25,13.25,13.25,13.25,7.730244159698486,6600
1998-04-22,13.25,13.25,13.125,13.25,7.730244159698486,4400
1998-04-23,13.25,13.25,13.25,13.25,7.730244159698486,0
1998-04-24,13.25,13.375,13.125,13.375,7.803171634674072,3100
1998-04-27,13.5,13.625,13.5,13.625,7.9490227699279785,1500
1998-04-28,13.625,13.75,13.625,13.75,8.021953582763672,2800
1998-04-29,14.0,14.0,13.75,13.75,8.021953582763672,4800
1998-04-30,13.75,13.75,13.75,13.75,8.021953582763672,1300
1998-05-01,13.9375,14.0,13.9375,14.0,8.167804718017578,7200
1998-05-04,14.125,14.75,14.125,14.4375,8.42304801940918,13300
1998-05-05,14.4375,14.4375,14.125,14.1875,8.277194023132324,3000
1998-05-06,14.125,14.25,14.125,14.25,8.313655853271484,1500
1998-05-07,14.25,14.25,14.125,14.25,8.313655853271484,4800
1998-05-08,14.25,14.375,14.125,14.25,8.313655853271484,5200
1998-05-11,14.25,14.4375,14.25,14.4375,8.42304801940918,8300
1998-05-12,14.25,14.25,13.875,13.875,8.094876289367676,3300
1998-05-13,13.625,13.625,12.75,12.9375,7.5479254722595215,16300
1998-05-14,12.5625,12.6875,12.5,12.6875,7.402073860168457,8900
1998-05-15,12.875,12.9375,12.625,12.625,7.365610599517822,3200
1998-05-18,12.5625,12.625,12.5625,12.5625,7.329145908355713,3300
1998-05-19,12.625,12.875,12.625,12.625,7.365610599517822,2000
1998-05-20,12.625,12.625,12.625,12.625,7.365610599517822,0
1998-05-21,12.625,12.625,12.625,12.625,7.365610599517822,0
1998-05-22,12.75,12.75,12.0,12.0,7.0009765625,3800
1998-05-26,12.125,12.5,12.0,12.5,7.292682647705078,6400
1998-05-27,12.375,12.5,12.375,12.5,7.292682647705078,1300
1998-05-28,12.375,12.375,12.25,12.25,7.146829605102539,1600
1998-05-29,12.25,12.375,12.0,12.0,7.0009765625,800
1998-06-01,12.125,12.375,12.125,12.375,7.219754219055176,900
1998-06-02,12.125,12.25,12.0,12.25,7.146829605102539,2000
1998-06-03,12.125,12.25,12.125,12.125,7.073901653289795,500
1998-06-04,12.25,12.25,12.25,12.25,7.146829605102539,400
1998-06-05,12.25,12.25,12.25,12.25,7.146829605102539,0
1998-06-08,12.5,12.875,12.5,12.875,7.511464595794678,3800
1998-06-09,12.75,12.75,12.25,12.25,7.146829605102539,3700
1998-06-10,12.25,12.25,12.25,12.25,7.146829605102539,0
1998-06-11,12.375,12.375,12.125,12.125,7.073901653289795,400
1998-06-12,12.0,12.0,11.125,11.125,6.490489959716797,11300
1998-06-15,11.25,11.375,11.25,11.3125,6.599881172180176,3700
1998-06-16,11.4375,11.625,11.375,11.625,6.782193660736084,2400
1998-06-17,11.5,11.5,11.5,11.5,6.709269046783447,500
1998-06-18,11.5,11.5,11.5,11.5,6.709269046783447,0
1998-06-19,11.5,11.5,11.5,11.5,6.709269046783447,0
1998-06-22,11.375,11.375,11.375,11.375,6.636342525482178,2000
1998-06-23,11.375,11.375,11.375,11.375,6.636342525482178,0
1998-06-24,11.375,11.875,11.375,11.875,6.9280476570129395,8500
1998-06-25,11.875,11.875,11.875,11.875,6.9280476570129395,5200
1998-06-26,11.75,11.75,11.75,11.75,6.855123043060303,2800
1998-06-29,11.75,11.8125,11.75,11.8125,6.8915863037109375,4400
1998-06-30,11.75,11.75,11.6875,11.6875,6.81865930557251,2900
1998-07-01,11.5625,11.5625,11.5,11.5,6.709269046783447,800
1998-07-02,11.375,11.375,11.375,11.375,6.636342525482178,2500
1998-07-06,11.625,11.625,11.625,11.625,6.782193660736084,600
1998-07-07,11.5625,11.5625,11.5625,11.5625,6.745733261108398,3200
1998-07-08,11.4375,11.4375,11.3125,11.3125,6.599881172180176,2300
1998-07-09,11.1875,11.1875,11.1875,11.1875,6.526953220367432,800
1998-07-10,11.3125,11.3125,11.1875,11.1875,6.526953220367432,2400
1998-07-13,11.25,11.25,11.125,11.25,6.563416481018066,2400
1998-07-14,11.125,11.125,11.0,11.0,6.417561054229736,3100
1998-07-15,10.875,11.0,10.875,11.0,6.417561054229736,4000
1998-07-16,11.125,11.125,11.0,11.0,6.417561054229736,1100
1998-07-17,11.0,11.0,11.0,11.0,6.417561054229736,0
1998-07-20,11.0,11.0,11.0,11.0,6.417561054229736,800
1998-07-21,11.0,11.0,11.0,11.0,6.417561054229736,0
1998-07-22,10.9375,10.9375,10.9375,10.9375,6.381098747253418,10000
1998-07-23,10.8125,10.8125,10.8125,10.8125,6.308170795440674,1200
1998-07-24,10.75,10.75,10.625,10.625,6.1987786293029785,2800
1998-07-27,10.625,10.625,10.625,10.625,6.1987786293029785,900
1998-07-28,10.5,10.5,9.375,9.375,5.469511032104492,9400
1998-07-29,9.625,9.75,9.625,9.6875,5.651828289031982,8900
1998-07-30,9.75,9.875,9.75,9.875,5.761218547821045,9600
1998-07-31,9.75,9.8125,9.5,9.5,5.542438507080078,17000
1998-08-03,9.375,9.375,9.125,9.125,5.3236565589904785,4400
1998-08-04,9.0,9.0,8.75,8.75,5.10487699508667,6000
1998-08-05,8.625,8.625,8.375,8.375,4.8860979080200195,13000
1998-08-06,8.5,8.9375,8.5,8.875,5.1778059005737305,36500
1998-08-07,9.0625,9.0625,9.0625,9.0625,5.287196636199951,1800
1998-08-10,9.0625,9.0625,9.0625,9.0625,5.287196636199951,0
1998-08-11,9.0,9.0,8.75,9.0,5.250730514526367,2900
1998-08-12,8.875,8.875,8.75,8.75,5.10487699508667,600
1998-08-13,8.625,8.625,8.5,8.5,4.959023475646973,500
1998-08-14,8.6875,8.6875,8.6875,8.6875,5.068415641784668,100
1998-08-17,8.625,8.625,8.375,8.5,4.959023475646973,1100
1998-08-18,8.375,8.5,8.375,8.5,4.959023475646973,1200
1998-08-19,8.625,8.75,8.625,8.75,5.10487699508667,300
1998-08-20,8.75,8.875,8.625,8.875,5.1778059005737305,28400
1998-08-21,8.9375,8.9375,8.125,8.5,4.959023475646973,14000
1998-08-24,8.375,8.375,8.25,8.25,4.813169479370117,2100
1998-08-25,8.3125,8.4375,8.3125,8.3125,4.849634647369385,2100
1998-08-26,8.1875,8.1875,8.1875,8.1875,4.776707649230957,1000
1998-08-27,8.0625,8.0625,7.5625,7.6875,4.4850006103515625,11000
1998-08-28,7.4375,7.4375,6.875,7.0,4.083902359008789,18500
1998-08-31,6.75,6.75,6.375,6.5625,3.828657388687134,7700
1998-09-01,6.6875,7.0,6.5625,7.0,4.083902359008789,4700
1998-09-02,7.0625,7.1875,6.9375,6.9375,4.047438144683838,2200
1998-09-03,7.0,7.4375,7.0,7.4375,4.339147090911865,15300
1998-09-04,7.5,7.5,7.5,7.5,4.3756103515625,400
1998-09-08,7.75,8.125,7.75,8.0,4.667316436767578,11000
1998-09-09,8.125,8.125,8.125,8.125,4.740242958068848,200
1998-09-10,7.875,7.875,7.625,7.625,4.448538303375244,3400
1998-09-11,7.875,8.5,7.875,8.5,4.959023475646973,5600
1998-09-14,8.375,8.375,8.25,8.25,4.813169479370117,2000
1998-09-15,8.125,8.125,8.125,8.125,4.740242958068848,500
1998-09-16,8.125,8.125,8.125,8.125,4.740242958068848,0
1998-09-17,7.875,7.875,7.875,7.875,4.594389915466309,1000
1998-09-18,7.75,7.75,7.75,7.75,4.521464824676514,1200
1998-09-21,7.75,7.75,7.75,7.75,4.521464824676514,0
1998-09-22,7.875,7.9375,7.8125,7.8125,4.557927131652832,1300
1998-09-23,7.6875,8.25,7.625,8.25,4.813169479370117,21800
1998-09-24,8.25,8.25,8.25,8.25,4.813169479370117,400
1998-09-25,8.0,8.25,8.0,8.25,4.813169479370117,2300
1998-09-28,8.375,8.375,8.25,8.375,4.8860979080200195,10200
1998-09-29,8.25,8.5,8.25,8.5,4.959023475646973,1100
1998-09-30,8.375,8.375,8.375,8.375,4.8860979080200195,400
1998-10-01,8.25,8.25,7.875,8.0,4.667316436767578,2600
1998-10-02,8.125,8.375,8.125,8.375,4.8860979080200195,1200
1998-10-05,8.25,8.5,8.25,8.375,4.8860979080200195,2100
1998-10-06,8.375,8.375,8.375,8.375,4.8860979080200195,1400
1998-10-07,8.375,8.875,7.875,8.0,4.667316436767578,8600
1998-10-08,8.0,8.0,7.75,7.875,4.594389915466309,3900
1998-10-09,7.75,7.75,7.75,7.75,4.521464824676514,100
1998-10-12,7.75,7.75,7.75,7.75,4.521464824676514,0
1998-10-13,7.5625,7.5625,7.5625,7.5625,4.412071228027344,1000
1998-10-14,7.6875,7.6875,7.6875,7.6875,4.4850006103515625,500
1998-10-15,7.5625,7.5625,7.5625,7.5625,4.412071228027344,200
1998-10-16,7.625,7.875,7.625,7.625,4.448538303375244,3400
1998-10-19,7.625,7.625,7.625,7.625,4.448538303375244,0
1998-10-20,7.625,8.0,7.625,8.0,4.667316436767578,1400
1998-10-21,8.0,8.0,8.0,8.0,4.667316436767578,9000
1998-10-22,8.0,8.0,8.0,8.0,4.667316436767578,0
1998-10-23,8.0625,8.0625,8.0625,8.0625,4.7037811279296875,2500
1998-10-26,8.0625,8.0625,8.0625,8.0625,4.7037811279296875,0
1998-10-27,8.125,8.1875,8.125,8.1875,4.776707649230957,500
1998-10-28,8.1875,8.1875,8.1875,8.1875,4.776707649230957,0
1998-10-29,8.125,8.125,8.125,8.125,4.740242958068848,2200
1998-10-30,8.0,8.0,8.0,8.0,4.667316436767578,400
1998-11-02,8.0,8.0,8.0,8.0,4.667316436767578,0
1998-11-03,7.875,7.875,7.875,7.875,4.594389915466309,1100
1998-11-04,7.75,7.75,7.75,7.75,4.521464824676514,600
1998-11-05,7.8125,7.8125,7.625,7.625,4.448538303375244,1900
1998-11-06,7.875,7.875,7.875,7.875,4.594389915466309,3200
1998-11-09,8.0,8.0,8.0,8.0,4.667316436767578,500
1998-11-10,7.875,7.875,7.75,7.75,4.521464824676514,800
1998-11-11,7.6875,7.6875,7.6875,7.6875,4.4850006103515625,1000
1998-11-12,7.5,7.5625,7.5,7.5625,4.412071228027344,900
1998-11-13,7.5625,7.5625,7.5,7.5,4.3756103515625,600
1998-11-16,7.5,7.75,7.5,7.5,4.3756103515625,2300
1998-11-17,7.375,7.375,7.3125,7.375,4.3026814460754395,8000
1998-11-18,7.3125,7.3125,7.3125,7.3125,4.266219615936279,2000
1998-11-19,7.4375,7.4375,7.3125,7.3125,4.266219615936279,1300
1998-11-20,7.3125,7.3125,7.3125,7.3125,4.266219615936279,0
1998-11-23,7.25,7.25,7.25,7.25,4.229755401611328,1900
1998-11-24,7.25,7.25,7.1875,7.25,4.229755401611328,5300
1998-11-25,7.25,7.25,7.25,7.25,4.229755401611328,500
1998-11-27,7.125,7.125,7.125,7.125,4.2149658203125,0
1998-11-30,7.125,7.125,7.125,7.125,4.2149658203125,200
1998-12-01,7.0,7.0,6.75,6.75,3.9931256771087646,1800
1998-12-02,6.875,6.875,6.75,6.875,4.067072868347168,1100
1998-12-03,6.75,6.875,6.375,6.375,3.771287202835083,2700
1998-12-04,6.375,6.375,6.25,6.25,3.6973395347595215,1400
1998-12-07,6.375,6.375,6.25,6.375,3.771287202835083,3600
1998-12-08,6.375,6.75,5.75,6.0,3.5494461059570312,21000
1998-12-09,5.9375,6.375,5.9375,6.0625,3.5864181518554688,9600
1998-12-10,6.1875,6.4375,6.125,6.125,3.6233930587768555,4900
1998-12-11,6.25,6.25,6.125,6.125,3.6233930587768555,1600
1998-12-14,6.25,6.25,6.25,6.25,3.6973395347595215,2000
1998-12-15,6.0625,6.25,6.0,6.25,3.6973395347595215,5700
1998-12-16,6.375,6.375,6.125,6.125,3.6233930587768555,1400
1998-12-17,6.125,6.375,6.125,6.125,3.6233930587768555,1400
1998-12-18,6.0,6.0,6.0,6.0,3.5494461059570312,1800
1998-12-21,6.125,6.125,6.0,6.0,3.5494461059570312,3100
1998-12-22,6.0,6.25,5.75,5.75,3.401552677154541,10500
1998-12-23,6.0,6.125,5.875,6.125,3.6233930587768555,15300
1998-12-24,6.0,6.0,6.0,6.0,3.5494461059570312,400
1998-12-28,6.125,6.125,5.375,5.5,3.2536582946777344,5500
1998-12-29,5.5,5.5,5.25,5.5,3.2536582946777344,14700
1998-12-30,5.375,5.625,5.375,5.4375,3.2166852951049805,4200
1998-12-31,5.5,5.75,5.5,5.75,3.401552677154541,22400
1999-01-04,6.0,6.625,5.875,6.625,3.919179677963257,6300
1999-01-05,6.75,7.0,6.75,7.0,4.141019344329834,8100
1999-01-06,6.875,7.0,6.875,7.0,4.141019344329834,3600
1999-01-07,6.875,6.9375,6.875,6.875,4.067072868347168,900
1999-01-08,6.8125,6.8125,6.8125,6.8125,4.030098915100098,1200
1999-01-11,6.9375,7.0,6.375,6.5625,3.882206439971924,24400
1999-01-12,6.75,6.75,6.5625,6.75,3.9931256771087646,4600
1999-01-13,6.5625,6.5625,6.3125,6.4375,3.8082597255706787,3800
1999-01-14,6.5,6.5625,6.4375,6.4375,3.8082597255706787,1500
1999-01-15,6.3125,6.3125,6.25,6.25,3.6973395347595215,3000
1999-01-19,6.375,6.375,6.0,6.0,3.5494461059570312,2100
1999-01-20,6.125,6.25,6.125,6.25,3.6973395347595215,1400
1999-01-21,6.25,6.375,6.25,6.375,3.771287202835083,2400
1999-01-22,6.375,6.375,6.375,6.375,3.771287202835083,0
1999-01-25,6.375,6.375,6.375,6.375,3.771287202835083,1500
1999-01-26,6.25,6.25,6.0,6.0,3.5494461059570312,7800
1999-01-27,6.0,6.0,6.0,6.0,3.5494461059570312,1000
1999-01-28,6.0,6.0,6.0,6.0,3.5494461059570312,0
1999-01-29,6.0,6.25,6.0,6.25,3.6973395347595215,2600
1999-02-01,6.1875,6.1875,6.1875,6.1875,3.6603646278381348,1900
1999-02-02,6.25,6.25,6.1875,6.1875,3.6603646278381348,4000
1999-02-03,6.1875,6.4375,6.1875,6.4375,3.8082597255706787,2900
1999-02-04,6.4375,6.4375,6.4375,6.4375,3.8082597255706787,0
1999-02-05,6.5,6.5,6.0,6.0625,3.5864181518554688,5800
1999-02-08,6.0625,6.0625,6.0625,6.0625,3.5864181518554688,0
1999-02-09,6.0,6.0,6.0,6.0,3.5494461059570312,1600
1999-02-10,6.0,6.0,6.0,6.0,3.5494461059570312,500
1999-02-11,6.0,6.0,6.0,6.0,3.5494461059570312,0
1999-02-12,6.0,6.0,6.0,6.0,3.5494461059570312,0
1999-02-16,6.0,6.125,6.0,6.125,3.6233930587768555,2600
1999-02-17,6.0625,6.0625,6.0625,6.0625,3.5864181518554688,400
1999-02-18,6.0625,6.125,6.0625,6.125,3.6233930587768555,1500
1999-02-19,6.25,6.25,5.875,5.875,3.4754996299743652,4900
1999-02-22,6.0,6.0,6.0,6.0,3.5494461059570312,500
1999-02-23,6.0,6.0,6.0,6.0,3.5494461059570312,2400
1999-02-24,6.0,6.0,6.0,6.0,3.5494461059570312,400
1999-02-25,6.0,6.0,6.0,6.0,3.5494461059570312,0
1999-02-26,6.0,6.0,6.0,6.0,3.5494461059570312,0
1999-03-01,6.0,6.0,6.0,6.0,3.5494461059570312,2300
1999-03-02,6.0,6.0,6.0,6.0,3.5494461059570312,1000
1999-03-03,6.0,6.0,6.0,6.0,3.5494461059570312,200
1999-03-04,6.0,6.0,6.0,6.0,3.5494461059570312,1900
1999-03-05,6.125,6.125,6.125,6.125,3.6233930587768555,100
1999-03-08,6.125,6.375,6.125,6.375,3.771287202835083,14700
1999-03-09,6.5,6.5,6.4375,6.5,3.8452322483062744,5200
1999-03-10,6.6875,6.9375,6.6875,6.8125,4.030098915100098,3700
1999-03-11,7.0625,7.25,7.0,7.25,4.288913249969482,6900
1999-03-12,7.25,7.25,7.0,7.25,4.288913249969482,6400
1999-03-15,7.0,7.0,6.875,6.875,4.067072868347168,2300
1999-03-16,6.875,6.875,6.875,6.875,4.067072868347168,0
1999-03-17,6.875,6.875,6.75,6.75,3.9931256771087646,600
1999-03-18,7.0,7.0,6.875,6.9375,4.104045391082764,4500
1999-03-19,6.9375,6.9375,6.875,6.875,4.067072868347168,300
1999-03-22,6.875,6.9375,6.875,6.875,4.067072868347168,1400
1999-03-23,7.0,7.0,6.875,6.875,4.067072868347168,500
1999-03-24,6.75,6.75,6.625,6.625,3.919179677963257,900
1999-03-25,6.625,6.625,6.625,6.625,3.919179677963257,0
1999-03-26,6.625,6.875,6.625,6.75,3.9931256771087646,800
1999-03-29,6.8125,6.8125,6.75,6.75,3.9931256771087646,8900
1999-03-30,6.75,6.75,6.75,6.75,3.9931256771087646,0
1999-03-31,6.875,6.875,5.875,6.0,3.5494461059570312,18200
1999-04-01,6.0,6.0,5.8125,5.8125,3.4385251998901367,2600
1999-04-05,5.875,6.0,5.875,5.875,3.4754996299743652,3900
1999-04-06,5.9375,6.0,5.9375,6.0,3.5494461059570312,5700
1999-04-07,6.0,6.0,6.0,6.0,3.5494461059570312,1200
1999-04-08,6.0,6.0,6.0,6.0,3.5494461059570312,300
1999-04-09,5.875,6.0,5.875,6.0,3.5494461059570312,1900
1999-04-12,6.0,6.0,6.0,6.0,3.5494461059570312,0
1999-04-13,6.0,6.875,6.0,6.875,4.067072868347168,9300
1999-04-14,7.375,7.4375,7.25,7.25,4.288913249969482,11300
1999-04-15,7.125,7.125,6.875,7.0,4.141019344329834,700
1999-04-16,7.125,7.5,7.125,7.5,4.436807155609131,11000
1999-04-19,7.5625,7.5625,7.375,7.375,4.362858295440674,1500
1999-04-20,7.25,7.25,7.25,7.25,4.288913249969482,3300
1999-04-21,7.125,7.375,7.125,7.375,4.362858295440674,600
1999-04-22,7.5,7.75,7.5,7.75,4.5847015380859375,3000
1999-04-23,7.75,7.75,7.75,7.75,4.5847015380859375,2900
1999-04-26,7.625,7.75,7.625,7.75,4.5847015380859375,2600
1999-04-27,7.75,7.8125,7.75,7.8125,4.621673583984375,2100
1999-04-28,7.8125,8.0,7.8125,7.875,4.6586480140686035,6000
1999-04-29,7.9375,8.375,7.9375,8.25,4.880486965179443,11100
1999-04-30,8.375,8.375,8.375,8.375,4.9544358253479,1300
1999-05-03,8.375,8.5,8.375,8.5,5.02838134765625,4800
1999-05-04,8.25,8.375,8.25,8.375,4.9544358253479,2300
1999-05-05,8.125,8.25,8.125,8.25,4.880486965179443,6200
1999-05-06,8.25,8.25,8.25,8.25,4.880486965179443,0
1999-05-07,8.125,8.125,8.125,8.125,4.806539058685303,5000
1999-05-10,8.125,8.125,8.125,8.125,4.806539058685303,0
1999-05-11,8.375,8.375,8.125,8.125,4.806539058685303,4100
1999-05-12,8.0,8.0,7.875,7.875,4.6586480140686035,600
1999-05-13,7.875,7.875,7.5,7.5,4.436807155609131,4900
1999-05-14,7.625,7.875,7.625,7.875,4.6586480140686035,1400
1999-05-17,7.875,7.875,7.875,7.875,4.6586480140686035,0
1999-05-18,7.875,7.875,7.875,7.875,4.6586480140686035,0
1999-05-19,7.75,7.75,7.75,7.75,4.5847015380859375,100
1999-05-20,7.75,7.75,7.75,7.75,4.5847015380859375,0
1999-05-21,7.75,7.75,7.75,7.75,4.5847015380859375,0
1999-05-24,7.75,7.75,7.625,7.625,4.510754585266113,1800
1999-05-25,7.5,7.5,7.5,7.5,4.436807155609131,100
1999-05-26,7.625,7.625,7.625,7.625,4.510754585266113,500
1999-05-27,7.5,7.5,7.5,7.5,4.436807155609131,2000
1999-05-28,7.5,7.75,7.5,7.75,4.5847015380859375,1600
1999-06-01,7.625,7.625,7.5,7.5,4.436807155609131,1300
1999-06-02,7.5,7.5,7.5,7.5,4.436807155609131,100
1999-06-03,7.625,7.625,7.5,7.625,4.510754585266113,2100
1999-06-04,7.75,7.75,7.75,7.75,4.5847015380859375,200
1999-06-07,7.625,7.75,7.625,7.75,4.5847015380859375,700
1999-06-08,7.75,7.75,7.75,7.75,4.5847015380859375,0
1999-06-09,7.625,7.625,7.625,7.625,4.510754585266113,200
1999-06-10,7.625,7.625,7.625,7.625,4.510754585266113,0
1999-06-11,7.5625,7.8125,7.5625,7.8125,4.621673583984375,6100
1999-06-14,7.9375,7.9375,7.9375,7.9375,4.695619583129883,800
1999-06-15,7.9375,8.0,7.75,7.75,4.5847015380859375,5800
1999-06-16,7.875,7.875,7.75,7.75,4.5847015380859375,3200
1999-06-17,7.75,7.75,7.75,7.75,4.5847015380859375,1300
1999-06-18,7.75,7.75,7.75,7.75,4.5847015380859375,0
1999-06-21,7.75,7.75,7.75,7.75,4.5847015380859375,0
1999-06-22,8.0,8.0,8.0,8.0,4.732593536376953,1400
1999-06-23,8.0,8.0,8.0,8.0,4.732593536376953,0
1999-06-24,7.875,7.875,7.875,7.875,4.6586480140686035,1300
1999-06-25,7.875,7.875,7.875,7.875,4.6586480140686035,0
1999-06-28,7.875,7.875,7.875,7.875,4.6586480140686035,0
1999-06-29,7.875,7.875,7.75,7.875,4.6586480140686035,1200
1999-06-30,7.875,7.875,7.875,7.875,4.6586480140686035,2500
1999-07-01,8.0,8.0,8.0,8.0,4.732593536376953,1400
1999-07-02,8.125,8.25,8.125,8.25,4.880486965179443,6100
1999-07-06,8.25,8.25,8.25,8.25,4.880486965179443,12500
1999-07-07,8.25,8.375,8.25,8.375,4.9544358253479,500
1999-07-08,8.375,8.375,8.375,8.375,4.9544358253479,0
1999-07-09,8.25,8.375,8.25,8.375,4.9544358253479,2100
1999-07-12,8.25,8.25,8.25,8.25,4.880486965179443,4700
1999-07-13,8.125,8.125,8.125,8.125,4.806539058685303,1200
1999-07-14,8.25,8.25,8.25,8.25,4.880486965179443,500
1999-07-15,8.25,8.25,8.25,8.25,4.880486965179443,0
1999-07-16,8.375,8.375,8.375,8.375,4.9544358253479,1300
1999-07-19,8.25,8.25,8.125,8.25,4.880486965179443,600
1999-07-20,8.0,8.0,8.0,8.0,4.732593536376953,1200
1999-07-21,8.0,8.0,7.875,7.875,4.6586480140686035,1200
1999-07-22,7.875,8.0,7.875,8.0,4.732593536376953,900
1999-07-23,8.0,8.0,8.0,8.0,4.732593536376953,0
1999-07-26,8.0,8.0,8.0,8.0,4.732593536376953,600
1999-07-27,8.0,8.0,7.875,7.875,4.6586480140686035,2200
1999-07-28,7.875,7.875,7.875,7.875,4.6586480140686035,1000
1999-07-29,7.625,7.625,7.625,7.625,4.510754585266113,1000
1999-07-30,7.75,7.75,7.75,7.75,4.5847015380859375,1200
1999-08-02,7.8125,7.875,7.8125,7.875,4.6586480140686035,400
1999-08-03,7.875,8.0,7.875,8.0,4.732593536376953,900
1999-08-04,8.0,8.0,8.0,8.0,4.732593536376953,0
1999-08-05,8.0,9.25,8.0,9.25,5.472061634063721,17900
1999-08-06,9.5,10.875,9.5,10.75,6.359423637390137,42600
1999-08-09,11.125,11.375,10.25,10.25,6.063635349273682,27000
1999-08-10,10.4375,10.4375,10.125,10.1875,6.026663303375244,8700
1999-08-11,10.0625,10.75,10.0,10.75,6.359423637390137,13600
1999-08-12,10.75,10.75,10.4375,10.5625,6.24850606918335,3200
1999-08-13,10.5,10.625,10.125,10.125,5.98969030380249,11600
1999-08-16,10.5,10.5,9.9375,10.0,5.91574239730835,4100
1999-08-17,10.125,10.375,9.875,10.375,6.137584686279297,4700
1999-08-18,10.25,10.25,10.25,10.25,6.063635349273682,2800
1999-08-19,10.0,10.375,10.0,10.125,5.98969030380249,10400
1999-08-20,10.125,10.5,10.125,10.5,6.211528778076172,1100
1999-08-23,10.375,10.75,10.375,10.625,6.285475254058838,2000
1999-08-24,10.5,10.5,10.25,10.3125,6.10060977935791,2300
1999-08-25,10.375,10.375,10.0,10.25,6.063635349273682,5300
1999-08-26,10.125,10.125,9.75,9.875,5.841795921325684,2100
1999-08-27,9.75,9.75,9.75,9.75,5.767849445343018,700
1999-08-30,9.625,9.625,9.5,9.625,5.693902492523193,2600
1999-08-31,9.75,9.8125,9.5,9.5625,5.656929016113281,5500
1999-09-01,9.6875,9.875,9.5625,9.875,5.841795921325684,3900
1999-09-02,9.75,9.75,9.625,9.625,5.693902492523193,1600
1999-09-03,9.875,10.125,9.875,10.0,5.91574239730835,2200
1999-09-07,10.125,10.125,9.875,9.875,5.841795921325684,3100
1999-09-08,10.25,10.5,10.125,10.125,5.98969030380249,6600
1999-09-09,10.375,10.375,10.375,10.375,6.137584686279297,3000
1999-09-10,10.25,10.375,10.25,10.375,6.137584686279297,1200
1999-09-13,10.25,10.25,10.25,10.25,6.063635349273682,800
1999-09-14,10.25,10.5,10.25,10.5,6.211528778076172,400
1999-09-15,10.25,10.25,10.0,10.25,6.063635349273682,8700
1999-09-16,10.125,10.375,10.125,10.375,6.137584686279297,6700
1999-09-17,10.3125,10.5,10.3125,10.5,6.211528778076172,1600
1999-09-20,10.375,10.375,10.375,10.375,6.137584686279297,2800
1999-09-21,10.375,10.375,10.25,10.25,6.063635349273682,600
1999-09-22,10.25,10.25,10.25,10.25,6.063635349273682,0
1999-09-23,10.375,10.375,10.25,10.25,6.063635349273682,2300
1999-09-24,10.25,10.25,10.25,10.25,6.063635349273682,0
1999-09-27,10.25,10.25,10.125,10.125,5.98969030380249,700
1999-09-28,10.0,10.0,9.875,9.875,5.841795921325684,2600
1999-09-29,9.875,9.875,9.125,9.5,5.619955539703369,7900
1999-09-30,9.625,10.0625,8.75,8.75,5.176274299621582,45100
1999-10-01,8.875,9.25,8.875,9.25,5.472061634063721,1700
1999-10-04,9.1875,9.5,9.125,9.125,5.398114204406738,4200
1999-10-05,9.25,9.25,8.625,8.625,5.102329254150391,4000
1999-10-06,8.5,8.5,7.875,8.0625,4.769569396972656,10300
1999-10-07,8.125,8.1875,8.125,8.1875,4.843513011932373,22800
1999-10-08,8.375,8.625,8.375,8.5,5.02838134765625,7900
1999-10-11,8.5,8.5,8.5,8.5,5.02838134765625,1600
1999-10-12,8.375,8.375,8.25,8.375,4.9544358253479,4000
1999-10-13,8.25,8.25,8.25,8.25,4.880486965179443,1000
1999-10-14,8.5,8.5,8.5,8.5,5.02838134765625,1100
1999-10-15,8.375,8.375,8.375,8.375,4.9544358253479,700
1999-10-18,8.5,8.5,8.5,8.5,5.02838134765625,100
1999-10-19,8.5,8.5,8.5,8.5,5.02838134765625,1000
1999-10-20,8.375,8.375,8.375,8.375,4.9544358253479,200
1999-10-21,8.25,8.25,8.125,8.125,4.806539058685303,2400
1999-10-22,8.125,8.125,8.125,8.125,4.806539058685303,0
1999-10-25,8.1875,8.1875,8.1875,8.1875,4.843513011932373,1000
1999-10-26,8.125,8.125,8.125,8.125,4.806539058685303,8200
1999-10-27,8.25,8.25,8.25,8.25,4.880486965179443,1600
1999-10-28,8.5,8.5,8.5,8.5,5.02838134765625,500
1999-10-29,8.75,8.8125,8.75,8.8125,5.213248252868652,1300
1999-11-01,8.5625,8.5625,8.5625,8.5625,5.065354824066162,3500
1999-11-02,8.5,8.5,8.5,8.5,5.02838134765625,900
1999-11-03,8.625,8.75,8.625,8.75,5.176274299621582,1500
1999-11-04,8.75,8.75,8.75,8.75,5.176274299621582,0
1999-11-05,8.75,8.75,8.75,8.75,5.176274299621582,0
1999-11-08,8.625,8.625,8.625,8.625,5.102329254150391,200
1999-11-09,8.625,8.875,8.625,8.8125,5.213248252868652,2700
1999-11-10,8.875,9.5,8.875,9.1875,5.435087203979492,6800
1999-11-11,9.4375,10.1875,9.4375,10.125,5.98969030380249,25100
1999-11-12,10.0,10.125,9.875,10.125,5.98969030380249,5000
1999-11-15,10.1875,10.1875,10.0,10.0,5.91574239730835,5000
1999-11-16,10.0,10.0,10.0,10.0,5.91574239730835,2200
1999-11-17,9.875,10.0,9.75,9.8125,5.80482292175293,2500
1999-11-18,9.9375,9.9375,9.875,9.875,5.841795921325684,1000
1999-11-19,9.8125,9.8125,9.8125,9.8125,5.80482292175293,1200
1999-11-22,9.75,9.75,9.625,9.625,5.693902492523193,1500
1999-11-23,9.5,9.5,9.25,9.5,5.619955539703369,2200
1999-11-24,9.25,9.25,9.25,9.25,5.472061634063721,2400
1999-11-26,9.25,9.25,9.25,9.25,5.472061634063721,0
1999-11-29,9.0,9.0,8.5,8.625,5.158092021942139,5400
1999-11-30,8.75,8.75,8.75,8.75,5.232845783233643,1000
1999-12-01,8.75,8.75,8.75,8.75,5.232845783233643,0
1999-12-02,8.75,8.875,8.625,8.625,5.158092021942139,1400
1999-12-03,8.5,8.5,8.5,8.5,5.083335876464844,1200
1999-12-06,8.5,8.5,8.5,8.5,5.083335876464844,700
1999-12-07,8.75,8.75,8.625,8.625,5.158092021942139,800
1999-12-08,8.5,8.5,8.25,8.5,5.083335876464844,1100
1999-12-09,8.5,8.5,8.5,8.5,5.083335876464844,900
1999-12-10,8.375,8.375,8.25,8.25,4.933825969696045,900
1999-12-13,8.375,8.375,8.375,8.375,5.00858211517334,900
1999-12-14,8.375,8.375,8.375,8.375,5.00858211517334,800
1999-12-15,8.375,8.375,8.375,8.375,5.00858211517334,0
1999-12-16,8.375,8.4375,8.375,8.4375,5.045959949493408,2700
1999-12-17,8.625,8.875,8.625,8.875,5.307601451873779,3900
1999-12-20,8.75,8.75,8.625,8.625,5.158092021942139,4800
1999-12-21,8.5,8.5,8.5,8.5,5.083335876464844,400
1999-12-22,8.5,8.5,8.375,8.5,5.083335876464844,2100
1999-12-23,8.375,8.5,8.375,8.5,5.083335876464844,4400
1999-12-27,8.5,8.5,8.5,8.5,5.083335876464844,1500
1999-12-28,8.625,8.625,8.5,8.5,5.083335876464844,4700
1999-12-29,8.375,8.75,8.375,8.5,5.083335876464844,5500
1999-12-30,8.5,8.5,8.5,8.5,5.083335876464844,200
1999-12-31,8.5,8.5,8.5,8.5,5.083335876464844,7200
2000-01-03,8.5,8.5,8.375,8.375,5.00858211517334,3100
2000-01-04,8.625,8.625,8.375,8.375,5.00858211517334,2700
2000-01-05,8.375,8.375,8.125,8.125,4.85906982421875,2800
2000-01-06,8.25,8.5,8.25,8.5,5.083335876464844,1900
2000-01-07,8.75,8.75,8.5,8.5,5.083335876464844,4000
2000-01-10,8.625,8.625,8.375,8.5,5.083335876464844,1200
2000-01-11,8.75,8.75,8.125,8.25,4.933825969696045,3600
2000-01-12,8.25,8.25,8.25,8.25,4.933825969696045,200
2000-01-13,8.5,8.5,8.5,8.5,5.083335876464844,500
2000-01-14,8.125,8.375,8.125,8.375,5.00858211517334,2000
2000-01-18,8.625,8.625,8.25,8.375,5.00858211517334,4700
2000-01-19,8.625,8.625,8.5,8.625,5.158092021942139,4600
2000-01-20,8.75,9.25,8.75,9.25,5.53186559677124,4800
2000-01-21,9.375,10.375,9.375,10.0,5.980395317077637,17000
2000-01-24,10.125,10.75,10.125,10.375,6.204661846160889,26200
2000-01-25,10.375,10.375,10.125,10.125,6.055150985717773,6700
2000-01-26,10.125,10.125,9.875,9.875,5.905640125274658,6200
2000-01-27,9.625,10.25,9.625,10.25,6.129904270172119,13500
2000-01-28,10.1875,10.375,10.1875,10.375,6.204661846160889,2700
2000-01-31,10.375,10.375,10.375,10.375,6.204661846160889,0
2000-02-01,10.0,10.0,9.875,10.0,5.980395317077637,3500
2000-02-02,10.0,10.0,10.0,10.0,5.980395317077637,0
2000-02-03,10.0,10.0,10.0,10.0,5.980395317077637,4700
2000-02-04,10.0,10.5,10.0,10.3125,6.167283058166504,7300
2000-02-07,10.625,10.625,10.25,10.375,6.204661846160889,10200
2000-02-08,10.125,10.25,10.0,10.25,6.129904270172119,5100
2000-02-09,10.0,10.25,9.875,9.875,5.905640125274658,12000
2000-02-10,9.75,9.875,9.625,9.6875,5.7935075759887695,5600
2000-02-11,9.625,10.125,9.625,10.0,5.980395317077637,4200
2000-02-14,10.25,10.25,10.25,10.25,6.129904270172119,4200
2000-02-15,10.5,10.6875,10.5,10.5625,6.316795349121094,6100
2000-02-16,10.5,10.5,10.5,10.5,6.27941370010376,2700
2000-02-17,10.6875,11.25,10.5625,11.125,6.653191566467285,13200
2000-02-18,11.125,11.25,11.0,11.0,6.578433990478516,10500
2000-02-22,11.25,11.625,11.25,11.25,6.7279462814331055,5400
2000-02-23,11.5,11.9375,11.5,11.5,6.877457141876221,11000
2000-02-24,11.875,12.375,11.625,12.375,7.400737285614014,14800
2000-02-25,12.625,12.625,11.6875,11.75,7.026966094970703,9900
2000-02-28,11.75,12.625,11.75,12.375,7.400737285614014,6500
2000-02-29,12.5,12.75,12.5,12.625,7.550251007080078,6800
2000-03-01,12.5,12.5,12.0,12.0,7.176475524902344,8900
2000-03-02,11.625,12.5,11.625,12.375,7.400737285614014,14800
2000-03-03,12.0,12.25,11.75,11.75,7.026966094970703,8400
2000-03-06,11.75,11.75,11.75,11.75,7.026966094970703,2300
2000-03-07,11.875,12.125,11.75,11.75,7.026966094970703,3600
2000-03-08,11.5,12.75,11.5,11.75,7.026966094970703,37500
2000-03-09,11.9375,12.0,11.625,11.875,7.101718425750732,8400
2000-03-10,12.0,12.0,11.5,11.75,7.026966094970703,10500
2000-03-13,11.5,11.6875,11.375,11.6875,6.989587783813477,4400
2000-03-14,11.5,11.625,11.5,11.625,6.952208995819092,4600
2000-03-15,11.5,11.5,11.25,11.25,6.7279462814331055,3100
2000-03-16,11.125,11.5,11.125,11.5,6.877457141876221,1500
2000-03-17,11.375,11.375,11.125,11.125,6.653191566467285,1000
2000-03-20,11.0,11.0,11.0,11.0,6.578433990478516,1400
2000-03-21,10.875,11.0,10.75,11.0,6.578433990478516,5900
2000-03-22,10.875,11.0,10.75,10.875,6.503681182861328,5600
2000-03-23,10.75,11.25,10.75,11.25,6.7279462814331055,3000
2000-03-24,11.375,11.625,11.25,11.25,6.7279462814331055,1300
2000-03-27,11.375,11.5,11.25,11.5,6.877457141876221,1500
2000-03-28,11.5,11.5,11.5,11.5,6.877457141876221,0
2000-03-29,11.0,11.0,10.625,10.75,6.428925514221191,1500
2000-03-30,10.75,10.75,10.75,10.75,6.428925514221191,0
2000-03-31,10.875,10.875,10.625,10.875,6.503681182861328,3600
2000-04-03,10.875,10.875,10.875,10.875,6.503681182861328,1000
2000-04-04,10.75,10.75,10.75,10.75,6.428925514221191,2500
2000-04-05,10.375,10.375,10.0,10.0,5.980395317077637,8100
2000-04-06,10.0,10.0,9.875,10.0,5.980395317077637,1400
2000-04-07,10.0,10.0,10.0,10.0,5.980395317077637,0
2000-04-10,10.0,10.0,10.0,10.0,5.980395317077637,400
2000-04-11,10.0,10.0,10.0,10.0,5.980395317077637,0
2000-04-12,9.75,9.75,9.75,9.75,5.830886363983154,500
2000-04-13,9.375,9.5,9.375,9.5,5.681375503540039,5900
2000-04-14,9.5,9.5,9.375,9.5,5.681375503540039,8500
2000-04-17,9.25,9.25,9.125,9.125,5.457110404968262,500
2000-04-18,9.0,9.25,9.0,9.0,5.382355213165283,1900
2000-04-19,9.5,9.5,9.25,9.25,5.53186559677124,2200
2000-04-20,9.5,9.5,9.5,9.5,5.681375503540039,3000
2000-04-24,9.5,9.5,9.5,9.5,5.681375503540039,0
2000-04-25,9.125,9.625,9.125,9.625,5.756130695343018,5000
2000-04-26,9.75,9.75,9.5,9.5,5.681375503540039,600
2000-04-27,9.5,9.5,9.5,9.5,5.681375503540039,0
2000-04-28,9.5625,9.625,9.5,9.5,5.681375503540039,2100
2000-05-01,9.625,9.875,9.625,9.875,5.905640125274658,2100
2000-05-02,9.875,9.875,9.875,9.875,5.905640125274658,4300
2000-05-03,9.8125,9.8125,9.8125,9.8125,5.868263244628906,3200
2000-05-04,10.0,10.0,10.0,10.0,5.980395317077637,1000
2000-05-05,10.0,10.1875,10.0,10.1875,6.092527866363525,1700
2000-05-08,10.3125,10.75,10.25,10.625,6.3541693687438965,4500
2000-05-09,10.625,10.875,10.625,10.75,6.428925514221191,1800
2000-05-10,10.625,10.75,10.4375,10.5,6.27941370010376,6400
2000-05-11,10.625,12.125,10.625,12.0,7.176475524902344,19000
2000-05-12,12.25,12.5,12.0,12.0,7.176475524902344,16400
2000-05-15,12.375,12.75,12.25,12.5,7.475494861602783,13500
2000-05-16,12.75,13.25,12.625,13.1875,7.886647701263428,12200
2000-05-17,13.125,13.75,13.0,13.75,8.223045349121094,15600
2000-05-18,13.75,13.75,13.25,13.6875,8.185665130615234,17600
2000-05-19,13.8125,14.25,13.6875,13.875,8.297797203063965,35600
2000-05-22,14.125,14.5,14.0,14.5,8.671571731567383,41800
2000-05-23,14.5,14.625,14.25,14.625,8.746328353881836,30900
2000-05-24,14.8125,15.25,14.625,15.125,9.045344352722168,31600
2000-05-25,15.25,15.625,15.125,15.625,9.344367027282715,30400
2000-05-26,15.5,17.375,15.5,17.375,10.390937805175781,90900
2000-05-30,19.0,21.0625,18.75,20.125,12.035545349121094,182800
2000-05-31,20.1875,20.1875,16.375,16.5,9.86765193939209,152400
2000-06-01,16.3125,18.0,16.3125,17.875,10.689957618713379,63600
2000-06-02,18.25,18.875,18.125,18.4375,11.026352882385254,35400
2000-06-05,18.75,18.75,14.375,14.375,8.596817016601562,64700
2000-06-06,14.4375,15.375,14.25,15.375,9.19486141204834,65700
2000-06-07,15.75,16.25,15.375,15.375,9.19486141204834,28500
2000-06-08,15.5,15.625,13.75,14.25,8.522061347961426,37100
2000-06-09,14.0,14.375,13.75,14.0,8.372552871704102,38200
2000-06-12,13.875,14.375,13.625,14.375,8.596817016601562,28300
2000-06-13,14.125,14.8125,14.125,14.8125,8.858460426330566,14100
2000-06-14,14.5,14.6875,14.5,14.6875,8.783708572387695,4500
2000-06-15,14.8125,15.0,14.5,14.5625,8.708952903747559,11100
2000-06-16,14.6875,15.125,14.625,14.875,8.895838737487793,22900
2000-06-19,14.75,14.75,13.5,13.75,8.223045349121094,25600
2000-06-20,13.75,13.75,13.0,13.4375,8.036155700683594,19900
2000-06-21,13.5,13.875,13.5,13.8125,8.26042366027832,12900
2000-06-22,14.0,14.75,14.0,14.25,8.522061347961426,20900
2000-06-23,14.375,14.625,14.375,14.625,8.746328353881836,3100
2000-06-26,14.5,14.5,14.25,14.5,8.671571731567383,10000
2000-06-27,14.375,14.375,13.625,13.9375,8.335177421569824,12300
2000-06-28,13.75,14.0,13.75,14.0,8.372552871704102,6400
2000-06-29,13.8125,13.8125,13.375,13.375,7.998781681060791,9200
2000-06-30,13.5,13.5,13.25,13.375,7.998781681060791,4500
2000-07-03,13.25,13.625,13.25,13.5,8.073533058166504,3600
2000-07-05,13.25,13.25,12.875,12.875,7.6997599601745605,14500
2000-07-06,12.75,12.875,12.5625,12.5625,7.51287317276001,8200
2000-07-07,12.4375,12.5,12.125,12.4375,7.438116073608398,12700
2000-07-10,12.25,12.375,12.0,12.375,7.400737285614014,11700
2000-07-11,12.625,12.9375,12.5,12.6875,7.587626934051514,9400
2000-07-12,12.5625,12.875,12.5,12.5,7.475494861602783,3800
2000-07-13,12.5,12.5,12.25,12.4375,7.438116073608398,5400
2000-07-14,12.5625,12.625,12.375,12.5625,7.51287317276001,4300
2000-07-17,12.6875,12.875,12.625,12.625,7.550251007080078,11000
2000-07-18,12.625,13.0,12.625,13.0,7.77451229095459,10700
2000-07-19,13.0,13.5,13.0,13.5,8.073533058166504,8300
2000-07-20,13.5,13.75,13.4375,13.4375,8.036155700683594,3600
2000-07-21,13.4375,13.4375,13.25,13.25,7.924025058746338,3800
2000-07-24,13.5,13.5,12.875,12.875,7.6997599601745605,4300
2000-07-25,12.75,13.25,12.6875,13.25,7.924025058746338,8200
2000-07-26,13.0625,13.3125,12.75,13.3125,7.96140193939209,27400
2000-07-27,13.4375,13.4375,13.0,13.0625,7.811893463134766,2800
2000-07-28,13.0,13.0,13.0,13.0,7.77451229095459,500
2000-07-31,13.1875,13.375,13.1875,13.375,7.998781681060791,5800
2000-08-01,13.375,13.375,13.125,13.125,7.849268913269043,700
2000-08-02,13.125,13.125,13.125,13.125,7.849268913269043,1400
2000-08-03,13.0,13.3125,13.0,13.3125,7.96140193939209,3400
2000-08-04,13.1875,14.375,13.1875,14.375,8.596817016601562,15700
2000-08-07,14.5,15.5,14.5,15.375,9.19486141204834,20300
2000-08-08,15.25,15.875,15.125,15.125,9.045344352722168,14000
2000-08-09,15.5,16.0,15.5,16.0,9.568631172180176,17100
2000-08-10,16.0,17.0,15.8125,15.875,9.493876457214355,26500
2000-08-11,15.875,15.875,15.0,15.25,9.120104789733887,20500
2000-08-14,15.375,15.625,15.375,15.4375,9.23223876953125,10500
2000-08-15,15.4375,15.5,15.375,15.375,9.19486141204834,9500
2000-08-16,15.3125,15.3125,14.875,15.125,9.045344352722168,4400
2000-08-17,15.0,15.125,14.25,14.25,8.522061347961426,11900
2000-08-18,14.0,14.0,13.75,13.8125,8.26042366027832,10300
2000-08-21,13.875,13.875,13.625,13.875,8.297797203063965,5300
2000-08-22,14.125,14.25,14.125,14.25,8.522061347961426,1200
2000-08-23,14.375,15.0,14.375,14.75,8.821080207824707,10600
2000-08-24,14.75,15.25,14.625,15.25,9.120104789733887,9300
2000-08-25,15.125,15.125,15.0,15.125,9.045344352722168,3100
2000-08-28,14.75,14.875,14.6875,14.75,8.821080207824707,9100
2000-08-29,14.6875,14.75,14.6875,14.75,8.821080207824707,4500
2000-08-30,14.9375,14.9375,14.9375,14.9375,8.933215141296387,300
2000-08-31,14.875,15.0,14.625,14.75,8.821080207824707,2300
2000-09-01,14.75,14.75,14.6875,14.75,8.821080207824707,2400
2000-09-05,14.9375,15.0,14.875,14.875,8.895838737487793,6100
2000-09-06,15.0,15.0,14.75,14.75,8.821080207824707,2700
2000-09-07,15.0,15.75,15.0,15.4375,9.23223876953125,13700
2000-09-08,15.375,15.5,14.75,14.75,8.821080207824707,7800
2000-09-11,15.0,15.25,14.875,15.25,9.120104789733887,15300
2000-09-12,15.0,15.625,15.0,15.375,9.19486141204834,10100
2000-09-13,15.25,15.5,15.1875,15.1875,9.082725524902344,7900
2000-09-14,14.8125,15.75,14.8125,15.75,9.419123649597168,24300
2000-09-15,15.875,16.125,15.75,16.0,9.568631172180176,12000
2000-09-18,16.25,16.875,16.0625,16.0625,9.606008529663086,48200
2000-09-19,16.3125,16.3125,16.0,16.3125,9.755517959594727,14900
2000-09-20,16.5,16.5,16.3125,16.4375,9.830276489257812,2100
2000-09-21,16.4375,16.4375,15.875,15.875,9.493876457214355,5500
2000-09-22,15.75,15.75,15.625,15.625,9.344367027282715,2000
2000-09-25,15.625,15.625,15.0,15.0,8.97059440612793,5000
2000-09-26,15.375,15.4375,15.0,15.0,8.97059440612793,7700
2000-09-27,14.875,15.125,14.875,15.0625,9.007972717285156,3200
2000-09-28,15.0,15.0625,14.875,15.0625,9.007972717285156,2700
2000-09-29,14.75,14.875,14.75,14.75,8.821080207824707,3800
2000-10-02,14.75,14.875,14.625,14.875,8.895838737487793,4500
2000-10-03,15.0,15.25,14.875,15.25,9.120104789733887,3500
2000-10-04,15.0625,15.0625,14.875,15.0,8.97059440612793,1000
2000-10-05,14.75,14.75,13.625,13.875,8.297797203063965,6200
2000-10-06,13.875,14.0,13.75,13.75,8.223045349121094,1600
2000-10-09,13.5,13.625,13.5,13.625,8.148287773132324,4400
2000-10-10,13.5,13.625,13.25,13.375,7.998781681060791,3100
2000-10-11,13.5,14.0,13.375,14.0,8.372552871704102,14100
2000-10-12,14.125,14.75,14.125,14.375,8.596817016601562,7400
2000-10-13,14.375,14.5,14.125,14.125,8.447305679321289,5000
2000-10-16,14.125,14.125,14.125,14.125,8.447305679321289,600
2000-10-17,13.875,14.0,13.875,14.0,8.372552871704102,3200
2000-10-18,13.75,13.75,13.25,13.4375,8.036155700683594,3200
2000-10-19,13.625,13.75,13.125,13.125,7.849268913269043,8300
2000-10-20,13.125,13.1875,13.125,13.1875,7.886647701263428,1900
2000-10-23,13.1875,13.1875,13.1875,13.1875,7.886647701263428,0
2000-10-24,13.1875,13.375,13.1875,13.375,7.998781681060791,1100
2000-10-25,13.5,13.5,12.75,12.75,7.625006675720215,5400
2000-10-26,12.5,12.75,12.5,12.75,7.625006675720215,6000
2000-10-27,12.625,12.625,12.375,12.5,7.475494861602783,3900
2000-10-30,12.3125,12.5,12.125,12.125,7.251228332519531,6400
2000-10-31,12.25,12.625,12.25,12.5,7.475494861602783,3400
2000-11-01,12.5,12.6875,12.375,12.6875,7.587626934051514,2900
2000-11-02,12.6875,12.6875,12.6875,12.6875,7.587626934051514,0
2000-11-03,12.75,13.125,12.75,13.125,7.849268913269043,3700
2000-11-06,13.25,13.6875,13.25,13.625,8.148287773132324,3600
2000-11-07,13.6875,14.125,13.6875,14.0,8.372552871704102,6400
2000-11-08,14.0625,14.0625,14.0,14.0,8.372552871704102,2500
2000-11-09,14.25,14.25,13.875,13.875,8.297797203063965,13500
2000-11-10,13.75,14.0,12.75,12.75,7.625006675720215,23100
2000-11-13,12.75,13.0,12.75,13.0,7.77451229095459,5600
2000-11-14,13.0,13.0,12.625,12.625,7.550251007080078,4100
2000-11-15,13.0,13.3125,13.0,13.0,7.77451229095459,10400
2000-11-16,13.125,13.25,13.125,13.25,7.924025058746338,1100
2000-11-17,13.125,13.125,13.125,13.125,7.849268913269043,300
2000-11-20,13.125,13.4375,13.125,13.4375,8.036155700683594,2100
2000-11-21,13.4375,13.4375,13.4375,13.4375,8.036155700683594,0
2000-11-22,13.3125,13.3125,13.25,13.25,7.924025058746338,1400
2000-11-24,12.875,13.25,12.8125,13.25,7.924025058746338,8500
2000-11-27,13.375,13.5,13.25,13.25,7.924025058746338,2800
2000-11-28,13.25,13.5,13.125,13.3125,7.96140193939209,4600
2000-11-29,13.125,13.25,13.125,13.125,7.9266743659973145,2300
2000-11-30,12.875,13.0,12.625,12.625,7.624708652496338,2100
2000-12-01,12.75,12.9375,12.125,12.375,7.473719596862793,9000
2000-12-04,12.75,12.875,12.5,12.75,7.70020055770874,8100
2000-12-05,13.0,13.3125,13.0,13.0625,7.8889312744140625,3900
2000-12-06,13.3125,13.3125,13.0625,13.0625,7.8889312744140625,1800
2000-12-07,13.0,13.0,13.0,13.0,7.851180076599121,200
2000-12-08,13.0,13.0,12.625,12.75,7.70020055770874,2700
2000-12-11,13.0,13.25,13.0,13.125,7.9266743659973145,2900
2000-12-12,13.0,13.0,13.0,13.0,7.851180076599121,2500
2000-12-13,13.25,13.375,13.125,13.3125,8.039915084838867,3400
2000-12-14,13.3125,13.3125,13.25,13.3125,8.039915084838867,2900
2000-12-15,13.0625,13.125,13.0,13.125,7.9266743659973145,3300
2000-12-18,13.25,13.25,13.25,13.25,8.002166748046875,2600
2000-12-19,13.125,13.25,12.875,12.875,7.775691509246826,5000
2000-12-20,13.125,13.25,13.0,13.0,7.851180076599121,6300
2000-12-21,12.75,13.0,12.5,12.625,7.624708652496338,13100
2000-12-22,12.625,12.875,12.5,12.875,7.775691509246826,6600
2000-12-26,12.75,13.75,12.75,13.75,8.30413818359375,7300
2000-12-27,14.0,14.0,13.75,14.0,8.455119132995605,14900
2000-12-28,14.125,14.5,14.125,14.4375,8.719340324401855,5800
2000-12-29,14.5,14.5,14.0,14.0,8.455119132995605,4400
2001-01-02,14.125,14.8125,14.0625,14.375,8.681595802307129,10900
2001-01-03,14.25,14.5,14.25,14.5,8.757085800170898,500
2001-01-04,14.5,14.5,14.0625,14.0625,8.492867469787598,2100
2001-01-05,13.9375,14.0625,13.9375,14.0625,8.492867469787598,3000
2001-01-08,14.5625,14.5625,14.3125,14.3125,8.643852233886719,5500
2001-01-09,14.4375,14.6875,14.3125,14.3125,8.643852233886719,8100
2001-01-10,14.5,14.5,14.5,14.5,8.757085800170898,1000
2001-01-11,14.375,14.375,14.3125,14.375,8.681595802307129,3600
2001-01-12,14.4375,14.625,14.4375,14.625,8.832582473754883,8600
2001-01-16,14.875,15.0,14.75,14.875,8.983566284179688,7500
2001-01-17,15.0,15.25,14.5,14.5,8.757085800170898,21800
2001-01-18,14.5,14.5,14.0,14.0,8.455119132995605,13600
2001-01-19,14.25,14.25,13.5625,14.125,8.530609130859375,20500
2001-01-22,14.0,14.25,14.0,14.125,8.530609130859375,4500
2001-01-23,14.0,14.1875,14.0,14.125,8.530609130859375,4300
2001-01-24,14.0,14.25,14.0,14.25,8.606103897094727,1000
2001-01-25,14.5,14.5,13.25,14.0,8.455119132995605,10500
2001-01-26,13.625,13.875,13.625,13.875,8.37962818145752,1900
2001-01-29,13.699999809265137,13.899999618530273,13.5,13.5,8.15315055847168,4400
2001-01-30,13.600000381469727,13.600000381469727,13.479999542236328,13.59000015258789,8.207509994506836,2600
2001-01-31,13.579999923706055,13.800000190734863,13.579999923706055,13.600000381469727,8.213547706604004,5100
2001-02-01,13.5,13.5,13.279999732971191,13.279999732971191,8.02028751373291,3400
2001-02-02,13.300000190734863,13.449999809265137,13.300000190734863,13.449999809265137,8.122955322265625,3300
2001-02-05,13.449999809265137,13.449999809265137,13.449999809265137,13.449999809265137,8.122955322265625,1100
2001-02-06,13.600000381469727,14.050000190734863,13.600000381469727,14.050000190734863,8.48531723022461,2600
2001-02-07,14.149999618530273,14.170000076293945,14.149999618530273,14.170000076293945,8.557790756225586,600
2001-02-08,14.25,14.449999809265137,14.25,14.449999809265137,8.726892471313477,400
2001-02-09,14.350000381469727,14.4399995803833,14.199999809265137,14.199999809265137,8.575906753540039,800
2001-02-12,14.199999809265137,14.279999732971191,14.050000190734863,14.25,8.606103897094727,2300
2001-02-13,14.149999618530273,14.149999618530273,14.149999618530273,14.149999618530273,8.5457124710083,100
2001-02-14,14.149999618530273,14.640000343322754,14.149999618530273,14.550000190734863,8.787286758422852,5800
2001-02-15,14.800000190734863,14.800000190734863,14.300000190734863,14.300000190734863,8.63630199432373,8800
2001-02-16,14.420000076293945,15.050000190734863,14.300000190734863,15.0,9.059056282043457,5500
2001-02-20,15.119999885559082,15.289999961853027,14.899999618530273,15.010000228881836,9.065096855163574,7900
2001-02-21,15.25,15.25,14.899999618530273,15.0,9.059056282043457,8200
2001-02-22,15.0,15.489999771118164,15.0,15.149999618530273,9.149650573730469,7600
2001-02-23,15.0,15.0,14.149999618530273,14.149999618530273,8.5457124710083,4800
2001-02-26,14.399999618530273,15.010000228881836,14.399999618530273,14.75,8.90807056427002,4600
2001-02-27,14.829999923706055,14.829999923706055,14.649999618530273,14.649999618530273,8.847679138183594,3200
2001-02-28,14.649999618530273,15.399999618530273,14.649999618530273,14.649999618530273,8.847679138183594,9700
2001-03-01,14.75,14.75,14.65999984741211,14.65999984741211,8.853719711303711,3000
2001-03-02,14.75,15.0,14.75,15.0,9.059056282043457,1300
2001-03-05,15.25,15.510000228881836,15.0,15.5,9.361028671264648,10000
2001-03-06,15.75,16.489999771118164,15.75,16.25,9.813977241516113,9300
2001-03-07,16.0,16.25,13.899999618530273,14.5,8.757085800170898,25100
2001-03-08,14.5,14.5,13.100000381469727,13.75,8.30413818359375,20100
2001-03-09,13.600000381469727,13.699999809265137,13.25,13.5,8.15315055847168,4700
2001-03-12,13.399999618530273,13.859999656677246,13.300000190734863,13.550000190734863,8.18334674835205,6600
2001-03-13,13.75,14.0,13.75,13.800000190734863,8.334335327148438,4800
2001-03-14,13.800000190734863,14.0,13.800000190734863,13.800000190734863,8.334335327148438,10700
2001-03-15,14.0,14.039999961853027,14.0,14.0,8.455119132995605,6000
2001-03-16,14.0,14.34000015258789,14.0,14.34000015258789,8.660460472106934,4400
2001-03-19,14.489999771118164,14.489999771118164,14.350000381469727,14.350000381469727,8.666498184204102,2500
2001-03-20,14.449999809265137,14.550000190734863,14.350000381469727,14.350000381469727,8.666498184204102,1000
2001-03-21,14.199999809265137,14.449999809265137,14.199999809265137,14.390000343322754,8.690656661987305,1500
2001-03-22,14.100000381469727,14.100000381469727,13.75,13.75,8.30413818359375,5500
2001-03-23,13.75,13.75,13.649999618530273,13.649999618530273,8.243742942810059,2800
2001-03-26,13.649999618530273,13.649999618530273,13.649999618530273,13.649999618530273,8.243742942810059,0
2001-03-27,13.75,14.0,13.710000038146973,14.0,8.455119132995605,4600
2001-03-28,13.850000381469727,14.0,13.800000190734863,14.0,8.455119132995605,1200
2001-03-29,14.0,14.0,14.0,14.0,8.455119132995605,0
2001-03-30,13.75,13.75,13.600000381469727,13.649999618530273,8.243742942810059,6000
2001-04-02,13.619999885559082,13.710000038146973,13.619999885559082,13.710000038146973,8.279979705810547,400
2001-04-03,13.600000381469727,13.600000381469727,13.40999984741211,13.40999984741211,8.098793983459473,2400
2001-04-04,13.489999771118164,13.489999771118164,13.199999809265137,13.199999809265137,7.971971035003662,4000
2001-04-05,13.210000038146973,13.399999618530273,13.210000038146973,13.399999618530273,8.092756271362305,6300
2001-04-06,13.399999618530273,13.399999618530273,13.399999618530273,13.399999618530273,8.092756271362305,0
2001-04-09,13.390000343322754,13.75,13.390000343322754,13.680000305175781,8.261858940124512,14600
2001-04-10,13.699999809265137,13.800000190734863,13.699999809265137,13.779999732971191,8.322253227233887,6000
2001-04-11,13.850000381469727,13.850000381469727,13.649999618530273,13.800000190734863,8.334335327148438,1900
2001-04-12,13.890000343322754,13.899999618530273,13.75,13.899999618530273,8.394728660583496,9700
2001-04-16,14.100000381469727,14.289999961853027,13.960000038146973,14.149999618530273,8.5457124710083,15100
2001-04-17,14.25,14.489999771118164,14.25,14.3100004196167,8.642341613769531,1800
2001-04-18,14.6899995803833,14.75,14.680000305175781,14.75,8.90807056427002,3000
2001-04-19,14.75,14.869999885559082,14.609999656677246,14.869999885559082,8.980547904968262,4700
2001-04-20,14.699999809265137,14.699999809265137,14.699999809265137,14.699999809265137,8.877876281738281,1100
2001-04-23,14.850000381469727,15.100000381469727,14.850000381469727,15.0,9.059056282043457,8800
2001-04-24,15.25,16.229999542236328,15.25,15.949999809265137,9.632800102233887,22700
2001-04-25,15.75,16.299999237060547,15.75,16.25,9.813977241516113,8200
2001-04-26,16.25,16.399999618530273,16.0,16.25,9.813977241516113,1500
2001-04-27,16.399999618530273,16.5,16.25,16.489999771118164,9.958921432495117,7800
2001-04-30,16.549999237060547,16.75,15.899999618530273,15.899999618530273,9.60260009765625,22500
2001-05-01,16.149999618530273,16.399999618530273,15.5,15.600000381469727,9.421418190002441,21100
2001-05-02,15.350000381469727,15.350000381469727,14.5,14.520000457763672,8.769169807434082,10700
2001-05-03,14.649999618530273,14.649999618530273,13.760000228881836,14.5,8.757085800170898,10700
2001-05-04,14.600000381469727,14.800000190734863,14.600000381469727,14.800000190734863,8.938272476196289,600
2001-05-07,14.550000190734863,15.010000228881836,14.550000190734863,14.899999618530273,8.998661994934082,8800
2001-05-08,14.850000381469727,15.100000381469727,13.920000076293945,13.920000076293945,8.406806945800781,9100
2001-05-09,14.25,14.5,13.760000228881836,13.770000457763672,8.316214561462402,13900
2001-05-10,13.859999656677246,13.859999656677246,13.859999656677246,13.859999656677246,8.370569229125977,700
2001-05-11,13.979999542236328,13.979999542236328,13.850000381469727,13.970000267028809,8.437004089355469,5000
2001-05-14,13.850000381469727,13.850000381469727,13.75,13.850000381469727,8.364529609680176,6300
2001-05-15,13.75,13.760000228881836,13.75,13.760000228881836,8.310176849365234,1200
2001-05-16,14.0,14.199999809265137,13.800000190734863,13.899999618530273,8.394728660583496,4300
2001-05-17,14.289999961853027,14.699999809265137,14.289999961853027,14.300000190734863,8.63630199432373,4600
2001-05-18,14.5,14.5,14.25,14.449999809265137,8.726892471313477,9000
2001-05-21,14.649999618530273,15.239999771118164,14.649999618530273,14.850000381469727,8.968465805053711,9400
2001-05-22,15.0,15.0,14.899999618530273,14.899999618530273,8.998661994934082,1600
2001-05-23,15.09000015258789,15.09000015258789,14.800000190734863,14.800000190734863,8.938272476196289,500
2001-05-24,14.75,14.899999618530273,14.75,14.899999618530273,8.998661994934082,2000
2001-05-25,14.899999618530273,14.899999618530273,14.899999618530273,14.899999618530273,8.998661994934082,0
2001-05-29,14.699999809265137,15.100000381469727,14.600000381469727,15.100000381469727,9.119452476501465,4400
2001-05-30,14.850000381469727,14.859999656677246,14.5,14.5,8.757085800170898,13000
2001-05-31,14.350000381469727,14.350000381469727,14.350000381469727,14.350000381469727,8.666498184204102,1000
2001-06-01,14.350000381469727,14.350000381469727,14.350000381469727,14.350000381469727,8.666498184204102,0
2001-06-04,14.5,14.600000381469727,14.5,14.600000381469727,8.817481994628906,1300
2001-06-05,14.449999809265137,14.649999618530273,14.449999809265137,14.609999656677246,8.823521614074707,3300
2001-06-06,14.460000038146973,14.460000038146973,14.199999809265137,14.300000190734863,8.63630199432373,1500
2001-06-07,14.319999694824219,14.319999694824219,14.319999694824219,14.319999694824219,8.648380279541016,200
2001-06-08,14.149999618530273,14.300000190734863,14.109999656677246,14.25,8.606103897094727,2200
2001-06-11,14.25,14.25,14.25,14.25,8.606103897094727,0
2001-06-12,14.199999809265137,14.449999809265137,14.199999809265137,14.300000190734863,8.63630199432373,800
2001-06-13,14.489999771118164,14.5,14.489999771118164,14.5,8.757085800170898,1300
2001-06-14,14.5,14.5,14.199999809265137,14.199999809265137,8.575906753540039,5100
2001-06-15,14.109999656677246,14.149999618530273,13.75,13.850000381469727,8.364529609680176,6500
2001-06-18,13.850000381469727,13.850000381469727,13.850000381469727,13.850000381469727,8.364529609680176,0
2001-06-19,13.649999618530273,13.789999961853027,13.600000381469727,13.789999961853027,8.328290939331055,1100
2001-06-20,13.75,13.800000190734863,13.520000457763672,13.800000190734863,8.334335327148438,7800
2001-06-21,13.600000381469727,13.600000381469727,13.359999656677246,13.359999656677246,8.068602561950684,3800
2001-06-22,13.449999809265137,13.449999809265137,13.270000457763672,13.270000457763672,8.014245986938477,1700
2001-06-25,13.270000457763672,13.270000457763672,13.270000457763672,13.270000457763672,8.014245986938477,0
2001-06-26,13.3100004196167,13.319999694824219,13.3100004196167,13.319999694824219,8.04444694519043,500
2001-06-27,13.319999694824219,13.319999694824219,13.100000381469727,13.100000381469727,7.911576271057129,4000
2001-06-28,13.100000381469727,13.199999809265137,13.100000381469727,13.199999809265137,7.971971035003662,5200
2001-06-29,13.199999809265137,13.260000228881836,13.199999809265137,13.25,8.002166748046875,2300
2001-07-02,13.109999656677246,13.109999656677246,13.09000015258789,13.100000381469727,7.911576271057129,3700
2001-07-03,13.100000381469727,13.100000381469727,13.100000381469727,13.100000381469727,7.911576271057129,400
2001-07-05,13.350000381469727,13.350000381469727,13.25,13.25,8.002166748046875,2700
2001-07-06,13.25,13.399999618530273,13.100000381469727,13.399999618530273,8.092756271362305,3700
2001-07-09,13.149999618530273,13.25,13.100000381469727,13.25,8.002166748046875,6100
2001-07-10,13.25,13.25,13.25,13.25,8.002166748046875,2000
2001-07-11,13.100000381469727,13.100000381469727,13.100000381469727,13.100000381469727,7.911576271057129,1200
2001-07-12,13.0,13.0,12.800000190734863,12.800000190734863,7.730396270751953,2700
2001-07-13,12.800000190734863,13.0,12.800000190734863,13.0,7.851180076599121,1000
2001-07-16,12.75,12.850000381469727,12.75,12.75,7.70020055770874,2900
2001-07-17,12.75,12.75,12.75,12.75,7.70020055770874,0
2001-07-18,12.75,12.75,12.75,12.75,7.70020055770874,0
2001-07-19,12.75,13.199999809265137,12.75,13.100000381469727,7.911576271057129,2100
2001-07-20,13.050000190734863,13.100000381469727,13.0,13.100000381469727,7.911576271057129,1500
2001-07-23,13.100000381469727,13.100000381469727,13.100000381469727,13.100000381469727,7.911576271057129,400
2001-07-24,13.100000381469727,13.100000381469727,13.100000381469727,13.100000381469727,7.911576271057129,0
2001-07-25,13.0,13.0,12.800000190734863,12.800000190734863,7.730396270751953,600
2001-07-26,12.850000381469727,12.850000381469727,12.850000381469727,12.850000381469727,7.760592460632324,400
2001-07-27,12.75,12.75,12.75,12.75,7.70020055770874,500
2001-07-30,12.699999809265137,12.75,12.699999809265137,12.75,7.70020055770874,500
2001-07-31,12.699999809265137,12.699999809265137,12.699999809265137,12.699999809265137,7.670001983642578,200
2001-08-01,12.800000190734863,12.850000381469727,12.6899995803833,12.850000381469727,7.760592460632324,1500
2001-08-02,12.699999809265137,12.699999809265137,12.649999618530273,12.649999618530273,7.639804363250732,300
2001-08-03,12.819999694824219,12.819999694824219,12.819999694824219,12.819999694824219,7.742476463317871,300
2001-08-06,12.75,12.75,12.75,12.75,7.70020055770874,200
2001-08-07,12.850000381469727,12.850000381469727,12.600000381469727,12.6899995803833,7.663963794708252,1500
2001-08-08,12.600000381469727,12.6899995803833,12.359999656677246,12.399999618530273,7.488818645477295,7200
2001-08-09,12.300000190734863,12.300000190734863,12.25,12.25,7.39823055267334,300
2001-08-10,12.25,12.25,10.0,10.5,6.341338634490967,14400
2001-08-13,10.0,10.140000343322754,9.75,9.819999694824219,5.930662631988525,11300
2001-08-14,9.899999618530273,10.0,9.899999618530273,9.920000076293945,5.991057872772217,2300
2001-08-15,9.770000457763672,10.0,9.760000228881836,10.0,6.039371013641357,2300
2001-08-16,10.140000343322754,10.149999618530273,10.140000343322754,10.149999618530273,6.129961967468262,900
2001-08-17,10.050000190734863,10.050000190734863,10.0,10.0,6.039371013641357,300
2001-08-20,10.050000190734863,10.050000190734863,10.050000190734863,10.050000190734863,6.069568634033203,1000
2001-08-21,10.0,10.0,9.75,10.0,6.039371013641357,2000
2001-08-22,10.0,10.0,10.0,10.0,6.039371013641357,0
2001-08-23,10.0,10.0,10.0,10.0,6.039371013641357,0
2001-08-24,10.199999809265137,10.5,10.199999809265137,10.5,6.341338634490967,3000
2001-08-27,10.350000381469727,10.520000457763672,10.350000381469727,10.359999656677246,6.256789684295654,4000
2001-08-28,10.350000381469727,10.350000381469727,10.25,10.25,6.19035530090332,900
2001-08-29,10.300000190734863,10.34000015258789,10.300000190734863,10.34000015258789,6.2447123527526855,1600
2001-08-30,10.399999618530273,10.399999618530273,10.399999618530273,10.399999618530273,6.280947685241699,200
2001-08-31,10.399999618530273,10.399999618530273,10.399999618530273,10.399999618530273,6.280947685241699,0
2001-09-04,10.300000190734863,10.300000190734863,10.0,10.199999809265137,6.160157680511475,2800
2001-09-05,10.100000381469727,10.100000381469727,10.0,10.0,6.039371013641357,300
2001-09-06,10.0,10.0,10.0,10.0,6.039371013641357,4900
2001-09-07,9.850000381469727,9.850000381469727,9.850000381469727,9.850000381469727,5.948782444000244,100
2001-09-10,9.5,9.5,9.350000381469727,9.350000381469727,5.646813869476318,5200
2001-09-17,9.199999809265137,9.199999809265137,9.0,9.100000381469727,5.495828628540039,11100
2001-09-18,9.199999809265137,9.199999809265137,8.979999542236328,8.979999542236328,5.423356056213379,5800
2001-09-19,8.850000381469727,8.850000381469727,8.5,8.5,5.13346529006958,5900
2001-09-20,8.399999618530273,8.399999618530273,8.0,8.100000381469727,4.891891002655029,2000
2001-09-21,7.849999904632568,7.849999904632568,7.5,7.699999809265137,4.65031623840332,3400
2001-09-24,7.550000190734863,7.800000190734863,7.5,7.71999979019165,4.662394046783447,14800
2001-09-25,7.699999809265137,7.699999809265137,7.5,7.5,4.5295281410217285,800
2001-09-26,7.5,7.570000171661377,7.5,7.570000171661377,4.571804523468018,1700
2001-09-27,7.5,7.5,6.800000190734863,6.989999771118164,4.221522808074951,12300
2001-09-28,6.75,6.949999809265137,6.75,6.949999809265137,4.197364330291748,1000
2001-10-01,6.949999809265137,7.199999809265137,6.949999809265137,7.199999809265137,4.348348617553711,10800
2001-10-02,7.349999904632568,7.699999809265137,7.349999904632568,7.699999809265137,4.65031623840332,2800
2001-10-03,7.849999904632568,7.849999904632568,7.849999904632568,7.849999904632568,4.740906715393066,1100
2001-10-04,8.0,8.0,7.949999809265137,7.949999809265137,4.801300048828125,1100
2001-10-05,8.100000381469727,8.100000381469727,8.100000381469727,8.100000381469727,4.891891002655029,700
2001-10-08,8.199999809265137,8.199999809265137,8.0,8.0,4.831497669219971,2400
2001-10-09,7.849999904632568,7.849999904632568,7.849999904632568,7.849999904632568,4.740906715393066,100
2001-10-10,8.100000381469727,8.100000381469727,8.0,8.050000190734863,4.861694812774658,1700
2001-10-11,8.050000190734863,8.050000190734863,7.929999828338623,7.929999828338623,4.789222240447998,400
2001-10-12,7.900000095367432,8.149999618530273,7.900000095367432,8.0,4.831497669219971,3700
2001-10-15,8.100000381469727,8.100000381469727,8.100000381469727,8.100000381469727,4.891891002655029,300
2001-10-16,8.100000381469727,8.100000381469727,7.949999809265137,7.949999809265137,4.801300048828125,2300
2001-10-17,8.0,8.0,8.0,8.0,4.831497669219971,3000
2001-10-18,8.0,8.0,8.0,8.0,4.831497669219971,0
2001-10-19,7.949999809265137,8.0,7.949999809265137,8.0,4.831497669219971,1000
2001-10-22,7.989999771118164,7.989999771118164,7.800000190734863,7.800000190734863,4.710709095001221,1200
2001-10-23,7.699999809265137,7.699999809265137,7.5,7.5,4.5295281410217285,1500
2001-10-24,7.400000095367432,7.400000095367432,7.039999961853027,7.099999904632568,4.2879533767700195,2000
2001-10-25,7.099999904632568,7.099999904632568,6.949999809265137,7.050000190734863,4.257756233215332,1000
2001-10-26,7.150000095367432,7.25,7.150000095367432,7.150000095367432,4.318150997161865,900
2001-10-29,7.199999809265137,7.53000020980835,7.199999809265137,7.53000020980835,4.547647953033447,17400
2001-10-30,7.699999809265137,7.699999809265137,7.400000095367432,7.5,4.5295281410217285,4000
2001-10-31,7.400000095367432,7.400000095367432,7.400000095367432,7.400000095367432,4.4691362380981445,300
2001-11-01,7.409999847412109,7.409999847412109,7.409999847412109,7.409999847412109,4.475174427032471,400
2001-11-02,7.300000190734863,7.400000095367432,7.25,7.400000095367432,4.4691362380981445,2300
2001-11-05,7.5,7.5,7.5,7.5,4.5295281410217285,600
2001-11-06,7.349999904632568,7.349999904632568,7.25,7.25,4.378542900085449,2600
2001-11-07,7.25,7.25,7.25,7.25,4.378542900085449,0
2001-11-08,7.400000095367432,7.599999904632568,7.400000095367432,7.599999904632568,4.58992338180542,1900
2001-11-09,7.449999809265137,7.449999809265137,7.0,7.150000095367432,4.318150997161865,20000
2001-11-12,7.25,7.25,7.25,7.25,4.378542900085449,200
2001-11-13,7.25,7.5,7.25,7.5,4.5295281410217285,4500
2001-11-14,7.599999904632568,8.0,7.599999904632568,7.599999904632568,4.58992338180542,7400
2001-11-15,7.610000133514404,7.610000133514404,7.519999980926514,7.599999904632568,4.58992338180542,1000
2001-11-16,7.5,7.599999904632568,7.400000095367432,7.599999904632568,4.58992338180542,2900
2001-11-19,7.510000228881836,7.639999866485596,7.400000095367432,7.400000095367432,4.4691362380981445,1400
2001-11-20,7.300000190734863,7.5,7.300000190734863,7.5,4.5295281410217285,300
2001-11-21,7.599999904632568,7.800000190734863,7.599999904632568,7.800000190734863,4.710709095001221,12500
2001-11-23,7.75,7.75,7.75,7.75,4.680514335632324,100
2001-11-26,7.75,7.75,7.75,7.75,4.680514335632324,0
2001-11-27,7.599999904632568,7.75,7.599999904632568,7.75,4.680514335632324,1200
2001-11-28,7.75,7.75,7.380000114440918,7.380000114440918,4.457056045532227,3500
2001-11-29,7.25,7.25,7.25,7.25,4.457056045532227,500
2001-11-30,7.25,7.25,7.21999979019165,7.21999979019165,4.438614845275879,1500
2001-12-03,7.21999979019165,7.340000152587891,7.199999809265137,7.320000171661377,4.5000901222229,7700
2001-12-04,7.349999904632568,7.449999809265137,7.25,7.25,4.457056045532227,1900
2001-12-05,7.400000095367432,7.449999809265137,7.260000228881836,7.449999809265137,4.580010414123535,2400
2001-12-06,7.440000057220459,7.449999809265137,6.96999979019165,7.050000190734863,4.334102153778076,3400
2001-12-07,6.900000095367432,7.099999904632568,6.5,6.650000095367432,4.088196277618408,7800
2001-12-10,6.789999961853027,6.800000190734863,6.5,6.510000228881836,4.002129554748535,19600
2001-12-11,6.630000114440918,6.630000114440918,6.099999904632568,6.300000190734863,3.87302827835083,13000
2001-12-12,6.25,6.400000095367432,6.25,6.400000095367432,3.9345054626464844,12000
2001-12-13,6.5,6.550000190734863,6.199999809265137,6.199999809265137,3.811552047729492,12200
2001-12-14,6.449999809265137,6.449999809265137,6.300000190734863,6.400000095367432,3.9345054626464844,3800
2001-12-17,6.159999847412109,6.449999809265137,6.159999847412109,6.449999809265137,3.9652435779571533,3300
2001-12-18,6.550000190734863,6.75,6.400000095367432,6.5,3.995980978012085,11600
2001-12-19,6.590000152587891,6.739999771118164,6.300000190734863,6.449999809265137,3.9652435779571533,6900
2001-12-20,6.599999904632568,6.599999904632568,6.5,6.550000190734863,4.026719093322754,2700
2001-12-21,6.550000190734863,6.800000190734863,6.550000190734863,6.800000190734863,4.180411338806152,5700
2001-12-24,6.599999904632568,6.900000095367432,6.599999904632568,6.900000095367432,4.241888523101807,3600
2001-12-26,6.809999942779541,7.0,6.809999942779541,7.0,4.30336332321167,5900
2001-12-27,7.130000114440918,7.889999866485596,7.130000114440918,7.800000190734863,4.79517936706543,11500
2001-12-28,7.949999809265137,7.949999809265137,7.760000228881836,7.760000228881836,4.770586013793945,8800
2001-12-31,7.650000095367432,7.800000190734863,7.650000095367432,7.800000190734863,4.79517936706543,4100
2002-01-02,7.699999809265137,7.820000171661377,7.699999809265137,7.699999809265137,4.733700275421143,7200
2002-01-03,7.849999904632568,7.940000057220459,7.820000171661377,7.920000076293945,4.8689494132995605,2900
2002-01-04,7.920000076293945,7.920000076293945,7.920000076293945,7.920000076293945,4.8689494132995605,0
2002-01-07,8.050000190734863,8.390000343322754,8.050000190734863,8.25,5.071823596954346,4100
2002-01-08,8.270000457763672,8.270000457763672,8.270000457763672,8.270000457763672,5.084118843078613,400
2002-01-09,8.279999732971191,8.279999732971191,8.279999732971191,8.279999732971191,5.090265274047852,400
2002-01-10,8.279999732971191,8.279999732971191,8.279999732971191,8.279999732971191,5.090265274047852,200
2002-01-11,8.380000114440918,8.380000114440918,8.279999732971191,8.369999885559082,5.145595073699951,2400
2002-01-14,8.229999542236328,8.229999542236328,7.900000095367432,7.900000095367432,4.856655120849609,3300
2002-01-15,7.900000095367432,8.100000381469727,7.900000095367432,8.100000381469727,4.979608535766602,8500
2002-01-16,8.100000381469727,8.100000381469727,7.949999809265137,7.949999809265137,4.887394428253174,800
2002-01-17,8.0,8.0,7.949999809265137,7.949999809265137,4.887394428253174,200
2002-01-18,7.949999809265137,7.949999809265137,7.949999809265137,7.949999809265137,4.887394428253174,5000
2002-01-22,7.809999942779541,7.900000095367432,7.809999942779541,7.889999866485596,4.850507736206055,3500
2002-01-23,7.800000190734863,7.809999942779541,7.800000190734863,7.809999942779541,4.801326751708984,3900
2002-01-24,7.809999942779541,7.809999942779541,7.809999942779541,7.809999942779541,4.801326751708984,0
2002-01-25,7.809999942779541,8.100000381469727,7.809999942779541,8.100000381469727,4.979608535766602,4900
2002-01-28,8.0,8.050000190734863,8.0,8.0,4.918129920959473,12200
2002-01-29,8.039999961853027,8.039999961853027,7.900000095367432,7.900000095367432,4.856655120849609,7800
2002-01-30,7.849999904632568,7.849999904632568,7.599999904632568,7.699999809265137,4.733700275421143,7600
2002-01-31,7.699999809265137,7.889999866485596,7.599999904632568,7.849999904632568,4.825916767120361,55200
2002-02-01,7.900000095367432,7.940000057220459,7.849999904632568,7.900000095367432,4.856655120849609,15500
2002-02-04,7.900000095367432,7.900000095367432,7.800000190734863,7.800000190734863,4.79517936706543,4900
2002-02-05,7.599999904632568,7.650000095367432,7.550000190734863,7.550000190734863,4.641486167907715,9200
2002-02-06,7.550000190734863,7.650000095367432,7.550000190734863,7.650000095367432,4.702963829040527,1900
2002-02-07,7.550000190734863,7.550000190734863,7.5,7.5,4.610747337341309,2000
2002-02-08,7.349999904632568,7.5,7.349999904632568,7.5,4.610747337341309,2000
2002-02-11,7.650000095367432,7.849999904632568,7.639999866485596,7.849999904632568,4.825916767120361,5400
2002-02-12,7.949999809265137,8.149999618530273,7.949999809265137,8.149999618530273,5.010346412658691,3800
2002-02-13,8.149999618530273,8.149999618530273,8.149999618530273,8.149999618530273,5.010346412658691,0
2002-02-14,8.100000381469727,8.100000381469727,7.900000095367432,7.900000095367432,4.856655120849609,4500
2002-02-15,8.0,8.0,8.0,8.0,4.918129920959473,700
2002-02-19,7.900000095367432,8.0,7.900000095367432,8.0,4.918129920959473,1600
2002-02-20,8.0,8.0,8.0,8.0,4.918129920959473,200
2002-02-21,8.100000381469727,8.100000381469727,8.100000381469727,8.100000381469727,4.979608535766602,1000
2002-02-22,8.050000190734863,8.050000190734863,7.949999809265137,7.949999809265137,4.887394428253174,3100
2002-02-25,8.050000190734863,8.420000076293945,8.050000190734863,8.350000381469727,5.13330078125,6900
2002-02-26,8.300000190734863,8.300000190734863,8.300000190734863,8.300000190734863,5.102560997009277,1600
2002-02-27,8.449999809265137,8.449999809265137,8.149999618530273,8.25,5.071823596954346,6000
2002-02-28,8.300000190734863,8.399999618530273,8.300000190734863,8.350000381469727,5.13330078125,6100
2002-03-01,8.260000228881836,8.5,8.260000228881836,8.5,5.225513935089111,4800
2002-03-04,8.40999984741211,8.699999809265137,8.40999984741211,8.699999809265137,5.348469257354736,7900
2002-03-05,8.699999809265137,8.699999809265137,8.699999809265137,8.699999809265137,5.348469257354736,0
2002-03-06,8.5,8.5,8.5,8.5,5.225513935089111,1000
2002-03-07,8.609999656677246,8.850000381469727,8.609999656677246,8.850000381469727,5.440681457519531,3500
2002-03-08,9.0,9.140000343322754,9.0,9.140000343322754,5.618965148925781,1500
2002-03-11,9.350000381469727,9.75,9.350000381469727,9.75,5.993973255157471,5500
2002-03-12,9.800000190734863,10.25,9.800000190734863,10.149999618530273,6.239877700805664,7800
2002-03-13,10.100000381469727,10.25,10.050000190734863,10.050000190734863,6.178403854370117,7000
2002-03-14,10.010000228881836,10.010000228881836,10.010000228881836,10.010000228881836,6.153812885284424,900
2002-03-15,10.100000381469727,10.100000381469727,10.0,10.0,6.147665023803711,3200
2002-03-18,10.010000228881836,10.25,9.899999618530273,10.25,6.301355838775635,15000
2002-03-19,10.300000190734863,10.550000190734863,10.300000190734863,10.40999984741211,6.399717807769775,6500
2002-03-20,10.449999809265137,10.449999809265137,7.849999904632568,8.350000381469727,5.13330078125,38800
2002-03-21,8.449999809265137,8.649999618530273,8.119999885559082,8.199999809265137,5.041085720062256,8300
2002-03-22,8.210000038146973,8.300000190734863,8.199999809265137,8.220000267028809,5.053380966186523,2800
2002-03-25,8.220000267028809,8.25,8.220000267028809,8.25,5.071823596954346,1500
2002-03-26,8.100000381469727,8.100000381469727,8.020000457763672,8.050000190734863,4.948870658874512,3700
2002-03-27,8.0,8.0,7.889999866485596,7.900000095367432,4.856655120849609,3900
2002-03-28,8.0,8.09000015258789,7.909999847412109,8.09000015258789,4.973461627960205,4100
2002-04-01,8.0,8.100000381469727,7.900000095367432,7.900000095367432,4.856655120849609,8600
2002-04-02,7.980000019073486,8.25,7.980000019073486,8.170000076293945,5.022643089294434,33800
2002-04-03,8.170000076293945,8.170000076293945,8.170000076293945,8.170000076293945,5.022643089294434,200
2002-04-04,8.170000076293945,8.170000076293945,8.170000076293945,8.170000076293945,5.022643089294434,800
2002-04-05,8.25,8.25,8.180000305175781,8.180000305175781,5.028789043426514,400
2002-04-08,8.180000305175781,8.180000305175781,8.180000305175781,8.180000305175781,5.028789043426514,0
2002-04-09,8.170000076293945,8.369999885559082,8.170000076293945,8.369999885559082,5.145595073699951,3000
2002-04-10,8.350000381469727,8.5,8.350000381469727,8.5,5.225513935089111,2200
2002-04-11,8.600000381469727,8.850000381469727,8.460000038146973,8.850000381469727,5.440681457519531,4600
2002-04-12,8.75,8.760000228881836,8.600000381469727,8.600000381469727,5.286991596221924,6300
2002-04-15,8.5,8.699999809265137,8.40999984741211,8.550000190734863,5.256253719329834,1600
2002-04-16,8.449999809265137,8.5,8.25,8.25,5.071823596954346,5200
2002-04-17,8.149999618530273,8.149999618530273,7.900000095367432,8.0,4.918129920959473,7200
2002-04-18,8.0,8.949999809265137,8.0,8.050000190734863,4.948870658874512,2200
2002-04-19,8.149999618530273,8.25,8.149999618530273,8.25,5.071823596954346,900
2002-04-22,8.5,8.5,8.25,8.399999618530273,5.164038181304932,6100
2002-04-23,8.5,8.6899995803833,8.5,8.6899995803833,5.342321395874023,1200
2002-04-24,8.5,8.5,8.5,8.5,5.225513935089111,500
2002-04-25,8.399999618530273,8.539999961853027,8.25,8.25,5.071823596954346,2700
2002-04-26,8.149999618530273,8.25,8.050000190734863,8.050000190734863,4.948870658874512,2300
2002-04-29,8.25,8.25,8.050000190734863,8.050000190734863,4.948870658874512,2200
2002-04-30,8.149999618530273,8.149999618530273,8.149999618530273,8.149999618530273,5.010346412658691,500
2002-05-01,8.149999618530273,8.149999618530273,8.149999618530273,8.149999618530273,5.010346412658691,0
2002-05-02,8.149999618530273,8.149999618530273,8.149999618530273,8.149999618530273,5.010346412658691,0
2002-05-03,8.149999618530273,8.25,8.149999618530273,8.25,5.071823596954346,200
2002-05-06,8.25,8.25,8.25,8.25,5.071823596954346,0
2002-05-07,8.0,8.0,7.849999904632568,7.989999771118164,4.911983013153076,2900
2002-05-08,8.0,8.0,8.0,8.0,4.918129920959473,200
2002-05-09,8.149999618530273,8.300000190734863,8.149999618530273,8.300000190734863,5.102560997009277,2500
2002-05-10,8.199999809265137,8.720000267028809,8.199999809265137,8.449999809265137,5.19477653503418,8500
2002-05-13,8.5,8.640000343322754,8.399999618530273,8.539999961853027,5.2501068115234375,3700
2002-05-14,8.399999618530273,8.399999618530273,8.100000381469727,8.25,5.071823596954346,4100
2002-05-15,8.350000381469727,8.399999618530273,8.350000381469727,8.380000114440918,5.1517438888549805,2500
2002-05-16,8.5,8.5,8.300000190734863,8.300000190734863,5.102560997009277,1200
2002-05-17,8.399999618530273,8.399999618530273,8.300000190734863,8.300000190734863,5.102560997009277,2400
2002-05-20,8.300000190734863,8.350000381469727,8.300000190734863,8.300000190734863,5.102560997009277,4200
2002-05-21,8.199999809265137,8.210000038146973,8.199999809265137,8.199999809265137,5.041085720062256,1800
2002-05-22,8.199999809265137,8.449999809265137,8.199999809265137,8.449999809265137,5.19477653503418,4300
2002-05-23,8.550000190734863,8.640000343322754,8.399999618530273,8.399999618530273,5.164038181304932,1300
2002-05-24,8.300000190734863,8.300000190734863,8.300000190734863,8.300000190734863,5.102560997009277,1000
2002-05-28,8.199999809265137,8.199999809265137,8.199999809265137,8.199999809265137,5.041085720062256,1000
2002-05-29,7.949999809265137,8.050000190734863,7.949999809265137,8.050000190734863,4.948870658874512,4200
2002-05-30,7.900000095367432,8.0,7.900000095367432,8.0,4.918129920959473,1100
2002-05-31,8.149999618530273,8.149999618530273,8.149999618530273,8.149999618530273,5.010346412658691,1000
2002-06-03,8.100000381469727,8.100000381469727,8.100000381469727,8.100000381469727,4.979608535766602,400
2002-06-04,8.0,8.0,8.0,8.0,4.918129920959473,600
2002-06-05,8.0,8.0,8.0,8.0,4.918129920959473,100
2002-06-06,8.0,8.0,7.900000095367432,7.900000095367432,4.856655120849609,500
2002-06-07,7.940000057220459,7.940000057220459,7.940000057220459,7.940000057220459,4.881247520446777,100
2002-06-10,7.840000152587891,7.840000152587891,7.599999904632568,7.699999809265137,4.733700275421143,3000
2002-06-11,7.650000095367432,7.650000095367432,7.570000171661377,7.570000171661377,4.653782367706299,600
2002-06-12,7.5,7.5,7.349999904632568,7.449999809265137,4.580010414123535,1600
2002-06-13,7.349999904632568,7.349999904632568,7.21999979019165,7.21999979019165,4.438614845275879,300
2002-06-14,7.21999979019165,7.300000190734863,7.21999979019165,7.300000190734863,4.487794399261475,900
2002-06-17,7.25,7.25,6.75,6.75,4.149675369262695,5000
2002-06-18,6.800000190734863,6.800000190734863,6.400000095367432,6.449999809265137,3.9652435779571533,7000
2002-06-19,6.5,6.5,6.0,6.25,3.842289924621582,14100
2002-06-20,6.25,6.25,6.099999904632568,6.099999904632568,3.750075101852417,1200
2002-06-21,6.099999904632568,6.150000095367432,6.019999980926514,6.150000095367432,3.7808127403259277,9800
2002-06-24,6.150000095367432,6.150000095367432,6.050000190734863,6.150000095367432,3.7808127403259277,5400
2002-06-25,6.199999809265137,6.25,6.050000190734863,6.25,3.842289924621582,3300
2002-06-26,6.349999904632568,6.349999904632568,6.25,6.25,3.842289924621582,1600
2002-06-27,6.150000095367432,6.150000095367432,6.099999904632568,6.099999904632568,3.750075101852417,2500
2002-06-28,6.150000095367432,6.150000095367432,6.019999980926514,6.119999885559082,3.762371063232422,2800
2002-07-01,6.110000133514404,6.179999828338623,6.099999904632568,6.119999885559082,3.762371063232422,1500
2002-07-02,6.110000133514404,6.230000019073486,6.110000133514404,6.230000019073486,3.8299951553344727,900
2002-07-03,6.239999771118164,6.349999904632568,6.239999771118164,6.349999904632568,3.9037675857543945,5400
2002-07-05,6.400000095367432,6.400000095367432,6.380000114440918,6.380000114440918,3.9222095012664795,400
2002-07-08,6.429999828338623,6.429999828338623,6.150000095367432,6.340000152587891,3.8976190090179443,5900
2002-07-09,6.25,6.25,6.0,6.050000190734863,3.7193379402160645,4000
2002-07-10,6.0,6.050000190734863,5.860000133514404,5.900000095367432,3.627122640609741,6800
2002-07-11,5.849999904632568,5.849999904632568,5.199999809265137,5.369999885559082,3.3012959957122803,15300
2002-07-12,5.25,5.389999866485596,5.199999809265137,5.389999866485596,3.3135902881622314,11400
2002-07-15,5.400000095367432,5.440000057220459,4.400000095367432,4.800000190734863,2.9508795738220215,21600
2002-07-16,4.699999809265137,4.849999904632568,4.599999904632568,4.800000190734863,2.9508795738220215,10300
2002-07-17,4.900000095367432,5.0,4.900000095367432,5.0,3.0738325119018555,1100
2002-07-18,5.0,5.0,4.900000095367432,4.949999809265137,3.04309344291687,5200
2002-07-19,4.789999961853027,4.789999961853027,4.5,4.5,2.766448974609375,18600
2002-07-22,4.400000095367432,4.400000095367432,4.25,4.25,2.6127569675445557,3200
2002-07-23,4.349999904632568,4.349999904632568,4.349999904632568,4.349999904632568,2.674234628677368,100
2002-07-24,4.099999904632568,4.099999904632568,3.799999952316284,4.0,2.4590649604797363,7300
2002-07-25,3.950000047683716,3.950000047683716,3.950000047683716,3.950000047683716,2.4283275604248047,500
2002-07-26,3.9000000953674316,3.9000000953674316,3.9000000953674316,3.9000000953674316,2.397589683532715,300
2002-07-29,4.050000190734863,4.050000190734863,3.799999952316284,3.799999952316284,2.3361124992370605,1600
2002-07-30,3.9000000953674316,4.25,3.9000000953674316,4.25,2.6127569675445557,5900
2002-07-31,4.25,4.400000095367432,4.25,4.400000095367432,2.704972267150879,700
2002-08-01,4.400000095367432,4.400000095367432,4.400000095367432,4.400000095367432,2.704972267150879,0
2002-08-02,4.400000095367432,4.400000095367432,4.400000095367432,4.400000095367432,2.704972267150879,1800
2002-08-05,4.400000095367432,4.550000190734863,4.400000095367432,4.5,2.766448974609375,2700
2002-08-06,4.449999809265137,4.449999809265137,4.449999809265137,4.449999809265137,2.7357096672058105,1000
2002-08-07,4.400000095367432,4.409999847412109,4.400000095367432,4.400000095367432,2.704972267150879,1100
2002-08-08,4.25,4.25,4.25,4.25,2.6127569675445557,600
2002-08-09,4.150000095367432,4.25,4.150000095367432,4.25,2.6127569675445557,400
2002-08-12,4.159999847412109,4.159999847412109,4.159999847412109,4.159999847412109,2.5574283599853516,500
2002-08-13,4.25,4.5,4.25,4.349999904632568,2.674234628677368,3000
2002-08-14,4.5,4.949999809265137,4.5,4.800000190734863,2.9508795738220215,5600
2002-08-15,4.75,4.800000190734863,4.75,4.800000190734863,2.9508795738220215,1100
2002-08-16,4.800000190734863,4.800000190734863,4.5,4.5,2.766448974609375,3000
2002-08-19,4.5,4.550000190734863,4.5,4.550000190734863,2.7971878051757812,1200
2002-08-20,4.599999904632568,4.800000190734863,4.599999904632568,4.800000190734863,2.9508795738220215,1100
2002-08-21,4.800000190734863,5.019999980926514,4.800000190734863,4.800000190734863,2.9508795738220215,9100
2002-08-22,4.800000190734863,4.900000095367432,4.699999809265137,4.699999809265137,2.8894031047821045,4300
2002-08-23,4.800000190734863,4.900000095367432,4.800000190734863,4.849999904632568,2.981616735458374,4000
2002-08-26,4.75,4.75,4.75,4.75,2.920140504837036,500
2002-08-27,4.849999904632568,5.0,4.699999809265137,4.900000095367432,3.012355327606201,6500
2002-08-28,4.809999942779541,4.809999942779541,4.800000190734863,4.800000190734863,2.9508795738220215,3700
2002-08-29,4.800000190734863,4.800000190734863,4.800000190734863,4.800000190734863,2.9508795738220215,200
2002-08-30,4.889999866485596,4.889999866485596,4.889999866485596,4.889999866485596,3.0062074661254883,400
2002-09-03,4.889999866485596,4.889999866485596,4.889999866485596,4.889999866485596,3.0062074661254883,0
2002-09-04,4.699999809265137,4.75,4.699999809265137,4.75,2.920140504837036,600
2002-09-05,4.659999847412109,4.659999847412109,4.510000228881836,4.510000228881836,2.772597312927246,1700
2002-09-06,4.510000228881836,4.510000228881836,4.510000228881836,4.510000228881836,2.772597312927246,300
2002-09-09,4.409999847412109,4.409999847412109,4.409999847412109,4.409999847412109,2.7111196517944336,200
2002-09-10,4.409999847412109,4.409999847412109,4.349999904632568,4.349999904632568,2.674234628677368,1000
2002-09-11,4.449999809265137,4.449999809265137,4.449999809265137,4.449999809265137,2.7357096672058105,900
2002-09-12,4.349999904632568,4.349999904632568,4.300000190734863,4.300000190734863,2.643495798110962,1100
2002-09-13,4.300000190734863,4.300000190734863,4.150000095367432,4.150000095367432,2.5512804985046387,1700
2002-09-16,4.199999809265137,4.199999809265137,3.9700000286102295,4.070000171661377,2.5020997524261475,3900
2002-09-17,4.199999809265137,4.199999809265137,4.050000190734863,4.150000095367432,2.5512804985046387,3200
2002-09-18,4.25,4.25,4.150000095367432,4.25,2.6127569675445557,2400
2002-09-19,4.199999809265137,4.349999904632568,4.199999809265137,4.349999904632568,2.674234628677368,1100
2002-09-20,4.300000190734863,4.300000190734863,4.300000190734863,4.300000190734863,2.643495798110962,100
2002-09-23,4.300000190734863,4.300000190734863,4.300000190734863,4.300000190734863,2.643495798110962,100
2002-09-24,4.199999809265137,4.199999809265137,4.199999809265137,4.199999809265137,2.582019090652466,200
2002-09-25,4.300000190734863,4.300000190734863,4.300000190734863,4.300000190734863,2.643495798110962,500
2002-09-26,4.25,4.449999809265137,4.25,4.449999809265137,2.7357096672058105,1400
2002-09-27,4.550000190734863,4.550000190734863,4.46999979019165,4.46999979019165,2.7480056285858154,500
2002-09-30,4.449999809265137,4.449999809265137,4.449999809265137,4.449999809265137,2.7357096672058105,200
2002-10-01,4.449999809265137,4.449999809265137,4.449999809265137,4.449999809265137,2.7357096672058105,0
2002-10-02,4.349999904632568,4.400000095367432,4.150000095367432,4.300000190734863,2.643495798110962,3000
2002-10-03,4.210000038146973,4.650000095367432,4.210000038146973,4.650000095367432,2.8586630821228027,4200
2002-10-04,4.550000190734863,4.550000190734863,4.400000095367432,4.400000095367432,2.704972267150879,500
2002-10-07,4.349999904632568,4.349999904632568,4.25,4.25,2.6127569675445557,900
2002-10-08,4.449999809265137,4.5,4.449999809265137,4.489999771118164,2.760301351547241,2600
2002-10-09,4.420000076293945,4.420000076293945,4.349999904632568,4.349999904632568,2.674234628677368,1200
2002-10-10,4.25,4.300000190734863,4.25,4.300000190734863,2.643495798110962,2200
2002-10-11,4.300000190734863,4.5,4.25,4.300000190734863,2.643495798110962,5500
2002-10-14,4.210000038146973,4.449999809265137,4.199999809265137,4.449999809265137,2.7357096672058105,2100
2002-10-15,4.449999809265137,4.449999809265137,4.440000057220459,4.440000057220459,2.729562997817993,800
2002-10-16,4.440000057220459,4.440000057220459,4.440000057220459,4.440000057220459,2.729562997817993,0
2002-10-17,4.400000095367432,4.400000095367432,4.25,4.400000095367432,2.704972267150879,2300
2002-10-18,4.300000190734863,4.300000190734863,4.099999904632568,4.150000095367432,2.5512804985046387,11900
2002-10-21,4.059999942779541,4.059999942779541,4.010000228881836,4.010000228881836,2.4652132987976074,1300
2002-10-22,4.010000228881836,4.119999885559082,3.9600000381469727,4.119999885559082,2.5328378677368164,6700
2002-10-23,4.010000228881836,4.090000152587891,4.010000228881836,4.090000152587891,2.514394521713257,300
2002-10-24,4.190000057220459,4.190000057220459,4.0,4.0,2.4590649604797363,2300
2002-10-25,4.090000152587891,4.199999809265137,4.090000152587891,4.099999904632568,2.520542860031128,900
2002-10-28,4.099999904632568,4.099999904632568,4.099999904632568,4.099999904632568,2.520542860031128,0
2002-10-29,4.110000133514404,4.110000133514404,4.110000133514404,4.110000133514404,2.5266904830932617,400
2002-10-30,4.110000133514404,4.110000133514404,4.110000133514404,4.110000133514404,2.5266904830932617,0
2002-10-31,4.099999904632568,4.099999904632568,4.0,4.0,2.4590649604797363,3000
2002-11-01,4.0,4.119999885559082,3.9600000381469727,4.119999885559082,2.5328378677368164,2400
2002-11-04,4.199999809265137,4.21999979019165,4.199999809265137,4.21999979019165,2.5943145751953125,300
2002-11-05,4.309999942779541,4.309999942779541,4.309999942779541,4.309999942779541,2.6496434211730957,1000
2002-11-06,4.21999979019165,4.25,4.099999904632568,4.130000114440918,2.5389857292175293,3700
2002-11-07,4.070000171661377,4.070000171661377,4.0,4.0,2.4590649604797363,1200
2002-11-08,4.0,4.0,4.0,4.0,2.4590649604797363,200
2002-11-11,3.9700000286102295,4.099999904632568,3.9700000286102295,4.070000171661377,2.5020997524261475,800
2002-11-12,4.070000171661377,4.300000190734863,4.0,4.25,2.6127569675445557,1200
2002-11-13,4.170000076293945,4.400000095367432,4.150000095367432,4.400000095367432,2.704972267150879,7700
2002-11-14,4.300000190734863,4.400000095367432,4.300000190734863,4.400000095367432,2.704972267150879,1000
2002-11-15,4.400000095367432,4.400000095367432,4.400000095367432,4.400000095367432,2.704972267150879,0
2002-11-18,4.5,4.5,4.5,4.5,2.766448974609375,500
2002-11-19,4.550000190734863,4.599999904632568,4.550000190734863,4.599999904632568,2.8279263973236084,300
2002-11-20,4.699999809265137,4.800000190734863,4.5,4.699999809265137,2.8894031047821045,3400
2002-11-21,4.800000190734863,5.0,4.800000190734863,5.0,3.0738325119018555,2500
2002-11-22,5.0,5.099999904632568,4.900000095367432,5.099999904632568,3.1353089809417725,1800
2002-11-25,4.96999979019165,5.150000095367432,4.96999979019165,5.050000190734863,3.1045708656311035,2200
2002-11-26,5.179999828338623,5.300000190734863,5.150000095367432,5.150000095367432,3.1660470962524414,3500
2002-11-27,5.059999942779541,5.059999942779541,5.059999942779541,5.059999942779541,3.1912734508514404,200
2002-11-29,5.179999828338623,5.400000095367432,5.179999828338623,5.300000190734863,3.342639923095703,3700
2002-12-02,5.050000190734863,5.199999809265137,5.010000228881836,5.199999809265137,3.279571056365967,3400
2002-12-03,5.099999904632568,5.099999904632568,5.0,5.0,3.153432846069336,1200
2002-12-04,5.099999904632568,5.150000095367432,5.099999904632568,5.150000095367432,3.2480363845825195,2000
2002-12-05,5.150000095367432,5.150000095367432,5.150000095367432,5.150000095367432,3.2480363845825195,0
2002-12-06,5.050000190734863,5.050000190734863,4.920000076293945,4.980000019073486,3.1408190727233887,3800
2002-12-09,4.889999866485596,4.900000095367432,4.889999866485596,4.900000095367432,3.090365171432495,200
2002-12-10,4.940000057220459,4.940000057220459,4.840000152587891,4.840000152587891,3.052523136138916,800
2002-12-11,4.840000152587891,4.840000152587891,4.840000152587891,4.840000152587891,3.052523136138916,0
2002-12-12,4.900000095367432,4.900000095367432,4.800000190734863,4.800000190734863,3.027296543121338,300
2002-12-13,4.900000095367432,4.900000095367432,4.829999923706055,4.849999904632568,3.058830499649048,300
2002-12-16,4.949999809265137,4.949999809265137,4.900000095367432,4.949999809265137,3.121899127960205,1300
2002-12-17,4.949999809265137,4.949999809265137,4.949999809265137,4.949999809265137,3.121899127960205,1400
2002-12-18,5.050000190734863,5.050000190734863,4.860000133514404,4.860000133514404,3.0651376247406006,900
2002-12-19,4.769999980926514,4.769999980926514,4.769999980926514,4.769999980926514,3.0083751678466797,1000
2002-12-20,4.78000020980835,4.78000020980835,4.670000076293945,4.769999980926514,3.0083751678466797,2500
2002-12-23,4.869999885559082,5.0,4.78000020980835,5.0,3.153432846069336,1600
2002-12-24,4.900000095367432,5.099999904632568,4.900000095367432,5.099999904632568,3.216501474380493,800
2002-12-26,5.199999809265137,5.28000020980835,5.099999904632568,5.210000038146973,3.2858777046203613,4200
2002-12-27,5.199999809265137,5.199999809265137,5.199999809265137,5.199999809265137,3.279571056365967,600
2002-12-30,5.210000038146973,5.210000038146973,5.050000190734863,5.050000190734863,3.184967279434204,2300
2002-12-31,5.139999866485596,5.25,5.139999866485596,5.25,3.311105489730835,3800
2003-01-02,5.340000152587891,5.349999904632568,5.340000152587891,5.349999904632568,3.374173402786255,1400
2003-01-03,5.420000076293945,5.420000076293945,5.409999847412109,5.420000076293945,3.4183216094970703,1000
2003-01-06,5.360000133514404,6.099999904632568,5.360000133514404,6.099999904632568,3.8471882343292236,6700
2003-01-07,6.0,6.010000228881836,5.900000095367432,6.0,3.784120798110962,2900
2003-01-08,5.900000095367432,5.900000095367432,5.699999809265137,5.699999809265137,3.5949134826660156,2100
2003-01-09,5.690000057220459,5.690000057220459,5.690000057220459,5.690000057220459,3.5886073112487793,100
2003-01-10,5.699999809265137,5.699999809265137,5.699999809265137,5.699999809265137,3.5949134826660156,100
2003-01-13,5.840000152587891,5.929999828338623,5.840000152587891,5.929999828338623,3.739971399307251,1300
2003-01-14,6.0,6.0,5.900000095367432,5.900000095367432,3.7210521697998047,2600
2003-01-15,5.980000019073486,6.039999961853027,5.980000019073486,6.039999961853027,3.8093481063842773,2000
2003-01-16,6.039999961853027,6.199999809265137,6.039999961853027,6.199999809265137,3.9102563858032227,1100
2003-01-17,6.199999809265137,6.210000038146973,6.110000133514404,6.210000038146973,3.916564702987671,2100
2003-01-21,6.28000020980835,6.5,6.269999980926514,6.5,4.099463939666748,3500
2003-01-22,6.5,6.5,6.5,6.5,4.099463939666748,300
2003-01-23,6.409999847412109,6.409999847412109,6.400000095367432,6.400000095367432,4.036395072937012,400
2003-01-24,6.5,6.5,6.150000095367432,6.150000095367432,3.878723621368408,2400
2003-01-27,6.300000190734863,6.300000190734863,6.25,6.25,3.9417927265167236,1900
2003-01-28,6.150000095367432,6.150000095367432,5.900000095367432,6.0,3.784120798110962,4000
2003-01-29,5.880000114440918,6.0,5.880000114440918,5.900000095367432,3.7210521697998047,1300
2003-01-30,5.900000095367432,5.900000095367432,5.900000095367432,5.900000095367432,3.7210521697998047,0
2003-01-31,5.900000095367432,5.900000095367432,5.900000095367432,5.900000095367432,3.7210521697998047,100
2003-02-03,5.900000095367432,5.900000095367432,5.900000095367432,5.900000095367432,3.7210521697998047,0
2003-02-04,5.989999771118164,5.989999771118164,5.800000190734863,5.800000190734863,3.657984495162964,2400
2003-02-05,5.889999866485596,5.889999866485596,5.889999866485596,5.889999866485596,3.7147445678710938,300
2003-02-06,5.980000019073486,6.079999923706055,5.849999904632568,6.0,3.784120798110962,3400
2003-02-07,6.5,6.5,6.099999904632568,6.099999904632568,3.8471882343292236,200
2003-02-10,6.0,6.0,5.900000095367432,5.900000095367432,3.7210521697998047,700
2003-02-11,6.0,6.0,6.0,6.0,3.784120798110962,400
2003-02-12,6.0,6.0,6.0,6.0,3.784120798110962,200
2003-02-13,5.900000095367432,5.989999771118164,5.889999866485596,5.889999866485596,3.7147445678710938,2400
2003-02-14,5.889999866485596,5.889999866485596,5.889999866485596,5.889999866485596,3.7147445678710938,0
2003-02-18,5.769999980926514,5.800000190734863,5.650000095367432,5.699999809265137,3.5949134826660156,2800
2003-02-19,5.5,5.840000152587891,5.5,5.829999923706055,3.676903486251831,6300
2003-02-20,5.730000019073486,5.730000019073486,5.630000114440918,5.630000114440918,3.5507657527923584,1100
2003-02-21,5.699999809265137,5.699999809265137,5.53000020980835,5.53000020980835,3.487698554992676,2200
2003-02-24,5.630000114440918,5.630000114440918,5.539999961853027,5.579999923706055,3.5192315578460693,700
2003-02-25,5.650000095367432,5.650000095367432,5.650000095367432,5.650000095367432,3.563380002975464,400
2003-02-26,5.670000076293945,5.670000076293945,5.670000076293945,5.670000076293945,3.5759928226470947,1000
2003-02-27,5.739999771118164,5.75,5.739999771118164,5.75,3.6264495849609375,1000
2003-02-28,5.849999904632568,5.860000133514404,5.849999904632568,5.849999904632568,3.6895172595977783,1600
2003-03-03,5.75,5.75,5.599999904632568,5.599999904632568,3.5318453311920166,2300
2003-03-04,5.599999904632568,5.599999904632568,5.599999904632568,5.599999904632568,3.5318453311920166,0
2003-03-05,5.690000057220459,5.690000057220459,5.679999828338623,5.679999828338623,3.5822982788085938,400
2003-03-06,5.679999828338623,5.679999828338623,5.679999828338623,5.679999828338623,3.5822982788085938,0
2003-03-07,5.590000152587891,5.849999904632568,5.590000152587891,5.849999904632568,3.6895172595977783,2800
2003-03-10,5.940000057220459,6.0,5.940000057220459,6.0,3.784120798110962,900
2003-03-11,6.099999904632568,6.099999904632568,6.0,6.0,3.784120798110962,1000
2003-03-12,5.920000076293945,5.920000076293945,5.900000095367432,5.900000095367432,3.7210521697998047,400
2003-03-13,5.900000095367432,5.900000095367432,5.900000095367432,5.900000095367432,3.7210521697998047,100
2003-03-14,5.900000095367432,5.900000095367432,5.900000095367432,5.900000095367432,3.7210521697998047,0
2003-03-17,5.980000019073486,5.989999771118164,5.980000019073486,5.980000019073486,3.77150559425354,1600
2003-03-18,5.980000019073486,5.980000019073486,5.980000019073486,5.980000019073486,3.77150559425354,0
2003-03-19,5.980000019073486,5.980000019073486,5.980000019073486,5.980000019073486,3.77150559425354,0
2003-03-20,5.980000019073486,5.980000019073486,5.980000019073486,5.980000019073486,3.77150559425354,0
2003-03-21,5.960000038146973,6.110000133514404,5.829999923706055,6.110000133514404,3.8534975051879883,7700
2003-03-24,6.110000133514404,6.110000133514404,6.110000133514404,6.110000133514404,3.8534975051879883,0
2003-03-25,6.110000133514404,6.320000171661377,6.110000133514404,6.320000171661377,3.9859395027160645,4500
2003-03-26,6.260000228881836,6.360000133514404,6.239999771118164,6.340000152587891,3.9985530376434326,21800
2003-03-27,6.260000228881836,6.260000228881836,5.949999809265137,5.949999809265137,3.752586603164673,4200
2003-03-28,5.800000190734863,5.849999904632568,5.699999809265137,5.75,3.6264495849609375,4200
2003-03-31,5.650000095367432,5.650000095367432,5.46999979019165,5.550000190734863,3.5003108978271484,2300
2003-04-01,5.570000171661377,5.570000171661377,5.570000171661377,5.570000171661377,3.5129246711730957,500
2003-04-02,5.670000076293945,5.769999980926514,5.670000076293945,5.769999980926514,3.6390604972839355,700
2003-04-03,5.769999980926514,5.769999980926514,5.769999980926514,5.769999980926514,3.6390604972839355,0
2003-04-04,5.769999980926514,5.769999980926514,5.769999980926514,5.769999980926514,3.6390604972839355,0
2003-04-07,5.699999809265137,5.699999809265137,5.650000095367432,5.650000095367432,3.563380002975464,1200
2003-04-08,5.75,5.75,5.75,5.75,3.6264495849609375,500
2003-04-09,5.75,5.75,5.75,5.75,3.6264495849609375,0
2003-04-10,5.659999847412109,5.659999847412109,5.659999847412109,5.659999847412109,3.5696866512298584,1000
2003-04-11,5.659999847412109,5.659999847412109,5.659999847412109,5.659999847412109,3.5696866512298584,0
2003-04-14,5.739999771118164,5.900000095367432,5.739999771118164,5.800000190734863,3.657984495162964,5400
2003-04-15,5.869999885559082,5.889999866485596,5.869999885559082,5.889999866485596,3.7147445678710938,5700
2003-04-16,5.980000019073486,6.0,5.980000019073486,6.0,3.784120798110962,5000
2003-04-17,5.949999809265137,6.079999923706055,5.900000095367432,6.079999923706055,3.83457612991333,3400
2003-04-21,6.119999885559082,6.199999809265137,6.110000133514404,6.199999809265137,3.9102563858032227,9400
2003-04-22,6.28000020980835,6.300000190734863,6.170000076293945,6.199999809265137,3.9102563858032227,16400
2003-04-23,6.449999809265137,6.480000019073486,6.300000190734863,6.309999942779541,3.9796338081359863,7700
2003-04-24,6.400000095367432,6.400000095367432,6.400000095367432,6.400000095367432,4.036395072937012,400
2003-04-25,6.429999828338623,6.429999828338623,6.300000190734863,6.300000190734863,3.9733245372772217,5200
2003-04-28,6.25,6.25,6.25,6.25,3.9417927265167236,200
2003-04-29,6.25,6.25,6.25,6.25,3.9417927265167236,0
2003-04-30,6.349999904632568,6.349999904632568,6.349999904632568,6.349999904632568,4.004859924316406,1600
2003-05-01,6.349999904632568,6.349999904632568,6.349999904632568,6.349999904632568,4.004859924316406,0
2003-05-02,6.300000190734863,6.300000190734863,6.300000190734863,6.300000190734863,3.9733245372772217,100
2003-05-05,6.449999809265137,6.449999809265137,6.349999904632568,6.349999904632568,4.004859924316406,4500
2003-05-06,6.340000152587891,6.550000190734863,6.300000190734863,6.550000190734863,4.130997657775879,12900
2003-05-07,6.460000038146973,6.46999979019165,6.460000038146973,6.46999979019165,4.08054256439209,400
2003-05-08,6.570000171661377,6.940000057220459,6.570000171661377,6.940000057220459,4.376965045928955,5200
2003-05-09,6.869999885559082,7.0,6.869999885559082,6.949999809265137,4.38327169418335,700
2003-05-12,6.860000133514404,7.25,6.849999904632568,6.929999828338623,4.3706583976745605,5000
2003-05-13,6.840000152587891,6.840000152587891,6.840000152587891,6.840000152587891,4.313895225524902,1700
2003-05-14,6.739999771118164,6.739999771118164,6.460000038146973,6.5,4.099463939666748,16600
2003-05-15,6.650000095367432,6.800000190734863,6.650000095367432,6.75,4.257134914398193,42100
2003-05-16,6.809999942779541,6.900000095367432,6.809999942779541,6.900000095367432,4.351738452911377,4100
2003-05-19,7.0,7.099999904632568,6.78000020980835,6.78000020980835,4.276057243347168,3900
2003-05-20,6.869999885559082,6.96999979019165,6.869999885559082,6.920000076293945,4.364352703094482,1400
2003-05-21,6.869999885559082,6.929999828338623,6.800000190734863,6.880000114440918,4.339123725891113,500
2003-05-22,6.829999923706055,6.949999809265137,6.829999923706055,6.949999809265137,4.38327169418335,700
2003-05-23,6.849999904632568,7.0,6.849999904632568,6.909999847412109,4.358044624328613,2700
2003-05-27,6.980000019073486,7.0,6.960000038146973,7.0,4.414804935455322,2300
2003-05-28,7.0,7.860000133514404,6.989999771118164,7.860000133514404,4.957197666168213,23100
2003-05-29,8.109999656677246,8.199999809265137,7.909999847412109,8.100000381469727,5.108562469482422,16800
2003-05-30,8.100000381469727,8.239999771118164,8.100000381469727,8.229999542236328,5.190550804138184,3600
2003-06-02,8.289999961853027,8.59000015258789,8.25,8.25,5.203165531158447,5800
2003-06-03,8.199999809265137,8.34000015258789,8.079999923706055,8.34000015258789,5.259925842285156,7100
2003-06-04,8.350000381469727,9.100000381469727,8.350000381469727,9.100000381469727,5.739248275756836,20600
2003-06-05,9.1899995803833,10.449999809265137,9.1899995803833,9.680000305175781,6.105046272277832,46500
2003-06-06,9.600000381469727,9.600000381469727,9.399999618530273,9.489999771118164,5.985215663909912,4400
2003-06-09,9.350000381469727,9.350000381469727,9.149999618530273,9.149999618530273,5.770784854888916,2400
2003-06-10,9.0600004196167,9.0600004196167,8.859999656677246,9.0,5.676179885864258,7800
2003-06-11,8.920000076293945,9.199999809265137,8.899999618530273,9.0,5.676179885864258,4700
2003-06-12,9.0,9.199999809265137,9.0,9.199999809265137,5.802318572998047,1200
2003-06-13,9.050000190734863,9.050000190734863,8.9399995803833,8.9399995803833,5.638336658477783,2300
2003-06-16,8.8100004196167,8.890000343322754,8.420000076293945,8.5,5.360836982727051,8100
2003-06-17,8.5,8.609999656677246,8.489999771118164,8.5,5.360836982727051,2400
2003-06-18,8.630000114440918,8.649999618530273,8.550000190734863,8.550000190734863,5.392371654510498,1000
2003-06-19,8.75,8.890000343322754,8.600000381469727,8.600000381469727,5.423905849456787,2400
2003-06-20,8.739999771118164,9.0,8.739999771118164,8.75,5.518508434295654,5800
2003-06-23,8.850000381469727,8.899999618530273,8.75,8.75,5.518508434295654,3000
2003-06-24,8.850000381469727,8.850000381469727,8.75,8.75,5.518508434295654,1800
2003-06-25,8.649999618530273,8.899999618530273,8.5,8.600000381469727,5.423905849456787,9000
2003-06-26,8.75,8.84000015258789,8.75,8.800000190734863,5.550042629241943,2700
2003-06-27,8.949999809265137,9.34000015258789,8.949999809265137,9.199999809265137,5.802318572998047,3800
2003-06-30,9.100000381469727,9.100000381469727,8.899999618530273,8.979999542236328,5.6635661125183105,9300
2003-07-01,8.890000343322754,8.90999984741211,8.8100004196167,8.90999984741211,5.619419097900391,5000
2003-07-02,8.899999618530273,9.050000190734863,8.899999618530273,9.0,5.676179885864258,8100
2003-07-03,9.0,9.0,9.0,9.0,5.676179885864258,0
2003-07-07,8.899999618530273,8.899999618530273,8.899999618530273,8.899999618530273,5.6131110191345215,2000
2003-07-08,8.800000190734863,8.899999618530273,8.800000190734863,8.890000343322754,5.606804370880127,5000
2003-07-09,8.800000190734863,8.800000190734863,8.699999809265137,8.800000190734863,5.550042629241943,1400
2003-07-10,8.649999618530273,8.75,8.649999618530273,8.75,5.518508434295654,5500
2003-07-11,8.850000381469727,9.010000228881836,8.850000381469727,9.010000228881836,5.682486534118652,13500
2003-07-14,9.010000228881836,9.149999618530273,9.010000228881836,9.149999618530273,5.770784854888916,7700
2003-07-15,9.15999984741211,9.15999984741211,9.15999984741211,9.15999984741211,5.777089595794678,100
2003-07-16,9.260000228881836,9.260000228881836,9.239999771118164,9.25,5.833853244781494,1300
2003-07-17,9.180000305175781,9.180000305175781,9.020000457763672,9.020000457763672,5.68879508972168,900
2003-07-18,9.100000381469727,9.199999809265137,9.010000228881836,9.020000457763672,5.68879508972168,2800
2003-07-21,9.0,9.100000381469727,9.0,9.050000190734863,5.707714557647705,3900
2003-07-22,9.010000228881836,9.050000190734863,9.0,9.050000190734863,5.707714557647705,1300
2003-07-23,9.0,9.100000381469727,8.90999984741211,9.100000381469727,5.739248275756836,1100
2003-07-24,9.050000190734863,9.600000381469727,9.010000228881836,9.199999809265137,5.802318572998047,30000
2003-07-25,9.289999961853027,9.399999618530273,9.289999961853027,9.3100004196167,5.871694087982178,3000
2003-07-28,9.479999542236328,9.529999732971191,9.479999542236328,9.529999732971191,6.010444641113281,800
2003-07-29,9.649999618530273,9.739999771118164,9.600000381469727,9.600000381469727,6.054593086242676,10600
2003-07-30,9.550000190734863,9.550000190734863,9.270000457763672,9.350000381469727,5.896921634674072,2100
2003-07-31,9.180000305175781,9.210000038146973,9.180000305175781,9.199999809265137,5.802318572998047,1200
2003-08-01,9.100000381469727,9.300000190734863,9.100000381469727,9.25,5.833853244781494,4800
2003-08-04,9.34000015258789,9.34000015258789,9.25,9.25,5.833853244781494,200
2003-08-05,9.329999923706055,9.34000015258789,9.149999618530273,9.34000015258789,5.890613555908203,2300
2003-08-06,9.34000015258789,9.350000381469727,9.25,9.350000381469727,5.896921634674072,4100
2003-08-07,9.390000343322754,9.489999771118164,9.390000343322754,9.489999771118164,5.985215663909912,5000
2003-08-08,9.5,9.539999961853027,9.399999618530273,9.399999618530273,5.928456783294678,4400
2003-08-11,9.489999771118164,9.600000381469727,9.489999771118164,9.5,5.991522312164307,6500
2003-08-12,9.460000038146973,9.710000038146973,9.460000038146973,9.699999809265137,6.117660999298096,3500
2003-08-13,9.699999809265137,9.75,9.65999984741211,9.65999984741211,6.092434406280518,800
2003-08-14,9.859999656677246,10.25,9.859999656677246,10.199999809265137,6.433002948760986,17500
2003-08-15,10.199999809265137,10.199999809265137,10.199999809265137,10.199999809265137,6.433002948760986,0
2003-08-18,10.149999618530273,10.25,10.140000343322754,10.199999809265137,6.433002948760986,4700
2003-08-19,10.210000038146973,10.210000038146973,10.149999618530273,10.199999809265137,6.433002948760986,1400
2003-08-20,10.149999618530273,10.149999618530273,9.90999984741211,10.0,6.306865692138672,4000
2003-08-21,10.0,10.100000381469727,10.0,10.0,6.306865692138672,4700
2003-08-22,10.100000381469727,10.100000381469727,10.0,10.0,6.306865692138672,900
2003-08-25,9.899999618530273,9.979999542236328,9.859999656677246,9.880000114440918,6.231184959411621,900
2003-08-26,9.880000114440918,9.880000114440918,9.880000114440918,9.880000114440918,6.231184959411621,100
2003-08-27,9.779999732971191,9.779999732971191,9.680000305175781,9.779999732971191,6.168115615844727,2300
2003-08-28,9.880000114440918,10.359999656677246,9.880000114440918,10.300000190734863,6.496072769165039,22200
2003-08-29,10.449999809265137,10.449999809265137,10.260000228881836,10.260000228881836,6.470846652984619,4100
2003-09-02,10.149999618530273,10.300000190734863,10.020000457763672,10.050000190734863,6.338400840759277,4700
2003-09-03,10.149999618530273,10.449999809265137,10.149999618530273,10.449999809265137,6.590673923492432,2300
2003-09-04,10.25,10.399999618530273,10.25,10.399999618530273,6.559142112731934,1600
2003-09-05,10.449999809265137,10.5,10.399999618530273,10.449999809265137,6.590673923492432,4400
2003-09-08,10.649999618530273,10.649999618530273,10.449999809265137,10.649999618530273,6.7168121337890625,13900
2003-09-09,10.649999618530273,10.789999961853027,10.649999618530273,10.729999542236328,6.767266750335693,2500
2003-09-10,10.699999809265137,10.699999809265137,10.550000190734863,10.600000381469727,6.685279846191406,3100
2003-09-11,10.720000267028809,10.819999694824219,10.600000381469727,10.649999618530273,6.7168121337890625,7100
2003-09-12,10.550000190734863,10.640000343322754,10.5,10.5,6.62221097946167,1400
2003-09-15,10.399999618530273,10.399999618530273,10.350000381469727,10.350000381469727,6.527606964111328,1300
2003-09-16,10.399999618530273,10.520000457763672,10.399999618530273,10.520000457763672,6.634822845458984,3500
2003-09-17,10.640000343322754,10.640000343322754,10.59000015258789,10.59000015258789,6.678972244262695,6200
2003-09-18,10.5,10.5,10.220000267028809,10.329999923706055,6.514995574951172,5900
2003-09-19,10.420000076293945,10.420000076293945,10.329999923706055,10.329999923706055,6.514995574951172,4200
2003-09-22,10.199999809265137,10.199999809265137,9.75,10.0600004196167,6.3447089195251465,12600
2003-09-23,10.0,10.350000381469727,9.949999809265137,10.350000381469727,6.527606964111328,16600
2003-09-24,10.300000190734863,10.300000190734863,10.300000190734863,10.300000190734863,6.496072769165039,100
2003-09-25,10.4399995803833,10.4399995803833,10.25,10.25,6.464535713195801,1300
2003-09-26,10.149999618530273,10.300000190734863,10.0600004196167,10.100000381469727,6.369934558868408,3400
2003-09-29,10.0,10.050000190734863,9.90999984741211,10.050000190734863,6.338400840759277,1300
2003-09-30,10.079999923706055,10.100000381469727,10.010000228881836,10.050000190734863,6.338400840759277,4700
2003-10-01,10.0600004196167,10.199999809265137,10.0600004196167,10.199999809265137,6.433002948760986,4000
2003-10-02,10.25,10.449999809265137,10.25,10.319999694824219,6.508687496185303,2600
2003-10-03,10.220000267028809,10.680000305175781,10.220000267028809,10.5,6.62221097946167,9600
2003-10-06,10.600000381469727,10.6899995803833,10.550000190734863,10.6899995803833,6.742042064666748,3500
2003-10-07,10.779999732971191,10.8100004196167,10.699999809265137,10.739999771118164,6.773577690124512,1100
2003-10-08,10.75,10.75,10.600000381469727,10.600000381469727,6.685279846191406,200
2003-10-09,10.739999771118164,10.850000381469727,10.739999771118164,10.850000381469727,6.842950820922852,400
2003-10-10,10.850000381469727,10.9399995803833,10.699999809265137,10.880000114440918,6.861873149871826,4200
2003-10-13,10.920000076293945,11.199999809265137,10.920000076293945,11.140000343322754,7.025849342346191,27300
2003-10-14,11.180000305175781,11.180000305175781,11.170000076293945,11.170000076293945,7.04477071762085,800
2003-10-15,11.180000305175781,11.199999809265137,11.100000381469727,11.1899995803833,7.057382583618164,1300
2003-10-16,11.300000190734863,11.399999618530273,11.300000190734863,11.390000343322754,7.1835222244262695,6400
2003-10-17,11.479999542236328,11.5600004196167,11.220000267028809,11.220000267028809,7.076303482055664,6400
2003-10-20,11.119999885559082,11.390000343322754,11.0,11.390000343322754,7.1835222244262695,7700
2003-10-21,11.25,11.3100004196167,10.760000228881836,11.0,6.9375529289245605,5800
2003-10-22,11.0,11.029999732971191,11.0,11.029999732971191,6.956475734710693,900
2003-10-23,11.0,11.0,10.90999984741211,11.0,6.9375529289245605,6500
2003-10-24,11.0,11.100000381469727,11.0,11.09000015258789,6.994316577911377,3100
2003-10-27,11.1899995803833,11.390000343322754,11.1899995803833,11.270000457763672,7.107840061187744,12700
2003-10-28,11.289999961853027,11.319999694824219,11.210000038146973,11.210000038146973,7.069997787475586,2600
2003-10-29,11.3100004196167,11.3100004196167,11.3100004196167,11.3100004196167,7.1330671310424805,200
2003-10-30,11.300000190734863,11.390000343322754,11.300000190734863,11.369999885559082,7.170909881591797,3200
2003-10-31,11.390000343322754,11.390000343322754,11.279999732971191,11.279999732971191,7.114144802093506,4400
2003-11-03,11.380000114440918,11.399999618530273,11.199999809265137,11.390000343322754,7.1835222244262695,9400
2003-11-04,11.399999618530273,11.800000190734863,11.399999618530273,11.449999809265137,7.221362113952637,14600
2003-11-05,11.600000381469727,11.9399995803833,11.600000381469727,11.930000305175781,7.524093151092529,7000
2003-11-06,11.899999618530273,11.899999618530273,11.600000381469727,11.699999809265137,7.379034519195557,2100
2003-11-07,11.850000381469727,12.399999618530273,11.850000381469727,12.300000190734863,7.757447242736816,21200
2003-11-10,12.300000190734863,13.539999961853027,12.300000190734863,13.380000114440918,8.438590049743652,22900
2003-11-11,13.699999809265137,13.970000267028809,13.199999809265137,13.25,8.356599807739258,18100
2003-11-12,13.289999961853027,13.579999923706055,13.289999961853027,13.470000267028809,8.495349884033203,17200
2003-11-13,13.520000457763672,13.779999732971191,12.640000343322754,12.649999618530273,7.978186130523682,19500
2003-11-14,12.489999771118164,12.489999771118164,11.100000381469727,11.199999809265137,7.063690662384033,49300
2003-11-17,11.100000381469727,11.25,10.949999809265137,11.100000381469727,7.000621795654297,22500
2003-11-18,11.220000267028809,11.220000267028809,10.760000228881836,10.949999809265137,6.9060187339782715,9800
2003-11-19,10.850000381469727,10.869999885559082,10.800000190734863,10.869999885559082,6.855564594268799,3300
2003-11-20,11.0,11.350000381469727,10.949999809265137,11.25,7.095224857330322,8700
2003-11-21,11.369999885559082,11.449999809265137,11.180000305175781,11.1899995803833,7.057382583618164,11600
2003-11-24,11.140000343322754,11.600000381469727,11.140000343322754,11.390000343322754,7.1835222244262695,15000
2003-11-25,11.489999771118164,11.489999771118164,11.300000190734863,11.430000305175781,7.2087483406066895,3200
2003-11-26,11.420000076293945,11.59000015258789,11.319999694824219,11.59000015258789,7.309661388397217,4300
2003-11-28,11.59000015258789,11.619999885559082,11.59000015258789,11.619999885559082,7.328578948974609,5600
2003-12-01,11.600000381469727,11.600000381469727,11.220000267028809,11.550000190734863,7.4315290451049805,7800
2003-12-02,11.649999618530273,11.75,11.600000381469727,11.720000267028809,7.540910243988037,4600
2003-12-03,11.760000228881836,11.819999694824219,11.739999771118164,11.819999694824219,7.60524845123291,3600
2003-12-04,11.899999618530273,12.0,11.8100004196167,12.0,7.721067905426025,6700
2003-12-05,12.100000381469727,12.149999618530273,12.069999694824219,12.149999618530273,7.8175787925720215,3100
2003-12-08,12.25,12.25,11.949999809265137,11.989999771118164,7.714633941650391,5200
2003-12-09,12.100000381469727,12.399999618530273,12.100000381469727,12.25,7.881924152374268,5600
2003-12-10,12.449999809265137,12.449999809265137,11.899999618530273,11.899999618530273,7.656725883483887,7300
2003-12-11,12.0,12.149999618530273,11.9399995803833,12.149999618530273,7.8175787925720215,7400
2003-12-12,12.229999542236328,12.229999542236328,12.109999656677246,12.119999885559082,7.798275947570801,2200
2003-12-15,12.25,12.350000381469727,12.0,12.1899995803833,7.843313694000244,3900
2003-12-16,12.25,12.430000305175781,12.25,12.34000015258789,7.9398274421691895,4100
2003-12-17,12.430000305175781,12.430000305175781,12.319999694824219,12.319999694824219,7.926962375640869,1200
2003-12-18,12.25,12.390000343322754,12.199999809265137,12.3100004196167,7.920527935028076,5000
2003-12-19,12.399999618530273,12.399999618530273,12.0,12.149999618530273,7.8175787925720215,6900
2003-12-22,11.899999618530273,12.479999542236328,11.819999694824219,12.25,7.881924152374268,7900
2003-12-23,12.199999809265137,12.770000457763672,12.199999809265137,12.75,8.203632354736328,6200
2003-12-24,12.84000015258789,13.449999809265137,12.84000015258789,13.350000381469727,8.589689254760742,6300
2003-12-26,13.25,13.399999618530273,13.25,13.359999656677246,8.596121788024902,6600
2003-12-29,13.460000038146973,13.699999809265137,13.460000038146973,13.510000228881836,8.692635536193848,9300
2003-12-30,13.539999961853027,13.960000038146973,13.539999961853027,13.829999923706055,8.898527145385742,9800
2003-12-31,13.739999771118164,13.739999771118164,13.40999984741211,13.550000190734863,8.718367576599121,12900
2004-01-02,13.729999542236328,13.9399995803833,13.600000381469727,13.829999923706055,8.898527145385742,5700
2004-01-05,13.949999809265137,13.960000038146973,13.5600004196167,13.65999984741211,8.789149284362793,5400
2004-01-06,13.800000190734863,13.850000381469727,13.5600004196167,13.75,8.84705638885498,4700
2004-01-07,13.699999809265137,13.800000190734863,13.600000381469727,13.630000114440918,8.769843101501465,1500
2004-01-08,13.510000228881836,13.640000343322754,13.510000228881836,13.640000343322754,8.776277542114258,4100
2004-01-09,13.600000381469727,13.600000381469727,13.5,13.579999923706055,8.737671852111816,2600
2004-01-12,13.600000381469727,13.619999885559082,13.600000381469727,13.619999885559082,8.763409614562988,2000
2004-01-13,13.600000381469727,13.670000076293945,13.5600004196167,13.65999984741211,8.789149284362793,1900
2004-01-14,13.729999542236328,13.789999961853027,13.550000190734863,13.75,8.84705638885498,2500
2004-01-15,13.649999618530273,13.649999618530273,13.399999618530273,13.399999618530273,8.621858596801758,7000
2004-01-16,13.5,13.5,13.260000228881836,13.300000190734863,8.557517051696777,1500
2004-01-20,13.199999809265137,13.399999618530273,13.15999984741211,13.300000190734863,8.557517051696777,11400
2004-01-21,13.210000038146973,13.619999885559082,13.210000038146973,13.619999885559082,8.763409614562988,3500
2004-01-22,13.720000267028809,13.720000267028809,13.399999618530273,13.399999618530273,8.621858596801758,1600
2004-01-23,13.4399995803833,13.5,13.399999618530273,13.5,8.686200141906738,6700
2004-01-26,13.5,13.619999885559082,13.359999656677246,13.359999656677246,8.596121788024902,2100
2004-01-27,13.350000381469727,13.350000381469727,13.109999656677246,13.34000015258789,8.583251953125,5000
2004-01-28,13.239999771118164,13.239999771118164,12.800000190734863,12.850000381469727,8.267976760864258,5200
2004-01-29,12.899999618530273,12.899999618530273,12.140000343322754,12.350000381469727,7.946263313293457,4300
2004-01-30,12.399999618530273,12.5,12.210000038146973,12.449999809265137,8.010604858398438,4700
2004-02-02,12.420000076293945,12.420000076293945,12.119999885559082,12.229999542236328,7.86905574798584,4800
2004-02-03,12.069999694824219,12.069999694824219,12.069999694824219,12.069999694824219,7.766103267669678,100
2004-02-04,12.220000267028809,12.390000343322754,12.100000381469727,12.390000343322754,7.972001075744629,3900
2004-02-05,12.449999809265137,12.680000305175781,12.449999809265137,12.680000305175781,8.158596992492676,3600
2004-02-06,12.779999732971191,12.779999732971191,12.40999984741211,12.489999771118164,8.036344528198242,6400
2004-02-09,12.399999618530273,12.399999618530273,11.0,11.0,7.077645301818848,3000
2004-02-10,12.270000457763672,12.550000190734863,12.270000457763672,12.550000190734863,8.074949264526367,7000
2004-02-11,12.649999618530273,12.649999618530273,12.619999885559082,12.619999885559082,8.119988441467285,1300
2004-02-12,12.550000190734863,12.550000190734863,11.899999618530273,12.300000190734863,7.914093971252441,25000
2004-02-13,12.300000190734863,12.5,12.15999984741211,12.399999618530273,7.978434085845947,9400
2004-02-17,12.649999618530273,12.649999618530273,12.449999809265137,12.449999809265137,8.010604858398438,7000
2004-02-18,12.5,12.699999809265137,12.5,12.699999809265137,8.171462059020996,4700
2004-02-19,12.75,12.789999961853027,12.399999618530273,12.449999809265137,8.010604858398438,3200
2004-02-20,12.399999618530273,12.6899995803833,12.319999694824219,12.6899995803833,8.165030479431152,2400
2004-02-23,12.789999961853027,12.84000015258789,12.649999618530273,12.770000457763672,8.21650218963623,4000
2004-02-24,12.819999694824219,12.819999694824219,12.25,12.350000381469727,7.946263313293457,12200
2004-02-25,12.449999809265137,12.449999809265137,12.25,12.25,7.881924152374268,800
2004-02-26,12.470000267028809,12.600000381469727,12.449999809265137,12.600000381469727,8.10711669921875,3500
2004-02-27,12.649999618530273,12.699999809265137,12.539999961853027,12.539999961853027,8.068511009216309,5100
2004-03-01,12.5,12.5,12.300000190734863,12.3100004196167,7.920527935028076,3700
2004-03-02,12.199999809265137,12.199999809265137,12.100000381469727,12.109999656677246,7.791841983795166,3700
2004-03-03,12.119999885559082,12.199999809265137,12.100000381469727,12.100000381469727,7.785410404205322,2200
2004-03-04,12.100000381469727,12.100000381469727,12.010000228881836,12.0600004196167,7.759670257568359,1300
2004-03-05,12.100000381469727,12.899999618530273,12.020000457763672,12.800000190734863,8.235804557800293,15200
2004-03-08,12.800000190734863,13.15999984741211,12.779999732971191,12.949999809265137,8.332316398620605,13900
2004-03-09,12.800000190734863,12.949999809265137,12.5600004196167,12.609999656677246,8.113554000854492,15100
2004-03-10,12.5,12.739999771118164,12.5,12.739999771118164,8.197196960449219,3100
2004-03-11,12.569999694824219,12.569999694824219,12.100000381469727,12.25,7.881924152374268,8700
2004-03-12,12.350000381469727,12.699999809265137,12.25,12.699999809265137,8.171462059020996,5900
2004-03-15,12.800000190734863,12.800000190734863,12.600000381469727,12.600000381469727,8.10711669921875,4900
2004-03-16,12.5,12.5,12.260000228881836,12.300000190734863,7.914093971252441,3600
2004-03-17,12.399999618530273,12.489999771118164,12.350000381469727,12.449999809265137,8.010604858398438,3800
2004-03-18,12.350000381469727,12.600000381469727,12.329999923706055,12.350000381469727,7.946263313293457,4700
2004-03-19,12.550000190734863,12.800000190734863,12.520000457763672,12.550000190734863,8.074949264526367,6800
2004-03-22,12.600000381469727,12.649999618530273,12.510000228881836,12.600000381469727,8.10711669921875,2000
2004-03-23,12.600000381469727,12.600000381469727,12.600000381469727,12.600000381469727,8.10711669921875,0
2004-03-24,12.479999542236328,12.479999542236328,12.479999542236328,12.479999542236328,8.029908180236816,2200
2004-03-25,12.350000381469727,12.399999618530273,12.199999809265137,12.199999809265137,7.849750995635986,3700
2004-03-26,12.149999618530273,12.149999618530273,11.899999618530273,12.0,7.721067905426025,3000
2004-03-29,12.149999618530273,12.380000114440918,12.149999618530273,12.380000114440918,7.965566158294678,4500
2004-03-30,12.399999618530273,12.600000381469727,12.399999618530273,12.600000381469727,8.10711669921875,11600
2004-03-31,12.739999771118164,12.8100004196167,12.5600004196167,12.75,8.203632354736328,9000
2004-04-01,12.649999618530273,12.8100004196167,12.510000228881836,12.6899995803833,8.165030479431152,13200
2004-04-02,12.800000190734863,12.829999923706055,12.739999771118164,12.739999771118164,8.197196960449219,2400
2004-04-05,12.899999618530273,13.699999809265137,12.899999618530273,13.399999618530273,8.621858596801758,18700
2004-04-06,13.300000190734863,13.34000015258789,13.149999618530273,13.3100004196167,8.56395149230957,2100
2004-04-07,13.350000381469727,13.350000381469727,13.25,13.350000381469727,8.589689254760742,2000
2004-04-08,13.40999984741211,13.850000381469727,13.40999984741211,13.699999809265137,8.814887046813965,7300
2004-04-12,13.850000381469727,14.65999984741211,13.850000381469727,14.600000381469727,9.393965721130371,25000
2004-04-13,14.75,15.0,14.5,14.760000228881836,9.496912002563477,16400
2004-04-14,14.699999809265137,14.84000015258789,14.600000381469727,14.84000015258789,9.548386573791504,4100
2004-04-15,14.710000038146973,14.850000381469727,14.710000038146973,14.850000381469727,9.554819107055664,900
2004-04-16,14.949999809265137,15.199999809265137,14.8100004196167,15.149999618530273,9.747845649719238,4200
2004-04-19,15.149999618530273,15.1899995803833,14.800000190734863,14.800000190734863,9.522651672363281,2200
2004-04-20,14.699999809265137,14.699999809265137,14.069999694824219,14.270000457763672,9.181634902954102,6200
2004-04-21,14.170000076293945,14.300000190734863,14.09000015258789,14.109999656677246,9.078685760498047,2100
2004-04-22,14.0,14.25,14.0,14.229999542236328,9.155899047851562,2400
2004-04-23,14.239999771118164,14.399999618530273,14.239999771118164,14.399999618530273,9.265276908874512,1900
2004-04-26,14.5,14.600000381469727,14.5,14.600000381469727,9.393965721130371,1000
2004-04-27,14.699999809265137,14.699999809265137,14.699999809265137,14.699999809265137,9.458307266235352,700
2004-04-28,14.800000190734863,14.800000190734863,14.699999809265137,14.699999809265137,9.458307266235352,4900
2004-04-29,14.600000381469727,14.600000381469727,14.229999542236328,14.229999542236328,9.155899047851562,7500
2004-04-30,14.210000038146973,14.210000038146973,13.539999961853027,13.539999961853027,8.711936950683594,8400
2004-05-03,13.739999771118164,13.84000015258789,13.640000343322754,13.640000343322754,8.776277542114258,2300
2004-05-04,13.739999771118164,13.890000343322754,13.739999771118164,13.890000343322754,8.93713665008545,1800
2004-05-05,13.880000114440918,14.0,13.789999961853027,13.90999984741211,8.950002670288086,5000
2004-05-06,13.960000038146973,14.229999542236328,13.949999809265137,13.949999809265137,8.975739479064941,2200
2004-05-07,14.100000381469727,14.100000381469727,13.949999809265137,13.949999809265137,8.975739479064941,5900
2004-05-10,13.800000190734863,13.800000190734863,13.40999984741211,13.59000015258789,8.744107246398926,6000
2004-05-11,13.489999771118164,13.59000015258789,13.390000343322754,13.399999618530273,8.621858596801758,5100
2004-05-12,13.300000190734863,13.550000190734863,13.270000457763672,13.550000190734863,8.718367576599121,4800
2004-05-13,13.25,13.25,12.5,13.0,8.364489555358887,20000
2004-05-14,13.0,13.180000305175781,13.0,13.180000305175781,8.480301856994629,900
2004-05-17,13.079999923706055,13.130000114440918,13.0600004196167,13.0600004196167,8.403095245361328,400
2004-05-18,13.0,13.0,12.800000190734863,12.890000343322754,8.29371452331543,1000
2004-05-19,12.899999618530273,13.0,12.899999618530273,13.0,8.364489555358887,1200
2004-05-20,13.0,13.390000343322754,12.800000190734863,13.390000343322754,8.615422248840332,12300
2004-05-21,13.399999618530273,14.130000114440918,13.399999618530273,14.050000190734863,9.040085792541504,13900
2004-05-24,14.050000190734863,14.130000114440918,13.949999809265137,13.949999809265137,8.975739479064941,2900
2004-05-25,14.130000114440918,14.130000114440918,14.050000190734863,14.0600004196167,9.046520233154297,1400
2004-05-26,14.0,14.050000190734863,13.75,13.850000381469727,8.911398887634277,2700
2004-05-27,13.850000381469727,13.949999809265137,13.800000190734863,13.949999809265137,8.975739479064941,1400
2004-05-28,13.859999656677246,14.050000190734863,13.859999656677246,13.989999771118164,9.001477241516113,1500
2004-06-01,13.979999542236328,14.130000114440918,13.979999542236328,13.979999542236328,8.995044708251953,2900
2004-06-02,14.0,14.0,13.960000038146973,13.960000038146973,8.982171058654785,2000
2004-06-03,13.90999984741211,13.90999984741211,13.899999618530273,13.899999618530273,8.94356918334961,300
2004-06-04,13.899999618530273,13.899999618530273,13.890000343322754,13.890000343322754,8.93713665008545,1100
2004-06-07,13.899999618530273,14.0,13.899999618530273,14.0,9.007905960083008,3100
2004-06-08,14.010000228881836,14.010000228881836,14.010000228881836,14.010000228881836,9.01434326171875,900
2004-06-09,14.010000228881836,14.119999885559082,14.010000228881836,14.119999885559082,9.085121154785156,400
2004-06-10,14.130000114440918,14.25,14.020000457763672,14.25,9.168767929077148,3800
2004-06-14,14.34000015258789,14.59000015258789,14.210000038146973,14.210000038146973,9.143027305603027,6500
2004-06-15,14.3100004196167,14.399999618530273,14.109999656677246,14.210000038146973,9.143027305603027,6500
2004-06-16,14.25,14.25,14.050000190734863,14.25,9.168767929077148,2300
2004-06-17,14.350000381469727,14.770000457763672,14.350000381469727,14.770000457763672,9.50334644317627,12100
2004-06-18,14.729999542236328,14.729999542236328,14.59000015258789,14.59000015258789,9.387529373168945,1100
2004-06-21,14.829999923706055,14.949999809265137,14.350000381469727,14.350000381469727,9.233108520507812,6100
2004-06-22,14.300000190734863,14.399999618530273,14.199999809265137,14.399999618530273,9.265276908874512,4900
2004-06-23,14.399999618530273,14.609999656677246,14.399999618530273,14.609999656677246,9.400397300720215,4400
2004-06-24,14.600000381469727,14.739999771118164,14.600000381469727,14.739999771118164,9.48404312133789,600
2004-06-25,14.649999618530273,14.75,14.649999618530273,14.739999771118164,9.48404312133789,1000
2004-06-28,14.75,14.920000076293945,14.640000343322754,14.640000343322754,9.419700622558594,11200
2004-06-29,14.640000343322754,14.949999809265137,14.640000343322754,14.949999809265137,9.619160652160645,7500
2004-06-30,14.850000381469727,14.850000381469727,14.550000190734863,14.84000015258789,9.548386573791504,4100
2004-07-01,14.949999809265137,14.949999809265137,14.699999809265137,14.699999809265137,9.458307266235352,1000
2004-07-02,14.779999732971191,14.949999809265137,14.779999732971191,14.949999809265137,9.619160652160645,3300
2004-07-06,14.949999809265137,14.949999809265137,14.850000381469727,14.949999809265137,9.619160652160645,3700
2004-07-07,14.850000381469727,14.949999809265137,14.850000381469727,14.899999618530273,9.586993217468262,1400
2004-07-08,14.899999618530273,14.899999618530273,14.699999809265137,14.75,9.490476608276367,1200
2004-07-09,14.699999809265137,14.989999771118164,14.600000381469727,14.979999542236328,9.63846492767334,2800
2004-07-12,14.899999618530273,14.989999771118164,14.789999961853027,14.880000114440918,9.574122428894043,2200
2004-07-13,14.850000381469727,14.899999618530273,14.850000381469727,14.899999618530273,9.586993217468262,200
2004-07-14,14.850000381469727,14.899999618530273,14.75,14.899999618530273,9.586993217468262,600
2004-07-15,14.75,14.899999618530273,14.75,14.899999618530273,9.586993217468262,1700
2004-07-16,14.899999618530273,14.989999771118164,14.399999618530273,14.600000381469727,9.393965721130371,16300
2004-07-19,14.529999732971191,14.890000343322754,14.529999732971191,14.890000343322754,9.580556869506836,700
2004-07-20,14.5600004196167,14.850000381469727,14.5600004196167,14.850000381469727,9.554819107055664,1000
2004-07-21,14.819999694824219,14.819999694824219,14.819999694824219,14.819999694824219,9.535515785217285,300
2004-07-22,14.720000267028809,14.899999618530273,14.600000381469727,14.619999885559082,9.406831741333008,1400
2004-07-23,14.600000381469727,14.699999809265137,14.550000190734863,14.699999809265137,9.458307266235352,2700
2004-07-26,14.699999809265137,14.960000038146973,14.699999809265137,14.899999618530273,9.586993217468262,6300
2004-07-27,14.899999618530273,14.899999618530273,14.800000190734863,14.899999618530273,9.586993217468262,1700
2004-07-28,14.800000190734863,14.930000305175781,14.800000190734863,14.930000305175781,9.606293678283691,800
2004-07-29,14.880000114440918,14.970000267028809,14.829999923706055,14.970000267028809,9.632031440734863,4100
2004-07-30,14.970000267028809,15.5,14.970000267028809,15.399999618530273,9.908699989318848,30200
2004-08-02,15.369999885559082,15.75,15.25,15.6899995803833,10.095293045043945,6800
2004-08-03,15.739999771118164,15.770000457763672,15.350000381469727,15.5,9.97304630279541,8200
2004-08-04,15.5,15.5,15.0,15.350000381469727,9.876531600952148,12500
2004-08-05,15.449999809265137,15.5,15.199999809265137,15.289999961853027,9.837925910949707,5900
2004-08-06,15.09000015258789,15.149999618530273,15.0,15.0,9.65133285522461,7600
2004-08-09,15.0,15.289999961853027,14.949999809265137,15.119999885559082,9.728544235229492,2400
2004-08-10,15.0,15.050000190734863,15.0,15.039999961853027,9.677071571350098,1600
2004-08-11,15.0,15.0,14.699999809265137,14.800000190734863,9.522651672363281,12100
2004-08-12,14.600000381469727,14.600000381469727,13.600000381469727,13.970000267028809,8.988609313964844,16800
2004-08-13,13.699999809265137,13.699999809265137,12.899999618530273,13.010000228881836,8.370922088623047,13900
2004-08-16,12.699999809265137,13.300000190734863,12.5,13.300000190734863,8.557517051696777,11900
2004-08-17,13.199999809265137,13.25,12.949999809265137,12.949999809265137,8.332316398620605,10300
2004-08-18,12.899999618530273,12.899999618530273,12.550000190734863,12.550000190734863,8.074949264526367,1100
2004-08-19,12.550000190734863,12.65999984741211,12.5,12.579999923706055,8.094252586364746,3700
2004-08-20,12.5600004196167,12.699999809265137,12.5600004196167,12.699999809265137,8.171462059020996,1600
2004-08-23,12.649999618530273,12.789999961853027,12.649999618530273,12.789999961853027,8.229371070861816,700
2004-08-24,12.699999809265137,12.800000190734863,12.699999809265137,12.800000190734863,8.235804557800293,1700
2004-08-25,12.800000190734863,12.960000038146973,12.800000190734863,12.960000038146973,8.338751792907715,2700
2004-08-26,13.0600004196167,13.100000381469727,12.989999771118164,13.0,8.364489555358887,6300
2004-08-27,12.899999618530273,13.0,12.899999618530273,12.949999809265137,8.332316398620605,7800
2004-08-30,12.949999809265137,12.949999809265137,12.850000381469727,12.949999809265137,8.332316398620605,1400
2004-08-31,12.8100004196167,12.899999618530273,12.8100004196167,12.899999618530273,8.30014705657959,1000
2004-09-01,12.800000190734863,12.9399995803833,12.800000190734863,12.9399995803833,8.325881004333496,3200
2004-09-02,12.989999771118164,13.350000381469727,12.989999771118164,13.350000381469727,8.589689254760742,4300
2004-09-03,13.399999618530273,13.399999618530273,13.350000381469727,13.350000381469727,8.589689254760742,400
2004-09-07,13.359999656677246,13.359999656677246,13.260000228881836,13.260000228881836,8.531780242919922,1500
2004-09-08,13.140000343322754,13.140000343322754,12.899999618530273,12.899999618530273,8.30014705657959,1400
2004-09-09,12.75,12.899999618530273,12.75,12.850000381469727,8.267976760864258,1000
2004-09-10,12.890000343322754,12.899999618530273,12.609999656677246,12.6899995803833,8.165030479431152,4900
2004-09-13,12.600000381469727,12.699999809265137,12.600000381469727,12.699999809265137,8.171462059020996,1200
2004-09-14,12.819999694824219,12.989999771118164,12.819999694824219,12.850000381469727,8.267976760864258,3500
2004-09-15,12.800000190734863,13.0,12.800000190734863,13.0,8.364489555358887,2600
2004-09-16,13.0,13.0,13.0,13.0,8.364489555358887,0
2004-09-17,13.0,13.0,13.0,13.0,8.364489555358887,500
2004-09-20,12.899999618530273,13.010000228881836,12.899999618530273,13.010000228881836,8.370922088623047,1300
2004-09-21,13.0,13.050000190734863,12.899999618530273,13.050000190734863,8.396659851074219,9000
2004-09-22,13.100000381469727,13.180000305175781,13.100000381469727,13.149999618530273,8.461002349853516,3300
2004-09-23,13.199999809265137,13.199999809265137,13.199999809265137,13.199999809265137,8.493171691894531,200
2004-09-24,13.300000190734863,13.300000190734863,13.25,13.25,8.525345802307129,1100
2004-09-27,13.199999809265137,13.199999809265137,13.119999885559082,13.119999885559082,8.44170093536377,1700
2004-09-28,13.119999885559082,13.25,13.119999885559082,13.25,8.525345802307129,8000
2004-09-29,13.25,13.25,13.25,13.25,8.525345802307129,300
2004-09-30,13.25,13.25,13.25,13.25,8.525345802307129,100
2004-10-01,13.399999618530273,13.5,13.300000190734863,13.489999771118164,8.679770469665527,2500
2004-10-04,13.489999771118164,13.489999771118164,13.489999771118164,13.489999771118164,8.679770469665527,0
2004-10-05,13.420000076293945,13.899999618530273,13.399999618530273,13.800000190734863,8.879228591918945,5100
2004-10-06,13.899999618530273,14.100000381469727,13.899999618530273,14.0600004196167,9.046520233154297,3000
2004-10-07,14.100000381469727,14.5,14.100000381469727,14.5,9.329621315002441,5300
2004-10-08,14.5,14.899999618530273,14.5,14.899999618530273,9.586993217468262,1600
2004-10-11,14.800000190734863,14.800000190734863,14.699999809265137,14.699999809265137,9.458307266235352,1100
2004-10-12,14.579999923706055,14.670000076293945,14.579999923706055,14.670000076293945,9.439003944396973,2300
2004-10-13,14.579999923706055,14.579999923706055,14.579999923706055,14.579999923706055,9.381098747253418,300
2004-10-14,14.5,14.600000381469727,14.5,14.600000381469727,9.393965721130371,1500
2004-10-15,14.649999618530273,14.649999618530273,14.5,14.5,9.329621315002441,700
2004-10-18,14.350000381469727,14.350000381469727,14.350000381469727,14.350000381469727,9.233108520507812,2000
2004-10-19,14.25,14.260000228881836,14.25,14.260000228881836,9.175201416015625,1900
2004-10-20,14.300000190734863,14.350000381469727,14.289999961853027,14.350000381469727,9.233108520507812,8400
2004-10-21,14.5,14.600000381469727,14.5,14.600000381469727,9.393965721130371,2400
2004-10-22,14.449999809265137,14.75,14.449999809265137,14.5,9.329621315002441,3800
2004-10-25,14.59000015258789,14.600000381469727,14.59000015258789,14.600000381469727,9.393965721130371,300
2004-10-26,14.649999618530273,14.649999618530273,14.649999618530273,14.649999618530273,9.426136016845703,100
2004-10-27,14.550000190734863,14.649999618530273,14.550000190734863,14.649999618530273,9.426136016845703,400
2004-10-28,14.600000381469727,14.600000381469727,14.0,14.0,9.007905960083008,13400
2004-10-29,14.0,14.0,13.800000190734863,13.800000190734863,8.879228591918945,1100
2004-11-01,13.850000381469727,13.850000381469727,13.699999809265137,13.699999809265137,8.814887046813965,1700
2004-11-02,13.649999618530273,13.800000190734863,13.5,13.5,8.686200141906738,12900
2004-11-03,13.600000381469727,13.949999809265137,13.600000381469727,13.850000381469727,8.911398887634277,3600
2004-11-04,13.75,13.850000381469727,13.75,13.850000381469727,8.911398887634277,7700
2004-11-05,13.949999809265137,14.109999656677246,13.949999809265137,14.0,9.007905960083008,21200
2004-11-08,13.989999771118164,14.0,13.989999771118164,14.0,9.007905960083008,6700
2004-11-09,13.949999809265137,14.529999732971191,13.949999809265137,14.529999732971191,9.34892463684082,4400
2004-11-10,14.550000190734863,18.049999237060547,14.550000190734863,17.399999618530273,11.195549011230469,92100
2004-11-11,18.149999618530273,18.510000228881836,16.75,17.600000381469727,11.32423210144043,75000
2004-11-12,17.0,17.649999618530273,16.950000762939453,17.139999389648438,11.02825927734375,24900
2004-11-15,17.040000915527344,17.040000915527344,15.550000190734863,15.800000190734863,10.166071891784668,33000
2004-11-16,15.899999618530273,16.200000762939453,15.800000190734863,15.800000190734863,10.166071891784668,37400
2004-11-17,15.800000190734863,16.0,15.5600004196167,15.649999618530273,10.069560050964355,16900
2004-11-18,15.800000190734863,16.649999618530273,15.800000190734863,16.0,10.294754981994629,33400
2004-11-19,16.200000762939453,16.75,16.100000381469727,16.100000381469727,10.359097480773926,19800
2004-11-22,16.299999237060547,16.649999618530273,16.25,16.3799991607666,10.539258003234863,14400
2004-11-23,16.3799991607666,17.200000762939453,16.3799991607666,16.799999237060547,10.809494018554688,18400
2004-11-24,16.75,16.75,16.450000762939453,16.600000381469727,10.68080997467041,6900
2004-11-26,16.579999923706055,17.0,16.530000686645508,17.0,10.938177108764648,4400
2004-11-29,17.0,18.950000762939453,17.0,18.950000762939453,12.192850112915039,37100
2004-11-30,18.829999923706055,18.829999923706055,17.25,17.75,11.60445499420166,26700
2004-12-01,17.5,17.700000762939453,16.850000381469727,16.850000381469727,11.01606273651123,9800
2004-12-02,16.899999618530273,16.899999618530273,16.530000686645508,16.649999618530273,10.885310173034668,7300
2004-12-03,16.790000915527344,16.790000915527344,16.25,16.399999618530273,10.7218656539917,7500
2004-12-06,16.5,16.5,16.149999618530273,16.25,10.623794555664062,7500
2004-12-07,16.350000381469727,16.350000381469727,15.6899995803833,15.960000038146973,10.434203147888184,8300
2004-12-08,15.710000038146973,16.600000381469727,15.710000038146973,16.59000015258789,10.846077919006348,8300
2004-12-09,16.5,16.600000381469727,16.200000762939453,16.299999237060547,10.656487464904785,7200
2004-12-10,16.200000762939453,16.489999771118164,16.110000610351562,16.489999771118164,10.780702590942383,10600
2004-12-13,16.239999771118164,16.239999771118164,15.75,16.149999618530273,10.558418273925781,11000
2004-12-14,16.190000534057617,16.190000534057617,16.010000228881836,16.149999618530273,10.558418273925781,8500
2004-12-15,16.229999542236328,17.0,16.229999542236328,17.0,11.114126205444336,14700
2004-12-16,16.850000381469727,16.899999618530273,16.479999542236328,16.899999618530273,11.048748016357422,5900
2004-12-17,17.0,17.299999237060547,17.0,17.170000076293945,11.22526741027832,7600
2004-12-20,17.399999618530273,17.399999618530273,17.149999618530273,17.239999771118164,11.27103328704834,5900
2004-12-21,17.100000381469727,17.93000030517578,14.600000381469727,17.799999237060547,11.6371431350708,24100
2004-12-22,17.700000762939453,18.100000381469727,17.610000610351562,17.90999984741211,11.709060668945312,11400
2004-12-23,17.989999771118164,17.989999771118164,17.59000015258789,17.899999618530273,11.702522277832031,12500
2004-12-27,17.649999618530273,17.75,17.399999618530273,17.399999618530273,11.375638008117676,5100
2004-12-28,17.299999237060547,17.350000381469727,17.049999237060547,17.350000381469727,11.342948913574219,4000
2004-12-29,17.299999237060547,17.549999237060547,17.299999237060547,17.299999237060547,11.310259819030762,5500
2004-12-30,17.299999237060547,17.690000534057617,17.299999237060547,17.68000030517578,11.558692932128906,5700
2004-12-31,17.5,17.639999389648438,17.450000762939453,17.639999389648438,11.532540321350098,4000
2005-01-03,17.690000534057617,17.850000381469727,17.5,17.700000762939453,11.57176685333252,21100
2005-01-04,17.649999618530273,17.65999984741211,17.299999237060547,17.350000381469727,11.342948913574219,5600
2005-01-05,17.25,17.450000762939453,17.100000381469727,17.100000381469727,11.179503440856934,4500
2005-01-06,17.200000762939453,17.540000915527344,17.200000762939453,17.200000762939453,11.244882583618164,4400
2005-01-07,17.280000686645508,17.450000762939453,17.25,17.290000915527344,11.303722381591797,3400
2005-01-10,17.299999237060547,17.549999237060547,17.25,17.350000381469727,11.342948913574219,7600
2005-01-11,17.399999618530273,17.440000534057617,17.350000381469727,17.40999984741211,11.382173538208008,2600
2005-01-12,17.549999237060547,17.729999542236328,17.350000381469727,17.729999542236328,11.591381072998047,5200
2005-01-13,17.600000381469727,18.149999618530273,17.600000381469727,18.0,11.767897605895996,10300
2005-01-14,18.0,18.5,18.0,18.219999313354492,11.91172981262207,10000
2005-01-18,18.100000381469727,19.100000381469727,18.100000381469727,18.809999465942383,12.297451972961426,18200
2005-01-19,18.8799991607666,19.100000381469727,18.850000381469727,19.049999237060547,12.454360008239746,17100
2005-01-20,19.100000381469727,19.100000381469727,18.399999618530273,18.5,12.0947904586792,11100
2005-01-21,18.59000015258789,18.899999618530273,18.25,18.850000381469727,12.323607444763184,15200
2005-01-24,18.899999618530273,18.959999084472656,18.860000610351562,18.860000610351562,12.330143928527832,4300
2005-01-25,18.850000381469727,18.989999771118164,18.850000381469727,18.8799991607666,12.343220710754395,3400
2005-01-26,18.889999389648438,19.600000381469727,18.889999389648438,19.600000381469727,12.813936233520508,14400
2005-01-27,19.700000762939453,19.84000015258789,19.600000381469727,19.84000015258789,12.970837593078613,8000
2005-01-28,20.200000762939453,21.600000381469727,20.200000762939453,21.100000381469727,13.794594764709473,29700
2005-01-31,21.209999084472656,21.479999542236328,20.850000381469727,21.280000686645508,13.912271499633789,20500
2005-02-01,21.780000686645508,23.649999618530273,21.780000686645508,23.489999771118164,15.35710334777832,39000
2005-02-02,23.68000030517578,25.799999237060547,23.68000030517578,25.0,16.344310760498047,59800
2005-02-03,25.139999389648438,25.549999237060547,24.5,24.81999969482422,16.22662353515625,42200
2005-02-04,24.850000381469727,24.850000381469727,22.329999923706055,23.899999618530273,15.62515640258789,46000
2005-02-07,24.149999618530273,24.149999618530273,22.40999984741211,22.670000076293945,14.82102108001709,27600
2005-02-08,22.670000076293945,22.700000762939453,22.1200008392334,22.700000762939453,14.840632438659668,19900
2005-02-09,22.600000381469727,23.510000228881836,22.209999084472656,23.200000762939453,15.167522430419922,18200
2005-02-10,23.350000381469727,23.850000381469727,23.219999313354492,23.850000381469727,15.592466354370117,7800
2005-02-11,23.899999618530273,23.969999313354492,23.299999237060547,23.600000381469727,15.429022789001465,16000
2005-02-14,23.5,23.84000015258789,23.5,23.739999771118164,15.520553588867188,9700
2005-02-15,23.700000762939453,23.809999465942383,23.649999618530273,23.649999618530273,15.461713790893555,5800
2005-02-16,23.549999237060547,23.809999465942383,23.459999084472656,23.65999984741211,15.46824836730957,10900
2005-02-17,23.610000610351562,23.979999542236328,23.600000381469727,23.979999542236328,15.677459716796875,15900
2005-02-18,24.0,24.200000762939453,23.5,23.8799991607666,15.612080574035645,14700
2005-02-22,23.889999389648438,23.889999389648438,23.5,23.790000915527344,15.55324649810791,23500
2005-02-23,23.540000915527344,23.540000915527344,22.110000610351562,22.399999618530273,14.644499778747559,29200
2005-02-24,22.200000762939453,22.389999389648438,21.649999618530273,22.389999389648438,14.637965202331543,23300
2005-02-25,22.350000381469727,23.420000076293945,22.350000381469727,23.049999237060547,15.069442749023438,23400
2005-02-28,23.0,23.0,22.700000762939453,22.799999237060547,14.906004905700684,21100
2005-03-01,22.850000381469727,23.0,22.829999923706055,23.0,15.036763191223145,16500
2005-03-02,23.0,23.0,22.760000228881836,22.829999923706055,14.925617218017578,5300
2005-03-03,22.75,22.989999771118164,22.649999618530273,22.989999771118164,15.030229568481445,13100
2005-03-04,23.0,23.899999618530273,23.0,23.280000686645508,15.219816207885742,32700
2005-03-07,23.5,24.389999389648438,23.5,23.5,15.363636016845703,26200
2005-03-08,23.549999237060547,23.950000762939453,23.520000457763672,23.649999618530273,15.461713790893555,18400
2005-03-09,23.700000762939453,25.489999771118164,23.700000762939453,24.520000457763672,16.03049087524414,66300
2005-03-10,24.6200008392334,24.6200008392334,23.190000534057617,23.229999542236328,15.187125205993652,13600
2005-03-11,23.18000030517578,24.149999618530273,23.18000030517578,23.850000381469727,15.592466354370117,9500
2005-03-14,23.270000457763672,23.860000610351562,22.729999542236328,23.5,15.363636016845703,21600
2005-03-15,23.600000381469727,24.149999618530273,23.600000381469727,23.760000228881836,15.533634185791016,19500
2005-03-16,23.760000228881836,23.760000228881836,22.760000228881836,22.969999313354492,15.017146110534668,13900
2005-03-17,23.0,24.149999618530273,22.989999771118164,23.399999618530273,15.298269271850586,33800
2005-03-18,23.649999618530273,23.700000762939453,22.700000762939453,23.700000762939453,15.494396209716797,10600
2005-03-21,23.5,23.799999237060547,23.010000228881836,23.760000228881836,15.533634185791016,15100
2005-03-22,23.770000457763672,23.770000457763672,23.0,23.0,15.036763191223145,7200
2005-03-23,23.25,23.25,20.600000381469727,20.6299991607666,13.48731517791748,20700
2005-03-24,21.0,21.649999618530273,20.549999237060547,20.549999237060547,13.435017585754395,15500
2005-03-28,20.299999237060547,20.299999237060547,19.299999237060547,20.020000457763672,13.088518142700195,14200
2005-03-29,19.799999237060547,20.229999542236328,19.40999984741211,19.600000381469727,12.813936233520508,20000
2005-03-30,19.200000762939453,19.700000762939453,19.200000762939453,19.600000381469727,12.813936233520508,8100
2005-03-31,19.850000381469727,21.290000915527344,19.850000381469727,20.850000381469727,13.631152153015137,14700
2005-04-01,21.350000381469727,21.350000381469727,20.75,20.799999237060547,13.598461151123047,16300
2005-04-04,21.0,21.5,20.719999313354492,20.719999313354492,13.546161651611328,11800
2005-04-05,20.469999313354492,20.799999237060547,20.299999237060547,20.799999237060547,13.598461151123047,9100
2005-04-06,20.549999237060547,20.549999237060547,19.989999771118164,20.149999618530273,13.173513412475586,13100
2005-04-07,20.260000228881836,20.59000015258789,19.899999618530273,19.899999618530273,13.010068893432617,9000
2005-04-08,19.799999237060547,19.940000534057617,19.790000915527344,19.790000915527344,12.938153266906738,500
2005-04-11,19.899999618530273,19.899999618530273,19.459999084472656,19.459999084472656,12.722408294677734,2400
2005-04-12,19.579999923706055,19.579999923706055,19.190000534057617,19.219999313354492,12.565498352050781,2800
2005-04-13,19.25,19.25,18.149999618530273,18.299999237060547,11.964034080505371,6500
2005-04-14,18.350000381469727,18.549999237060547,18.350000381469727,18.350000381469727,11.996719360351562,1200
2005-04-15,18.100000381469727,18.239999771118164,17.219999313354492,17.399999618530273,11.375638008117676,10400
2005-04-18,17.34000015258789,17.530000686645508,16.149999618530273,16.520000457763672,10.800315856933594,18800
2005-04-19,16.649999618530273,17.989999771118164,16.649999618530273,17.299999237060547,11.310259819030762,18800
2005-04-20,17.309999465942383,17.75,17.290000915527344,17.399999618530273,11.375638008117676,4500
2005-04-21,17.25,18.149999618530273,17.25,18.149999618530273,11.865962982177734,10900
2005-04-22,18.25,19.350000381469727,18.25,18.90999984741211,12.362833976745605,20100
2005-04-25,18.700000762939453,18.950000762939453,18.68000030517578,18.68000030517578,12.212462425231934,6700
2005-04-26,18.899999618530273,18.899999618530273,17.799999237060547,17.950000762939453,11.735211372375488,6800
2005-04-27,17.700000762939453,17.700000762939453,17.200000762939453,17.479999542236328,11.427938461303711,18200
2005-04-28,17.399999618530273,17.399999618530273,17.0,17.0,11.114126205444336,6600
2005-04-29,17.149999618530273,17.149999618530273,15.850000381469727,16.239999771118164,10.617260932922363,27800
2005-05-02,16.239999771118164,17.200000762939453,16.239999771118164,17.200000762939453,11.244882583618164,4900
2005-05-03,17.219999313354492,17.219999313354492,16.639999389648438,16.899999618530273,11.048748016357422,9700
2005-05-04,16.989999771118164,16.989999771118164,16.5,16.59000015258789,10.846077919006348,5200
2005-05-05,16.84000015258789,18.399999618530273,16.84000015258789,18.399999618530273,12.029409408569336,12700
2005-05-06,18.299999237060547,19.600000381469727,18.299999237060547,18.65999984741211,12.199385643005371,18000
2005-05-09,18.860000610351562,18.889999389648438,18.5,18.510000228881836,12.101325988769531,5400
2005-05-10,18.649999618530273,19.100000381469727,18.649999618530273,18.700000762939453,12.225543022155762,6500
2005-05-11,18.5,18.600000381469727,18.299999237060547,18.559999465942383,12.134008407592773,4900
2005-05-12,18.450000762939453,18.649999618530273,18.200000762939453,18.649999618530273,12.192851066589355,9500
2005-05-13,18.510000228881836,18.510000228881836,16.3799991607666,16.649999618530273,10.885310173034668,54100
2005-05-16,16.799999237060547,17.100000381469727,16.09000015258789,16.530000686645508,10.806854248046875,23900
2005-05-17,16.280000686645508,16.280000686645508,15.010000228881836,15.399999618530273,10.068089485168457,89900
2005-05-18,15.0,16.200000762939453,15.0,16.010000228881836,10.466894149780273,29700
2005-05-19,15.800000190734863,15.899999618530273,15.800000190734863,15.84000015258789,10.355751037597656,5900
2005-05-20,15.75,16.18000030517578,15.75,16.149999618530273,10.558418273925781,6700
2005-05-23,16.25,16.75,16.25,16.350000381469727,10.689175605773926,6200
2005-05-24,16.200000762939453,16.25,16.139999389648438,16.25,10.623794555664062,700
2005-05-25,16.25,16.989999771118164,16.25,16.899999618530273,11.048748016357422,3300
2005-05-26,16.850000381469727,17.200000762939453,16.719999313354492,16.950000762939453,11.081436157226562,7000
2005-05-27,16.850000381469727,16.860000610351562,16.850000381469727,16.860000610351562,11.022600173950195,1100
2005-05-31,16.850000381469727,17.0,16.299999237060547,16.850000381469727,11.01606273651123,7400
2005-06-01,16.649999618530273,16.889999389648438,16.440000534057617,16.469999313354492,10.767626762390137,4600
2005-06-02,16.639999389648438,17.399999618530273,16.639999389648438,17.399999618530273,11.375638008117676,4200
2005-06-03,17.3700008392334,17.40999984741211,17.34000015258789,17.399999618530273,11.375638008117676,1800
2005-06-06,17.450000762939453,17.84000015258789,17.450000762939453,17.649999618530273,11.539076805114746,4000
2005-06-07,17.459999084472656,17.459999084472656,17.149999618530273,17.200000762939453,11.244882583618164,2700
2005-06-08,17.100000381469727,17.100000381469727,16.899999618530273,17.0,11.114126205444336,2300
2005-06-09,17.0,17.0,16.940000534057617,16.940000534057617,11.07490062713623,7800
2005-06-10,16.899999618530273,17.100000381469727,16.700000762939453,17.079999923706055,11.166431427001953,7100
2005-06-13,16.989999771118164,16.989999771118164,16.600000381469727,16.979999542236328,11.101048469543457,7900
2005-06-14,17.0,17.100000381469727,16.93000030517578,16.950000762939453,11.081436157226562,2800
2005-06-15,17.100000381469727,17.100000381469727,16.799999237060547,17.0,11.114126205444336,2400
2005-06-16,16.979999542236328,16.979999542236328,16.770000457763672,16.950000762939453,11.081436157226562,4400
2005-06-17,16.950000762939453,19.450000762939453,16.899999618530273,19.450000762939453,12.715868949890137,41600
2005-06-20,19.799999237060547,22.489999771118164,19.799999237060547,22.450000762939453,14.677184104919434,69000
2005-06-21,22.5,22.899999618530273,21.209999084472656,22.270000457763672,14.559503555297852,24200
2005-06-22,22.100000381469727,22.100000381469727,20.600000381469727,20.899999618530273,13.663836479187012,19400
2005-06-23,21.149999618530273,21.399999618530273,21.149999618530273,21.200000762939453,13.859973907470703,5700
2005-06-24,21.299999237060547,21.360000610351562,21.200000762939453,21.200000762939453,13.859973907470703,5400
2005-06-27,21.25,21.299999237060547,20.600000381469727,20.600000381469727,13.467704772949219,7200
2005-06-28,20.5,20.5,20.149999618530273,20.270000457763672,13.25196361541748,6900
2005-06-29,20.100000381469727,20.100000381469727,20.020000457763672,20.030000686645508,13.095054626464844,3000
2005-06-30,20.25,20.25,19.75,19.899999618530273,13.010068893432617,3700
2005-07-01,19.989999771118164,20.1200008392334,19.989999771118164,20.100000381469727,13.140820503234863,4300
2005-07-05,19.899999618530273,22.200000762939453,19.899999618530273,22.100000381469727,14.448359489440918,24200
2005-07-06,22.100000381469727,22.100000381469727,21.700000762939453,21.799999237060547,14.252232551574707,15400
2005-07-07,21.84000015258789,21.84000015258789,21.1200008392334,21.260000228881836,13.899195671081543,8700
2005-07-08,21.770000457763672,22.0,21.649999618530273,21.780000686645508,14.239156723022461,13000
2005-07-11,21.799999237060547,21.850000381469727,21.600000381469727,21.84000015258789,14.278382301330566,4800
2005-07-12,21.84000015258789,22.149999618530273,21.600000381469727,22.0,14.382988929748535,12200
2005-07-13,22.0,22.200000762939453,21.899999618530273,21.899999618530273,14.317609786987305,6500
2005-07-14,22.0,22.049999237060547,21.0,21.280000686645508,13.912271499633789,13100
2005-07-15,21.100000381469727,21.260000228881836,21.0,21.260000228881836,13.899195671081543,4400
2005-07-18,20.950000762939453,21.149999618530273,20.260000228881836,20.700000762939453,13.533082008361816,9500
2005-07-19,20.850000381469727,20.989999771118164,20.760000228881836,20.989999771118164,13.722681999206543,2800
2005-07-20,21.149999618530273,21.25,21.100000381469727,21.1299991607666,13.81420612335205,1500
2005-07-21,21.0,21.0,20.5,20.700000762939453,13.533082008361816,3600
2005-07-22,20.899999618530273,21.5,20.899999618530273,21.350000381469727,13.958038330078125,6100
2005-07-25,21.100000381469727,21.979999542236328,21.100000381469727,21.75,14.219544410705566,8800
2005-07-26,21.75,21.75,21.399999618530273,21.399999618530273,13.990723609924316,2900
2005-07-27,21.450000762939453,21.450000762939453,21.100000381469727,21.399999618530273,13.990723609924316,2100
2005-07-28,21.399999618530273,21.450000762939453,21.049999237060547,21.200000762939453,13.859973907470703,2300
2005-07-29,21.200000762939453,21.5,20.90999984741211,21.190000534057617,13.853431701660156,4500
2005-08-01,20.950000762939453,22.0,20.950000762939453,21.920000076293945,14.330687522888184,7400
2005-08-02,21.920000076293945,22.25,21.860000610351562,21.989999771118164,14.37645149230957,14800
2005-08-03,22.09000015258789,22.399999618530273,21.399999618530273,21.399999618530273,13.990723609924316,13600
2005-08-04,21.549999237060547,22.299999237060547,21.549999237060547,21.790000915527344,14.245695114135742,15800
2005-08-05,21.790000915527344,21.790000915527344,21.200000762939453,21.389999389648438,13.9841890335083,1800
2005-08-08,21.450000762939453,22.399999618530273,21.450000762939453,22.0,14.382988929748535,16400
2005-08-09,21.850000381469727,22.3700008392334,21.350000381469727,22.200000762939453,14.513739585876465,5500
2005-08-10,22.100000381469727,22.950000762939453,21.760000228881836,22.889999389648438,14.964842796325684,15800
2005-08-11,22.899999618530273,23.989999771118164,20.5,21.8700008392334,14.29799747467041,65500
2005-08-12,22.0,22.149999618530273,21.399999618530273,21.790000915527344,14.245695114135742,8600
2005-08-15,21.799999237060547,21.829999923706055,21.5,21.540000915527344,14.082257270812988,11500
2005-08-16,21.450000762939453,21.450000762939453,20.350000381469727,20.84000015258789,13.624613761901855,19600
2005-08-17,20.989999771118164,20.989999771118164,20.0,20.0,13.075443267822266,9400
2005-08-18,20.100000381469727,20.100000381469727,19.200000762939453,19.5,12.748556137084961,7800
2005-08-19,19.600000381469727,20.200000762939453,18.200000762939453,19.149999618530273,12.519737243652344,18800
2005-08-22,19.139999389648438,20.559999465942383,19.139999389648438,20.450000762939453,13.369643211364746,10500
2005-08-23,20.65999984741211,20.850000381469727,20.5,20.739999771118164,13.559235572814941,1900
2005-08-24,20.399999618530273,20.5,20.149999618530273,20.399999618530273,13.336952209472656,7700
2005-08-25,20.3799991607666,20.5,20.200000762939453,20.479999542236328,13.389251708984375,4700
2005-08-26,20.579999923706055,20.649999618530273,20.25,20.350000381469727,13.304265022277832,5900
2005-08-29,20.43000030517578,21.799999237060547,20.43000030517578,21.799999237060547,14.252232551574707,14100
2005-08-30,21.739999771118164,21.739999771118164,21.200000762939453,21.5,14.056096076965332,7800
2005-08-31,21.600000381469727,22.170000076293945,21.600000381469727,22.170000076293945,14.494131088256836,8400
2005-09-01,22.209999084472656,22.799999237060547,22.209999084472656,22.56999969482422,14.755643844604492,13700
2005-09-02,22.440000534057617,22.450000762939453,22.0,22.25,14.54643440246582,4400
2005-09-06,22.25,22.25,21.149999618530273,21.5,14.056096076965332,10000
2005-09-07,21.399999618530273,21.850000381469727,21.399999618530273,21.84000015258789,14.278382301330566,4700
2005-09-08,21.719999313354492,21.829999923706055,21.350000381469727,21.399999618530273,13.990723609924316,19300
2005-09-09,21.25,21.600000381469727,21.25,21.5,14.056096076965332,4800
2005-09-12,21.5,21.700000762939453,21.5,21.510000228881836,14.062641143798828,6300
2005-09-13,21.549999237060547,21.610000610351562,21.5,21.610000610351562,14.128015518188477,2600
2005-09-14,21.600000381469727,21.809999465942383,21.600000381469727,21.75,14.219544410705566,3700
2005-09-15,21.739999771118164,21.760000228881836,21.600000381469727,21.760000228881836,14.226083755493164,2000
2005-09-16,21.75,22.0,21.309999465942383,22.0,14.382988929748535,7500
2005-09-19,21.950000762939453,22.799999237060547,21.75,22.700000762939453,14.840632438659668,8900
2005-09-20,22.75,22.75,22.450000762939453,22.5,14.709874153137207,3700
2005-09-21,22.600000381469727,22.799999237060547,22.350000381469727,22.350000381469727,14.61180591583252,4700
2005-09-22,22.450000762939453,23.229999542236328,22.299999237060547,23.100000381469727,15.102141380310059,33500
2005-09-23,23.100000381469727,23.100000381469727,22.5,22.5,14.709874153137207,4400
2005-09-26,22.5,22.75,22.299999237060547,22.649999618530273,14.807936668395996,27200
2005-09-27,22.520000457763672,22.940000534057617,22.520000457763672,22.940000534057617,14.997533798217773,2400
2005-09-28,22.90999984741211,22.90999984741211,22.649999618530273,22.799999237060547,14.906004905700684,3700
2005-09-29,22.899999618530273,22.899999618530273,22.700000762939453,22.700000762939453,14.840632438659668,1000
2005-09-30,22.899999618530273,22.940000534057617,21.899999618530273,21.899999618530273,14.317609786987305,9100
2005-10-03,21.950000762939453,22.100000381469727,21.700000762939453,22.0,14.382988929748535,21600
2005-10-04,22.149999618530273,22.350000381469727,21.649999618530273,22.350000381469727,14.61180591583252,29200
2005-10-05,22.299999237060547,22.350000381469727,21.110000610351562,21.239999771118164,13.886122703552246,18500
2005-10-06,21.149999618530273,21.149999618530273,19.399999618530273,19.979999542236328,13.062369346618652,24100
2005-10-07,19.950000762939453,20.34000015258789,19.809999465942383,20.239999771118164,13.232342720031738,7100
2005-10-10,20.100000381469727,20.100000381469727,19.899999618530273,20.06999969482422,13.121207237243652,7700
2005-10-11,20.06999969482422,20.06999969482422,20.0,20.0,13.075443267822266,500
2005-10-12,20.200000762939453,20.200000762939453,20.0,20.049999237060547,13.10813045501709,2100
2005-10-13,19.899999618530273,19.899999618530273,18.75,19.149999618530273,12.519737243652344,19800
2005-10-14,19.25,19.399999618530273,19.1200008392334,19.389999389648438,12.676642417907715,13300
2005-10-17,19.600000381469727,19.600000381469727,19.399999618530273,19.579999923706055,12.800854682922363,3700
2005-10-18,19.56999969482422,19.850000381469727,19.56999969482422,19.579999923706055,12.800854682922363,6900
2005-10-19,19.399999618530273,19.5,19.270000457763672,19.450000762939453,12.715868949890137,4900
2005-10-20,19.549999237060547,19.549999237060547,19.229999542236328,19.25,12.585114479064941,3300
2005-10-21,19.200000762939453,19.200000762939453,18.850000381469727,19.049999237060547,12.454360008239746,4600
2005-10-24,19.049999237060547,19.049999237060547,18.75,18.850000381469727,12.323607444763184,10100
2005-10-25,18.600000381469727,19.100000381469727,18.600000381469727,18.93000030517578,12.375908851623535,5600
2005-10-26,18.850000381469727,19.549999237060547,18.850000381469727,19.549999237060547,12.781248092651367,6700
2005-10-27,19.450000762939453,19.489999771118164,19.299999237060547,19.399999618530273,12.683180809020996,1100
2005-10-28,19.25,19.350000381469727,18.600000381469727,19.0,12.421669960021973,13400
2005-10-31,19.100000381469727,19.389999389648438,19.0,19.389999389648438,12.676642417907715,3200
2005-11-01,19.200000762939453,19.200000762939453,19.09000015258789,19.100000381469727,12.487051963806152,11500
2005-11-02,19.299999237060547,19.299999237060547,19.100000381469727,19.100000381469727,12.487051963806152,6900
2005-11-03,19.100000381469727,19.450000762939453,19.100000381469727,19.40999984741211,12.689714431762695,4400
2005-11-04,19.200000762939453,19.270000457763672,19.200000762939453,19.200000762939453,12.552428245544434,12600
2005-11-07,19.25,19.25,18.549999237060547,18.700000762939453,12.225543022155762,5200
2005-11-08,18.850000381469727,19.399999618530273,18.850000381469727,19.100000381469727,12.487051963806152,5700
2005-11-09,18.950000762939453,19.559999465942383,18.950000762939453,19.559999465942383,12.787786483764648,8200
2005-11-10,19.399999618530273,19.469999313354492,19.0,19.0,12.421669960021973,6400
2005-11-11,19.75,21.0,19.549999237060547,20.649999618530273,13.500393867492676,26100
2005-11-14,21.100000381469727,21.450000762939453,21.0,21.3799991607666,13.97765064239502,17200
2005-11-15,21.229999542236328,21.34000015258789,20.700000762939453,20.889999389648438,13.657299995422363,10200
2005-11-16,21.040000915527344,21.149999618530273,21.0,21.149999618530273,13.827281951904297,2600
2005-11-17,21.149999618530273,21.149999618530273,20.700000762939453,20.700000762939453,13.533082008361816,1200
2005-11-18,20.700000762939453,20.799999237060547,20.010000228881836,20.360000610351562,13.310803413391113,2400
2005-11-21,20.5,21.100000381469727,20.489999771118164,21.100000381469727,13.794594764709473,6400
2005-11-22,21.600000381469727,22.0,21.600000381469727,22.0,14.382988929748535,4200
2005-11-23,21.799999237060547,22.290000915527344,21.600000381469727,22.200000762939453,14.513739585876465,11600
2005-11-25,22.0,22.360000610351562,22.0,22.360000610351562,14.618348121643066,2200
2005-11-28,22.350000381469727,22.450000762939453,22.149999618530273,22.25,14.54643440246582,5000
2005-11-29,22.209999084472656,22.350000381469727,21.850000381469727,22.0,14.382988929748535,14000
2005-11-30,21.899999618530273,22.200000762939453,21.829999923706055,22.200000762939453,14.762014389038086,7600
2005-12-01,22.100000381469727,22.649999618530273,21.600000381469727,22.450000762939453,14.928255081176758,12200
2005-12-02,22.510000228881836,22.75,22.350000381469727,22.450000762939453,14.928255081176758,19700
2005-12-05,22.649999618530273,23.25,22.649999618530273,22.850000381469727,15.194226264953613,5500
2005-12-06,22.899999618530273,22.899999618530273,22.600000381469727,22.709999084472656,15.101140975952148,6200
2005-12-07,22.790000915527344,22.790000915527344,22.600000381469727,22.709999084472656,15.101140975952148,1300
2005-12-08,22.709999084472656,23.079999923706055,22.709999084472656,22.719999313354492,15.107787132263184,3900
2005-12-09,22.649999618530273,22.700000762939453,22.200000762939453,22.299999237060547,14.828508377075195,15200
2005-12-12,22.100000381469727,22.43000030517578,22.100000381469727,22.299999237060547,14.828508377075195,4600
2005-12-13,22.5,23.399999618530273,22.5,23.049999237060547,15.327224731445312,14800
2005-12-14,23.0,23.25,23.0,23.040000915527344,15.320578575134277,3000
2005-12-15,23.040000915527344,23.100000381469727,22.739999771118164,22.739999771118164,15.121084213256836,3600
2005-12-16,22.5,22.5,22.399999618530273,22.399999618530273,14.895010948181152,2800
2005-12-19,22.639999389648438,22.690000534057617,22.200000762939453,22.25,14.795257568359375,2100
2005-12-20,22.149999618530273,22.489999771118164,22.149999618530273,22.489999771118164,14.95484733581543,7500
2005-12-21,22.399999618530273,22.850000381469727,22.399999618530273,22.829999923706055,15.18093490600586,5800
2005-12-22,23.0,23.0,22.700000762939453,22.700000762939453,15.094493865966797,3900
2005-12-23,22.700000762939453,22.700000762939453,22.700000762939453,22.700000762939453,15.094493865966797,100
2005-12-27,23.0,23.0,22.670000076293945,22.75,15.127740859985352,1500
2005-12-28,22.84000015258789,23.010000228881836,22.84000015258789,23.0,15.293977737426758,13700
2005-12-29,23.200000762939453,23.450000762939453,22.719999313354492,22.799999237060547,15.160987854003906,11200
2005-12-30,22.790000915527344,22.84000015258789,22.700000762939453,22.84000015258789,15.187585830688477,2500
2006-01-03,23.0,23.739999771118164,23.0,23.149999618530273,15.393712997436523,7600
2006-01-04,23.049999237060547,23.290000915527344,23.049999237060547,23.149999618530273,15.393712997436523,12200
2006-01-05,23.0,23.0,22.700000762939453,22.799999237060547,15.160987854003906,4200
2006-01-06,23.0,23.229999542236328,22.950000762939453,23.200000762939453,15.426970481872559,13200
2006-01-09,23.190000534057617,23.190000534057617,23.020000457763672,23.15999984741211,15.400371551513672,2000
2006-01-10,23.260000228881836,23.600000381469727,23.25,23.299999237060547,15.493463516235352,8600
2006-01-11,23.219999313354492,23.540000915527344,23.219999313354492,23.540000915527344,15.653053283691406,600
2006-01-12,23.299999237060547,23.399999618530273,23.190000534057617,23.190000534057617,15.420319557189941,600
2006-01-13,23.350000381469727,23.350000381469727,23.229999542236328,23.25,15.46021556854248,6300
2006-01-17,23.5,24.0,23.5,23.700000762939453,15.759449005126953,10300
2006-01-18,23.84000015258789,23.84000015258789,23.299999237060547,23.399999618530273,15.559953689575195,6700
2006-01-19,23.5,23.65999984741211,23.100000381469727,23.149999618530273,15.393712997436523,4700
2006-01-20,23.299999237060547,23.649999618530273,23.299999237060547,23.5,15.626457214355469,8200
2006-01-23,23.600000381469727,23.649999618530273,23.399999618530273,23.59000015258789,15.686300277709961,4600
2006-01-24,23.350000381469727,23.549999237060547,23.299999237060547,23.450000762939453,15.593209266662598,900
2006-01-25,23.450000762939453,23.450000762939453,23.450000762939453,23.450000762939453,15.593209266662598,0
2006-01-26,23.549999237060547,23.850000381469727,23.399999618530273,23.850000381469727,15.859193801879883,19300
2006-01-27,24.0,24.799999237060547,23.950000762939453,24.799999237060547,16.490896224975586,8200
2006-01-30,25.0,26.450000762939453,24.940000534057617,26.25,17.455081939697266,13600
2006-01-31,26.350000381469727,26.84000015258789,26.25,26.75,17.787561416625977,7600
2006-02-01,26.75,26.940000534057617,26.700000762939453,26.899999618530273,17.887298583984375,4200
2006-02-02,26.940000534057617,26.940000534057617,26.25,26.399999618530273,17.554826736450195,9700
2006-02-03,26.149999618530273,26.149999618530273,25.350000381469727,25.549999237060547,16.989604949951172,10700
2006-02-06,25.549999237060547,26.489999771118164,25.5,26.489999771118164,17.61467170715332,6600
2006-02-07,26.399999618530273,26.399999618530273,26.0,26.0,17.288841247558594,3300
2006-02-08,25.75,25.81999969482422,25.450000762939453,25.450000762939453,16.92311668395996,5300
2006-02-09,25.649999618530273,26.049999237060547,25.549999237060547,26.049999237060547,17.32209014892578,3100
2006-02-10,25.899999618530273,25.90999984741211,25.799999237060547,25.90999984741211,17.228992462158203,1200
2006-02-13,26.100000381469727,26.239999771118164,25.959999084472656,26.149999618530273,17.388586044311523,2900
2006-02-14,26.0,26.0,25.93000030517578,26.0,17.288841247558594,2900
2006-02-15,25.93000030517578,25.979999542236328,25.399999618530273,25.579999923706055,17.009557723999023,20600
2006-02-16,25.68000030517578,26.0,25.6200008392334,26.0,17.288841247558594,3600
2006-02-17,26.200000762939453,26.200000762939453,26.100000381469727,26.100000381469727,17.355342864990234,1200
2006-02-21,26.200000762939453,26.200000762939453,25.950000762939453,25.979999542236328,17.27553939819336,1800
2006-02-22,25.899999618530273,26.0,25.760000228881836,25.760000228881836,17.129257202148438,2300
2006-02-23,25.809999465942383,25.809999465942383,25.579999923706055,25.579999923706055,17.009557723999023,2600
2006-02-24,25.760000228881836,26.469999313354492,25.760000228881836,26.459999084472656,17.5947265625,8000
2006-02-27,26.459999084472656,26.459999084472656,26.15999984741211,26.229999542236328,17.441787719726562,4800
2006-02-28,26.31999969482422,26.469999313354492,26.290000915527344,26.290000915527344,17.4816837310791,3600
2006-03-01,26.239999771118164,26.5,26.110000610351562,26.5,17.621322631835938,700
2006-03-02,26.299999237060547,26.450000762939453,26.100000381469727,26.450000762939453,17.58807373046875,9500
2006-03-03,26.350000381469727,26.399999618530273,26.0,26.399999618530273,17.554826736450195,2900
2006-03-06,26.209999084472656,26.43000030517578,26.209999084472656,26.25,17.455081939697266,3100
2006-03-07,26.200000762939453,26.200000762939453,25.850000381469727,26.100000381469727,17.355342864990234,8100
2006-03-08,26.0,26.0,25.200000762939453,25.360000610351562,16.863271713256836,6800
2006-03-09,25.209999084472656,25.209999084472656,25.100000381469727,25.100000381469727,16.690380096435547,1200
2006-03-10,25.100000381469727,25.290000915527344,25.010000228881836,25.290000915527344,16.816728591918945,1000
2006-03-13,25.450000762939453,25.5,25.350000381469727,25.5,16.95636749267578,4500
2006-03-14,25.700000762939453,26.260000228881836,25.450000762939453,26.260000228881836,17.461734771728516,3400
2006-03-15,26.149999618530273,26.260000228881836,25.75,26.260000228881836,17.461734771728516,6300
2006-03-16,26.149999618530273,27.350000381469727,26.149999618530273,27.299999237060547,18.15328598022461,8900
2006-03-17,27.149999618530273,27.200000762939453,27.040000915527344,27.200000762939453,18.0867862701416,1000
2006-03-20,27.299999237060547,27.299999237060547,27.020000457763672,27.030000686645508,17.973752975463867,1700
2006-03-21,26.899999618530273,26.899999618530273,26.239999771118164,26.399999618530273,17.554826736450195,2000
2006-03-22,26.530000686645508,26.59000015258789,26.530000686645508,26.59000015258789,17.681169509887695,2600
2006-03-23,26.700000762939453,26.989999771118164,26.700000762939453,26.799999237060547,17.820804595947266,1200
2006-03-24,26.899999618530273,27.299999237060547,26.81999969482422,27.25,18.12003517150879,5900
2006-03-27,27.149999618530273,27.5,27.149999618530273,27.290000915527344,18.146638870239258,5900
2006-03-28,27.0,27.479999542236328,27.0,27.149999618530273,18.05354118347168,3600
2006-03-29,27.489999771118164,27.59000015258789,27.350000381469727,27.59000015258789,18.346113204956055,7400
2006-03-30,27.709999084472656,27.899999618530273,26.989999771118164,27.0,17.95379638671875,11600
2006-03-31,27.5,29.0,27.299999237060547,28.200000762939453,18.751745223999023,39700
2006-04-03,28.450000762939453,29.889999389648438,28.450000762939453,29.59000015258789,19.67603874206543,12300
2006-04-04,29.5,29.649999618530273,29.100000381469727,29.100000381469727,19.3502140045166,6700
2006-04-05,29.350000381469727,30.149999618530273,29.350000381469727,30.100000381469727,20.015161514282227,6500
2006-04-06,30.1299991607666,32.0,30.010000228881836,31.81999969482422,21.158891677856445,12100
2006-04-07,32.0,32.66999816894531,32.0,32.540000915527344,21.637653350830078,10900
2006-04-10,33.5,35.630001068115234,33.150001525878906,35.45000076293945,23.57267951965332,30200
2006-04-11,35.79999923706055,36.13999938964844,33.849998474121094,34.779998779296875,23.127151489257812,21100
2006-04-12,34.34000015258789,34.959999084472656,33.959999084472656,34.5099983215332,22.94761085510254,6500
2006-04-13,34.5,34.689998626708984,33.2599983215332,33.29999923706055,22.143020629882812,9700
2006-04-17,34.099998474121094,36.5099983215332,34.060001373291016,36.5,24.2708740234375,45500
2006-04-18,36.900001525878906,36.900001525878906,35.52000045776367,35.52000045776367,23.61921501159668,18300
2006-04-19,35.720001220703125,38.9900016784668,35.720001220703125,38.91999816894531,25.880062103271484,21100
2006-04-20,40.5,40.5,36.79999923706055,37.25,24.76959228515625,38400
2006-04-21,37.75,38.9900016784668,37.75,38.95000076293945,25.90001106262207,11700
2006-04-24,39.5,41.189998626708984,39.0,40.54999923706055,26.963943481445312,33000
2006-04-25,40.75,42.0,39.06999969482422,40.18000030517578,26.71791648864746,23100
2006-04-26,40.0,40.349998474121094,38.79999923706055,39.75,26.43198585510254,13300
2006-04-27,39.45000076293945,39.45000076293945,38.0,38.599998474121094,25.66728973388672,19400
2006-04-28,38.349998474121094,38.349998474121094,36.650001525878906,37.040000915527344,24.629947662353516,20100
2006-05-01,38.25,44.599998474121094,38.099998474121094,42.5,28.26060676574707,85500
2006-05-02,42.25,44.75,42.25,43.56999969482422,28.972108840942383,39500
2006-05-03,43.95000076293945,44.4900016784668,41.400001525878906,42.45000076293945,28.22736358642578,47100
2006-05-04,42.47999954223633,42.5,39.38999938964844,39.5,26.265743255615234,32600
2006-05-05,40.0,41.9900016784668,39.5,39.5,26.265743255615234,25500
2006-05-08,40.75,41.0,39.70000076293945,39.88999938964844,26.525070190429688,45300
2006-05-09,40.060001373291016,41.45000076293945,40.060001373291016,40.650001525878906,27.03044319152832,32700
2006-05-10,40.5,41.75,40.0,40.77000045776367,27.110233306884766,51100
2006-05-11,41.06999969482422,41.099998474121094,39.400001525878906,40.2400016784668,26.757802963256836,16400
2006-05-12,40.13999938964844,40.13999938964844,37.04999923706055,39.689998626708984,26.392074584960938,38500
2006-05-15,40.599998474121094,41.25,40.0099983215332,40.38999938964844,26.857553482055664,25100
2006-05-16,40.54999923706055,41.599998474121094,40.43000030517578,40.43000030517578,26.8841552734375,24100
2006-05-17,40.75,40.75,38.79999923706055,39.2400016784668,26.092851638793945,14200
2006-05-18,39.25,39.25,33.0,33.060001373291016,21.983423233032227,78500
2006-05-19,32.75,32.75,28.5,31.25,20.779863357543945,89800
2006-05-22,30.0,30.8700008392334,28.5,29.049999237060547,19.316953659057617,52000
2006-05-23,29.299999237060547,31.639999389648438,29.299999237060547,30.440000534057617,20.241247177124023,49400
2006-05-24,30.139999389648438,31.190000534057617,29.299999237060547,29.899999618530273,19.88216781616211,18600
2006-05-25,30.399999618530273,31.75,30.3799991607666,31.700000762939453,21.0790958404541,34500
2006-05-26,31.950000762939453,32.45000076293945,31.950000762939453,32.0,21.27857780456543,9500
2006-05-30,32.0,32.0,30.280000686645508,31.18000030517578,20.733306884765625,14200
2006-05-31,31.100000381469727,31.8799991607666,31.100000381469727,31.440000534057617,20.906200408935547,7300
2006-06-01,31.200000762939453,31.200000762939453,30.31999969482422,30.649999618530273,20.380889892578125,14700
2006-06-02,31.149999618530273,31.149999618530273,29.809999465942383,30.520000457763672,20.294445037841797,32300
2006-06-05,30.989999771118164,31.420000076293945,30.600000381469727,30.899999618530273,20.5471248626709,26200
2006-06-06,30.399999618530273,30.399999618530273,28.899999618530273,29.899999618530273,19.88216781616211,19100
2006-06-07,29.700000762939453,30.25,29.399999618530273,29.399999618530273,19.549692153930664,22100
2006-06-08,29.100000381469727,29.200000762939453,27.799999237060547,28.200000762939453,18.751745223999023,25400
2006-06-09,28.520000457763672,28.979999542236328,26.010000228881836,27.110000610351562,18.02694320678711,34800
2006-06-12,26.700000762939453,27.0,26.049999237060547,26.5,17.621322631835938,25800
2006-06-13,26.0,26.190000534057617,25.299999237060547,26.059999465942383,17.328739166259766,15000
2006-06-14,25.899999618530273,28.06999969482422,25.899999618530273,27.5,18.286277770996094,27100
2006-06-15,28.100000381469727,29.350000381469727,28.100000381469727,29.149999618530273,19.383455276489258,21000
2006-06-16,28.899999618530273,28.959999084472656,28.200000762939453,28.209999084472656,18.75838851928711,11500
2006-06-19,28.399999618530273,28.59000015258789,28.100000381469727,28.110000610351562,18.69190216064453,4200
2006-06-20,28.200000762939453,28.649999618530273,28.010000228881836,28.280000686645508,18.804943084716797,3800
2006-06-21,28.25,29.18000030517578,28.1200008392334,28.899999618530273,19.217222213745117,8000
2006-06-22,29.209999084472656,29.639999389648438,29.209999084472656,29.510000228881836,19.622838973999023,7900
2006-06-23,29.799999237060547,30.579999923706055,29.760000228881836,30.06999969482422,19.995216369628906,27700
2006-06-26,30.450000762939453,30.489999771118164,30.049999237060547,30.489999771118164,20.27449607849121,5100
2006-06-27,30.600000381469727,30.700000762939453,29.510000228881836,29.510000228881836,19.622838973999023,14900
2006-06-28,29.399999618530273,30.690000534057617,29.399999618530273,30.6299991607666,20.367586135864258,10400
2006-06-29,30.8799991607666,31.489999771118164,30.700000762939453,31.229999542236328,20.766565322875977,11400
2006-06-30,31.260000228881836,32.7599983215332,31.260000228881836,32.7599983215332,21.7839412689209,15300
2006-07-03,33.0,35.97999954223633,33.0,35.29999923706055,23.472929000854492,19700
2006-07-05,35.099998474121094,35.099998474121094,33.650001525878906,34.470001220703125,22.9210147857666,28300
2006-07-06,34.36000061035156,35.099998474121094,33.849998474121094,34.7599983215332,23.11385154724121,11700
2006-07-07,34.5099983215332,35.5,34.400001525878906,35.5,23.60591697692871,11800
2006-07-10,36.0,37.59000015258789,36.0,37.349998474121094,24.836084365844727,25700
2006-07-11,37.36000061035156,37.599998474121094,36.599998474121094,37.58000183105469,24.98903465270996,13600
2006-07-12,37.599998474121094,38.95000076293945,37.599998474121094,38.599998474121094,25.66728973388672,27800
2006-07-13,39.25,40.20000076293945,39.09000015258789,39.70000076293945,26.398733139038086,20700
2006-07-14,40.20000076293945,40.709999084472656,39.70000076293945,39.7599983215332,26.438631057739258,21600
2006-07-17,40.70000076293945,40.709999084472656,39.97999954223633,40.150001525878906,26.697956085205078,16500
2006-07-18,40.150001525878906,40.150001525878906,36.2599983215332,36.83000183105469,24.49030876159668,35700
2006-07-19,36.75,39.15999984741211,36.0,39.0,25.933263778686523,28500
2006-07-20,39.0,40.0,38.849998474121094,38.900001525878906,25.866769790649414,11000
2006-07-21,39.040000915527344,39.09000015258789,35.06999969482422,35.25,23.439678192138672,24200
2006-07-24,34.25,35.209999084472656,33.33000183105469,35.209999084472656,23.413084030151367,30100
2006-07-25,34.75,37.349998474121094,34.75,37.25,24.76959228515625,14300
2006-07-26,37.599998474121094,38.400001525878906,37.599998474121094,38.400001525878906,25.534286499023438,5900
2006-07-27,38.5,39.95000076293945,38.5,39.529998779296875,26.285682678222656,21300
2006-07-28,39.630001068115234,39.79999923706055,38.54999923706055,39.5,26.265743255615234,22600
2006-07-31,40.75,40.75,39.75,40.369998931884766,26.844253540039062,29100
2006-08-01,40.54999923706055,40.54999923706055,39.79999923706055,40.279998779296875,26.78441047668457,12300
2006-08-02,40.5,42.54999923706055,40.25,42.25,28.09436798095703,48800
2006-08-03,42.25,44.33000183105469,42.04999923706055,43.349998474121094,28.82581901550293,35600
2006-08-04,43.349998474121094,43.959999084472656,39.5,41.25,27.429410934448242,21700
2006-08-07,39.349998474121094,43.83000183105469,39.349998474121094,42.75,28.426849365234375,34000
2006-08-08,43.900001525878906,43.900001525878906,42.29999923706055,42.29999923706055,28.127614974975586,12900
2006-08-09,42.599998474121094,43.849998474121094,42.59000015258789,42.75,28.426849365234375,27500
2006-08-10,43.0,43.099998474121094,39.630001068115234,41.04999923706055,27.29642677307129,32300
2006-08-11,39.79999923706055,42.25,39.79999923706055,40.849998474121094,27.163434982299805,23300
2006-08-14,39.849998474121094,40.7400016784668,37.95000076293945,37.95000076293945,25.235065460205078,28300
2006-08-15,37.04999923706055,38.56999969482422,36.75,37.79999923706055,25.13531494140625,32100
2006-08-16,36.79999923706055,39.189998626708984,36.79999923706055,37.2400016784668,24.762941360473633,20900
2006-08-17,37.25,38.099998474121094,37.220001220703125,37.34000015258789,24.829437255859375,12400
2006-08-18,37.59000015258789,37.59000015258789,36.209999084472656,37.4900016784668,24.929174423217773,14700
2006-08-21,39.31999969482422,39.31999969482422,37.2599983215332,37.630001068115234,25.022274017333984,10800
2006-08-22,37.650001525878906,39.59000015258789,37.650001525878906,38.70000076293945,25.73378562927246,18300
2006-08-23,38.79999923706055,39.75,38.79999923706055,39.400001525878906,26.19925308227539,9700
2006-08-24,39.650001525878906,40.22999954223633,38.25,39.22999954223633,26.086200714111328,13700
2006-08-25,39.45000076293945,39.91999816894531,38.79999923706055,39.060001373291016,25.973167419433594,8300
2006-08-28,38.83000183105469,39.54999923706055,38.630001068115234,39.09000015258789,25.99310302734375,12700
2006-08-29,39.09000015258789,39.400001525878906,38.79999923706055,38.9900016784668,25.926612854003906,11400
2006-08-30,38.970001220703125,39.0,38.560001373291016,38.86000061035156,25.84017562866211,3400
2006-08-31,39.0,39.099998474121094,38.79999923706055,39.0,25.933263778686523,5100
2006-09-01,39.09000015258789,39.09000015258789,38.52000045776367,38.970001220703125,25.913314819335938,4600
2006-09-05,38.79999923706055,39.38999938964844,38.75,39.38999938964844,26.19260025024414,10300
2006-09-06,39.099998474121094,41.349998474121094,39.08000183105469,41.310001373291016,27.469318389892578,40700
2006-09-07,41.599998474121094,43.220001220703125,41.25,42.79999923706055,28.460092544555664,44900
2006-09-08,40.900001525878906,43.459999084472656,39.400001525878906,39.79999923706055,26.46523094177246,27100
2006-09-11,40.04999923706055,41.38999938964844,39.650001525878906,41.04999923706055,27.29642677307129,18100
2006-09-12,41.349998474121094,41.900001525878906,41.20000076293945,41.900001525878906,27.861635208129883,14000
2006-09-13,41.79999923706055,42.95000076293945,41.61000061035156,42.900001525878906,28.526599884033203,14400
2006-09-14,42.400001525878906,42.70000076293945,41.75,41.959999084472656,27.901521682739258,11100
2006-09-15,41.95000076293945,42.130001068115234,40.0,40.5,26.93069839477539,23300
2006-09-18,40.0,41.400001525878906,40.0,41.400001525878906,27.529157638549805,17200
2006-09-19,41.400001525878906,41.52000045776367,40.599998474121094,40.61000061035156,27.00383949279785,10000
2006-09-20,40.599998474121094,40.599998474121094,38.79999923706055,39.0,25.933263778686523,17000
2006-09-21,37.900001525878906,39.04999923706055,37.70000076293945,38.900001525878906,25.866769790649414,23000
2006-09-22,38.79999923706055,38.79999923706055,37.79999923706055,38.0,25.268314361572266,7200
2006-09-25,37.5,37.5099983215332,33.47999954223633,34.70000076293945,23.073955535888672,50500
2006-09-26,34.400001525878906,34.54999923706055,33.25,33.58000183105469,22.32921028137207,32900
2006-09-27,33.58000183105469,35.029998779296875,33.58000183105469,34.45000076293945,22.9077205657959,15400
2006-09-28,34.0,34.900001525878906,33.79999923706055,34.04999923706055,22.64173126220703,14200
2006-09-29,34.04999923706055,34.849998474121094,34.0,34.849998474121094,23.17369842529297,9000
2006-10-02,34.79999923706055,34.869998931884766,34.54999923706055,34.84000015258789,23.167051315307617,42700
2006-10-03,34.70000076293945,34.709999084472656,34.15999984741211,34.20000076293945,22.741487503051758,5300
2006-10-04,34.02000045776367,34.02000045776367,32.61000061035156,32.61000061035156,21.6842041015625,14900
2006-10-05,33.04999923706055,33.95000076293945,33.04999923706055,33.95000076293945,22.57523536682129,9900
2006-10-06,33.849998474121094,34.79999923706055,33.849998474121094,34.650001525878906,23.040708541870117,11300
2006-10-09,34.75,36.75,34.75,36.689998626708984,24.3972110748291,29800
2006-10-10,36.900001525878906,38.45000076293945,36.900001525878906,37.810001373291016,25.141969680786133,16000
2006-10-11,37.810001373291016,37.939998626708984,37.61000061035156,37.939998626708984,25.228410720825195,7700
2006-10-12,38.04999923706055,38.58000183105469,37.95000076293945,38.34000015258789,25.494396209716797,4300
2006-10-13,38.349998474121094,38.56999969482422,38.20000076293945,38.56999969482422,25.647336959838867,3800
2006-10-16,38.29999923706055,38.689998626708984,38.150001525878906,38.689998626708984,25.72713279724121,8100
2006-10-17,38.400001525878906,38.400001525878906,37.79999923706055,38.08000183105469,25.321504592895508,8100
2006-10-18,38.400001525878906,38.75,38.400001525878906,38.5,25.600786209106445,2500
2006-10-19,38.4900016784668,39.2400016784668,38.36000061035156,39.06999969482422,25.979799270629883,4200
2006-10-20,39.099998474121094,39.29999923706055,38.540000915527344,39.220001220703125,26.079561233520508,5300
2006-10-23,39.220001220703125,39.220001220703125,38.0,38.29999923706055,25.467796325683594,12400
2006-10-24,37.75,37.75,37.349998474121094,37.70000076293945,25.068822860717773,10100
2006-10-25,37.79999923706055,38.25,37.79999923706055,38.11000061035156,25.34145736694336,2300
2006-10-26,38.119998931884766,38.279998779296875,37.88999938964844,38.099998474121094,25.334806442260742,2800
2006-10-27,37.900001525878906,39.75,37.599998474121094,38.150001525878906,25.368059158325195,3900
2006-10-30,37.849998474121094,38.04999923706055,37.27000045776367,37.849998474121094,25.168563842773438,5700
2006-10-31,37.95000076293945,38.0,37.310001373291016,37.54999923706055,24.969083786010742,3400
2006-11-01,37.79999923706055,38.279998779296875,37.70000076293945,37.849998474121094,25.168563842773438,4500
2006-11-02,37.79999923706055,37.79999923706055,37.25,37.25,24.76959228515625,2900
2006-11-03,37.150001525878906,37.150001525878906,36.0,36.54999923706055,24.304128646850586,6300
2006-11-06,35.25,35.59000015258789,34.61000061035156,35.209999084472656,23.413084030151367,16500
2006-11-07,35.119998931884766,35.380001068115234,34.84000015258789,34.849998474121094,23.17369842529297,14400
2006-11-08,34.79999923706055,35.099998474121094,34.79999923706055,35.099998474121094,23.339935302734375,3900
2006-11-09,35.08000183105469,35.5,34.91999816894531,35.349998474121094,23.506179809570312,21300
2006-11-10,35.0,35.099998474121094,34.79999923706055,35.029998779296875,23.293386459350586,4000
2006-11-13,34.45000076293945,34.75,34.36000061035156,34.75,23.107206344604492,18500
2006-11-14,34.5,34.650001525878906,29.0,30.950000762939453,20.580368041992188,46700
2006-11-15,30.969999313354492,33.470001220703125,30.969999313354492,33.380001068115234,22.19621467590332,29200
2006-11-16,33.38999938964844,34.79999923706055,32.0,32.400001525878906,21.54456329345703,24500
2006-11-17,32.400001525878906,32.40999984741211,32.0099983215332,32.06999969482422,21.325119018554688,2000
2006-11-20,31.780000686645508,31.780000686645508,30.65999984741211,30.799999237060547,20.480628967285156,14400
2006-11-21,30.850000381469727,30.969999313354492,30.010000228881836,30.75,20.4473819732666,22900
2006-11-22,30.75,31.5,30.6299991607666,31.020000457763672,20.626922607421875,7200
2006-11-24,31.030000686645508,31.25,31.0,31.0,20.61362075805664,7400
2006-11-27,30.600000381469727,30.639999389648438,30.010000228881836,30.040000915527344,19.975263595581055,8800
2006-11-28,30.040000915527344,30.700000762939453,30.040000915527344,30.450000762939453,20.24789810180664,9500
2006-11-29,30.1299991607666,30.479999542236328,30.079999923706055,30.469999313354492,20.54456329345703,11800
2006-11-30,30.75,31.0,30.0,30.299999237060547,20.429948806762695,9500
2006-12-01,30.149999618530273,30.290000915527344,30.0,30.219999313354492,20.376001358032227,3400
2006-12-04,30.049999237060547,30.110000610351562,29.309999465942383,29.5,19.89054298400879,22600
2006-12-05,29.399999618530273,29.700000762939453,29.399999618530273,29.690000534057617,20.018648147583008,5600
2006-12-06,29.739999771118164,29.989999771118164,29.65999984741211,29.739999771118164,20.052358627319336,5900
2006-12-07,29.75,29.75,29.399999618530273,29.690000534057617,20.018648147583008,16200
2006-12-08,29.450000762939453,30.229999542236328,29.450000762939453,30.209999084472656,20.3692626953125,6200
2006-12-11,30.209999084472656,30.209999084472656,29.309999465942383,29.309999465942383,19.76243019104004,5400
2006-12-12,28.809999465942383,29.170000076293945,28.600000381469727,28.860000610351562,19.459016799926758,5400
2006-12-13,28.610000610351562,30.170000076293945,28.610000610351562,30.0,20.227670669555664,6900
2006-12-14,29.950000762939453,30.350000381469727,29.950000762939453,30.350000381469727,20.463661193847656,6500
2006-12-15,30.5,30.56999969482422,30.25,30.25,20.39623260498047,3800
2006-12-18,30.350000381469727,30.459999084472656,30.010000228881836,30.229999542236328,20.382747650146484,4400
2006-12-19,30.149999618530273,30.290000915527344,30.149999618530273,30.229999542236328,20.382747650146484,2200
2006-12-20,30.280000686645508,30.299999237060547,30.100000381469727,30.290000915527344,20.423202514648438,5000
2006-12-21,30.299999237060547,30.90999984741211,30.299999237060547,30.84000015258789,20.794034957885742,5600
2006-12-22,30.81999969482422,30.84000015258789,29.899999618530273,29.950000762939453,20.193954467773438,5400
2006-12-26,29.959999084472656,30.200000762939453,29.899999618530273,30.200000762939453,20.362518310546875,6300
2006-12-27,30.190000534057617,30.270000457763672,29.799999237060547,30.270000457763672,20.409717559814453,2800
2006-12-28,30.100000381469727,30.850000381469727,30.100000381469727,30.5,20.56479835510254,4900
2006-12-29,30.25,30.34000015258789,29.93000030517578,30.110000610351562,20.301843643188477,3400
2007-01-03,29.850000381469727,29.850000381469727,29.049999237060547,29.25,19.72197723388672,3400
2007-01-04,29.059999465942383,29.059999465942383,28.600000381469727,28.600000381469727,19.283706665039062,3300
2007-01-05,28.420000076293945,28.81999969482422,28.200000762939453,28.799999237060547,19.41855812072754,6500
2007-01-08,28.75,28.799999237060547,28.610000610351562,28.610000610351562,19.290454864501953,1100
2007-01-09,28.40999984741211,28.850000381469727,28.40999984741211,28.850000381469727,19.45227813720703,3600
2007-01-10,28.700000762939453,28.700000762939453,28.399999618530273,28.6200008392334,19.297191619873047,4300
2007-01-11,28.610000610351562,28.700000762939453,27.649999618530273,27.850000381469727,18.77801513671875,13900
2007-01-12,28.0,28.100000381469727,27.25,27.309999465942383,18.41391944885254,4100
2007-01-16,27.079999923706055,27.1299991607666,26.950000762939453,27.0,18.20490264892578,6000
2007-01-17,27.049999237060547,27.350000381469727,27.049999237060547,27.239999771118164,18.366724014282227,2900
2007-01-18,27.600000381469727,28.0,27.5,27.5,18.542028427124023,1900
2007-01-19,27.5,27.75,27.5,27.75,18.710588455200195,1900
2007-01-22,27.950000762939453,29.239999771118164,27.940000534057617,29.100000381469727,19.620838165283203,9200
2007-01-23,29.649999618530273,29.950000762939453,28.75,29.190000534057617,19.681520462036133,9600
2007-01-24,29.200000762939453,29.6299991607666,29.200000762939453,29.440000534057617,19.850088119506836,6700
2007-01-25,29.43000030517578,29.43000030517578,28.829999923706055,28.829999923706055,19.438791275024414,4900
2007-01-26,29.0,29.799999237060547,29.0,29.700000762939453,20.025388717651367,2300
2007-01-29,29.600000381469727,30.0,29.600000381469727,29.700000762939453,20.025388717651367,1700
2007-01-30,29.600000381469727,29.639999389648438,29.149999618530273,29.639999389648438,19.984939575195312,6000
2007-01-31,29.75,29.899999618530273,29.75,29.850000381469727,20.126527786254883,2400
2007-02-01,29.75,29.75,29.399999618530273,29.43000030517578,19.843339920043945,1100
2007-02-02,29.579999923706055,30.100000381469727,29.200000762939453,30.100000381469727,20.29509162902832,4200
2007-02-05,30.049999237060547,31.5,30.049999237060547,31.0,20.901927947998047,5800
2007-02-06,30.5,31.1200008392334,30.5,30.5,20.56479835510254,3400
2007-02-07,30.399999618530273,30.399999618530273,30.299999237060547,30.299999237060547,20.429948806762695,600
2007-02-08,30.309999465942383,30.309999465942383,30.290000915527344,30.290000915527344,20.423202514648438,200
2007-02-09,30.280000686645508,30.280000686645508,30.280000686645508,30.280000686645508,20.416461944580078,400
2007-02-12,30.25,30.25,29.510000228881836,29.510000228881836,19.897281646728516,2700
2007-02-13,29.510000228881836,30.100000381469727,29.5,29.75,20.059101104736328,8400
2007-02-14,29.850000381469727,31.0,29.850000381469727,30.899999618530273,20.834497451782227,15600
2007-02-15,30.649999618530273,32.099998474121094,30.649999618530273,31.799999237060547,21.441328048706055,8800
2007-02-16,31.81999969482422,32.45000076293945,31.75,32.150001525878906,21.67732048034668,14900
2007-02-20,32.25,32.349998474121094,32.0,32.04999923706055,21.609888076782227,10100
2007-02-21,32.0,32.29999923706055,32.0,32.2599983215332,21.751482009887695,3500
2007-02-22,32.29999923706055,33.65999984741211,32.29999923706055,33.650001525878906,22.688697814941406,8600
2007-02-23,35.0,35.290000915527344,33.900001525878906,34.70000076293945,23.396669387817383,31700
2007-02-26,34.95000076293945,37.099998474121094,34.95000076293945,36.900001525878906,24.880035400390625,15500
2007-02-27,35.650001525878906,36.900001525878906,35.150001525878906,36.63999938964844,24.704723358154297,15000
2007-02-28,36.95000076293945,37.310001373291016,36.29999923706055,37.310001373291016,25.15648078918457,6300
2007-03-01,37.060001373291016,38.689998626708984,37.04999923706055,38.310001373291016,25.830732345581055,8200
2007-03-02,38.189998626708984,39.06999969482422,38.189998626708984,38.97999954223633,26.282485961914062,12900
2007-03-05,38.97999954223633,39.4900016784668,37.36000061035156,37.36000061035156,25.190187454223633,11000
2007-03-06,37.349998474121094,37.7400016784668,37.29999923706055,37.689998626708984,25.412687301635742,12900
2007-03-07,37.70000076293945,38.83000183105469,37.70000076293945,38.349998474121094,25.857698440551758,4900
2007-03-08,38.45000076293945,38.650001525878906,37.29999923706055,37.29999923706055,25.149721145629883,5400
2007-03-09,37.5,37.560001373291016,36.959999084472656,37.34000015258789,25.176708221435547,16400
2007-03-12,37.150001525878906,37.22999954223633,36.7400016784668,36.79999923706055,24.812597274780273,4500
2007-03-13,36.79999923706055,37.689998626708984,36.779998779296875,37.5099983215332,25.29132652282715,3200
2007-03-14,37.52000045776367,37.86000061035156,36.560001373291016,36.560001373291016,24.650781631469727,5000
2007-03-15,36.7599983215332,37.400001525878906,36.7599983215332,36.900001525878906,24.880035400390625,20500
2007-03-16,37.04999923706055,37.400001525878906,37.04999923706055,37.25,25.11602020263672,26000
2007-03-19,37.54999923706055,38.68000030517578,37.54999923706055,38.41999816894531,25.904895782470703,31900
2007-03-20,38.349998474121094,38.720001220703125,37.779998779296875,37.900001525878906,25.554285049438477,16300
2007-03-21,38.0,38.38999938964844,37.5,37.5,25.28458595275879,24000
2007-03-22,37.0,37.06999969482422,36.560001373291016,36.650001525878906,24.711467742919922,24200
2007-03-23,36.68000030517578,37.9900016784668,36.68000030517578,37.849998474121094,25.520570755004883,4100
2007-03-26,38.25,39.900001525878906,38.25,39.0,26.29596519470215,15300
2007-03-27,39.2400016784668,39.75,39.2400016784668,39.75,26.80165672302246,6900
2007-03-28,39.900001525878906,40.86000061035156,39.900001525878906,40.59000015258789,27.368038177490234,9600
2007-03-29,40.599998474121094,40.70000076293945,40.099998474121094,40.15999984741211,27.07811164855957,3000
2007-03-30,40.04999923706055,40.15999984741211,36.31999969482422,36.65999984741211,24.71820831298828,19400
2007-04-02,35.900001525878906,39.20000076293945,35.70000076293945,38.790000915527344,26.154376983642578,18000
2007-04-03,38.400001525878906,38.63999938964844,37.779998779296875,37.810001373291016,25.493608474731445,10400
2007-04-04,38.0,39.939998626708984,37.95000076293945,39.86000061035156,26.875823974609375,19900
2007-04-05,40.29999923706055,40.75,39.59000015258789,39.79999923706055,26.835376739501953,14900
2007-04-09,40.0,40.4900016784668,39.880001068115234,40.4900016784668,27.300615310668945,7600
2007-04-10,40.38999938964844,40.439998626708984,39.810001373291016,40.11000061035156,27.044397354125977,17800
2007-04-11,40.290000915527344,40.400001525878906,39.529998779296875,40.2400016784668,27.132043838500977,17500
2007-04-12,40.2400016784668,40.41999816894531,39.939998626708984,40.15999984741211,27.07811164855957,33000
2007-04-13,40.25,40.38999938964844,40.11000061035156,40.20000076293945,27.105079650878906,13800
2007-04-16,40.13999938964844,40.20000076293945,39.79999923706055,40.06999969482422,27.017423629760742,18400
2007-04-17,40.06999969482422,41.38999938964844,40.06999969482422,41.150001525878906,27.74561309814453,9200
2007-04-18,41.0,41.400001525878906,40.45000076293945,40.58000183105469,27.361289978027344,8500
2007-04-19,40.470001220703125,41.33000183105469,40.470001220703125,41.13999938964844,27.738876342773438,7700
2007-04-20,41.150001525878906,41.2400016784668,39.61000061035156,39.900001525878906,26.90280532836914,10600
2007-04-23,39.5,39.70000076293945,39.400001525878906,39.65999984741211,26.740976333618164,2600
2007-04-24,39.65999984741211,39.79999923706055,39.65999984741211,39.79999923706055,26.835376739501953,600
2007-04-25,40.0,40.20000076293945,39.849998474121094,39.95000076293945,26.93651580810547,2400
2007-04-26,39.70000076293945,39.70000076293945,38.29999923706055,38.29999923706055,25.823986053466797,4200
2007-04-27,38.099998474121094,38.5,38.0,38.41999816894531,25.904895782470703,2400
2007-04-30,37.529998779296875,37.650001525878906,37.20000076293945,37.54999923706055,25.31830406188965,4900
2007-05-01,37.20000076293945,37.599998474121094,36.79999923706055,36.90999984741211,24.886775970458984,2700
2007-05-02,36.86000061035156,36.86000061035156,36.86000061035156,36.86000061035156,24.85305404663086,100
2007-05-03,36.95000076293945,37.0,36.95000076293945,36.95000076293945,24.913747787475586,700
2007-05-04,36.900001525878906,36.959999084472656,36.900001525878906,36.900001525878906,24.880035400390625,1100
2007-05-07,36.650001525878906,36.650001525878906,36.45000076293945,36.54999923706055,24.6440486907959,900
2007-05-08,36.29999923706055,36.599998474121094,34.060001373291016,34.060001373291016,22.96514892578125,9800
2007-05-09,34.060001373291016,35.0,34.060001373291016,34.650001525878906,23.362951278686523,4200
2007-05-10,34.400001525878906,36.2599983215332,34.400001525878906,35.86000061035156,24.178802490234375,5300
2007-05-11,35.900001525878906,36.0,35.54999923706055,36.0,24.27320098876953,2300
2007-05-14,36.0,36.52000045776367,34.70000076293945,35.849998474121094,24.172060012817383,6900
2007-05-15,36.029998779296875,36.33000183105469,30.739999771118164,31.790000915527344,21.434581756591797,11000
2007-05-16,32.099998474121094,35.0,31.899999618530273,31.979999542236328,21.56268882751465,5700
2007-05-17,31.84000015258789,32.5,31.469999313354492,32.18000030517578,21.697546005249023,3900
2007-05-18,32.220001220703125,32.41999816894531,31.610000610351562,32.349998474121094,21.812158584594727,4500
2007-05-21,32.5,32.83000183105469,32.349998474121094,32.650001525878906,22.014440536499023,4100
2007-05-22,32.220001220703125,33.400001525878906,32.220001220703125,33.25,22.418994903564453,6000
2007-05-23,33.130001068115234,34.09000015258789,33.130001068115234,33.470001220703125,22.567337036132812,10300
2007-05-24,33.470001220703125,33.79999923706055,33.400001525878906,33.400001525878906,22.5201358795166,2900
2007-05-25,33.599998474121094,33.79999923706055,33.349998474121094,33.349998474121094,22.48642921447754,3500
2007-05-29,33.36000061035156,38.599998474121094,33.36000061035156,36.040000915527344,24.300167083740234,45500
2007-05-30,35.900001525878906,36.0,32.849998474121094,33.08000183105469,22.304378509521484,10200
2007-05-31,32.099998474121094,34.25,31.920000076293945,31.920000076293945,21.522239685058594,13900
2007-06-01,31.920000076293945,32.29999923706055,31.700000762939453,31.899999618530273,21.508756637573242,11100
2007-06-04,32.099998474121094,32.79999923706055,31.899999618530273,32.029998779296875,21.596405029296875,6000
2007-06-05,32.119998931884766,32.2599983215332,30.0,30.15999984741211,20.335546493530273,13600
2007-06-06,30.170000076293945,30.700000762939453,29.850000381469727,29.889999389648438,20.153505325317383,9700
2007-06-07,30.149999618530273,31.700000762939453,29.899999618530273,30.299999237060547,20.429948806762695,6600
2007-06-08,30.049999237060547,30.549999237060547,29.790000915527344,30.399999618530273,20.49736785888672,8300
2007-06-11,30.600000381469727,30.799999237060547,29.649999618530273,29.940000534057617,20.187211990356445,6200
2007-06-12,29.739999771118164,29.739999771118164,29.200000762939453,29.25,19.72197723388672,3000
2007-06-13,29.5,30.670000076293945,29.299999237060547,29.399999618530273,19.82311248779297,3000
2007-06-14,29.40999984741211,29.459999084472656,29.25,29.350000381469727,19.789398193359375,4300
2007-06-15,28.299999237060547,30.5,28.049999237060547,29.399999618530273,19.82311248779297,15200
2007-06-18,29.399999618530273,29.799999237060547,28.100000381469727,28.459999084472656,19.189313888549805,5600
2007-06-19,27.950000762939453,28.5,27.950000762939453,28.25,19.047718048095703,21500
2007-06-20,27.90999984741211,30.0,27.90999984741211,29.43000030517578,19.843339920043945,8500
2007-06-21,29.600000381469727,33.599998474121094,29.200000762939453,30.100000381469727,20.29509162902832,27700
2007-06-22,30.260000228881836,30.700000762939453,30.100000381469727,30.100000381469727,20.29509162902832,10200
2007-06-25,30.0,30.110000610351562,29.700000762939453,29.75,20.059101104736328,3600
2007-06-26,29.81999969482422,30.049999237060547,29.25,29.3700008392334,19.802886962890625,12500
2007-06-27,29.399999618530273,29.600000381469727,29.0,29.100000381469727,19.620838165283203,19900
2007-06-28,29.15999984741211,29.360000610351562,28.0,28.059999465942383,18.919614791870117,20300
2007-06-29,28.190000534057617,30.0,28.190000534057617,29.889999389648438,20.153505325317383,5100
2007-07-02,29.639999389648438,29.899999618530273,28.65999984741211,28.75,19.38484764099121,3700
2007-07-03,28.799999237060547,29.25,25.829999923706055,26.350000381469727,17.76663589477539,24000
2007-07-05,26.350000381469727,29.219999313354492,26.350000381469727,26.600000381469727,17.935195922851562,26600
2007-07-06,26.850000381469727,28.549999237060547,26.850000381469727,28.440000534057617,19.175827026367188,18500
2007-07-09,28.700000762939453,30.399999618530273,28.700000762939453,29.479999542236328,19.877052307128906,12800
2007-07-10,29.600000381469727,30.649999618530273,28.5,28.610000610351562,19.290454864501953,20000
2007-07-11,28.670000076293945,29.25,28.579999923706055,28.579999923706055,19.27022933959961,11400
2007-07-12,28.899999618530273,28.899999618530273,27.899999618530273,28.100000381469727,18.946582794189453,7700
2007-07-13,28.059999465942383,28.65999984741211,27.799999237060547,28.1299991607666,18.966812133789062,7300
2007-07-16,28.200000762939453,28.600000381469727,27.600000381469727,27.75,18.710588455200195,14200
2007-07-17,27.479999542236328,28.520000457763672,27.0,28.170000076293945,18.99378204345703,10500
2007-07-18,28.06999969482422,28.799999237060547,27.600000381469727,28.110000610351562,18.953325271606445,10800
2007-07-19,28.5,29.049999237060547,28.5,29.010000228881836,19.56015968322754,4400
2007-07-20,29.100000381469727,30.0,28.829999923706055,29.0,19.55341148376465,8600
2007-07-23,28.0,28.760000228881836,27.700000762939453,27.850000381469727,18.77801513671875,18100
2007-07-24,27.68000030517578,28.229999542236328,27.010000228881836,27.010000228881836,18.211641311645508,17700
2007-07-25,26.809999465942383,27.540000915527344,26.530000686645508,27.0,18.20490264892578,17100
2007-07-26,27.200000762939453,27.549999237060547,26.530000686645508,26.600000381469727,17.935195922851562,12400
2007-07-27,26.540000915527344,26.889999389648438,25.139999389648438,25.649999618530273,17.29465675354004,13800
2007-07-30,25.5,25.969999313354492,25.0,25.059999465942383,16.8968448638916,8400
2007-07-31,25.020000457763672,25.200000762939453,24.049999237060547,24.68000030517578,16.640634536743164,13200
2007-08-01,24.8799991607666,25.649999618530273,24.68000030517578,25.139999389648438,16.950786590576172,11100
2007-08-02,25.079999923706055,25.079999923706055,24.190000534057617,24.600000381469727,16.586688995361328,2900
2007-08-03,24.799999237060547,25.40999984741211,24.5,24.59000015258789,16.579946517944336,4300
2007-08-06,24.34000015258789,24.450000762939453,21.899999618530273,22.34000015258789,15.062874794006348,11500
2007-08-07,22.34000015258789,22.540000915527344,20.84000015258789,21.010000228881836,14.166110038757324,13800
2007-08-08,21.170000076293945,21.950000762939453,20.90999984741211,21.610000610351562,14.570669174194336,18200
2007-08-09,21.700000762939453,21.899999618530273,20.0,20.149999618530273,13.586250305175781,10400
2007-08-10,20.200000762939453,22.549999237060547,20.049999237060547,22.149999618530273,14.934759140014648,16600
2007-08-13,22.299999237060547,26.0,22.299999237060547,24.350000381469727,16.418123245239258,37900
2007-08-14,24.75,26.0,24.010000228881836,24.5,16.519264221191406,19500
2007-08-15,24.75,25.219999313354492,24.5,24.5,16.519264221191406,6700
2007-08-16,24.549999237060547,24.549999237060547,22.200000762939453,22.260000228881836,15.008930206298828,16400
2007-08-17,22.5,22.75,22.260000228881836,22.260000228881836,15.008930206298828,23100
2007-08-20,22.280000686645508,22.280000686645508,21.43000030517578,21.770000457763672,14.678543090820312,17400
2007-08-21,21.600000381469727,22.649999618530273,21.329999923706055,22.25,15.002185821533203,22700
2007-08-22,22.600000381469727,22.920000076293945,22.110000610351562,22.15999984741211,14.941506385803223,10500
2007-08-23,22.260000228881836,22.43000030517578,22.149999618530273,22.350000381469727,15.069621086120605,26700
2007-08-24,22.239999771118164,23.25,22.239999771118164,23.25,15.676445007324219,36700
2007-08-27,23.0,23.100000381469727,22.75,22.850000381469727,15.406739234924316,4100
2007-08-28,22.84000015258789,22.899999618530273,21.899999618530273,21.899999618530273,14.76619815826416,16900
2007-08-29,21.790000915527344,22.389999389648438,21.399999618530273,22.389999389648438,15.096582412719727,39300
2007-08-30,22.0,22.40999984741211,21.100000381469727,21.25,14.32793140411377,15800
2007-08-31,21.350000381469727,22.260000228881836,21.299999237060547,22.0,14.8336181640625,18600
2007-09-04,22.06999969482422,23.190000534057617,22.06999969482422,22.850000381469727,15.406739234924316,15500
2007-09-05,22.90999984741211,23.450000762939453,22.649999618530273,22.989999771118164,15.501133918762207,15800
2007-09-06,23.190000534057617,23.989999771118164,22.959999084472656,23.93000030517578,16.134937286376953,18000
2007-09-07,23.600000381469727,24.0,22.5,23.5,15.84500789642334,9600
2007-09-10,23.729999542236328,23.75,22.200000762939453,22.700000762939453,15.305608749389648,14700
2007-09-11,22.5,22.6200008392334,21.850000381469727,22.170000076293945,14.948246002197266,7700
2007-09-12,22.299999237060547,23.75,22.299999237060547,23.329999923706055,15.730382919311523,27900
2007-09-13,23.700000762939453,24.260000228881836,23.440000534057617,24.260000228881836,16.357439041137695,7200
2007-09-14,24.049999237060547,24.600000381469727,24.049999237060547,24.600000381469727,16.586688995361328,15100
2007-09-17,24.600000381469727,24.610000610351562,24.43000030517578,24.56999969482422,16.56645965576172,4500
2007-09-18,24.700000762939453,24.799999237060547,24.399999618530273,24.799999237060547,16.721538543701172,12800
2007-09-19,24.899999618530273,25.450000762939453,23.600000381469727,23.600000381469727,15.912434577941895,14700
2007-09-20,23.799999237060547,24.899999618530273,23.799999237060547,24.459999084472656,16.492290496826172,5500
2007-09-21,24.709999084472656,26.6299991607666,24.600000381469727,26.450000762939453,17.834060668945312,14400
2007-09-24,26.690000534057617,26.690000534057617,26.100000381469727,26.200000762939453,17.66549301147461,6700
2007-09-25,26.0,26.0,25.290000915527344,25.290000915527344,17.051925659179688,21500
2007-09-26,25.5,25.5,24.649999618530273,25.049999237060547,16.890104293823242,5700
2007-09-27,25.200000762939453,26.06999969482422,25.200000762939453,25.760000228881836,17.368824005126953,7400
2007-09-28,26.0,28.0,26.0,27.649999618530273,18.64316749572754,12900
2007-10-01,27.8799991607666,28.0,27.399999618530273,27.6200008392334,18.622941970825195,12700
2007-10-02,27.59000015258789,27.950000762939453,27.290000915527344,27.889999389648438,18.80498504638672,19200
2007-10-03,27.639999389648438,28.0,27.350000381469727,27.450000762939453,18.508312225341797,15900
2007-10-04,27.530000686645508,27.549999237060547,26.399999618530273,26.600000381469727,17.935195922851562,8300
2007-10-05,26.799999237060547,28.200000762939453,26.75,28.100000381469727,18.946582794189453,14100
2007-10-08,28.280000686645508,30.0,28.25,29.450000762939453,19.856830596923828,16600
2007-10-09,29.209999084472656,30.18000030517578,28.600000381469727,29.899999618530273,20.160242080688477,17700
2007-10-10,30.200000762939453,30.600000381469727,29.780000686645508,29.780000686645508,20.07933235168457,5200
2007-10-11,30.5,32.04999923706055,30.260000228881836,30.649999618530273,20.66593360900879,28900
2007-10-12,30.649999618530273,30.700000762939453,29.649999618530273,30.559999465942383,20.605249404907227,11100
2007-10-15,30.559999465942383,31.149999618530273,29.950000762939453,31.049999237060547,20.935630798339844,8700
2007-10-16,31.200000762939453,31.940000534057617,31.049999237060547,31.579999923706055,21.292993545532227,8200
2007-10-17,31.739999771118164,32.16999816894531,31.260000228881836,31.489999771118164,21.2323055267334,6300
2007-10-18,31.25,32.15999984741211,31.0,31.739999771118164,21.400869369506836,31800
2007-10-19,31.450000762939453,31.450000762939453,28.799999237060547,29.399999618530273,19.82311248779297,11700
2007-10-22,29.5,29.5,25.940000534057617,28.100000381469727,18.946582794189453,29300
2007-10-23,28.299999237060547,28.719999313354492,28.0,28.649999618530273,19.317420959472656,14900
2007-10-24,28.700000762939453,30.25,28.700000762939453,29.989999771118164,20.22092056274414,39200
2007-10-25,29.989999771118164,30.770000457763672,29.75,30.549999237060547,20.5985107421875,13000
2007-10-26,30.399999618530273,31.649999618530273,30.399999618530273,31.649999618530273,21.340192794799805,8500
2007-10-29,31.649999618530273,31.899999618530273,30.889999389648438,31.600000381469727,21.306482315063477,6900
2007-10-30,31.549999237060547,31.670000076293945,30.5,30.81999969482422,20.780559539794922,14700
2007-10-31,30.700000762939453,32.849998474121094,30.700000762939453,32.45000076293945,21.87959861755371,10400
2007-11-01,32.599998474121094,32.79999923706055,31.010000228881836,31.25,21.070486068725586,8800
2007-11-02,31.399999618530273,31.690000534057617,30.469999313354492,30.770000457763672,20.746841430664062,13200
2007-11-05,29.809999465942383,31.459999084472656,28.860000610351562,31.459999084472656,21.212080001831055,10600
2007-11-06,31.600000381469727,32.619998931884766,31.479999542236328,31.75,21.407615661621094,20200
2007-11-07,32.25,32.25,31.649999618530273,31.700000762939453,21.3739070892334,6400
2007-11-08,31.75,32.20000076293945,31.25,32.029998779296875,21.596405029296875,7600
2007-11-09,32.0,32.0,30.350000381469727,30.5,20.56479835510254,10500
2007-11-12,31.0,31.0,28.510000228881836,28.610000610351562,19.290454864501953,8300
2007-11-13,28.510000228881836,29.799999237060547,27.350000381469727,27.350000381469727,18.440887451171875,26300
2007-11-14,28.100000381469727,28.100000381469727,26.799999237060547,27.3799991607666,18.461116790771484,26900
2007-11-15,27.8799991607666,27.8799991607666,27.110000610351562,27.530000686645508,18.562252044677734,12400
2007-11-16,27.610000610351562,28.100000381469727,27.440000534057617,27.579999923706055,18.595966339111328,8900
2007-11-19,26.850000381469727,27.3799991607666,26.700000762939453,27.149999618530273,18.3060359954834,6500
2007-11-20,27.0,27.350000381469727,26.229999542236328,26.59000015258789,17.928457260131836,12500
2007-11-21,26.5,26.56999969482422,25.850000381469727,25.899999618530273,17.46322250366211,12000
2007-11-23,25.850000381469727,25.850000381469727,25.049999237060547,25.1299991607666,16.944040298461914,3000
2007-11-26,24.899999618530273,25.989999771118164,24.899999618530273,25.5,17.19351577758789,18200
2007-11-27,25.719999313354492,26.170000076293945,24.899999618530273,24.899999618530273,16.78896141052246,9400
2007-11-28,25.09000015258789,25.34000015258789,25.0,25.219999313354492,17.00472068786621,18300
2007-11-29,24.799999237060547,25.600000381469727,24.43000030517578,24.5,16.832962036132812,7100
2007-11-30,25.649999618530273,26.049999237060547,24.739999771118164,24.899999618530273,17.107784271240234,6200
2007-12-03,24.43000030517578,25.15999984741211,24.360000610351562,24.360000610351562,16.736772537231445,5400
2007-12-04,24.290000915527344,26.950000762939453,24.290000915527344,26.84000015258789,18.440677642822266,15200
2007-12-05,27.489999771118164,28.43000030517578,26.93000030517578,27.06999969482422,18.59870719909668,9500
2007-12-06,26.799999237060547,27.020000457763672,26.0,26.93000030517578,18.502521514892578,12200
2007-12-07,26.600000381469727,27.75,26.600000381469727,27.75,19.065902709960938,5900
2007-12-10,28.0,28.200000762939453,27.1200008392334,28.200000762939453,19.37508201599121,4500
2007-12-11,28.030000686645508,28.030000686645508,27.399999618530273,27.59000015258789,18.955976486206055,2500
2007-12-12,27.56999969482422,27.65999984741211,27.15999984741211,27.15999984741211,18.66053581237793,4600
2007-12-13,27.06999969482422,27.149999618530273,27.06999969482422,27.149999618530273,18.653669357299805,200
2007-12-14,27.09000015258789,27.09000015258789,26.530000686645508,26.579999923706055,18.26204490661621,1600
2007-12-17,26.5,26.5,25.90999984741211,26.200000762939453,18.00096321105957,2900
2007-12-18,25.959999084472656,26.200000762939453,25.5,25.5,17.520015716552734,2500
2007-12-19,25.010000228881836,26.100000381469727,25.010000228881836,26.100000381469727,17.93225860595703,5300
2007-12-20,26.040000915527344,26.149999618530273,25.790000915527344,26.06999969482422,17.911638259887695,1200
2007-12-21,26.200000762939453,26.200000762939453,25.020000457763672,26.100000381469727,17.93225860595703,5700
2007-12-24,26.389999389648438,26.389999389648438,25.25,25.350000381469727,17.416963577270508,2900
2007-12-26,25.200000762939453,25.799999237060547,24.81999969482422,25.450000762939453,17.48567008972168,7600
2007-12-27,25.399999618530273,25.709999084472656,25.200000762939453,25.639999389648438,17.616209030151367,8000
2007-12-28,25.850000381469727,26.649999618530273,24.829999923706055,26.270000457763672,18.04905891418457,8600
2007-12-31,25.969999313354492,25.969999313354492,24.90999984741211,25.700000762939453,17.657434463500977,5500
2008-01-02,25.809999465942383,27.670000076293945,25.75,27.600000381469727,18.96284294128418,9000
2008-01-03,27.75,27.75,27.010000228881836,27.010000228881836,18.557479858398438,6800
2008-01-04,26.90999984741211,26.90999984741211,24.200000762939453,25.75,17.691781997680664,7700
2008-01-07,26.84000015258789,27.899999618530273,25.59000015258789,27.600000381469727,18.96284294128418,8900
2008-01-08,27.729999542236328,28.549999237060547,27.309999465942383,27.309999465942383,18.763601303100586,5700
2008-01-09,27.280000686645508,27.549999237060547,26.600000381469727,26.959999084472656,18.52312660217285,6500
2008-01-10,27.139999389648438,27.600000381469727,27.010000228881836,27.350000381469727,18.791078567504883,4400
2008-01-11,27.100000381469727,27.5,27.059999465942383,27.5,18.894140243530273,9100
2008-01-14,27.989999771118164,28.030000686645508,27.450000762939453,27.469999313354492,18.873533248901367,4900
2008-01-15,27.360000610351562,28.049999237060547,27.360000610351562,27.850000381469727,19.13461685180664,3500
2008-01-16,27.600000381469727,27.90999984741211,27.600000381469727,27.649999618530273,18.997201919555664,500
2008-01-17,27.610000610351562,27.610000610351562,26.299999237060547,26.350000381469727,18.104026794433594,34200
2008-01-18,26.25,26.420000076293945,26.059999465942383,26.06999969482422,17.911638259887695,600
2008-01-22,26.020000457763672,26.06999969482422,24.399999618530273,24.399999618530273,16.764259338378906,5900
2008-01-23,24.260000228881836,24.719999313354492,22.43000030517578,24.0,16.489425659179688,8000
2008-01-24,23.649999618530273,23.799999237060547,22.969999313354492,23.479999542236328,16.132160186767578,29300
2008-01-25,23.700000762939453,25.59000015258789,22.0,24.260000228881836,16.668071746826172,7900
2008-01-28,23.56999969482422,25.950000762939453,23.25,25.850000381469727,17.760488510131836,12200
2008-01-29,25.93000030517578,26.18000030517578,25.75,25.950000762939453,17.829193115234375,6100
2008-01-30,26.149999618530273,26.350000381469727,26.040000915527344,26.290000915527344,18.06279945373535,6500
2008-01-31,26.049999237060547,26.389999389648438,25.899999618530273,26.25,18.035314559936523,4600
2008-02-01,26.360000610351562,26.489999771118164,24.40999984741211,25.290000915527344,17.375741958618164,6800
2008-02-04,25.350000381469727,25.549999237060547,24.979999542236328,25.399999618530273,17.451313018798828,3700
2008-02-05,24.889999389648438,25.700000762939453,24.829999923706055,25.700000762939453,17.657434463500977,16300
2008-02-06,25.899999618530273,26.149999618530273,25.700000762939453,25.799999237060547,17.726139068603516,4000
2008-02-07,26.149999618530273,26.200000762939453,25.760000228881836,26.15999984741211,17.973482131958008,700
2008-02-08,25.75,25.920000076293945,25.549999237060547,25.56999969482422,17.5681095123291,2400
2008-02-11,26.0,27.149999618530273,25.809999465942383,27.100000381469727,18.61931610107422,6900
2008-02-12,27.100000381469727,27.389999389648438,26.889999389648438,27.200000762939453,18.688018798828125,9200
2008-02-13,27.1299991607666,27.479999542236328,27.1299991607666,27.479999542236328,18.880399703979492,9900
2008-02-14,27.549999237060547,27.700000762939453,27.549999237060547,27.649999618530273,18.997201919555664,700
2008-02-15,27.399999618530273,27.579999923706055,27.200000762939453,27.280000686645508,18.74299430847168,2100
2008-02-19,27.5,27.739999771118164,27.270000457763672,27.270000457763672,18.73611831665039,3800
2008-02-20,27.31999969482422,27.56999969482422,25.899999618530273,26.010000228881836,17.87042236328125,5200
2008-02-21,26.0,26.459999084472656,24.25,24.25,16.66119384765625,13600
2008-02-22,24.420000076293945,24.959999084472656,24.420000076293945,24.93000030517578,17.128400802612305,7900
2008-02-25,24.899999618530273,25.5,24.850000381469727,24.899999618530273,17.107784271240234,12100
2008-02-26,25.100000381469727,25.450000762939453,24.75,24.75,17.004722595214844,3900
2008-02-27,24.75,24.75,23.850000381469727,24.030000686645508,16.510040283203125,5600
2008-02-28,24.200000762939453,25.15999984741211,23.5,24.950000762939453,17.142141342163086,15000
2008-02-29,24.290000915527344,24.950000762939453,24.239999771118164,24.639999389648438,16.92914581298828,4800
2008-03-03,24.860000610351562,25.350000381469727,24.600000381469727,24.649999618530273,16.936019897460938,4300
2008-03-04,24.6299991607666,25.09000015258789,23.959999084472656,24.15999984741211,16.599361419677734,29000
2008-03-05,24.350000381469727,25.510000228881836,24.350000381469727,25.0,17.176483154296875,8800
2008-03-06,25.09000015258789,25.5,24.420000076293945,25.350000381469727,17.416963577270508,18500
2008-03-07,25.450000762939453,26.149999618530273,24.950000762939453,24.950000762939453,17.142141342163086,7300
2008-03-10,25.899999618530273,26.899999618530273,25.889999389648438,26.5,18.207077026367188,12800
2008-03-11,27.09000015258789,27.459999084472656,26.5,27.200000762939453,18.688018798828125,18500
2008-03-12,27.25,27.850000381469727,27.100000381469727,27.329999923706055,18.777339935302734,12700
2008-03-13,27.389999389648438,27.8799991607666,27.110000610351562,27.8799991607666,19.15522575378418,11500
2008-03-14,27.600000381469727,28.0,26.8799991607666,26.899999618530273,18.481903076171875,6900
2008-03-17,27.290000915527344,27.290000915527344,26.25,27.09000015258789,18.61244773864746,5300
2008-03-18,26.850000381469727,27.579999923706055,26.399999618530273,27.549999237060547,18.928489685058594,13300
2008-03-19,27.489999771118164,28.149999618530273,27.309999465942383,28.0,19.237668991088867,3900
2008-03-20,27.700000762939453,27.700000762939453,26.65999984741211,26.850000381469727,18.447547912597656,4400
2008-03-24,26.969999313354492,27.100000381469727,26.850000381469727,27.059999465942383,18.591829299926758,5200
2008-03-25,27.1299991607666,28.100000381469727,26.850000381469727,28.100000381469727,19.306377410888672,6100
2008-03-26,27.799999237060547,27.799999237060547,27.399999618530273,27.709999084472656,19.03842544555664,2900
2008-03-27,27.649999618530273,27.93000030517578,27.450000762939453,27.93000030517578,19.1895694732666,5400
2008-03-28,28.270000457763672,28.649999618530273,25.219999313354492,25.5,17.520015716552734,28500
2008-03-31,25.940000534057617,27.799999237060547,25.5,27.739999771118164,19.059032440185547,13300
2008-04-01,27.489999771118164,29.25,27.489999771118164,27.75,19.065902709960938,9500
2008-04-02,27.25,29.25,27.1299991607666,29.25,20.096492767333984,10200
2008-04-03,28.56999969482422,29.899999618530273,28.5,28.540000915527344,19.608678817749023,8900
2008-04-04,28.25,28.309999465942383,26.350000381469727,27.65999984741211,19.004074096679688,8400
2008-04-07,27.010000228881836,27.639999389648438,27.010000228881836,27.639999389648438,18.990325927734375,5200
2008-04-08,27.020000457763672,27.68000030517578,27.020000457763672,27.59000015258789,18.955976486206055,2700
2008-04-09,27.59000015258789,27.84000015258789,27.40999984741211,27.84000015258789,19.12774085998535,4700
2008-04-10,27.649999618530273,28.549999237060547,27.56999969482422,27.969999313354492,19.217056274414062,5800
2008-04-11,27.809999465942383,27.93000030517578,27.59000015258789,27.850000381469727,19.13461685180664,2100
2008-04-14,27.899999618530273,28.110000610351562,27.43000030517578,27.5,18.894140243530273,3800
2008-04-15,27.690000534057617,28.290000915527344,27.540000915527344,28.290000915527344,19.43691635131836,2700
2008-04-16,28.25,28.700000762939453,28.200000762939453,28.690000534057617,19.71174430847168,10400
2008-04-17,28.799999237060547,29.0,28.799999237060547,28.989999771118164,19.91786003112793,3700
2008-04-18,29.989999771118164,29.989999771118164,29.079999923706055,29.309999465942383,20.137712478637695,6700
2008-04-21,29.639999389648438,29.780000686645508,29.479999542236328,29.709999084472656,20.412551879882812,3400
2008-04-22,29.6200008392334,30.299999237060547,29.6200008392334,29.93000030517578,20.563695907592773,5200
2008-04-23,30.100000381469727,30.100000381469727,28.75,29.260000228881836,20.103363037109375,7800
2008-04-24,29.0,29.0,28.25,28.93000030517578,19.87664031982422,4000
2008-04-25,29.18000030517578,29.799999237060547,29.149999618530273,29.350000381469727,20.165197372436523,6700
2008-04-28,29.75,31.25,29.200000762939453,31.25,21.470611572265625,9000
2008-04-29,30.100000381469727,30.799999237060547,29.299999237060547,29.479999542236328,20.2545223236084,19700
2008-04-30,29.149999618530273,29.549999237060547,28.899999618530273,29.549999237060547,20.3026180267334,3900
2008-05-01,29.729999542236328,30.200000762939453,29.0,29.360000610351562,20.172077178955078,4000
2008-05-02,29.43000030517578,29.8799991607666,29.350000381469727,29.729999542236328,20.426284790039062,3300
2008-05-05,30.0,30.299999237060547,29.059999465942383,29.540000915527344,20.295743942260742,10700
2008-05-06,29.75,30.219999313354492,29.209999084472656,29.6200008392334,20.350706100463867,7300
2008-05-07,29.850000381469727,30.190000534057617,29.75,29.75,20.440027236938477,1800
2008-05-08,30.09000015258789,30.700000762939453,30.0,30.700000762939453,21.092731475830078,3200
2008-05-09,30.450000762939453,31.040000915527344,30.31999969482422,30.399999618530273,20.88661003112793,9200
2008-05-12,30.799999237060547,31.56999969482422,30.600000381469727,31.149999618530273,21.401905059814453,5100
2008-05-13,31.5,33.0,30.860000610351562,31.989999771118164,21.979042053222656,41900
2008-05-14,32.43000030517578,33.400001525878906,31.600000381469727,32.0,21.98590850830078,17500
2008-05-15,32.22999954223633,33.25,32.13999938964844,33.220001220703125,22.82412338256836,24300
2008-05-16,33.400001525878906,33.400001525878906,32.349998474121094,32.540000915527344,22.35692024230957,9000
2008-05-19,33.08000183105469,33.880001068115234,32.599998474121094,33.22999954223633,22.830995559692383,11000
2008-05-20,33.459999084472656,33.52000045776367,33.02000045776367,33.02000045776367,22.68671226501465,6200
2008-05-21,34.0,34.5,33.619998931884766,33.650001525878906,23.11956024169922,5100
2008-05-22,33.97999954223633,33.97999954223633,33.04999923706055,33.04999923706055,22.707319259643555,4800
2008-05-23,32.5099983215332,33.40999984741211,32.5099983215332,32.709999084472656,22.47372055053711,3200
2008-05-27,32.9900016784668,33.0,32.790000915527344,32.79999923706055,22.53555679321289,6900
2008-05-28,32.7400016784668,32.7400016784668,32.380001068115234,32.70000076293945,22.46685218811035,2800
2008-05-29,32.58000183105469,33.150001525878906,32.58000183105469,32.91999816894531,22.618005752563477,14100
2008-05-30,33.56999969482422,33.56999969482422,33.099998474121094,33.31999969482422,22.892831802368164,2500
2008-06-02,33.779998779296875,33.779998779296875,33.15999984741211,33.15999984741211,22.782894134521484,17600
2008-06-03,32.7599983215332,33.849998474121094,32.7599983215332,33.27000045776367,22.85847282409668,23100
2008-06-04,32.9900016784668,33.130001068115234,32.369998931884766,32.540000915527344,22.35692024230957,3700
2008-06-05,32.66999816894531,32.66999816894531,32.06999969482422,32.06999969482422,22.034008026123047,19300
2008-06-06,32.0,33.0,32.0,33.0,22.6729679107666,19100
2008-06-09,33.70000076293945,34.0,32.75,33.36000061035156,22.920310974121094,4300
2008-06-10,33.900001525878906,33.900001525878906,33.20000076293945,33.20000076293945,22.810380935668945,24400
2008-06-11,33.18000030517578,33.18000030517578,33.099998474121094,33.099998474121094,22.741670608520508,600
2008-06-12,32.95000076293945,33.099998474121094,32.40999984741211,32.40999984741211,22.267597198486328,21700
2008-06-13,32.5,33.06999969482422,32.0,32.52000045776367,22.343183517456055,46600
2008-06-16,33.599998474121094,35.04999923706055,32.0,35.04999923706055,24.081438064575195,35300
2008-06-17,35.0099983215332,35.349998474121094,34.849998474121094,35.13999938964844,24.143272399902344,7700
2008-06-18,35.20000076293945,35.20000076293945,33.849998474121094,34.02000045776367,23.373769760131836,5000
2008-06-19,33.9900016784668,33.9900016784668,33.34000015258789,33.529998779296875,23.037111282348633,19100
2008-06-20,33.779998779296875,33.849998474121094,33.5,33.63999938964844,23.112693786621094,2600
2008-06-23,33.75,34.869998931884766,33.75,34.5,23.703556060791016,26100
2008-06-24,34.45000076293945,34.689998626708984,34.20000076293945,34.20000076293945,23.497438430786133,3400
2008-06-25,34.20000076293945,34.29999923706055,32.5,32.599998474121094,22.398136138916016,40600
2008-06-26,32.86000061035156,33.099998474121094,31.040000915527344,32.400001525878906,22.26073455810547,13000
2008-06-27,32.54999923706055,32.849998474121094,32.54999923706055,32.75,22.501205444335938,12200
2008-06-30,33.68000030517578,34.4900016784668,32.77000045776367,33.900001525878906,23.291318893432617,16500
2008-07-01,34.08000183105469,34.08000183105469,33.56999969482422,33.939998626708984,23.31879997253418,3000
2008-07-02,34.61000061035156,34.61000061035156,33.25,33.25,22.844738006591797,7600
2008-07-03,33.13999938964844,33.459999084472656,32.93000030517578,33.31999969482422,22.892831802368164,16700
2008-07-07,33.439998626708984,34.25,33.43000030517578,34.189998626708984,23.490570068359375,5900
2008-07-08,34.029998779296875,34.540000915527344,34.029998779296875,34.5,23.703556060791016,10100
2008-07-09,34.939998626708984,34.939998626708984,34.29999923706055,34.599998474121094,23.772260665893555,20800
2008-07-10,34.650001525878906,34.7400016784668,33.66999816894531,34.0,23.360027313232422,10600
2008-07-11,33.939998626708984,34.16999816894531,33.91999816894531,34.04999923706055,23.394376754760742,4400
2008-07-14,33.650001525878906,34.95000076293945,33.650001525878906,34.400001525878906,23.63485336303711,9300
2008-07-15,34.560001373291016,34.599998474121094,34.400001525878906,34.400001525878906,23.63485336303711,2100
2008-07-16,34.27000045776367,34.54999923706055,34.060001373291016,34.209999084472656,23.504310607910156,35500
2008-07-17,34.380001068115234,34.380001068115234,34.0,34.0,23.360027313232422,2500
2008-07-18,34.83000183105469,34.83000183105469,32.849998474121094,32.880001068115234,22.59052085876465,6100
2008-07-21,32.380001068115234,32.849998474121094,30.280000686645508,30.600000381469727,21.024019241333008,30000
2008-07-22,30.489999771118164,30.75,28.799999237060547,29.68000030517578,20.391931533813477,11500
2008-07-23,29.600000381469727,29.600000381469727,28.100000381469727,28.5,19.58120346069336,4000
2008-07-24,28.739999771118164,28.739999771118164,27.549999237060547,28.0,19.237668991088867,19900
2008-07-25,28.25,28.25,27.790000915527344,27.790000915527344,19.093385696411133,5700
2008-07-28,27.790000915527344,29.079999923706055,27.25,28.350000381469727,19.478139877319336,12900
2008-07-29,28.510000228881836,28.510000228881836,27.709999084472656,27.75,19.065902709960938,7800
2008-07-30,27.75,28.25,27.360000610351562,28.25,19.409435272216797,5500
2008-07-31,28.0,28.75,27.799999237060547,28.290000915527344,19.43691635131836,20900
2008-08-01,27.899999618530273,29.799999237060547,27.899999618530273,29.5,20.26825523376465,14600
2008-08-04,28.799999237060547,29.670000076293945,28.799999237060547,29.649999618530273,20.371315002441406,2300
2008-08-05,29.809999465942383,29.850000381469727,29.020000457763672,29.350000381469727,20.165197372436523,3000
2008-08-06,29.350000381469727,29.540000915527344,29.149999618530273,29.459999084472656,20.240779876708984,5800
2008-08-07,29.75,30.649999618530273,29.200000762939453,29.600000381469727,20.336965560913086,16600
2008-08-08,30.84000015258789,30.84000015258789,29.559999465942383,29.920000076293945,20.556821823120117,11000
2008-08-11,29.889999389648438,30.56999969482422,29.670000076293945,30.43000030517578,20.907230377197266,11200
2008-08-12,30.5,31.25,30.5,30.950000762939453,21.264493942260742,3300
2008-08-13,31.3700008392334,31.899999618530273,30.850000381469727,31.290000915527344,21.498098373413086,12400
2008-08-14,30.700000762939453,31.079999923706055,30.450000762939453,30.959999084472656,21.271358489990234,4500
2008-08-15,30.75,31.260000228881836,30.59000015258789,30.959999084472656,21.271358489990234,8700
2008-08-18,30.809999465942383,31.0,29.90999984741211,30.3799991607666,20.87287712097168,13700
2008-08-19,30.200000762939453,30.200000762939453,29.649999618530273,29.860000610351562,20.515607833862305,5100
2008-08-20,30.020000457763672,30.040000915527344,29.510000228881836,29.549999237060547,20.3026180267334,3900
2008-08-21,29.799999237060547,29.959999084472656,29.489999771118164,29.719999313354492,20.419408798217773,3200
2008-08-22,29.81999969482422,29.81999969482422,29.34000015258789,29.479999542236328,20.2545223236084,4400
2008-08-25,29.690000534057617,29.850000381469727,29.25,29.389999389648438,20.192678451538086,6700
2008-08-26,29.389999389648438,29.389999389648438,29.149999618530273,29.229999542236328,20.08275032043457,700
2008-08-27,29.729999542236328,29.729999542236328,28.0,28.43000030517578,19.53310203552246,4300
2008-08-28,28.290000915527344,28.5,28.15999984741211,28.5,19.58120346069336,1800
2008-08-29,28.40999984741211,28.40999984741211,27.969999313354492,27.969999313354492,19.217056274414062,1100
2008-09-02,27.420000076293945,28.0,25.979999542236328,26.56999969482422,18.25517463684082,26000
2008-09-03,26.700000762939453,26.700000762939453,24.09000015258789,24.299999237060547,16.69554901123047,12500
2008-09-04,24.350000381469727,24.40999984741211,23.829999923706055,24.239999771118164,16.654321670532227,4100
2008-09-05,24.0,24.56999969482422,23.850000381469727,24.260000228881836,16.668071746826172,18400
2008-09-08,24.0,24.450000762939453,23.989999771118164,24.100000381469727,16.55813980102539,11400
2008-09-09,24.299999237060547,24.649999618530273,23.959999084472656,24.649999618530273,16.936019897460938,6500
2008-09-10,24.700000762939453,25.700000762939453,24.700000762939453,25.0,17.176483154296875,4700
2008-09-11,25.15999984741211,25.31999969482422,25.100000381469727,25.290000915527344,17.375741958618164,2700
2008-09-12,25.219999313354492,25.59000015258789,25.200000762939453,25.200000762939453,17.313905715942383,1800
2008-09-15,25.239999771118164,25.399999618530273,25.149999618530273,25.31999969482422,17.39635467529297,1200
2008-09-16,24.209999084472656,25.399999618530273,24.209999084472656,24.690000534057617,16.9635009765625,9600
2008-09-17,24.600000381469727,24.600000381469727,23.549999237060547,23.579999923706055,16.20086669921875,14500
2008-09-18,23.719999313354492,23.81999969482422,22.700000762939453,23.239999771118164,15.967266082763672,6900
2008-09-19,23.290000915527344,23.799999237060547,23.0,23.799999237060547,16.35201644897461,5600
2008-09-22,24.030000686645508,24.299999237060547,23.59000015258789,24.0,16.489425659179688,3200
2008-09-23,24.219999313354492,24.25,24.049999237060547,24.059999465942383,16.530654907226562,9400
2008-09-24,24.010000228881836,24.100000381469727,24.0,24.09000015258789,16.55126953125,4700
2008-09-25,23.850000381469727,24.149999618530273,23.799999237060547,23.950000762939453,16.455078125,8200
2008-09-26,24.030000686645508,24.40999984741211,23.829999923706055,24.299999237060547,16.69554901123047,12000
2008-09-29,22.31999969482422,23.979999542236328,22.31999969482422,23.479999542236328,16.132160186767578,12900
2008-09-30,23.329999923706055,23.360000610351562,22.510000228881836,22.780000686645508,15.65122127532959,7200
2008-10-01,22.5,22.5,22.469999313354492,22.479999542236328,15.445098876953125,600
2008-10-02,22.450000762939453,22.790000915527344,21.719999313354492,22.25,15.287078857421875,10600
2008-10-03,22.5,23.0,21.799999237060547,21.829999923706055,14.998514175415039,4300
2008-10-06,21.75,21.75,20.649999618530273,21.299999237060547,14.634368896484375,11800
2008-10-07,21.139999389648438,21.139999389648438,19.489999771118164,20.0,13.741198539733887,3900
2008-10-08,17.940000534057617,19.0,14.350000381469727,17.299999237060547,11.886130332946777,5800
2008-10-09,17.100000381469727,17.200000762939453,16.149999618530273,16.149999618530273,11.096013069152832,2400
2008-10-10,15.850000381469727,15.850000381469727,14.050000190734863,14.699999809265137,10.099777221679688,3900
2008-10-13,14.710000038146973,15.069999694824219,14.300000190734863,14.550000190734863,9.99671745300293,8000
2008-10-14,15.760000228881836,15.760000228881836,14.0,14.600000381469727,10.0310697555542,9400
2008-10-15,14.600000381469727,14.600000381469727,14.199999809265137,14.399999618530273,9.893656730651855,6800
2008-10-16,14.649999618530273,14.970000267028809,14.649999618530273,14.899999618530273,10.237188339233398,1800
2008-10-17,15.1899995803833,15.920000076293945,15.100000381469727,15.920000076293945,10.93799114227295,5100
2008-10-20,16.31999969482422,18.899999618530273,16.0,18.5,12.710603713989258,8300
2008-10-21,18.5,22.0,17.700000762939453,20.899999618530273,14.359546661376953,30400
2008-10-22,20.700000762939453,21.0,20.0,20.0,13.741198539733887,5800
2008-10-23,20.239999771118164,20.639999389648438,19.8700008392334,20.18000030517578,13.864862442016602,3700
2008-10-24,19.0,20.700000762939453,18.899999618530273,20.149999618530273,13.844253540039062,21400
2008-10-27,20.15999984741211,20.15999984741211,18.520000457763672,18.520000457763672,12.724342346191406,11500
2008-10-28,18.510000228881836,18.549999237060547,17.399999618530273,18.149999618530273,12.470134735107422,12700
2008-10-29,18.15999984741211,18.25,17.600000381469727,17.75,12.195310592651367,4100
2008-10-30,17.8700008392334,17.899999618530273,17.559999465942383,17.559999465942383,12.064767837524414,1200
2008-10-31,17.75,18.600000381469727,17.75,18.600000381469727,12.779306411743164,2500
2008-11-03,18.399999618530273,19.149999618530273,18.329999923706055,18.610000610351562,12.78618049621582,11800
2008-11-04,19.3799991607666,19.3799991607666,18.010000228881836,18.899999618530273,12.985424995422363,4000
2008-11-05,18.700000762939453,18.700000762939453,18.280000686645508,18.579999923706055,12.7655668258667,2300
2008-11-06,18.5,18.5,17.5,17.5,12.023544311523438,10500
2008-11-07,17.520000457763672,17.700000762939453,17.0,17.0,11.680013656616211,3400
2008-11-10,17.639999389648438,17.639999389648438,16.260000228881836,16.260000228881836,11.171591758728027,7000
2008-11-11,16.100000381469727,16.309999465942383,15.069999694824219,15.25,10.477659225463867,4900
2008-11-12,15.25,15.449999809265137,15.0,15.25,10.477659225463867,5500
2008-11-13,15.25,16.690000534057617,15.0,16.690000534057617,11.467025756835938,11200
2008-11-14,15.520000457763672,16.299999237060547,14.850000381469727,15.0,10.305893898010254,16000
2008-11-17,15.199999809265137,15.399999618530273,14.5,14.65999984741211,10.072294235229492,9400
2008-11-18,14.859999656677246,15.25,14.300000190734863,15.25,10.477659225463867,15800
2008-11-19,15.140000343322754,15.140000343322754,14.699999809265137,14.800000190734863,10.168482780456543,2600
2008-11-20,14.800000190734863,14.850000381469727,13.75,13.75,9.447070121765137,6800
2008-11-21,14.0,14.199999809265137,13.550000190734863,14.149999618530273,9.721894264221191,10700
2008-11-24,14.5,14.899999618530273,13.800000190734863,14.0,9.618834495544434,7500
2008-11-25,14.640000343322754,14.640000343322754,14.0,14.0,9.618834495544434,3200
2008-11-26,14.279999732971191,14.699999809265137,14.170000076293945,14.699999809265137,10.099777221679688,7200
2008-11-28,14.399999618530273,15.010000228881836,14.399999618530273,15.010000228881836,10.675891876220703,4300
2008-12-01,16.209999084472656,16.209999084472656,14.25,14.25,10.135339736938477,7300
2008-12-02,14.5,14.75,14.199999809265137,14.550000190734863,10.34871768951416,14800
2008-12-03,14.649999618530273,14.970000267028809,13.90999984741211,14.140000343322754,10.057101249694824,3400
2008-12-04,14.0,14.890000343322754,13.6899995803833,14.350000381469727,10.206464767456055,7300
2008-12-05,14.149999618530273,14.1899995803833,13.65999984741211,13.850000381469727,9.850837707519531,9800
2008-12-08,14.100000381469727,15.300000190734863,13.960000038146973,14.600000381469727,10.38427734375,7600
2008-12-09,14.800000190734863,15.300000190734863,14.800000190734863,15.0,10.668779373168945,7600
2008-12-10,15.100000381469727,15.789999961853027,15.0600004196167,15.75,11.202218055725098,10900
2008-12-11,15.90999984741211,17.1299991607666,15.90999984741211,16.780000686645508,11.934805870056152,9600
2008-12-12,16.8700008392334,16.920000076293945,16.06999969482422,16.170000076293945,11.500943183898926,9300
2008-12-15,16.18000030517578,16.549999237060547,15.600000381469727,16.239999771118164,11.550727844238281,8700
2008-12-16,17.899999618530273,18.0,16.479999542236328,17.899999618530273,12.73140811920166,30500
2008-12-17,17.8799991607666,20.25,17.559999465942383,19.850000381469727,14.1183500289917,15400
2008-12-18,20.200000762939453,20.5,19.139999389648438,19.260000228881836,13.698712348937988,16700
2008-12-19,19.270000457763672,19.809999465942383,17.709999084472656,18.299999237060547,13.015910148620605,17700
2008-12-22,18.18000030517578,18.719999313354492,17.5,17.600000381469727,12.51803207397461,7900
2008-12-23,17.700000762939453,18.100000381469727,16.950000762939453,17.700000762939453,12.589157104492188,16900
2008-12-24,17.790000915527344,18.0,17.399999618530273,17.399999618530273,12.375782012939453,5400
2008-12-26,16.010000228881836,17.670000076293945,16.010000228881836,16.889999389648438,12.013043403625488,2300
2008-12-29,16.780000686645508,16.8799991607666,15.8100004196167,16.299999237060547,11.593401908874512,18300
2008-12-30,16.100000381469727,16.25,16.0,16.219999313354492,11.536505699157715,5700
2008-12-31,16.579999923706055,17.0,16.010000228881836,17.0,12.091283798217773,6400
2009-01-02,16.700000762939453,16.850000381469727,16.200000762939453,16.850000381469727,11.984594345092773,4300
2009-01-05,16.549999237060547,16.850000381469727,15.199999809265137,15.609999656677246,11.102640151977539,9400
2009-01-06,15.989999771118164,16.649999618530273,15.75,16.260000228881836,11.564955711364746,6600
2009-01-07,16.170000076293945,16.350000381469727,15.75,15.75,11.202218055725098,3200
2009-01-08,15.710000038146973,15.710000038146973,15.539999961853027,15.649999618530273,11.131094932556152,2100
2009-01-09,15.59000015258789,15.609999656677246,15.359999656677246,15.600000381469727,11.095532417297363,4300
2009-01-12,15.569999694824219,15.6899995803833,15.5,15.550000190734863,11.059966087341309,2500
2009-01-13,15.760000228881836,15.760000228881836,15.430000305175781,15.649999618530273,11.131094932556152,4200
2009-01-14,15.779999732971191,16.979999542236328,15.449999809265137,16.950000762939453,12.055719375610352,9200
2009-01-15,16.709999084472656,16.75,15.90999984741211,16.600000381469727,11.806783676147461,6100
2009-01-16,16.799999237060547,17.280000686645508,16.639999389648438,17.280000686645508,12.29043197631836,4900
2009-01-20,17.0,17.190000534057617,16.950000762939453,16.950000762939453,12.055719375610352,2600
2009-01-21,16.950000762939453,17.420000076293945,16.829999923706055,17.350000381469727,12.340219497680664,4200
2009-01-22,17.290000915527344,17.40999984741211,17.149999618530273,17.239999771118164,12.261981010437012,1500
2009-01-23,17.5,17.75,17.200000762939453,17.5,12.446907997131348,1600
2009-01-26,17.6200008392334,18.399999618530273,17.6200008392334,17.760000228881836,12.6318359375,6900
2009-01-27,17.940000534057617,18.100000381469727,17.420000076293945,17.799999237060547,12.66028118133545,5100
2009-01-28,17.850000381469727,18.0,17.600000381469727,17.700000762939453,12.589157104492188,5300
2009-01-29,17.68000030517578,17.75,17.450000762939453,17.6299991607666,12.539372444152832,1900
2009-01-30,17.6299991607666,17.6299991607666,17.6299991607666,17.6299991607666,12.539372444152832,0
2009-02-02,17.3799991607666,17.3799991607666,15.359999656677246,15.5,11.02440357208252,12400
2009-02-03,16.0,16.399999618530273,15.510000228881836,16.399999618530273,11.664535522460938,4800
2009-02-04,16.459999084472656,16.700000762939453,16.399999618530273,16.649999618530273,11.8423433303833,3800
2009-02-05,16.579999923706055,16.989999771118164,16.5,16.790000915527344,11.94191837310791,9900
2009-02-06,16.510000228881836,17.479999542236328,16.510000228881836,17.100000381469727,12.162405014038086,10300
2009-02-09,17.100000381469727,17.200000762939453,16.959999084472656,17.200000762939453,12.233534812927246,2300
2009-02-10,16.950000762939453,16.989999771118164,15.760000228881836,16.260000228881836,11.564955711364746,7700
2009-02-11,16.170000076293945,17.0,15.5,17.0,12.091283798217773,6700
2009-02-12,16.5,16.799999237060547,16.5,16.739999771118164,11.906356811523438,4900
2009-02-13,16.6299991607666,16.6299991607666,16.25,16.399999618530273,11.664535522460938,3600
2009-02-17,16.5,16.5,15.359999656677246,16.110000610351562,11.458269119262695,3200
2009-02-18,15.800000190734863,15.800000190734863,13.989999771118164,15.25,10.84659194946289,3100
2009-02-19,15.0600004196167,15.09000015258789,14.619999885559082,14.819999694824219,10.540755271911621,6900
2009-02-20,14.920000076293945,15.239999771118164,14.640000343322754,14.779999732971191,10.512301445007324,4000
2009-02-23,14.6899995803833,14.6899995803833,14.0600004196167,14.25,10.135339736938477,2900
2009-02-24,14.25,14.489999771118164,14.149999618530273,14.399999618530273,10.242027282714844,8100
2009-02-25,13.90999984741211,14.3100004196167,13.789999961853027,14.0,9.957525253295898,5300
2009-02-26,13.84000015258789,13.920000076293945,13.84000015258789,13.899999618530273,9.88640022277832,6600
2009-02-27,13.970000267028809,13.970000267028809,13.699999809265137,13.760000228881836,9.786827087402344,4300
2009-03-02,13.510000228881836,13.800000190734863,13.359999656677246,13.5,9.60190200805664,2800
2009-03-03,13.489999771118164,13.760000228881836,13.479999542236328,13.479999542236328,9.58767318725586,4700
2009-03-04,13.369999885559082,14.550000190734863,13.369999885559082,14.5,10.313155174255371,6900
2009-03-05,14.579999923706055,14.649999618530273,14.100000381469727,14.100000381469727,10.02865219116211,2500
2009-03-06,13.609999656677246,14.0,13.449999809265137,13.640000343322754,9.701475143432617,1000
2009-03-09,13.5,13.5,13.449999809265137,13.449999809265137,9.566336631774902,1000
2009-03-10,13.600000381469727,13.649999618530273,13.15999984741211,13.15999984741211,9.360075950622559,1900
2009-03-11,12.90999984741211,12.90999984741211,12.65999984741211,12.75,9.068462371826172,900
2009-03-12,12.949999809265137,13.050000190734863,12.850000381469727,13.0,9.246274948120117,3100
2009-03-13,13.09000015258789,13.100000381469727,12.800000190734863,13.0,9.246274948120117,2100
2009-03-16,13.010000228881836,13.010000228881836,13.010000228881836,13.010000228881836,9.25339126586914,400
2009-03-17,13.229999542236328,13.260000228881836,12.869999885559082,13.199999809265137,9.38852310180664,11300
2009-03-18,13.180000305175781,13.739999771118164,12.949999809265137,13.739999771118164,9.772600173950195,2100
2009-03-19,14.0,15.949999809265137,14.0,15.5600004196167,11.067076683044434,5200
2009-03-20,15.300000190734863,16.0,15.300000190734863,16.0,11.380030632019043,2000
2009-03-23,15.899999618530273,15.899999618530273,14.329999923706055,15.0,10.668779373168945,8100
2009-03-24,15.199999809265137,15.25,15.0,15.0,10.668779373168945,2900
2009-03-25,15.0,15.0,14.970000267028809,14.970000267028809,10.647439956665039,300
2009-03-26,15.050000190734863,15.149999618530273,14.949999809265137,15.050000190734863,10.70434284210205,7400
2009-03-27,15.050000190734863,15.050000190734863,14.699999809265137,14.949999809265137,10.633216857910156,600
2009-03-30,14.850000381469727,14.850000381469727,14.3100004196167,14.399999618530273,10.242027282714844,4200
2009-03-31,14.5,14.5,13.050000190734863,14.010000228881836,9.964638710021973,7500
2009-04-01,14.0,14.0,12.75,13.5,9.60190200805664,6300
2009-04-02,14.0,14.899999618530273,14.0,14.550000190734863,10.34871768951416,3900
2009-04-03,14.550000190734863,14.84000015258789,14.350000381469727,14.699999809265137,10.455402374267578,2700
2009-04-06,14.300000190734863,14.300000190734863,13.25,14.149999618530273,10.064215660095215,7300
2009-04-07,14.050000190734863,14.260000228881836,13.989999771118164,14.199999809265137,10.099777221679688,5300
2009-04-08,14.649999618530273,14.800000190734863,14.25,14.75,10.49096393585205,3900
2009-04-09,14.899999618530273,15.100000381469727,14.850000381469727,15.100000381469727,10.739901542663574,21100
2009-04-13,14.800000190734863,15.0,14.649999618530273,14.800000190734863,10.52652359008789,3000
2009-04-14,14.949999809265137,14.949999809265137,14.460000038146973,14.800000190734863,10.52652359008789,1900
2009-04-15,14.699999809265137,14.699999809265137,14.649999618530273,14.649999618530273,10.419839859008789,300
2009-04-16,14.75,14.850000381469727,14.649999618530273,14.84000015258789,10.554978370666504,700
2009-04-17,15.0,15.109999656677246,14.949999809265137,15.0,10.668779373168945,1800
2009-04-20,14.699999809265137,14.75,14.300000190734863,14.5,10.313155174255371,3000
2009-04-21,14.399999618530273,14.550000190734863,14.399999618530273,14.5,10.313155174255371,3700
2009-04-22,14.600000381469727,14.800000190734863,14.5,14.720000267028809,10.469630241394043,2700
2009-04-23,14.600000381469727,15.890000343322754,14.600000381469727,15.699999809265137,11.16665267944336,14000
2009-04-24,15.760000228881836,15.760000228881836,14.550000190734863,14.550000190734863,10.34871768951416,8900
2009-04-27,14.699999809265137,14.899999618530273,14.699999809265137,14.800000190734863,10.52652359008789,4300
2009-04-28,14.8100004196167,14.949999809265137,14.770000457763672,14.770000457763672,10.505187034606934,900
2009-04-29,15.0,15.84000015258789,15.0,15.449999809265137,10.988842964172363,6800
2009-04-30,15.399999618530273,15.399999618530273,14.75,14.75,10.49096393585205,2700
2009-05-01,15.0,15.5,15.0,15.100000381469727,10.739901542663574,3400
2009-05-04,15.119999885559082,15.319999694824219,15.0,15.319999694824219,10.896376609802246,4800
2009-05-05,15.319999694824219,15.319999694824219,15.0,15.300000190734863,10.882152557373047,2200
2009-05-06,15.350000381469727,15.5,15.25,15.270000457763672,10.860816955566406,2500
2009-05-07,15.5,15.9399995803833,15.5,15.779999732971191,11.223555564880371,4200
2009-05-08,15.930000305175781,15.930000305175781,15.25,15.800000190734863,11.237780570983887,9900
2009-05-11,15.0,15.100000381469727,14.899999618530273,14.899999618530273,10.59765338897705,4800
2009-05-12,15.199999809265137,15.25,15.0,15.0,10.668779373168945,1600
2009-05-13,14.949999809265137,15.5,14.8100004196167,15.0,10.668779373168945,10600
2009-05-14,15.25,15.449999809265137,14.0,14.119999885559082,10.042874336242676,17600
2009-05-15,13.789999961853027,14.149999618530273,13.789999961853027,14.0,9.957525253295898,16500
2009-05-18,14.0600004196167,14.850000381469727,14.0600004196167,14.800000190734863,10.52652359008789,5000
2009-05-19,14.960000038146973,15.550000190734863,14.819999694824219,15.399999618530273,10.953279495239258,6400
2009-05-20,15.9399995803833,15.9399995803833,15.380000114440918,15.710000038146973,11.173768997192383,5300
2009-05-21,15.649999618530273,15.75,14.649999618530273,14.649999618530273,10.419839859008789,18700
2009-05-22,14.800000190734863,15.470000267028809,14.800000190734863,15.25,10.84659194946289,9500
2009-05-26,15.25,15.949999809265137,15.149999618530273,15.949999809265137,11.344466209411621,14600
2009-05-27,15.989999771118164,16.149999618530273,15.75,15.9399995803833,11.337358474731445,8300
2009-05-28,16.049999237060547,16.049999237060547,16.049999237060547,16.049999237060547,11.4155912399292,400
2009-05-29,16.030000686645508,17.700000762939453,16.030000686645508,17.700000762939453,12.589157104492188,8300
2009-06-01,17.75,18.200000762939453,17.559999465942383,17.649999618530273,12.553594589233398,3200
2009-06-02,17.600000381469727,17.6299991607666,16.899999618530273,17.059999465942383,12.13395881652832,5900
2009-06-03,16.850000381469727,16.850000381469727,15.390000343322754,15.600000381469727,11.095532417297363,6200
2009-06-04,15.800000190734863,16.790000915527344,15.800000190734863,16.350000381469727,11.628972053527832,4900
2009-06-05,16.549999237060547,16.850000381469727,16.25,16.799999237060547,11.949033737182617,5200
2009-06-08,16.549999237060547,17.280000686645508,16.139999389648438,16.899999618530273,12.020153999328613,8400
2009-06-09,16.799999237060547,17.049999237060547,16.799999237060547,17.049999237060547,12.126842498779297,900
2009-06-10,17.18000030517578,17.18000030517578,16.350000381469727,16.600000381469727,11.806783676147461,7800
2009-06-11,16.850000381469727,17.799999237060547,16.850000381469727,17.799999237060547,12.66028118133545,3700
2009-06-12,17.899999618530273,17.899999618530273,17.700000762939453,17.700000762939453,12.589157104492188,1000
2009-06-15,17.950000762939453,17.950000762939453,17.5,17.780000686645508,12.6460599899292,3900
2009-06-16,17.600000381469727,17.739999771118164,17.309999465942383,17.649999618530273,12.553594589233398,3000
2009-06-17,17.350000381469727,17.350000381469727,16.850000381469727,17.010000228881836,12.098398208618164,1500
2009-06-18,16.760000228881836,16.889999389648438,16.6299991607666,16.8700008392334,11.998822212219238,6600
2009-06-19,17.0,17.25,16.520000457763672,17.25,12.269097328186035,2900
2009-06-22,17.0,17.0,16.549999237060547,16.549999237060547,11.771220207214355,900
2009-06-23,16.510000228881836,16.899999618530273,15.899999618530273,16.899999618530273,12.020153999328613,9500
2009-06-24,16.899999618530273,17.290000915527344,16.899999618530273,17.030000686645508,12.112617492675781,7500
2009-06-25,16.959999084472656,17.280000686645508,16.959999084472656,17.1200008392334,12.176629066467285,5200
2009-06-26,17.34000015258789,18.010000228881836,17.290000915527344,17.5,12.446907997131348,2400
2009-06-29,18.489999771118164,18.489999771118164,17.510000228881836,17.6299991607666,12.539372444152832,6500
2009-06-30,17.329999923706055,17.540000915527344,16.809999465942383,17.149999618530273,12.19797134399414,9700
2009-07-01,17.290000915527344,17.950000762939453,16.969999313354492,17.649999618530273,12.553594589233398,9100
2009-07-02,17.489999771118164,17.489999771118164,16.510000228881836,16.899999618530273,12.020153999328613,9700
2009-07-06,16.75,16.75,16.270000457763672,16.5,11.735655784606934,12900
2009-07-07,16.549999237060547,16.549999237060547,15.859999656677246,16.100000381469727,11.451154708862305,10200
2009-07-08,15.899999618530273,15.899999618530273,15.899999618530273,15.899999618530273,11.308900833129883,200
2009-07-09,16.149999618530273,16.149999618530273,16.149999618530273,16.149999618530273,11.486720085144043,100
2009-07-10,15.899999618530273,16.0,15.5,16.0,11.380030632019043,1900
2009-07-13,14.829999923706055,15.5,14.829999923706055,15.239999771118164,10.839478492736816,2700
2009-07-14,15.010000228881836,15.59000015258789,15.010000228881836,15.270000457763672,10.860816955566406,13700
2009-07-15,15.270000457763672,15.270000457763672,15.270000457763672,15.270000457763672,10.860816955566406,0
2009-07-16,15.050000190734863,15.40999984741211,14.949999809265137,15.100000381469727,10.739901542663574,7600
2009-07-17,15.34000015258789,15.600000381469727,15.220000267028809,15.600000381469727,11.095532417297363,3000
2009-07-20,15.850000381469727,16.350000381469727,15.850000381469727,16.350000381469727,11.628972053527832,1300
2009-07-21,16.100000381469727,16.5,16.010000228881836,16.5,11.735655784606934,9400
2009-07-22,16.34000015258789,16.639999389648438,16.100000381469727,16.350000381469727,11.628972053527832,9000
2009-07-23,16.09000015258789,16.100000381469727,15.550000190734863,16.100000381469727,11.451154708862305,2100
2009-07-24,15.850000381469727,15.850000381469727,15.600000381469727,15.600000381469727,11.095532417297363,1100
2009-07-27,15.600000381469727,15.850000381469727,15.5600004196167,15.569999694824219,11.074190139770508,2000
2009-07-28,15.699999809265137,15.899999618530273,15.529999732971191,15.850000381469727,11.273344993591309,800
2009-07-29,15.699999809265137,15.699999809265137,15.399999618530273,15.399999618530273,10.953279495239258,1400
2009-07-30,15.5,15.649999618530273,15.5,15.649999618530273,11.131094932556152,500
2009-07-31,15.899999618530273,15.899999618530273,15.649999618530273,15.800000190734863,11.237780570983887,1300
2009-08-03,15.899999618530273,16.149999618530273,15.899999618530273,16.0,11.380030632019043,1100
2009-08-04,16.190000534057617,16.549999237060547,16.190000534057617,16.350000381469727,11.628972053527832,1300
2009-08-05,16.299999237060547,17.0,16.299999237060547,16.950000762939453,12.055719375610352,11800
2009-08-06,17.0,17.200000762939453,16.510000228881836,17.200000762939453,12.233534812927246,1800
2009-08-07,17.200000762939453,17.75,17.15999984741211,17.649999618530273,12.553594589233398,3500
2009-08-10,17.530000686645508,17.760000228881836,17.530000686645508,17.610000610351562,12.525144577026367,1500
2009-08-11,17.450000762939453,17.75,17.450000762939453,17.75,12.624723434448242,1900
2009-08-12,17.450000762939453,17.600000381469727,17.350000381469727,17.399999618530273,12.375782012939453,2300
2009-08-13,17.65999984741211,18.850000381469727,17.34000015258789,18.549999237060547,13.193720817565918,9100
2009-08-14,18.489999771118164,19.260000228881836,18.260000228881836,19.100000381469727,13.584909439086914,11200
2009-08-17,19.0,19.5,18.719999313354492,19.149999618530273,13.62047290802002,5000
2009-08-18,19.350000381469727,19.350000381469727,18.700000762939453,18.950000762939453,13.478221893310547,2800
2009-08-19,18.719999313354492,18.770000457763672,18.530000686645508,18.770000457763672,13.350197792053223,1500
2009-08-20,18.350000381469727,18.75,18.049999237060547,18.450000762939453,13.122596740722656,2800
2009-08-21,18.75,19.059999465942383,18.75,18.950000762939453,13.478221893310547,11800
2009-08-24,19.520000457763672,20.81999969482422,19.0,20.110000610351562,14.30327320098877,14800
2009-08-25,20.149999618530273,20.149999618530273,20.049999237060547,20.049999237060547,14.260595321655273,1700
2009-08-26,20.0,20.200000762939453,19.559999465942383,19.899999618530273,14.153915405273438,4700
2009-08-27,19.549999237060547,19.65999984741211,18.950000762939453,19.450000762939453,13.833847999572754,5100
2009-08-28,19.5,19.549999237060547,19.5,19.549999237060547,13.9049711227417,2000
2009-08-31,19.0,19.600000381469727,19.0,19.549999237060547,13.9049711227417,3200
2009-09-01,19.450000762939453,19.450000762939453,18.93000030517578,18.93000030517578,13.463996887207031,2400
2009-09-02,18.700000762939453,18.75,18.450000762939453,18.75,13.33597469329834,400
2009-09-03,18.75,19.25,18.75,19.0,13.513788223266602,4500
2009-09-04,19.3799991607666,19.56999969482422,19.3799991607666,19.5,13.86941146850586,1200
2009-09-08,19.649999618530273,20.700000762939453,19.649999618530273,20.389999389648438,14.502426147460938,6900
2009-09-09,20.479999542236328,21.0,20.290000915527344,20.850000381469727,14.829598426818848,9400
2009-09-10,20.200000762939453,21.0,20.200000762939453,21.0,14.936284065246582,2500
2009-09-11,21.25,21.299999237060547,20.850000381469727,20.850000381469727,14.829598426818848,4400
2009-09-14,20.799999237060547,20.799999237060547,20.040000915527344,20.489999771118164,14.573552131652832,2700
2009-09-15,21.0,21.100000381469727,20.5,20.700000762939453,14.722916603088379,14800
2009-09-16,21.1200008392334,21.950000762939453,20.450000762939453,21.450000762939453,15.256356239318848,17300
2009-09-17,21.399999618530273,21.399999618530273,20.360000610351562,21.149999618530273,15.04297924041748,7400
2009-09-18,20.799999237060547,20.899999618530273,20.5,20.600000381469727,14.6517915725708,8300
2009-09-21,20.600000381469727,20.8799991607666,20.5,20.649999618530273,14.687352180480957,1900
2009-09-22,20.649999618530273,20.809999465942383,20.299999237060547,20.299999237060547,14.438417434692383,4200
2009-09-23,20.5,20.739999771118164,20.5,20.549999237060547,14.616228103637695,700
2009-09-24,19.950000762939453,20.440000534057617,19.899999618530273,20.25,14.402851104736328,1700
2009-09-25,20.110000610351562,20.110000610351562,20.0,20.0,14.225044250488281,1400
2009-09-28,19.979999542236328,20.75,19.979999542236328,20.600000381469727,14.6517915725708,12800
2009-09-29,20.450000762939453,20.450000762939453,20.020000457763672,20.239999771118164,14.395736694335938,3100
2009-09-30,20.0,20.059999465942383,20.0,20.049999237060547,14.260595321655273,1100
2009-10-01,20.0,20.0,19.969999313354492,19.969999313354492,14.20369815826416,10600
2009-10-02,19.940000534057617,20.329999923706055,19.829999923706055,19.979999542236328,14.210816383361816,27800
2009-10-05,20.049999237060547,20.43000030517578,20.049999237060547,20.299999237060547,14.438417434692383,16200
2009-10-06,20.6200008392334,20.6200008392334,20.299999237060547,20.549999237060547,14.616228103637695,1000
2009-10-07,21.079999923706055,21.75,20.700000762939453,21.100000381469727,15.007413864135742,11800
2009-10-08,21.0,23.34000015258789,20.979999542236328,23.25,16.53660774230957,23500
2009-10-09,23.049999237060547,23.690000534057617,22.920000076293945,23.200000762939453,16.501049041748047,12200
2009-10-12,22.969999313354492,23.84000015258789,22.969999313354492,23.239999771118164,16.529502868652344,11500
2009-10-13,23.600000381469727,23.600000381469727,23.350000381469727,23.350000381469727,16.60773277282715,2300
2009-10-14,23.75,23.799999237060547,23.649999618530273,23.770000457763672,16.906457901000977,3000
2009-10-15,24.200000762939453,24.200000762939453,23.649999618530273,24.0,17.070043563842773,3200
2009-10-16,24.15999984741211,24.200000762939453,24.0,24.06999969482422,17.119834899902344,7100
2009-10-19,24.549999237060547,24.579999923706055,23.969999313354492,24.280000686645508,17.269197463989258,3500
2009-10-20,24.280000686645508,24.280000686645508,23.6200008392334,23.649999618530273,16.821104049682617,3400
2009-10-21,23.700000762939453,23.729999542236328,23.68000030517578,23.729999542236328,16.878013610839844,3100
2009-10-22,23.65999984741211,23.65999984741211,22.010000228881836,22.479999542236328,15.988940238952637,29600
2009-10-23,22.65999984741211,23.030000686645508,22.450000762939453,23.030000686645508,16.380128860473633,11200
2009-10-26,22.68000030517578,23.700000762939453,22.68000030517578,23.049999237060547,16.394359588623047,10800
2009-10-27,23.079999923706055,23.420000076293945,22.549999237060547,23.149999618530273,16.465484619140625,7900
2009-10-28,22.899999618530273,23.149999618530273,22.600000381469727,22.770000457763672,16.195201873779297,8600
2009-10-29,23.0,23.3799991607666,22.600000381469727,22.600000381469727,16.074295043945312,5500
2009-10-30,22.780000686645508,23.059999465942383,22.5,22.700000762939453,16.145416259765625,7100
2009-11-02,22.690000534057617,23.5,22.510000228881836,23.149999618530273,16.465484619140625,11500
2009-11-03,23.149999618530273,24.0,23.149999618530273,24.0,17.070043563842773,10300
2009-11-04,24.360000610351562,24.81999969482422,24.25,24.5,17.42567253112793,6400
2009-11-05,24.3799991607666,24.610000610351562,24.25,24.600000381469727,17.496793746948242,2800
2009-11-06,24.40999984741211,24.600000381469727,24.149999618530273,24.510000228881836,17.432783126831055,1600
2009-11-09,24.5,24.979999542236328,24.0,24.25,17.247852325439453,7100
2009-11-10,24.5,25.110000610351562,24.5,25.049999237060547,17.81686019897461,5500
2009-11-11,25.15999984741211,25.18000030517578,24.350000381469727,24.549999237060547,17.461233139038086,3700
2009-11-12,24.540000915527344,24.649999618530273,24.540000915527344,24.649999618530273,17.532360076904297,200
2009-11-13,24.610000610351562,24.610000610351562,22.399999618530273,22.989999771118164,16.351682662963867,18300
2009-11-16,22.75,23.489999771118164,22.06999969482422,22.959999084472656,16.330345153808594,14500
2009-11-17,22.989999771118164,23.049999237060547,22.989999771118164,23.030000686645508,16.380128860473633,1800
2009-11-18,22.969999313354492,23.459999084472656,22.799999237060547,23.459999084472656,16.685972213745117,2800
2009-11-19,23.350000381469727,23.389999389648438,23.100000381469727,23.100000381469727,16.429916381835938,1200
2009-11-20,23.100000381469727,23.100000381469727,22.81999969482422,23.010000228881836,16.365907669067383,2700
2009-11-23,23.200000762939453,23.239999771118164,23.110000610351562,23.110000610351562,16.437034606933594,2400
2009-11-24,23.0,23.0,22.25,22.25,15.825355529785156,3400
2009-11-25,22.290000915527344,22.989999771118164,22.25,22.450000762939453,15.967604637145996,4600
2009-11-27,21.93000030517578,21.979999542236328,21.56999969482422,21.649999618530273,15.749366760253906,1100
2009-11-30,21.670000076293945,21.670000076293945,20.75,20.760000228881836,15.101933479309082,5800
2009-12-01,20.969999313354492,21.190000534057617,20.969999313354492,21.0,15.276525497436523,1900
2009-12-02,21.0,21.09000015258789,20.100000381469727,20.1200008392334,14.63636589050293,6000
2009-12-03,20.389999389648438,20.450000762939453,19.549999237060547,20.219999313354492,14.709114074707031,9400
2009-12-04,20.25,20.450000762939453,19.5,19.850000381469727,14.439952850341797,9400
2009-12-07,19.899999618530273,20.110000610351562,19.25,19.639999389648438,14.287185668945312,5400
2009-12-08,19.56999969482422,19.700000762939453,19.450000762939453,19.450000762939453,14.148967742919922,1900
2009-12-09,19.399999618530273,19.719999313354492,19.18000030517578,19.25,14.003482818603516,1700
2009-12-10,19.219999313354492,19.75,19.219999313354492,19.75,14.367208480834961,2900
2009-12-11,19.610000610351562,19.75,19.40999984741211,19.56999969482422,14.236266136169434,2100
2009-12-14,19.649999618530273,20.459999084472656,19.649999618530273,19.75,14.367208480834961,6200
2009-12-15,19.899999618530273,20.899999618530273,19.899999618530273,20.600000381469727,14.985543251037598,6500
2009-12-16,20.520000457763672,20.850000381469727,20.200000762939453,20.59000015258789,14.978270530700684,10900
2009-12-17,20.170000076293945,20.440000534057617,20.149999618530273,20.200000762939453,14.694558143615723,1600
2009-12-18,20.299999237060547,20.709999084472656,19.5,20.350000381469727,14.803674697875977,18600
2009-12-21,20.350000381469727,21.350000381469727,20.350000381469727,20.899999618530273,15.203777313232422,4100
2009-12-22,21.0,21.25,20.649999618530273,20.850000381469727,15.167400360107422,3600
2009-12-23,20.93000030517578,21.540000915527344,20.93000030517578,21.510000228881836,15.647523880004883,5500
2009-12-24,21.549999237060547,21.700000762939453,20.40999984741211,21.649999618530273,15.749366760253906,5000
2009-12-28,21.899999618530273,22.25,21.25,21.25,15.458388328552246,3600
2009-12-29,21.389999389648438,22.350000381469727,21.25,21.25,15.458388328552246,11900
2009-12-30,21.450000762939453,22.0,21.34000015258789,22.0,16.00397491455078,8000
2009-12-31,22.299999237060547,22.299999237060547,21.790000915527344,22.049999237060547,16.04034996032715,7600
2010-01-04,22.18000030517578,23.0,22.18000030517578,22.8799991607666,16.644134521484375,5700
2010-01-05,22.829999923706055,23.200000762939453,22.600000381469727,23.0,16.73143196105957,7700
2010-01-06,23.170000076293945,23.299999237060547,22.0,22.559999465942383,16.411354064941406,9700
2010-01-07,22.3700008392334,22.3700008392334,21.299999237060547,22.239999771118164,16.178560256958008,5200
2010-01-08,22.030000686645508,22.170000076293945,21.75,22.170000076293945,16.127647399902344,2100
2010-01-11,22.600000381469727,22.600000381469727,21.75,21.75,15.822111129760742,3500
2010-01-12,21.459999084472656,21.549999237060547,21.299999237060547,21.299999237060547,15.494763374328613,2900
2010-01-13,21.100000381469727,21.25,21.079999923706055,21.139999389648438,15.378363609313965,1500
2010-01-14,21.200000762939453,23.389999389648438,20.649999618530273,20.649999618530273,15.021915435791016,33200
2010-01-15,20.700000762939453,21.90999984741211,20.31999969482422,21.75,15.822111129760742,43500
2010-01-19,21.520000457763672,21.950000762939453,21.25,21.8700008392334,15.909405708312988,10800
2010-01-20,21.790000915527344,22.239999771118164,21.299999237060547,21.40999984741211,15.57478141784668,10300
2010-01-21,21.459999084472656,21.940000534057617,21.299999237060547,21.450000762939453,15.603879928588867,15700
2010-01-22,21.43000030517578,21.43000030517578,20.530000686645508,20.889999389648438,15.196502685546875,4600
2010-01-25,20.829999923706055,21.149999618530273,20.510000228881836,21.049999237060547,15.312894821166992,12800
2010-01-26,20.979999542236328,21.260000228881836,20.049999237060547,21.260000228881836,15.46566390991211,6400
2010-01-27,21.110000610351562,21.1200008392334,20.84000015258789,20.979999542236328,15.261975288391113,4400
2010-01-28,20.93000030517578,21.020000457763672,19.860000610351562,21.0,15.276525497436523,6000
2010-01-29,21.09000015258789,21.239999771118164,20.75,21.0,15.276525497436523,3600
2010-02-01,21.059999465942383,21.75,20.829999923706055,21.549999237060547,15.676619529724121,5100
2010-02-02,21.530000686645508,21.850000381469727,21.3799991607666,21.850000381469727,15.894856452941895,3500
2010-02-03,21.809999465942383,22.200000762939453,21.350000381469727,21.690000534057617,15.778462409973145,5100
2010-02-04,21.5,21.579999923706055,20.799999237060547,20.899999618530273,15.203777313232422,4200
2010-02-05,20.8799991607666,20.8799991607666,20.5,20.5,14.912796020507812,400
2010-02-08,20.700000762939453,20.700000762939453,20.389999389648438,20.700000762939453,15.058295249938965,900
2010-02-09,20.25,20.899999618530273,20.049999237060547,20.760000228881836,15.101933479309082,5200
2010-02-10,20.670000076293945,20.899999618530273,20.25,20.899999618530273,15.203777313232422,3700
2010-02-11,20.600000381469727,21.459999084472656,20.600000381469727,21.010000228881836,15.283801078796387,3500
2010-02-12,21.25,21.690000534057617,21.040000915527344,21.399999618530273,15.5675048828125,5000
2010-02-16,21.5,22.110000610351562,21.5,22.110000610351562,16.083993911743164,15400
2010-02-17,22.479999542236328,23.0,21.469999313354492,21.520000457763672,15.654803276062012,5300
2010-02-18,21.75,22.139999389648438,21.75,22.139999389648438,16.105823516845703,1300
2010-02-19,22.06999969482422,22.200000762939453,22.06999969482422,22.079999923706055,16.062171936035156,500
2010-02-22,22.0,22.239999771118164,21.510000228881836,22.200000762939453,16.149465560913086,2800
2010-02-23,22.200000762939453,22.200000762939453,22.200000762939453,22.200000762939453,16.149465560913086,0
2010-02-24,21.549999237060547,21.790000915527344,21.34000015258789,21.790000915527344,15.851213455200195,800
2010-02-25,21.299999237060547,21.450000762939453,21.0,21.440000534057617,15.596603393554688,3100
2010-02-26,21.5,21.950000762939453,21.229999542236328,21.290000915527344,15.48748779296875,2300
2010-03-01,21.549999237060547,22.0,21.479999542236328,21.969999313354492,15.982154846191406,4500
2010-03-02,21.84000015258789,22.0,21.709999084472656,21.709999084472656,15.793017387390137,3500
2010-03-03,22.030000686645508,22.350000381469727,21.770000457763672,22.350000381469727,16.258588790893555,1100
2010-03-04,22.229999542236328,22.229999542236328,21.56999969482422,21.81999969482422,15.873035430908203,3000
2010-03-05,22.040000915527344,22.25,22.040000915527344,22.200000762939453,16.149465560913086,2900
2010-03-08,22.25,22.700000762939453,22.139999389648438,22.559999465942383,16.411354064941406,2400
2010-03-09,22.229999542236328,22.670000076293945,22.149999618530273,22.309999465942383,16.22948455810547,1000
2010-03-10,22.31999969482422,22.700000762939453,22.31999969482422,22.700000762939453,16.513206481933594,500
2010-03-11,22.649999618530273,22.899999618530273,22.399999618530273,22.899999618530273,16.658679962158203,900
2010-03-12,22.5,22.850000381469727,22.299999237060547,22.299999237060547,16.222209930419922,1000
2010-03-15,22.100000381469727,22.100000381469727,22.100000381469727,22.100000381469727,16.076725006103516,200
2010-03-16,22.889999389648438,22.889999389648438,22.479999542236328,22.600000381469727,16.440452575683594,500
2010-03-17,21.700000762939453,23.25,20.40999984741211,22.75,16.549571990966797,4300
2010-03-18,22.950000762939453,22.950000762939453,22.350000381469727,22.350000381469727,16.258588790893555,1700
2010-03-19,21.0,22.450000762939453,21.0,21.0,15.276525497436523,3800
2010-03-22,20.770000457763672,21.25,20.5,21.100000381469727,15.349268913269043,2100
2010-03-23,21.0,21.010000228881836,19.479999542236328,19.920000076293945,14.490873336791992,10400
2010-03-24,19.5,19.90999984741211,19.200000762939453,19.5,14.185342788696289,8200
2010-03-25,19.25,19.5,19.0,19.329999923706055,14.061674118041992,9300
2010-03-26,19.600000381469727,19.600000381469727,18.549999237060547,18.899999618530273,13.748871803283691,6000
2010-03-29,18.93000030517578,19.0,18.600000381469727,18.600000381469727,13.530635833740234,3500
2010-03-30,18.219999313354492,18.479999542236328,17.8700008392334,17.8799991607666,13.006868362426758,8200
2010-03-31,17.75,17.75,17.399999618530273,17.5,12.730435371398926,6500
2010-04-01,17.510000228881836,18.5,17.510000228881836,18.440000534057617,13.414241790771484,11900
2010-04-05,18.75,19.350000381469727,18.510000228881836,19.25,14.003482818603516,9400
2010-04-06,19.469999313354492,19.75,19.1200008392334,19.25,14.003482818603516,12300
2010-04-07,19.440000534057617,19.600000381469727,19.0,19.299999237060547,14.039855003356934,3400
2010-04-08,19.31999969482422,19.479999542236328,18.940000534057617,18.950000762939453,13.785245895385742,4700
2010-04-09,19.049999237060547,19.700000762939453,19.049999237060547,19.579999923706055,14.243539810180664,3800
2010-04-12,19.799999237060547,19.90999984741211,19.309999465942383,19.309999465942383,14.047124862670898,1600
2010-04-13,19.399999618530273,19.399999618530273,19.149999618530273,19.219999313354492,13.98165512084961,400
2010-04-14,19.5,19.889999389648438,19.5,19.700000762939453,14.330836296081543,1600
2010-04-15,19.950000762939453,19.950000762939453,19.5,19.75,14.367208480834961,2300
2010-04-16,19.600000381469727,19.899999618530273,19.3799991607666,19.489999771118164,14.178068161010742,3500
2010-04-19,19.25,19.450000762939453,19.25,19.450000762939453,14.148967742919922,3200
2010-04-20,19.729999542236328,19.850000381469727,19.729999542236328,19.75,14.367208480834961,2000
2010-04-21,19.75,19.920000076293945,19.25,19.25,14.003482818603516,3400
2010-04-22,19.200000762939453,19.270000457763672,19.010000228881836,19.010000228881836,13.828893661499023,1000
2010-04-23,19.25,19.5,19.200000762939453,19.350000381469727,14.076224327087402,3200
2010-04-26,19.200000762939453,19.329999923706055,19.100000381469727,19.190000534057617,13.959833145141602,2900
2010-04-27,19.049999237060547,19.200000762939453,18.760000228881836,18.760000228881836,13.647027015686035,5800
2010-04-28,18.75,18.899999618530273,18.719999313354492,18.899999618530273,13.748871803283691,2500
2010-04-29,18.75,19.0,18.75,18.969999313354492,13.799795150756836,2600
2010-04-30,19.299999237060547,19.350000381469727,18.90999984741211,18.90999984741211,13.756144523620605,4000
2010-05-03,19.260000228881836,19.260000228881836,18.75,19.110000610351562,13.90163516998291,8400
2010-05-04,18.799999237060547,19.06999969482422,18.75,18.780000686645508,13.661572456359863,14100
2010-05-05,18.75,18.8799991607666,17.520000457763672,17.549999237060547,12.766807556152344,10600
2010-05-06,17.979999542236328,17.979999542236328,17.5,17.510000228881836,12.737710952758789,1600
2010-05-07,17.739999771118164,17.739999771118164,17.040000915527344,17.040000915527344,12.395809173583984,1200
2010-05-10,17.3799991607666,17.75,17.1299991607666,17.34000015258789,12.614044189453125,1500
2010-05-11,17.1299991607666,17.1299991607666,16.600000381469727,16.860000610351562,12.264863014221191,4300
2010-05-12,17.100000381469727,17.579999923706055,16.850000381469727,17.200000762939453,12.512201309204102,8300
2010-05-13,17.479999542236328,17.75,17.0,17.0,12.36670970916748,8400
2010-05-14,17.600000381469727,17.600000381469727,16.25,16.25,11.821122169494629,5000
2010-05-17,16.510000228881836,16.739999771118164,16.420000076293945,16.739999771118164,12.177573204040527,1100
2010-05-18,16.68000030517578,16.950000762939453,16.549999237060547,16.899999618530273,12.293962478637695,5100
2010-05-19,16.700000762939453,16.770000457763672,16.25,16.469999313354492,11.981159210205078,1800
2010-05-20,16.1200008392334,16.450000762939453,16.1200008392334,16.450000762939453,11.966607093811035,6200
2010-05-21,16.450000762939453,16.5,16.049999237060547,16.049999237060547,11.675627708435059,4200
2010-05-24,16.25,16.309999465942383,15.75,15.75,11.457389831542969,5000
2010-05-25,15.75,15.869999885559082,15.25,15.75,11.457389831542969,3200
2010-05-26,15.899999618530273,16.25,15.40999984741211,16.0,11.639257431030273,5700
2010-05-27,16.25,17.299999237060547,16.25,17.200000762939453,12.512201309204102,6300
2010-05-28,17.290000915527344,17.75,17.0,17.0,12.36670970916748,5600
2010-06-01,16.979999542236328,17.25,16.979999542236328,17.0,12.36670970916748,2900
2010-06-02,17.100000381469727,17.739999771118164,17.100000381469727,17.739999771118164,12.905025482177734,2200
2010-06-03,17.75,18.25,17.719999313354492,18.200000762939453,13.23965072631836,10600
2010-06-04,17.989999771118164,18.25,16.6299991607666,17.110000610351562,12.446732521057129,15100
2010-06-07,17.40999984741211,17.450000762939453,16.649999618530273,16.709999084472656,12.155747413635254,4600
2010-06-08,17.0,17.0,16.399999618530273,16.399999618530273,11.930242538452148,2300
2010-06-09,16.889999389648438,16.889999389648438,16.5,16.5,12.002981185913086,600
2010-06-10,16.799999237060547,16.799999237060547,16.549999237060547,16.549999237060547,12.039353370666504,8700
2010-06-11,16.93000030517578,16.969999313354492,16.549999237060547,16.600000381469727,12.075728416442871,1300
2010-06-14,17.25,17.25,16.729999542236328,17.09000015258789,12.432177543640137,2700
2010-06-15,16.860000610351562,17.239999771118164,16.700000762939453,16.920000076293945,12.308515548706055,900
2010-06-16,17.25,17.25,16.799999237060547,16.809999465942383,12.228489875793457,900
2010-06-17,17.100000381469727,17.100000381469727,16.510000228881836,16.510000228881836,12.010259628295898,2700
2010-06-18,16.700000762939453,18.450000762939453,16.520000457763672,18.440000534057617,13.414241790771484,6100
2010-06-21,18.700000762939453,18.700000762939453,17.75,17.950000762939453,13.057791709899902,3700
2010-06-22,17.889999389648438,18.239999771118164,17.850000381469727,18.239999771118164,13.268755912780762,1400
2010-06-23,17.8799991607666,18.190000534057617,17.75,17.75,12.912300109863281,1200
2010-06-24,17.75,17.75,17.1200008392334,17.549999237060547,12.766807556152344,1700
2010-06-25,17.299999237060547,17.75,17.110000610351562,17.729999542236328,12.897748947143555,2500
2010-06-28,17.969999313354492,18.0,17.549999237060547,17.8700008392334,12.999588966369629,2000
2010-06-29,17.75,17.75,17.520000457763672,17.520000457763672,12.74498176574707,500
2010-06-30,17.280000686645508,18.239999771118164,17.25,18.0,13.09416389465332,3100
2010-07-01,18.25,18.450000762939453,17.979999542236328,18.0,13.09416389465332,2700
2010-07-02,18.489999771118164,18.489999771118164,18.260000228881836,18.350000381469727,13.348773002624512,700
2010-07-06,18.350000381469727,18.979999542236328,18.040000915527344,18.979999542236328,13.807068824768066,9700
2010-07-07,18.979999542236328,19.799999237060547,18.979999542236328,19.600000381469727,14.258094787597656,17600
2010-07-08,19.549999237060547,19.90999984741211,19.549999237060547,19.90999984741211,14.483598709106445,2500
2010-07-09,19.610000610351562,20.049999237060547,19.0,19.799999237060547,14.403576850891113,8500
2010-07-12,19.84000015258789,19.84000015258789,19.549999237060547,19.549999237060547,14.221714973449707,2000
2010-07-13,19.549999237060547,19.549999237060547,19.290000915527344,19.549999237060547,14.221714973449707,600
2010-07-14,19.5,19.5,19.3700008392334,19.3700008392334,14.090771675109863,600
2010-07-15,19.5,20.75,19.5,20.389999389648438,14.832779884338379,5000
2010-07-16,20.729999542236328,21.209999084472656,20.280000686645508,20.899999618530273,15.203777313232422,5900
2010-07-19,20.719999313354492,20.719999313354492,20.110000610351562,20.110000610351562,14.6290864944458,4700
2010-07-20,20.309999465942383,20.799999237060547,20.139999389648438,20.299999237060547,14.767308235168457,21800
2010-07-21,20.149999618530273,20.5,20.0,20.350000381469727,14.803674697875977,6400
2010-07-22,20.90999984741211,21.010000228881836,20.510000228881836,20.969999313354492,15.25469970703125,1200
2010-07-23,20.260000228881836,20.729999542236328,20.260000228881836,20.6299991607666,15.007369041442871,4800
2010-07-26,20.5,21.200000762939453,20.5,20.950000762939453,15.240156173706055,4200
2010-07-27,21.399999618530273,21.489999771118164,21.399999618530273,21.399999618530273,15.5675048828125,1600
2010-07-28,21.450000762939453,21.450000762939453,21.200000762939453,21.200000762939453,15.422017097473145,600
2010-07-29,21.200000762939453,21.200000762939453,21.200000762939453,21.200000762939453,15.422017097473145,0
2010-07-30,21.25,21.25,21.0,21.049999237060547,15.312894821166992,3200
2010-08-02,21.25,21.489999771118164,20.899999618530273,21.0,15.276525497436523,10100
2010-08-03,21.059999465942383,21.15999984741211,20.459999084472656,20.600000381469727,14.985543251037598,6700
2010-08-04,20.6200008392334,20.6200008392334,20.299999237060547,20.5,14.912796020507812,4800
2010-08-05,20.579999923706055,20.75,20.299999237060547,20.510000228881836,14.920074462890625,1400
2010-08-06,20.600000381469727,20.600000381469727,20.350000381469727,20.350000381469727,14.803674697875977,1600
2010-08-09,20.5,20.760000228881836,20.290000915527344,20.350000381469727,14.803674697875977,2500
2010-08-10,20.25,20.31999969482422,19.790000915527344,20.31999969482422,14.781852722167969,1200
2010-08-11,20.290000915527344,20.290000915527344,20.290000915527344,20.290000915527344,14.760029792785645,200
2010-08-12,20.25,20.25,19.239999771118164,19.239999771118164,13.996204376220703,6800
2010-08-13,19.5,19.5,18.399999618530273,18.399999618530273,13.385148048400879,1800
2010-08-16,18.270000457763672,18.729999542236328,17.84000015258789,17.84000015258789,12.977766036987305,1800
2010-08-17,17.389999389648438,18.5,17.389999389648438,18.389999389648438,13.377866744995117,3000
2010-08-18,18.06999969482422,18.459999084472656,18.06999969482422,18.459999084472656,13.428790092468262,200
2010-08-19,18.43000030517578,18.440000534057617,18.43000030517578,18.440000534057617,13.414241790771484,400
2010-08-20,18.299999237060547,18.299999237060547,17.75,17.979999542236328,13.07961654663086,1800
2010-08-23,17.600000381469727,18.100000381469727,17.540000915527344,17.59000015258789,12.795906066894531,7000
2010-08-24,17.299999237060547,17.5,17.0,17.5,12.730435371398926,1200
2010-08-25,17.5,17.510000228881836,16.600000381469727,17.149999618530273,12.475831985473633,4900
2010-08-26,17.0,17.350000381469727,17.0,17.149999618530273,12.475831985473633,1200
2010-08-27,17.170000076293945,17.299999237060547,17.170000076293945,17.170000076293945,12.490375518798828,3600
2010-08-30,16.81999969482422,17.100000381469727,16.81999969482422,16.8700008392334,12.272141456604004,1200
2010-08-31,17.09000015258789,17.100000381469727,16.75,17.0,12.36670970916748,2600
2010-09-01,17.139999389648438,17.149999618530273,16.719999313354492,16.719999313354492,12.163021087646484,2100
2010-09-02,16.649999618530273,17.0,16.649999618530273,16.700000762939453,12.148473739624023,3400
2010-09-03,16.75,16.950000762939453,16.649999618530273,16.950000762939453,12.330338478088379,1400
2010-09-07,16.799999237060547,16.799999237060547,16.709999084472656,16.709999084472656,12.155747413635254,200
2010-09-08,16.979999542236328,16.979999542236328,16.709999084472656,16.75,12.184844970703125,400
2010-09-09,16.75,17.149999618530273,16.75,17.1299991607666,12.46127700805664,700
2010-09-10,17.25,17.299999237060547,17.239999771118164,17.299999237060547,12.584945678710938,500
2010-09-13,17.299999237060547,17.799999237060547,17.299999237060547,17.610000610351562,12.810454368591309,1700
2010-09-14,17.399999618530273,18.25,17.399999618530273,18.25,13.276025772094727,2400
2010-09-15,18.25,18.260000228881836,18.0,18.260000228881836,13.28330135345459,3800
2010-09-16,18.5,18.5,18.049999237060547,18.489999771118164,13.450613975524902,500
2010-09-17,18.719999313354492,18.719999313354492,17.350000381469727,17.350000381469727,12.621316909790039,2700
2010-09-20,17.670000076293945,17.709999084472656,17.299999237060547,17.579999923706055,12.788633346557617,10400
2010-09-21,17.399999618530273,17.889999389648438,17.290000915527344,17.290000915527344,12.57767105102539,5900
2010-09-22,17.200000762939453,17.200000762939453,16.600000381469727,17.100000381469727,12.439455032348633,7700
2010-09-23,17.100000381469727,17.100000381469727,17.100000381469727,17.100000381469727,12.439455032348633,0
2010-09-24,16.850000381469727,17.56999969482422,16.850000381469727,17.049999237060547,12.403079986572266,11600
2010-09-27,17.010000228881836,17.010000228881836,16.809999465942383,16.899999618530273,12.293962478637695,14000
2010-09-28,16.600000381469727,17.559999465942383,16.0,17.559999465942383,12.774080276489258,62800
2010-09-29,17.719999313354492,19.079999923706055,17.719999313354492,18.450000762939453,13.421515464782715,14400
2010-09-30,18.84000015258789,18.84000015258789,17.75,17.75,12.912300109863281,4600
2010-10-01,17.989999771118164,18.25,17.860000610351562,18.06999969482422,13.145087242126465,1700
2010-10-04,18.299999237060547,19.0,18.299999237060547,18.700000762939453,13.603379249572754,2700
2010-10-05,18.780000686645508,18.799999237060547,18.770000457763672,18.770000457763672,13.654303550720215,1200
2010-10-06,19.25,19.299999237060547,19.0,19.100000381469727,13.894356727600098,3100
2010-10-07,19.399999618530273,19.649999618530273,18.950000762939453,19.649999618530273,14.294459342956543,3300
2010-10-08,19.649999618530273,20.0,19.610000610351562,19.920000076293945,14.490873336791992,3600
2010-10-11,18.149999618530273,19.25,18.149999618530273,19.0,13.821615219116211,10800
2010-10-12,19.25,19.25,19.0,19.0,13.821615219116211,300
2010-10-13,19.350000381469727,19.450000762939453,19.049999237060547,19.34000015258789,14.068951606750488,2400
2010-10-14,19.100000381469727,19.149999618530273,18.799999237060547,18.799999237060547,13.676122665405273,1400
2010-10-15,19.0,19.0,18.799999237060547,18.799999237060547,13.676122665405273,500
2010-10-18,19.040000915527344,19.25,18.850000381469727,19.0,13.821615219116211,2000
2010-10-19,18.979999542236328,19.0,18.799999237060547,18.989999771118164,13.814339637756348,4100
2010-10-20,18.979999542236328,19.25,18.75,19.200000762939453,13.967107772827148,2600
2010-10-21,19.200000762939453,19.200000762939453,19.200000762939453,19.200000762939453,13.967107772827148,0
2010-10-22,19.25,20.25,19.100000381469727,19.329999923706055,14.061674118041992,8200
2010-10-25,19.399999618530273,20.190000534057617,19.149999618530273,19.200000762939453,13.967107772827148,7300
2010-10-26,19.0,19.540000915527344,19.0,19.049999237060547,13.857988357543945,5400
2010-10-27,19.200000762939453,19.209999084472656,18.860000610351562,19.209999084472656,13.974380493164062,1800
2010-10-28,19.219999313354492,19.860000610351562,19.219999313354492,19.860000610351562,14.447224617004395,1300
2010-10-29,19.43000030517578,19.700000762939453,19.229999542236328,19.600000381469727,14.258094787597656,3000
2010-11-01,19.600000381469727,19.709999084472656,19.3700008392334,19.709999084472656,14.338104248046875,3000
2010-11-02,19.700000762939453,19.979999542236328,19.6299991607666,19.770000457763672,14.381755828857422,5200
2010-11-03,19.799999237060547,20.25,19.799999237060547,20.149999618530273,14.658187866210938,5200
2010-11-04,20.5,21.100000381469727,20.5,20.989999771118164,15.269250869750977,6000
2010-11-05,21.100000381469727,21.100000381469727,20.5,20.760000228881836,15.101933479309082,6000
2010-11-08,20.940000534057617,21.399999618530273,20.600000381469727,21.399999618530273,15.5675048828125,11900
2010-11-09,21.850000381469727,22.270000457763672,21.600000381469727,21.649999618530273,15.749366760253906,8200
2010-11-10,21.780000686645508,22.200000762939453,21.700000762939453,21.75,15.822111129760742,7900
2010-11-11,22.100000381469727,22.600000381469727,22.100000381469727,22.600000381469727,16.440452575683594,4600
2010-11-12,22.5,24.950000762939453,22.299999237060547,23.479999542236328,17.080612182617188,20900
2010-11-15,23.860000610351562,24.719999313354492,22.719999313354492,23.420000076293945,17.036962509155273,20900
2010-11-16,23.399999618530273,23.75,22.450000762939453,22.799999237060547,16.5859432220459,21200
2010-11-17,23.040000915527344,23.040000915527344,22.81999969482422,22.81999969482422,16.60048484802246,4200
2010-11-18,23.31999969482422,23.450000762939453,22.75,23.309999465942383,16.956947326660156,27300
2010-11-19,23.700000762939453,23.700000762939453,23.200000762939453,23.59000015258789,17.160629272460938,9300
2010-11-22,23.649999618530273,24.0,22.899999618530273,23.549999237060547,17.13153076171875,6600
2010-11-23,23.100000381469727,23.100000381469727,22.75,22.90999984741211,16.665958404541016,13300
2010-11-24,23.0,23.399999618530273,22.899999618530273,23.25,16.913297653198242,10800
2010-11-26,23.719999313354492,24.170000076293945,23.260000228881836,23.700000762939453,17.24064826965332,5800
2010-11-29,23.600000381469727,23.600000381469727,22.75,23.280000686645508,17.329980850219727,4300
2010-11-30,22.700000762939453,23.25,22.200000762939453,23.149999618530273,17.233203887939453,12500
2010-12-01,23.399999618530273,23.399999618530273,23.0,23.200000762939453,17.270431518554688,23500
2010-12-02,23.299999237060547,23.75,23.149999618530273,23.690000534057617,17.63518714904785,7100
2010-12-03,23.75,23.790000915527344,23.450000762939453,23.700000762939453,17.642629623413086,8900
2010-12-06,23.700000762939453,24.0,23.200000762939453,23.540000915527344,17.52352523803711,4800
2010-12-07,23.65999984741211,23.65999984741211,23.0,23.0,17.121543884277344,1400
2010-12-08,22.549999237060547,23.100000381469727,22.549999237060547,23.100000381469727,17.195981979370117,11500
2010-12-09,23.190000534057617,23.200000762939453,22.850000381469727,23.100000381469727,17.195981979370117,2400
2010-12-10,23.350000381469727,23.5,23.049999237060547,23.049999237060547,17.15876579284668,2800
2010-12-13,23.440000534057617,23.489999771118164,23.0,23.0,17.121543884277344,4100
2010-12-14,23.5,23.5,22.5,22.5,16.74933624267578,1700
2010-12-15,22.5,22.5,21.56999969482422,21.75,16.19102668762207,7700
2010-12-16,21.440000534057617,22.5,21.440000534057617,22.31999969482422,16.61534309387207,4600
2010-12-17,22.649999618530273,23.399999618530273,21.850000381469727,22.399999618530273,16.67490005493164,3900
2010-12-20,22.399999618530273,23.25,22.399999618530273,22.84000015258789,17.00244140625,5200
2010-12-21,22.700000762939453,23.5,22.700000762939453,23.149999618530273,17.233203887939453,8500
2010-12-22,23.139999389648438,23.399999618530273,23.010000228881836,23.219999313354492,17.28531265258789,10400
2010-12-23,23.020000457763672,23.770000457763672,23.020000457763672,23.299999237060547,17.344867706298828,5100
2010-12-27,23.280000686645508,23.280000686645508,23.010000228881836,23.010000228881836,17.128986358642578,1600
2010-12-28,23.229999542236328,23.809999465942383,23.190000534057617,23.75,17.679855346679688,9600
2010-12-29,23.389999389648438,25.0,23.389999389648438,24.700000762939453,18.38704490661621,18200
2010-12-30,24.350000381469727,24.5,23.75,24.149999618530273,17.977617263793945,10400
2010-12-31,24.3799991607666,24.5,24.110000610351562,24.31999969482422,18.104169845581055,2100
2011-01-03,24.110000610351562,24.75,24.110000610351562,24.489999771118164,18.230724334716797,9200
2011-01-04,24.84000015258789,24.860000610351562,24.0,24.110000610351562,17.947839736938477,11900
2011-01-05,23.729999542236328,24.420000076293945,23.229999542236328,24.420000076293945,18.17860984802246,2700
2011-01-06,24.0,24.1200008392334,24.0,24.1200008392334,17.955286026000977,2300
2011-01-07,24.110000610351562,24.260000228881836,23.649999618530273,23.649999618530273,17.60541343688965,4600
2011-01-10,23.8799991607666,24.40999984741211,23.540000915527344,24.200000762939453,18.014841079711914,5600
2011-01-11,24.329999923706055,24.75,24.329999923706055,24.739999771118164,18.416820526123047,2400
2011-01-12,24.739999771118164,25.959999084472656,24.739999771118164,25.719999313354492,19.146352767944336,4000
2011-01-13,25.280000686645508,25.899999618530273,25.200000762939453,25.260000228881836,18.803916931152344,4200
2011-01-14,25.299999237060547,25.799999237060547,25.139999389648438,25.510000228881836,18.990020751953125,2700
2011-01-18,25.25,25.670000076293945,24.760000228881836,25.110000610351562,18.6922550201416,2800
2011-01-19,25.489999771118164,25.5,25.0,25.350000381469727,18.87091636657715,1600
2011-01-20,24.950000762939453,24.959999084472656,24.649999618530273,24.670000076293945,18.36471176147461,2000
2011-01-21,24.670000076293945,24.670000076293945,24.670000076293945,24.670000076293945,18.36471176147461,0
2011-01-24,24.5,24.729999542236328,24.5,24.729999542236328,18.409381866455078,1600
2011-01-25,23.75,24.200000762939453,23.5,23.6299991607666,17.59052276611328,4100
2011-01-26,23.450000762939453,23.950000762939453,22.459999084472656,23.940000534057617,17.82129669189453,8800
2011-01-27,24.0,24.0,23.600000381469727,23.920000076293945,17.806400299072266,1800
2011-01-28,23.950000762939453,24.25,23.75,24.049999237060547,17.903173446655273,1800
2011-01-31,25.010000228881836,25.34000015258789,24.489999771118164,25.010000228881836,18.617822647094727,1500
2011-02-01,25.5,25.950000762939453,25.350000381469727,25.399999618530273,18.90813636779785,9600
2011-02-02,25.719999313354492,25.8799991607666,25.600000381469727,25.600000381469727,19.057025909423828,3600
2011-02-03,25.889999389648438,25.899999618530273,25.5,25.719999313354492,19.146352767944336,800
2011-02-04,25.899999618530273,25.899999618530273,25.09000015258789,25.229999542236328,18.781587600708008,1400
2011-02-07,25.850000381469727,26.0,25.149999618530273,25.75,19.168684005737305,3300
2011-02-08,25.40999984741211,25.700000762939453,25.149999618530273,25.700000762939453,19.1314640045166,3900
2011-02-09,25.600000381469727,25.809999465942383,25.479999542236328,25.809999465942383,19.21334457397461,1000
2011-02-10,25.700000762939453,25.899999618530273,25.600000381469727,25.780000686645508,19.191011428833008,1500
2011-02-11,25.350000381469727,25.950000762939453,25.350000381469727,25.950000762939453,19.31756591796875,2500
2011-02-14,25.950000762939453,27.399999618530273,25.56999969482422,27.1299991607666,20.195972442626953,10600
2011-02-15,27.450000762939453,28.920000076293945,27.049999237060547,27.31999969482422,20.337413787841797,7100
2011-02-16,28.709999084472656,28.709999084472656,27.350000381469727,27.450000762939453,20.434186935424805,11200
2011-02-17,27.850000381469727,27.899999618530273,26.549999237060547,27.200000762939453,20.24808120727539,4900
2011-02-18,27.329999923706055,27.700000762939453,27.139999389648438,27.510000228881836,20.47885513305664,1400
2011-02-22,27.8799991607666,28.149999618530273,27.700000762939453,28.149999618530273,20.955278396606445,4500
2011-02-23,28.350000381469727,28.350000381469727,27.760000228881836,27.959999084472656,20.813840866088867,21800
2011-02-24,27.65999984741211,31.299999237060547,27.649999618530273,28.59000015258789,21.282814025878906,28700
2011-02-25,28.40999984741211,28.700000762939453,27.8700008392334,28.510000228881836,21.223264694213867,9800
2011-02-28,28.75,28.860000610351562,28.25,28.25,21.02971839904785,10400
2011-03-01,28.600000381469727,28.600000381469727,28.25,28.600000381469727,21.290264129638672,6200
2011-03-02,28.25,28.25,27.25,27.530000686645508,20.493736267089844,6800
2011-03-03,28.0,28.0,27.260000228881836,27.469999313354492,20.449079513549805,15000
2011-03-04,27.049999237060547,27.25,26.65999984741211,26.799999237060547,19.950315475463867,8700
2011-03-07,27.0,27.0,26.1200008392334,26.520000457763672,19.74188232421875,15700
2011-03-08,26.100000381469727,26.399999618530273,26.0,26.010000228881836,19.362228393554688,3900
2011-03-09,26.200000762939453,26.209999084472656,26.149999618530273,26.149999618530273,19.46645164489746,600
2011-03-10,26.0,26.270000457763672,26.0,26.0,19.35478973388672,1700
2011-03-11,25.75,25.969999313354492,25.5,25.969999313354492,19.332456588745117,600
2011-03-14,25.299999237060547,25.389999389648438,24.40999984741211,24.40999984741211,18.17116928100586,3300
2011-03-15,24.34000015258789,24.34000015258789,23.5,23.6200008392334,17.583078384399414,2600
2011-03-16,24.149999618530273,24.149999618530273,23.399999618530273,23.399999618530273,17.419309616088867,900
2011-03-17,23.270000457763672,25.25,23.079999923706055,24.93000030517578,18.558263778686523,14300
2011-03-18,25.5,26.0,25.020000457763672,26.0,19.35478973388672,15700
2011-03-21,26.5,27.25,26.0,26.649999618530273,19.838655471801758,10000
2011-03-22,27.25,28.0,27.100000381469727,27.540000915527344,20.501188278198242,13700
2011-03-23,27.3700008392334,27.3700008392334,26.81999969482422,27.06999969482422,20.15131187438965,8700
2011-03-24,27.079999923706055,27.110000610351562,26.780000686645508,26.959999084472656,20.069425582885742,1900
2011-03-25,27.219999313354492,27.450000762939453,27.0,27.18000030517578,20.233196258544922,1200
2011-03-28,27.549999237060547,27.549999237060547,27.18000030517578,27.18000030517578,20.233196258544922,700
2011-03-29,27.110000610351562,27.75,27.09000015258789,27.09000015258789,20.166196823120117,2900
2011-03-30,28.0,28.5,27.75,28.329999923706055,21.089269638061523,3100
2011-03-31,28.450000762939453,29.5,28.450000762939453,28.790000915527344,21.431697845458984,3200
2011-04-01,28.899999618530273,29.360000610351562,28.5,28.809999465942383,21.446596145629883,5600
2011-04-04,29.09000015258789,30.0,29.09000015258789,29.350000381469727,21.848573684692383,4900
2011-04-05,29.0,29.75,29.0,29.3799991607666,21.870912551879883,16800
2011-04-06,29.280000686645508,29.280000686645508,29.100000381469727,29.100000381469727,21.6624755859375,1200
2011-04-07,29.3700008392334,29.399999618530273,28.760000228881836,28.989999771118164,21.580585479736328,2400
2011-04-08,28.719999313354492,29.0,28.719999313354492,29.0,21.588031768798828,400
2011-04-11,28.530000686645508,29.399999618530273,28.510000228881836,29.190000534057617,21.729469299316406,14500
2011-04-12,28.530000686645508,29.399999618530273,27.8700008392334,28.149999618530273,20.955278396606445,12000
2011-04-13,28.299999237060547,28.469999313354492,27.8700008392334,28.309999465942383,21.074382781982422,9300
2011-04-14,28.5,28.700000762939453,28.5,28.700000762939453,21.36470603942871,1000
2011-04-15,28.850000381469727,28.850000381469727,28.700000762939453,28.850000381469727,21.476367950439453,1900
2011-04-18,28.8700008392334,29.5,28.860000610351562,28.8700008392334,21.49125862121582,10300
2011-04-19,29.209999084472656,29.209999084472656,28.700000762939453,28.700000762939453,21.36470603942871,900
2011-04-20,29.1200008392334,30.0,28.93000030517578,29.450000762939453,21.923025131225586,5100
2011-04-21,29.700000762939453,30.049999237060547,29.450000762939453,29.59000015258789,22.02723503112793,2300
2011-04-25,30.489999771118164,30.489999771118164,29.579999923706055,29.579999923706055,22.019786834716797,3500
2011-04-26,30.489999771118164,30.5,29.56999969482422,29.579999923706055,22.019786834716797,2400
2011-04-27,29.5,29.700000762939453,29.25,29.559999465942383,22.004901885986328,3200
2011-04-28,30.299999237060547,30.5,29.850000381469727,30.100000381469727,22.406888961791992,3900
2011-04-29,29.260000228881836,29.600000381469727,29.260000228881836,29.360000610351562,21.856019973754883,4400
2011-05-02,29.360000610351562,29.799999237060547,29.260000228881836,29.420000076293945,21.90068817138672,12000
2011-05-03,29.610000610351562,29.649999618530273,29.3700008392334,29.440000534057617,21.915573120117188,3300
2011-05-04,29.950000762939453,29.950000762939453,29.309999465942383,29.510000228881836,21.967681884765625,2800
2011-05-05,29.399999618530273,29.399999618530273,28.770000457763672,28.899999618530273,21.513586044311523,5100
2011-05-06,28.850000381469727,28.850000381469727,28.110000610351562,28.110000610351562,20.925506591796875,4900
2011-05-09,28.520000457763672,28.520000457763672,27.950000762939453,27.950000762939453,20.8064022064209,2900
2011-05-10,27.729999542236328,27.770000457763672,27.270000457763672,27.270000457763672,20.30019187927246,7900
2011-05-11,27.540000915527344,27.540000915527344,26.989999771118164,27.059999465942383,20.14386749267578,3200
2011-05-12,26.850000381469727,26.989999771118164,26.850000381469727,26.899999618530273,20.024757385253906,700
2011-05-13,26.760000228881836,29.399999618530273,26.709999084472656,26.739999771118164,19.905654907226562,29600
2011-05-16,26.290000915527344,26.290000915527344,25.270000457763672,25.270000457763672,18.81136703491211,7200
2011-05-17,25.0,25.0,24.479999542236328,24.950000762939453,18.573150634765625,2900
2011-05-18,24.510000228881836,24.790000915527344,24.510000228881836,24.790000915527344,18.454044342041016,400
2011-05-19,24.5,24.5,23.600000381469727,23.950000762939453,17.8287410736084,5600
2011-05-20,24.049999237060547,24.059999465942383,23.760000228881836,23.8700008392334,17.769182205200195,1900
2011-05-23,23.270000457763672,23.799999237060547,23.270000457763672,23.760000228881836,17.68729591369629,3000
2011-05-24,23.739999771118164,23.760000228881836,23.549999237060547,23.75,17.679855346679688,4500
2011-05-25,23.75,24.100000381469727,23.690000534057617,24.0,17.865955352783203,7400
2011-05-26,24.229999542236328,24.739999771118164,23.65999984741211,24.489999771118164,18.230724334716797,7200
2011-05-27,24.959999084472656,25.5,24.959999084472656,25.149999618530273,18.72203254699707,2100
2011-05-31,25.149999618530273,26.440000534057617,25.149999618530273,26.100000381469727,19.429229736328125,11900
2011-06-01,26.329999923706055,26.56999969482422,26.329999923706055,26.350000381469727,19.61532974243164,1700
2011-06-02,26.350000381469727,26.520000457763672,26.0,26.0,19.35478973388672,3300
2011-06-03,25.5,25.670000076293945,25.0,25.43000030517578,18.93047523498535,1800
2011-06-06,25.299999237060547,25.350000381469727,23.899999618530273,24.420000076293945,18.17860984802246,7600
2011-06-07,23.799999237060547,24.440000534057617,22.510000228881836,23.719999313354492,17.657520294189453,22900
2011-06-08,23.799999237060547,24.049999237060547,23.559999465942383,24.049999237060547,17.903173446655273,800
2011-06-09,24.100000381469727,24.149999618530273,23.399999618530273,23.850000381469727,17.754295349121094,2800
2011-06-10,23.989999771118164,25.399999618530273,23.280000686645508,25.350000381469727,18.87091636657715,10100
2011-06-13,25.5,25.5,24.850000381469727,25.450000762939453,18.94535255432129,7800
2011-06-14,25.09000015258789,26.6200008392334,25.09000015258789,25.200000762939453,18.759260177612305,17500
2011-06-15,24.850000381469727,25.790000915527344,24.790000915527344,25.790000915527344,19.19845962524414,5000
2011-06-16,25.770000457763672,26.700000762939453,24.950000762939453,25.0,18.610368728637695,22900
2011-06-17,24.81999969482422,25.0,24.540000915527344,24.709999084472656,18.39449691772461,2700
2011-06-20,24.860000610351562,25.5,24.760000228881836,25.5,18.982576370239258,6100
2011-06-21,25.760000228881836,25.760000228881836,25.399999618530273,25.399999618530273,18.90813636779785,4300
2011-06-22,25.899999618530273,25.899999618530273,24.75,25.200000762939453,18.759260177612305,5000
2011-06-23,25.200000762939453,25.200000762939453,25.200000762939453,25.200000762939453,18.759260177612305,0
2011-06-24,25.600000381469727,25.600000381469727,24.790000915527344,25.110000610351562,18.6922550201416,2700
2011-06-27,25.0,25.0,24.579999923706055,24.790000915527344,18.454044342041016,3900
2011-06-28,24.790000915527344,24.790000915527344,24.790000915527344,24.790000915527344,18.454044342041016,0
2011-06-29,24.950000762939453,25.0,24.530000686645508,24.75,18.424272537231445,1700
2011-06-30,25.5,25.5,25.25,25.34000015258789,18.863479614257812,2200
2011-07-01,25.3799991607666,25.3799991607666,25.0,25.170000076293945,18.736921310424805,1700
2011-07-05,25.489999771118164,25.979999542236328,25.440000534057617,25.979999542236328,19.33989715576172,1800
2011-07-06,25.040000915527344,25.5,24.5,25.190000534057617,18.751806259155273,2900
2011-07-07,25.0,25.40999984741211,25.0,25.229999542236328,18.781587600708008,500
2011-07-08,25.719999313354492,25.899999618530273,25.350000381469727,25.670000076293945,19.109128952026367,9100
2011-07-11,25.0,25.65999984741211,25.0,25.15999984741211,18.729482650756836,13800
2011-07-12,25.5,25.989999771118164,25.280000686645508,25.760000228881836,19.176130294799805,17500
2011-07-13,25.959999084472656,26.3700008392334,25.959999084472656,26.190000534057617,19.49622917175293,1800
2011-07-14,25.729999542236328,26.190000534057617,25.5,26.190000534057617,19.49622917175293,7000
2011-07-15,26.399999618530273,27.040000915527344,26.399999618530273,26.799999237060547,19.950315475463867,5000
2011-07-18,26.3799991607666,26.700000762939453,26.170000076293945,26.6200008392334,19.81632423400879,3200
2011-07-19,26.979999542236328,27.5,26.200000762939453,26.850000381469727,19.98753547668457,2900
2011-07-20,27.229999542236328,29.0,27.200000762939453,29.0,21.588031768798828,3800
2011-07-21,28.030000686645508,28.639999389648438,28.0,28.639999389648438,21.320039749145508,1100
2011-07-22,29.0,29.06999969482422,28.600000381469727,28.600000381469727,21.290264129638672,11300
2011-07-25,28.770000457763672,28.770000457763672,28.049999237060547,28.25,21.02971839904785,3100
2011-07-26,28.3700008392334,28.3700008392334,27.719999313354492,27.75,20.65751838684082,1600
2011-07-27,27.020000457763672,27.020000457763672,26.5,26.510000228881836,19.73444175720215,1700
2011-07-28,26.579999923706055,27.200000762939453,26.469999313354492,26.559999465942383,19.77165985107422,800
2011-07-29,25.65999984741211,26.920000076293945,25.56999969482422,25.799999237060547,19.20590591430664,4900
2011-08-01,25.850000381469727,25.850000381469727,23.770000457763672,25.139999389648438,18.714584350585938,14900
2011-08-02,24.739999771118164,25.440000534057617,24.670000076293945,25.440000534057617,18.937911987304688,1500
2011-08-03,25.290000915527344,25.43000030517578,24.84000015258789,25.40999984741211,18.915578842163086,2300
2011-08-04,24.81999969482422,25.549999237060547,24.469999313354492,25.479999542236328,18.967693328857422,1500
2011-08-05,24.709999084472656,25.420000076293945,24.010000228881836,24.75,18.424272537231445,2400
2011-08-08,23.969999313354492,23.979999542236328,21.0,22.770000457763672,16.95032501220703,4900
2011-08-09,22.520000457763672,23.200000762939453,22.520000457763672,23.200000762939453,17.270431518554688,800
2011-08-10,23.389999389648438,23.6200008392334,23.190000534057617,23.6200008392334,17.583078384399414,300
2011-08-11,23.229999542236328,25.420000076293945,22.81999969482422,25.010000228881836,18.617822647094727,5800
2011-08-12,25.899999618530273,26.020000457763672,25.75,25.75,19.168684005737305,3200
2011-08-15,24.770000457763672,25.25,24.110000610351562,25.110000610351562,18.6922550201416,4200
2011-08-16,24.5,24.670000076293945,24.260000228881836,24.260000228881836,18.059507369995117,1100
2011-08-17,24.25,24.25,23.59000015258789,23.739999771118164,17.672412872314453,900
2011-08-18,24.299999237060547,24.299999237060547,23.5,23.709999084472656,17.650075912475586,400
2011-08-19,23.540000915527344,23.540000915527344,22.549999237060547,22.920000076293945,17.06199073791504,2900
2011-08-22,22.920000076293945,22.920000076293945,22.920000076293945,22.920000076293945,17.06199073791504,0
2011-08-23,23.15999984741211,23.15999984741211,23.15999984741211,23.15999984741211,17.24064826965332,100
2011-08-24,23.0,23.0,22.5,22.829999923706055,16.994985580444336,1800
2011-08-25,23.0,23.239999771118164,22.799999237060547,23.149999618530273,17.233203887939453,2500
2011-08-26,23.200000762939453,23.200000762939453,22.709999084472656,22.850000381469727,17.009883880615234,1600
2011-08-29,23.1200008392334,23.780000686645508,22.709999084472656,23.209999084472656,17.277870178222656,8400
2011-08-30,23.209999084472656,23.209999084472656,23.209999084472656,23.209999084472656,17.277870178222656,0
2011-08-31,23.229999542236328,23.5,23.200000762939453,23.469999313354492,17.471420288085938,1100
2011-09-01,23.5,23.920000076293945,23.110000610351562,23.110000610351562,17.203432083129883,3300
2011-09-02,23.670000076293945,23.670000076293945,22.700000762939453,22.700000762939453,16.89821434020996,400
2011-09-06,22.719999313354492,22.719999313354492,21.0,21.43000030517578,15.952810287475586,3600
2011-09-07,21.639999389648438,23.520000457763672,21.639999389648438,22.850000381469727,17.009883880615234,11400
2011-09-08,22.690000534057617,23.40999984741211,22.56999969482422,23.40999984741211,17.4267520904541,2700
2011-09-09,23.239999771118164,23.239999771118164,22.149999618530273,22.600000381469727,16.823776245117188,1100
2011-09-12,21.950000762939453,22.75,21.899999618530273,22.75,16.935440063476562,900
2011-09-13,22.8799991607666,22.8799991607666,22.34000015258789,22.709999084472656,16.905662536621094,1800
2011-09-14,22.989999771118164,23.510000228881836,22.989999771118164,23.0,17.121543884277344,1800
2011-09-15,23.520000457763672,23.59000015258789,23.06999969482422,23.06999969482422,17.17365264892578,1300
2011-09-16,23.020000457763672,23.020000457763672,22.860000610351562,22.860000610351562,17.017322540283203,1000
2011-09-19,22.1299991607666,22.360000610351562,21.6299991607666,21.65999984741211,16.124027252197266,600
2011-09-20,21.760000228881836,23.1200008392334,21.6299991607666,22.0,16.377126693725586,4400
2011-09-21,21.979999542236328,23.31999969482422,21.68000030517578,21.68000030517578,16.138917922973633,6200
2011-09-22,21.520000457763672,21.940000534057617,19.899999618530273,21.0,15.632716178894043,5000
2011-09-23,20.969999313354492,21.100000381469727,20.600000381469727,20.600000381469727,15.334951400756836,4000
2011-09-26,20.510000228881836,21.0,20.510000228881836,20.729999542236328,15.431719779968262,2800
2011-09-27,20.979999542236328,21.600000381469727,19.229999542236328,20.489999771118164,15.25306224822998,7500
2011-09-28,20.899999618530273,20.899999618530273,19.90999984741211,19.90999984741211,14.82129955291748,300
2011-09-29,20.190000534057617,20.190000534057617,19.229999542236328,19.649999618530273,14.6277494430542,21300
2011-09-30,20.06999969482422,20.299999237060547,18.729999542236328,20.100000381469727,14.962737083435059,10400
2011-10-03,19.549999237060547,20.010000228881836,19.030000686645508,19.81999969482422,14.754304885864258,3800
2011-10-04,19.709999084472656,20.75,18.899999618530273,20.1299991607666,14.985075950622559,14600
2011-10-05,19.600000381469727,21.200000762939453,19.149999618530273,19.350000381469727,14.40442943572998,11900
2011-10-06,19.860000610351562,20.1200008392334,19.1200008392334,19.93000030517578,14.836190223693848,2100
2011-10-07,19.770000457763672,19.770000457763672,19.5,19.5,14.516090393066406,1300
2011-10-10,19.399999618530273,20.5,19.399999618530273,20.200000762939453,15.037176132202148,5700
2011-10-11,20.09000015258789,21.059999465942383,19.940000534057617,19.940000534057617,14.843632698059082,1200
2011-10-12,20.479999542236328,20.549999237060547,19.850000381469727,20.209999084472656,15.044620513916016,2300
2011-10-13,20.25,21.399999618530273,20.25,21.1299991607666,15.729486465454102,5400
2011-10-14,21.200000762939453,21.719999313354492,20.209999084472656,20.8799991607666,15.543380737304688,7100
2011-10-17,21.059999465942383,22.0,20.06999969482422,21.149999618530273,15.744379997253418,13600
2011-10-18,21.6200008392334,23.100000381469727,21.579999923706055,21.59000015258789,16.07192039489746,8300
2011-10-19,21.68000030517578,21.979999542236328,20.639999389648438,21.899999618530273,16.30268669128418,2700
2011-10-20,21.940000534057617,21.940000534057617,21.639999389648438,21.75,16.19102668762207,4800
2011-10-21,22.0,23.5,21.940000534057617,21.940000534057617,16.332460403442383,14900
2011-10-24,22.299999237060547,23.200000762939453,21.940000534057617,22.510000228881836,16.75677490234375,1600
2011-10-25,21.290000915527344,22.389999389648438,21.290000915527344,22.0,16.377126693725586,2000
2011-10-26,22.75,22.75,22.049999237060547,22.389999389648438,16.667448043823242,1800
2011-10-27,23.510000228881836,23.75,22.68000030517578,23.0,17.121543884277344,5500
2011-10-28,23.0,24.0,22.8799991607666,23.5,17.493751525878906,2700
2011-10-31,23.989999771118164,23.989999771118164,23.100000381469727,23.700000762939453,17.642629623413086,2400
2011-11-01,23.25,23.579999923706055,22.899999618530273,22.899999618530273,17.04709243774414,4100
2011-11-02,23.729999542236328,23.729999542236328,23.3700008392334,23.450000762939453,17.456523895263672,700
2011-11-03,23.3799991607666,24.0,23.3799991607666,23.6200008392334,17.583078384399414,1100
2011-11-04,23.09000015258789,23.649999618530273,20.149999618530273,20.149999618530273,14.999958038330078,46900
2011-11-07,20.149999618530273,20.969999313354492,20.149999618530273,20.6299991607666,15.357281684875488,9300
2011-11-08,21.469999313354492,22.0,21.43000030517578,21.8799991607666,16.287796020507812,6400
2011-11-09,21.81999969482422,22.200000762939453,20.360000610351562,20.899999618530273,15.558272361755371,7300
2011-11-10,21.200000762939453,24.0,21.200000762939453,24.0,17.865955352783203,10100
2011-11-11,23.850000381469727,24.020000457763672,23.0,23.520000457763672,17.508636474609375,12000
2011-11-14,22.950000762939453,24.049999237060547,22.920000076293945,24.049999237060547,17.903173446655273,9200
2011-11-15,23.6299991607666,24.940000534057617,23.489999771118164,24.90999984741211,18.54337501525879,22400
2011-11-16,24.530000686645508,26.25,24.530000686645508,25.75,19.168684005737305,9200
2011-11-17,25.760000228881836,26.25,24.700000762939453,25.489999771118164,18.97513198852539,8700
2011-11-18,25.399999618530273,25.84000015258789,25.020000457763672,25.079999923706055,18.669923782348633,5800
2011-11-21,25.079999923706055,25.600000381469727,24.0,24.959999084472656,18.58059310913086,23900
2011-11-22,24.549999237060547,25.469999313354492,24.549999237060547,25.1299991607666,18.70714569091797,3100
2011-11-23,24.959999084472656,25.799999237060547,24.299999237060547,25.25,18.796472549438477,13600
2011-11-25,25.139999389648438,25.950000762939453,25.139999389648438,25.950000762939453,19.31756591796875,2200
2011-11-28,26.100000381469727,27.5,25.889999389648438,27.389999389648438,20.389524459838867,40200
2011-11-29,26.350000381469727,27.25,24.950000762939453,25.530000686645508,19.408823013305664,9700
2011-11-30,26.420000076293945,27.0,25.100000381469727,26.489999771118164,20.138641357421875,9500
2011-12-01,26.860000610351562,27.420000076293945,26.600000381469727,27.420000076293945,20.845659255981445,3800
2011-12-02,27.420000076293945,28.0,26.950000762939453,28.0,21.286603927612305,4100
2011-12-05,28.0,28.8799991607666,27.40999984741211,28.030000686645508,21.30940818786621,24800
2011-12-06,27.860000610351562,28.6200008392334,27.420000076293945,27.84000015258789,21.164966583251953,12500
2011-12-07,27.690000534057617,28.209999084472656,26.670000076293945,27.700000762939453,21.058530807495117,8300
2011-12-08,27.649999618530273,27.780000686645508,26.520000457763672,26.700000762939453,20.298295974731445,2500
2011-12-09,26.549999237060547,26.90999984741211,25.200000762939453,26.399999618530273,20.070226669311523,1900
2011-12-12,26.110000610351562,27.309999465942383,26.110000610351562,27.299999237060547,20.754436492919922,1300
2011-12-13,27.959999084472656,27.989999771118164,26.790000915527344,27.860000610351562,21.180164337158203,15800
2011-12-14,27.770000457763672,28.420000076293945,27.100000381469727,27.100000381469727,20.602392196655273,3100
2011-12-15,27.139999389648438,27.350000381469727,26.549999237060547,26.709999084472656,20.30589485168457,5900
2011-12-16,27.18000030517578,28.350000381469727,26.399999618530273,26.399999618530273,20.070226669311523,9800
2011-12-19,26.399999618530273,27.1299991607666,26.399999618530273,26.510000228881836,20.153852462768555,2500
2011-12-20,26.549999237060547,28.09000015258789,26.549999237060547,27.0,20.5263729095459,2900
2011-12-21,27.200000762939453,28.0,27.0,27.610000610351562,20.990110397338867,4900
2011-12-22,27.549999237060547,27.549999237060547,27.0,27.100000381469727,20.602392196655273,5900
2011-12-23,27.290000915527344,27.969999313354492,27.020000457763672,27.709999084472656,21.06613540649414,1700
2011-12-27,27.530000686645508,28.0,27.530000686645508,27.799999237060547,21.134550094604492,5300
2011-12-28,27.959999084472656,27.959999084472656,27.0,27.260000228881836,20.72402000427246,3900
2011-12-29,27.5,28.100000381469727,27.270000457763672,28.0,21.286603927612305,1200
2011-12-30,28.34000015258789,29.5,27.68000030517578,29.110000610351562,22.130462646484375,8800
2012-01-03,29.5,29.920000076293945,29.200000762939453,29.510000228881836,22.434555053710938,13100
2012-01-04,29.59000015258789,31.299999237060547,29.59000015258789,31.299999237060547,23.795377731323242,9200
2012-01-05,31.0,31.950000762939453,30.549999237060547,31.34000015258789,23.825796127319336,9900
2012-01-06,31.549999237060547,33.0,31.549999237060547,32.88999938964844,25.0041561126709,9700
2012-01-09,33.22999954223633,36.650001525878906,32.5099983215332,36.58000183105469,27.80943489074707,12800
2012-01-10,37.470001220703125,37.95000076293945,37.02000045776367,37.93000030517578,28.83574676513672,13300
2012-01-11,37.90999984741211,38.20000076293945,37.0,37.599998474121094,28.58485984802246,17500
2012-01-12,37.88999938964844,37.88999938964844,34.310001373291016,34.310001373291016,26.083694458007812,16600
2012-01-13,34.45000076293945,35.5,32.75,34.13999938964844,25.954442977905273,15300
2012-01-17,34.4900016784668,36.88999938964844,34.279998779296875,36.349998474121094,27.63456916809082,12000
2012-01-18,36.630001068115234,36.779998779296875,35.849998474121094,36.439998626708984,27.702987670898438,36500
2012-01-19,36.5,37.2400016784668,36.5,36.709999084472656,27.908254623413086,8600
2012-01-20,37.0,37.18000030517578,36.75,37.18000030517578,28.265567779541016,9500
2012-01-23,38.099998474121094,38.099998474121094,37.0,37.880001068115234,28.797739028930664,13800
2012-01-24,38.0,38.0,37.279998779296875,37.849998474121094,28.774921417236328,8200
2012-01-25,37.95000076293945,38.599998474121094,37.95000076293945,38.47999954223633,29.253875732421875,11000
2012-01-26,39.0,39.4900016784668,38.41999816894531,38.810001373291016,29.504749298095703,8300
2012-01-27,38.79999923706055,38.79999923706055,38.4900016784668,38.5,29.269075393676758,7700
2012-01-30,38.79999923706055,39.529998779296875,38.380001068115234,38.779998779296875,29.48194122314453,8000
2012-01-31,39.220001220703125,39.220001220703125,38.130001068115234,38.130001068115234,28.987794876098633,7400
2012-02-01,38.36000061035156,38.5,38.33000183105469,38.439998626708984,29.22345542907715,7500
2012-02-02,38.970001220703125,38.970001220703125,38.34000015258789,38.7400016784668,29.45153045654297,25500
2012-02-03,39.0,39.0,38.18000030517578,38.4900016784668,29.26148223876953,16100
2012-02-06,37.97999954223633,39.0,37.97999954223633,38.34000015258789,29.147449493408203,15400
2012-02-07,38.75,39.0,38.45000076293945,38.900001525878906,29.57316780090332,10400
2012-02-08,38.689998626708984,39.75,38.650001525878906,39.75,30.21936798095703,7500
2012-02-09,40.02000045776367,41.5,40.02000045776367,40.72999954223633,30.964397430419922,28800
2012-02-10,40.88999938964844,41.29999923706055,40.099998474121094,40.400001525878906,30.71352767944336,10300
2012-02-13,40.959999084472656,41.0,40.7599983215332,40.95000076293945,31.131650924682617,19900
2012-02-14,40.900001525878906,41.56999969482422,40.34000015258789,40.900001525878906,31.093656539916992,14300
2012-02-15,41.189998626708984,41.189998626708984,40.0,40.900001525878906,31.093656539916992,17100
2012-02-16,40.75,40.959999084472656,38.4900016784668,40.4900016784668,30.78194236755371,23500
2012-02-17,40.93000030517578,40.93000030517578,38.2599983215332,38.279998779296875,29.101818084716797,25300
2012-02-21,38.709999084472656,39.150001525878906,38.279998779296875,38.869998931884766,29.55036163330078,23900
2012-02-22,38.970001220703125,40.290000915527344,38.869998931884766,39.720001220703125,30.196565628051758,24000
2012-02-23,40.0,40.349998474121094,40.0,40.11000061035156,30.493061065673828,11700
2012-02-24,40.36000061035156,41.45000076293945,40.34000015258789,41.18000030517578,31.306499481201172,26200
2012-02-27,41.40999984741211,42.45000076293945,41.40999984741211,41.88999938964844,31.84628677368164,20400
2012-02-28,42.11000061035156,42.11000061035156,41.290000915527344,41.939998626708984,31.884279251098633,58400
2012-02-29,42.040000915527344,42.5,41.470001220703125,41.470001220703125,31.526979446411133,20500
2012-03-01,41.86000061035156,46.0,41.86000061035156,45.70000076293945,34.742767333984375,15400
2012-03-02,46.150001525878906,46.150001525878906,44.5,45.88999938964844,34.8872184753418,16800
2012-03-05,46.119998931884766,46.18000030517578,44.83000183105469,44.88999938964844,34.12698745727539,33500
2012-03-06,45.099998474121094,46.0099983215332,44.02000045776367,44.900001525878906,34.13458251953125,21200
2012-03-07,44.68000030517578,45.0,44.119998931884766,44.400001525878906,33.75447463989258,21900
2012-03-08,44.970001220703125,44.9900016784668,44.54999923706055,44.849998474121094,34.096580505371094,9000
2012-03-09,45.08000183105469,45.400001525878906,44.5099983215332,44.75,34.02054214477539,31600
2012-03-12,45.380001068115234,46.0,45.20000076293945,45.709999084472656,34.75037384033203,14500
2012-03-13,45.9900016784668,46.0,44.959999084472656,46.0,34.970855712890625,23300
2012-03-14,46.0,47.849998474121094,45.72999954223633,47.619998931884766,36.202415466308594,19500
2012-03-15,47.5,52.619998931884766,47.5,52.0,39.53226089477539,16500
2012-03-16,52.0,56.33000183105469,52.0,55.83000183105469,42.4439582824707,72200
2012-03-19,55.849998474121094,59.150001525878906,55.380001068115234,56.790000915527344,43.17378234863281,56200
2012-03-20,57.90999984741211,58.72999954223633,56.959999084472656,58.72999954223633,44.64862823486328,59800
2012-03-21,58.72999954223633,60.43000030517578,57.880001068115234,58.66999816894531,44.603031158447266,28800
2012-03-22,58.0,58.900001525878906,57.099998474121094,58.900001525878906,44.777889251708984,23700
2012-03-23,59.0,62.970001220703125,58.91999816894531,62.970001220703125,47.87203598022461,36200
2012-03-26,63.5,66.12999725341797,62.20000076293945,65.9000015258789,50.09953308105469,38800
2012-03-27,66.16000366210938,70.7300033569336,66.16000366210938,69.88999938964844,53.132869720458984,78100
2012-03-28,70.73999786376953,75.12999725341797,70.0,73.94000244140625,56.21183395385742,98100
2012-03-29,74.66000366210938,74.66000366210938,64.27999877929688,64.27999877929688,48.867950439453125,111900
2012-03-30,64.27999877929688,64.37000274658203,56.58000183105469,57.18000030517578,43.47027587890625,157700
2012-04-02,56.939998626708984,62.439998626708984,54.630001068115234,59.2599983215332,45.051570892333984,93900
2012-04-03,59.25,59.25,56.599998474121094,58.29999923706055,44.32174301147461,41500
2012-04-04,56.81999969482422,59.45000076293945,55.20000076293945,59.45000076293945,45.1960334777832,30500
2012-04-05,59.29999923706055,67.19999694824219,59.25,66.94999694824219,50.89777374267578,41800
2012-04-09,66.29000091552734,73.94999694824219,65.33000183105469,71.54000091552734,54.38727951049805,68300
2012-04-10,72.26000213623047,74.7300033569336,67.38999938964844,68.0,51.69602584838867,67400
2012-04-11,68.5,71.33999633789062,66.95999908447266,68.51000213623047,52.08374786376953,37100
2012-04-12,68.51000213623047,69.9000015258789,67.25,69.02999877929688,52.47908401489258,43100
2012-04-13,69.2699966430664,70.16000366210938,68.86000061035156,69.1500015258789,52.570308685302734,11600
2012-04-16,70.11000061035156,71.02999877929688,67.5999984741211,71.02999877929688,53.99955368041992,38400
2012-04-17,71.66000366210938,71.91999816894531,69.01000213623047,70.0,53.216495513916016,24200
2012-04-18,70.0,70.06999969482422,67.20999908447266,67.29000091552734,51.15626907348633,20000
2012-04-19,66.98999786376953,66.98999786376953,64.58000183105469,65.91999816894531,50.11473846435547,21800
2012-04-20,66.3499984741211,66.36000061035156,59.099998474121094,59.81999969482422,45.47730255126953,43500
2012-04-23,59.70000076293945,60.20000076293945,56.060001373291016,57.349998474121094,43.599517822265625,30100
2012-04-24,57.290000915527344,58.5099983215332,54.90999984741211,57.86000061035156,43.98724365234375,44500
2012-04-25,58.36000061035156,61.869998931884766,58.08000183105469,61.59000015258789,46.82291793823242,28100
2012-04-26,61.58000183105469,61.59000015258789,59.68000030517578,61.5,46.75449752807617,13600
2012-04-27,61.279998779296875,61.29999923706055,58.52000045776367,60.5,45.994258880615234,17400
2012-04-30,60.5099983215332,61.72999954223633,60.08000183105469,60.72999954223633,46.169124603271484,17700
2012-05-01,60.630001068115234,64.69999694824219,59.380001068115234,62.61000061035156,47.59836196899414,29000
2012-05-02,62.33000183105469,62.650001525878906,61.04999923706055,61.790000915527344,46.9749641418457,11300
2012-05-03,61.4900016784668,62.83000183105469,59.88999938964844,59.88999938964844,45.530517578125,13200
2012-05-04,59.29999923706055,60.630001068115234,58.59000015258789,58.900001525878906,44.777889251708984,10700
2012-05-07,58.0099983215332,59.31999969482422,57.56999969482422,58.279998779296875,44.306541442871094,11600
2012-05-08,57.93000030517578,58.380001068115234,56.7599983215332,57.9900016784668,44.086063385009766,7700
2012-05-09,56.880001068115234,58.27000045776367,52.7400016784668,53.83000183105469,40.92348861694336,15900
2012-05-10,53.65999984741211,55.810001373291016,52.150001525878906,53.63999938964844,40.779048919677734,31300
2012-05-11,53.18000030517578,53.18000030517578,42.9900016784668,44.25,33.64043426513672,43000
2012-05-14,44.0,44.0,39.0099983215332,40.27000045776367,30.614688873291016,51900
2012-05-15,39.599998474121094,40.84000015258789,38.09000015258789,38.81999969482422,29.51235008239746,23800
2012-05-16,38.31999969482422,38.7400016784668,36.5099983215332,37.77000045776367,28.714099884033203,33600
2012-05-17,36.65999984741211,37.349998474121094,35.77000045776367,36.06999969482422,27.42169761657715,21000
2012-05-18,35.70000076293945,36.0,33.0099983215332,33.75,25.657949447631836,23000
2012-05-21,33.650001525878906,36.880001068115234,33.650001525878906,34.959999084472656,26.577838897705078,26200
2012-05-22,35.029998779296875,35.880001068115234,33.810001373291016,35.880001068115234,27.277259826660156,16500
2012-05-23,35.93000030517578,37.25,34.900001525878906,37.2400016784668,28.311180114746094,19000
2012-05-24,37.04999923706055,37.68000030517578,35.779998779296875,37.11000061035156,28.21234130859375,12800
2012-05-25,36.86000061035156,37.349998474121094,36.599998474121094,37.18000030517578,28.265567779541016,4100
2012-05-29,37.18000030517578,37.290000915527344,36.13999938964844,36.91999816894531,28.067895889282227,10400
2012-05-30,36.84000015258789,37.25,34.52000045776367,34.810001373291016,26.463808059692383,13900
2012-05-31,34.90999984741211,36.56999969482422,33.08000183105469,35.45000076293945,26.950347900390625,9400
2012-06-01,34.720001220703125,36.11000061035156,32.63999938964844,32.65999984741211,24.829301834106445,10900
2012-06-04,32.880001068115234,33.380001068115234,31.350000381469727,33.11000061035156,25.17140769958496,21700
2012-06-05,32.880001068115234,33.290000915527344,31.350000381469727,32.810001373291016,24.943336486816406,16900
2012-06-06,32.83000183105469,34.47999954223633,32.79999923706055,33.25,25.277841567993164,11200
2012-06-07,33.25,33.25,30.200000762939453,31.709999084472656,24.107080459594727,18400
2012-06-08,31.040000915527344,31.079999923706055,28.579999923706055,29.5,22.426950454711914,39000
2012-06-11,29.5,30.219999313354492,27.850000381469727,28.940000534057617,22.001224517822266,27000
2012-06-12,29.5,29.8799991607666,28.559999465942383,29.719999313354492,22.594207763671875,14800
2012-06-13,30.190000534057617,30.700000762939453,29.1200008392334,30.139999389648438,22.91350746154785,17300
2012-06-14,30.56999969482422,32.7599983215332,30.0,32.18000030517578,24.464387893676758,19800
2012-06-15,32.040000915527344,34.380001068115234,31.799999237060547,33.79999923706055,25.695966720581055,28400
2012-06-18,33.5,36.2400016784668,33.0099983215332,35.52000045776367,27.003570556640625,21900
2012-06-19,36.0099983215332,39.9900016784668,35.97999954223633,39.70000076293945,30.181350708007812,29700
2012-06-20,40.0,40.4900016784668,38.02000045776367,39.72999954223633,30.204164505004883,40000
2012-06-21,39.689998626708984,39.91999816894531,37.29999923706055,38.20000076293945,29.041006088256836,28400
2012-06-22,37.66999816894531,37.95000076293945,36.06999969482422,37.38999938964844,28.42520523071289,257200
2012-06-25,36.70000076293945,37.959999084472656,34.060001373291016,37.59000015258789,28.577260971069336,19800
2012-06-26,37.7599983215332,38.88999938964844,37.7599983215332,38.599998474121094,29.3450984954834,9200
2012-06-27,38.93000030517578,39.79999923706055,38.31999969482422,39.380001068115234,29.938081741333008,14500
2012-06-28,38.81999969482422,39.880001068115234,37.40999984741211,39.220001220703125,29.81644058227539,15000
2012-06-29,41.20000076293945,42.5,40.68000030517578,41.91999816894531,31.869091033935547,21900
2012-07-02,41.529998779296875,42.099998474121094,41.400001525878906,42.099998474121094,32.00592041015625,12800
2012-07-03,42.2599983215332,43.0,40.290000915527344,43.0,32.69013595581055,14100
2012-07-05,43.0,43.459999084472656,42.0099983215332,43.02000045776367,32.70533752441406,11200
2012-07-06,43.20000076293945,43.400001525878906,42.0,42.34000015258789,32.18837356567383,11700
2012-07-09,42.47999954223633,42.79999923706055,41.0,42.400001525878906,32.23400115966797,13900
2012-07-10,43.06999969482422,43.900001525878906,42.25,43.540000915527344,33.10066604614258,15700
2012-07-11,43.68000030517578,44.400001525878906,42.630001068115234,43.95000076293945,33.41237258911133,11200
2012-07-12,43.52000045776367,43.900001525878906,42.38999938964844,42.79999923706055,32.53810119628906,11200
2012-07-13,43.18000030517578,47.119998931884766,42.72999954223633,46.45000076293945,35.312950134277344,40600
2012-07-16,46.439998626708984,47.33000183105469,45.16999816894531,45.650001525878906,34.704769134521484,30900
2012-07-17,46.56999969482422,47.0,43.810001373291016,44.31999969482422,33.69364929199219,9900
2012-07-18,44.2400016784668,46.15999984741211,43.88999938964844,45.88999938964844,34.8872184753418,13500
2012-07-19,46.439998626708984,47.0,45.29999923706055,46.09000015258789,35.03927230834961,7100
2012-07-20,46.02000045776367,46.02000045776367,42.22999954223633,42.77000045776367,32.515289306640625,10400
2012-07-23,42.470001220703125,44.650001525878906,40.2400016784668,44.58000183105469,33.89131546020508,16600
2012-07-24,44.41999816894531,44.810001373291016,43.400001525878906,44.11000061035156,33.534000396728516,6700
2012-07-25,44.75,45.0,43.54999923706055,44.47999954223633,33.81529235839844,5600
2012-07-26,44.97999954223633,45.45000076293945,42.93000030517578,43.20000076293945,32.84217834472656,7100
2012-07-27,43.59000015258789,43.59000015258789,40.06999969482422,42.31999969482422,32.173179626464844,9500
2012-07-30,42.59000015258789,42.59000015258789,41.31999969482422,41.939998626708984,31.884279251098633,4200
2012-07-31,42.11000061035156,42.11000061035156,40.189998626708984,41.560001373291016,31.595407485961914,6800
2012-08-01,41.63999938964844,41.63999938964844,40.16999816894531,40.16999816894531,30.538667678833008,7000
2012-08-02,40.06999969482422,40.720001220703125,39.349998474121094,39.66999816894531,30.158550262451172,5000
2012-08-03,40.22999954223633,41.599998474121094,39.29999923706055,39.900001525878906,30.33340835571289,15400
2012-08-06,39.470001220703125,39.560001373291016,37.68000030517578,38.18000030517578,29.025798797607422,9300
2012-08-07,38.720001220703125,39.5,37.900001525878906,38.11000061035156,28.972593307495117,4400
2012-08-08,37.470001220703125,37.880001068115234,37.029998779296875,37.220001220703125,28.295978546142578,8300
2012-08-09,36.970001220703125,37.720001220703125,35.75,36.56999969482422,27.80182456970215,5600
2012-08-10,35.88999938964844,37.0,35.88999938964844,36.31999969482422,27.61176109313965,2800
2012-08-13,36.45000076293945,37.0,33.029998779296875,34.380001068115234,26.136899948120117,10000
2012-08-14,35.75,36.900001525878906,35.0099983215332,35.349998474121094,26.87432861328125,9400
2012-08-15,35.29999923706055,35.84000015258789,34.75,35.84000015258789,27.246845245361328,9900
2012-08-16,36.869998931884766,38.290000915527344,36.20000076293945,38.290000915527344,29.109426498413086,7800
2012-08-17,38.29999923706055,39.470001220703125,35.38999938964844,39.45000076293945,29.991294860839844,8400
2012-08-20,39.349998474121094,40.4900016784668,38.54999923706055,39.40999984741211,29.960893630981445,11300
2012-08-21,39.45000076293945,39.45000076293945,37.630001068115234,38.060001373291016,28.9345760345459,11800
2012-08-22,38.540000915527344,38.540000915527344,36.650001525878906,36.779998779296875,27.96146583557129,3200
2012-08-23,36.13999938964844,36.220001220703125,35.119998931884766,35.2599983215332,26.80591583251953,4700
2012-08-24,35.5,35.619998931884766,34.0,35.619998931884766,27.079599380493164,4700
2012-08-27,35.70000076293945,35.70000076293945,35.0099983215332,35.09000015258789,26.676668167114258,2600
2012-08-28,35.560001373291016,35.86000061035156,35.290000915527344,35.59000015258789,27.056785583496094,1600
2012-08-29,35.95000076293945,36.0,35.63999938964844,36.0,27.368488311767578,1700
2012-08-30,35.66999816894531,35.66999816894531,35.0,35.04999923706055,26.646265029907227,3900
2012-08-31,35.33000183105469,36.20000076293945,35.0,35.099998474121094,26.684267044067383,5000
2012-09-04,35.59000015258789,35.84000015258789,35.15999984741211,35.650001525878906,27.10240936279297,2800
2012-09-05,35.970001220703125,35.970001220703125,35.0,35.29999923706055,26.836320877075195,3000
2012-09-06,35.83000183105469,36.369998931884766,34.5,36.34000015258789,27.62696647644043,6100
2012-09-07,36.13999938964844,36.400001525878906,36.06999969482422,36.06999969482422,27.42169761657715,1500
2012-09-10,36.0,36.2400016784668,36.0,36.0,27.368488311767578,6800
2012-09-11,36.2400016784668,36.2400016784668,35.849998474121094,36.13999938964844,27.47492027282715,2600
2012-09-12,35.97999954223633,37.41999816894531,35.97999954223633,36.70000076293945,27.90064811706543,7500
2012-09-13,36.66999816894531,36.66999816894531,36.220001220703125,36.40999984741211,27.680177688598633,6000
2012-09-14,36.720001220703125,37.04999923706055,36.439998626708984,36.439998626708984,27.702987670898438,9500
2012-09-17,36.43000030517578,36.43000030517578,35.0,35.150001525878906,26.722291946411133,12600
2012-09-18,34.79999923706055,35.11000061035156,34.119998931884766,34.720001220703125,26.3953800201416,4900
2012-09-19,34.810001373291016,34.810001373291016,33.86000061035156,33.869998931884766,25.749177932739258,15100
2012-09-20,34.0,34.38999938964844,33.529998779296875,33.599998474121094,25.543920516967773,3500
2012-09-21,33.900001525878906,33.95000076293945,32.900001525878906,33.15999984741211,25.20941925048828,15400
2012-09-24,33.15999984741211,33.15999984741211,32.54999923706055,32.88999938964844,25.0041561126709,2400
2012-09-25,32.400001525878906,32.619998931884766,32.099998474121094,32.150001525878906,24.441579818725586,5400
2012-09-26,32.0,32.08000183105469,31.020000457763672,31.020000457763672,23.582515716552734,6900
2012-09-27,30.68000030517578,30.940000534057617,30.0,30.75,23.377248764038086,9400
2012-09-28,30.110000610351562,30.799999237060547,30.110000610351562,30.5,23.187192916870117,7400
2012-10-01,30.549999237060547,31.8799991607666,30.530000686645508,31.399999618530273,23.87139892578125,16200
2012-10-02,31.540000915527344,33.7599983215332,31.399999618530273,31.989999771118164,24.31993865966797,29700
2012-10-03,32.29999923706055,32.9900016784668,32.06999969482422,32.58000183105469,24.768489837646484,6500
2012-10-04,32.7400016784668,34.310001373291016,32.7400016784668,33.880001068115234,25.75678825378418,10600
2012-10-05,34.33000183105469,35.25,34.310001373291016,35.25,26.798311233520508,28700
2012-10-08,34.900001525878906,35.47999954223633,34.900001525878906,35.209999084472656,26.767900466918945,5600
2012-10-09,35.709999084472656,35.709999084472656,35.25,35.25,26.798311233520508,11300
2012-10-10,35.5,35.5,34.33000183105469,34.689998626708984,26.372577667236328,7800
2012-10-11,35.119998931884766,35.119998931884766,33.47999954223633,33.47999954223633,25.452693939208984,8300
2012-10-12,33.7599983215332,34.77000045776367,32.36000061035156,32.52000045776367,24.72286605834961,13900
2012-10-15,32.470001220703125,33.15999984741211,32.0,33.15999984741211,25.20941925048828,7800
2012-10-16,33.06999969482422,33.09000015258789,32.43000030517578,32.97999954223633,25.07257652282715,6200
2012-10-17,32.720001220703125,33.689998626708984,32.54999923706055,33.369998931884766,25.36906623840332,3000
2012-10-18,33.81999969482422,33.88999938964844,32.29999923706055,32.349998474121094,24.59362030029297,7200
2012-10-19,32.0,32.189998626708984,31.440000534057617,31.770000457763672,24.152685165405273,6300
2012-10-22,31.5,31.829999923706055,31.450000762939453,31.5,23.947423934936523,2000
2012-10-23,31.440000534057617,31.65999984741211,31.440000534057617,31.440000534057617,23.90180778503418,1300
2012-10-24,31.31999969482422,31.739999771118164,29.8700008392334,29.8700008392334,22.70823860168457,12800
2012-10-25,30.40999984741211,31.0,29.149999618530273,29.989999771118164,22.79947280883789,12000
2012-10-26,30.239999771118164,30.5,29.549999237060547,30.5,23.187192916870117,4900
2012-10-31,30.219999313354492,30.700000762939453,30.100000381469727,30.420000076293945,23.126371383666992,6400
2012-11-01,30.729999542236328,30.770000457763672,30.510000228881836,30.59000015258789,23.255611419677734,3000
2012-11-02,30.940000534057617,30.940000534057617,30.020000457763672,30.1200008392334,22.898305892944336,6300
2012-11-05,29.93000030517578,30.610000610351562,29.93000030517578,30.25,22.997129440307617,3000
2012-11-06,30.5,30.829999923706055,30.5,30.799999237060547,23.41526222229004,600
2012-11-07,30.360000610351562,30.559999465942383,29.610000610351562,29.649999618530273,22.540992736816406,4100
2012-11-08,30.079999923706055,31.0,29.5,29.5,22.426950454711914,8800
2012-11-09,29.329999923706055,31.229999542236328,28.100000381469727,31.079999923706055,23.62813377380371,16300
2012-11-12,31.100000381469727,32.689998626708984,31.100000381469727,31.950000762939453,24.28952980041504,3600
2012-11-13,31.709999084472656,32.41999816894531,31.709999084472656,32.029998779296875,24.350353240966797,2300
2012-11-14,32.29999923706055,32.650001525878906,31.989999771118164,31.989999771118164,24.31993865966797,5100
2012-11-15,32.31999969482422,33.15999984741211,31.90999984741211,32.15999984741211,24.449182510375977,7400
2012-11-16,32.4900016784668,35.0,32.220001220703125,34.59000015258789,26.29655647277832,17800
2012-11-19,35.0,35.5,34.709999084472656,35.459999084472656,26.957962036132812,6200
2012-11-20,35.060001373291016,36.20000076293945,35.040000915527344,35.060001373291016,26.653867721557617,9800
2012-11-21,35.0,35.0,34.189998626708984,34.33000183105469,26.098896026611328,3700
2012-11-23,34.29999923706055,34.70000076293945,33.150001525878906,33.47999954223633,25.452693939208984,8200
2012-11-26,33.95000076293945,33.95000076293945,33.189998626708984,33.61000061035156,25.551525115966797,2600
2012-11-27,33.27000045776367,33.27000045776367,32.400001525878906,32.83000183105469,24.958539962768555,6600
2012-11-28,32.40999984741211,32.40999984741211,31.770000457763672,32.349998474121094,24.59362030029297,6900
2012-11-29,32.29999923706055,32.5099983215332,31.899999618530273,32.4900016784668,25.182703018188477,6700
2012-11-30,32.5099983215332,34.900001525878906,32.5099983215332,34.88999938964844,27.042909622192383,15000
2012-12-03,35.0,35.0,34.27000045776367,34.810001373291016,26.980913162231445,4900
2012-12-04,35.0,35.0,34.04999923706055,34.290000915527344,26.57785987854004,6000
2012-12-05,34.70000076293945,34.70000076293945,33.54999923706055,33.709999084472656,26.128305435180664,8500
2012-12-06,33.40999984741211,33.4900016784668,33.0,33.0,25.577993392944336,13900
2012-12-07,33.72999954223633,33.959999084472656,33.150001525878906,33.599998474121094,26.043048858642578,8600
2012-12-10,33.86000061035156,34.09000015258789,33.61000061035156,33.61000061035156,26.050800323486328,5800
2012-12-11,33.599998474121094,34.0,33.33000183105469,34.0,26.353078842163086,7400
2012-12-12,33.2599983215332,34.099998474121094,33.2599983215332,33.959999084472656,26.32207489013672,4700
2012-12-13,33.959999084472656,34.029998779296875,32.560001373291016,33.08000183105469,25.64000129699707,5100
2012-12-14,33.099998474121094,33.189998626708984,32.77000045776367,33.189998626708984,25.72525978088379,2200
2012-12-17,33.06999969482422,33.119998931884766,32.70000076293945,33.119998931884766,25.67100715637207,4800
2012-12-18,33.15999984741211,34.2400016784668,33.02000045776367,34.150001525878906,26.469343185424805,6600
2012-12-19,34.0,34.099998474121094,33.61000061035156,33.61000061035156,26.050800323486328,6000
2012-12-20,33.40999984741211,34.0099983215332,33.40999984741211,34.0099983215332,26.360836029052734,4600
2012-12-21,34.0,34.0,33.29999923706055,34.0,26.353078842163086,21400
2012-12-24,33.5,33.5,33.0,33.5,25.965532302856445,8000
2012-12-26,33.5,33.959999084472656,33.2400016784668,33.34000015258789,25.841520309448242,8300
2012-12-27,33.5,33.52000045776367,31.020000457763672,32.599998474121094,25.26795196533203,17600
2012-12-28,32.400001525878906,34.2599983215332,32.369998931884766,33.9900016784668,26.345333099365234,22800
2012-12-31,33.939998626708984,35.7400016784668,33.84000015258789,35.06999969482422,27.182424545288086,16200
2013-01-02,36.33000183105469,37.2599983215332,36.0,36.36000061035156,28.182300567626953,9200
2013-01-03,36.599998474121094,36.599998474121094,36.15999984741211,36.15999984741211,28.02727508544922,5300
2013-01-04,36.130001068115234,36.59000015258789,35.130001068115234,35.810001373291016,27.756006240844727,2300
2013-01-07,36.09000015258789,36.09000015258789,35.029998779296875,35.09000015258789,27.197925567626953,4200
2013-01-08,35.31999969482422,35.66999816894531,35.099998474121094,35.099998474121094,27.20567512512207,4800
2013-01-09,35.650001525878906,36.349998474121094,35.099998474121094,35.099998474121094,27.20567512512207,5800
2013-01-10,35.630001068115234,35.86000061035156,35.27000045776367,35.529998779296875,27.538969039916992,15400
2013-01-11,35.56999969482422,36.02000045776367,34.52000045776367,35.939998626708984,27.856761932373047,20600
2013-01-14,35.38999938964844,37.90999984741211,35.38999938964844,37.790000915527344,29.290666580200195,8200
2013-01-15,37.790000915527344,38.33000183105469,37.099998474121094,37.099998474121094,28.7558650970459,9300
2013-01-16,37.5,37.5,36.45000076293945,37.279998779296875,28.895389556884766,3800
2013-01-17,37.90999984741211,37.90999984741211,36.54999923706055,36.75,28.484577178955078,6300
2013-01-18,36.470001220703125,36.470001220703125,35.81999969482422,35.959999084472656,27.872264862060547,6200
2013-01-22,33.75,36.91999816894531,33.75,36.7400016784668,28.476835250854492,8100
2013-01-23,37.290000915527344,37.36000061035156,35.04999923706055,36.81999969482422,28.538843154907227,8000
2013-01-24,37.25,38.209999084472656,36.939998626708984,36.939998626708984,28.631837844848633,8700
2013-01-25,37.31999969482422,37.529998779296875,36.40999984741211,36.689998626708984,28.438074111938477,5500
2013-01-28,36.79999923706055,37.25,36.54999923706055,36.810001373291016,28.531082153320312,5100
2013-01-29,36.5,37.0,36.099998474121094,36.95000076293945,28.63959503173828,8700
2013-01-30,36.939998626708984,36.939998626708984,35.970001220703125,36.06999969482422,27.957508087158203,4000
2013-01-31,35.880001068115234,36.09000015258789,35.5,35.689998626708984,27.662986755371094,7100
2013-02-01,36.0,37.0,35.77000045776367,36.81999969482422,28.538843154907227,8800
2013-02-04,36.93000030517578,37.0,36.369998931884766,36.400001525878906,28.21329689025879,9000
2013-02-05,36.41999816894531,36.939998626708984,36.41999816894531,36.83000183105469,28.546602249145508,2200
2013-02-06,36.900001525878906,36.900001525878906,36.29999923706055,36.439998626708984,28.244306564331055,5000
2013-02-07,36.459999084472656,37.04999923706055,36.2599983215332,36.380001068115234,28.19780731201172,6400
2013-02-08,36.709999084472656,37.720001220703125,36.43000030517578,36.59000015258789,28.36056900024414,5900
2013-02-11,36.900001525878906,37.15999984741211,36.650001525878906,36.810001373291016,28.531082153320312,7200
2013-02-12,37.0,37.0,36.619998931884766,36.86000061035156,28.569849014282227,3400
2013-02-13,36.79999923706055,37.38999938964844,36.650001525878906,37.0,28.67835235595703,7300
2013-02-14,37.25,37.709999084472656,37.25,37.54999923706055,29.10465431213379,5200
2013-02-15,37.25,37.720001220703125,37.25,37.61000061035156,29.151165008544922,7000
2013-02-19,37.650001525878906,38.58000183105469,37.650001525878906,38.58000183105469,29.903005599975586,9300
2013-02-20,42.59000015258789,42.59000015258789,38.0,38.0,29.453439712524414,8800
2013-02-21,37.880001068115234,38.5,36.400001525878906,37.91999816894531,29.391433715820312,12000
2013-02-22,38.040000915527344,38.88999938964844,36.5,37.599998474121094,29.143402099609375,11300
2013-02-25,38.040000915527344,39.2400016784668,38.040000915527344,38.52000045776367,29.85649299621582,16000
2013-02-26,38.650001525878906,40.34000015258789,38.5099983215332,40.29999923706055,31.236160278320312,10000
2013-02-27,40.290000915527344,40.619998931884766,40.0,40.38999938964844,31.305912017822266,5200
2013-02-28,40.5,40.90999984741211,39.5,39.810001373291016,30.856361389160156,11800
2013-03-01,39.349998474121094,39.93000030517578,39.13999938964844,39.91999816894531,30.941625595092773,8700
2013-03-04,40.0,40.619998931884766,39.04999923706055,39.5099983215332,30.62383460998535,7000
2013-03-05,39.70000076293945,40.0,38.54999923706055,39.25,30.422304153442383,8000
2013-03-06,39.58000183105469,39.779998779296875,39.0,39.25,30.422304153442383,5500
2013-03-07,39.119998931884766,40.880001068115234,39.119998931884766,40.68000030517578,31.530685424804688,7600
2013-03-08,41.0,43.88999938964844,41.0,42.84000015258789,33.20487594604492,16400
2013-03-11,42.66999816894531,43.040000915527344,41.79999923706055,42.31999969482422,32.80183410644531,15100
2013-03-12,42.279998779296875,42.70000076293945,41.79999923706055,41.79999923706055,32.39878845214844,10900
2013-03-13,41.939998626708984,42.150001525878906,41.08000183105469,41.25,31.972490310668945,7000
2013-03-14,41.369998931884766,41.369998931884766,40.540000915527344,41.2599983215332,31.980239868164062,4900
2013-03-15,42.40999984741211,46.599998474121094,41.599998474121094,45.599998474121094,35.34413146972656,63100
2013-03-18,46.38999938964844,52.040000915527344,45.310001373291016,50.900001525878906,39.452110290527344,25600
2013-03-19,51.060001373291016,52.84000015258789,50.0,52.43000030517578,40.637996673583984,21200
2013-03-20,52.959999084472656,55.720001220703125,52.959999084472656,55.189998626708984,42.777259826660156,20700
2013-03-21,55.349998474121094,55.81999969482422,50.97999954223633,51.029998779296875,39.5528678894043,19100
2013-03-22,51.029998779296875,51.029998779296875,49.25,49.529998779296875,38.39023971557617,12500
2013-03-25,50.25,51.560001373291016,50.209999084472656,50.70000076293945,39.29709243774414,5900
2013-03-26,51.5,52.599998474121094,51.38999938964844,52.5,40.692264556884766,6900
2013-03-27,52.61000061035156,52.72999954223633,50.15999984741211,51.650001525878906,40.03342819213867,7600
2013-03-28,51.59000015258789,52.29999923706055,49.2599983215332,51.0,39.52962875366211,8100
2013-04-01,51.33000183105469,51.470001220703125,49.900001525878906,50.470001220703125,39.11882019042969,12100
2013-04-02,50.84000015258789,51.4900016784668,46.599998474121094,46.849998474121094,36.31299591064453,17600
2013-04-03,47.11000061035156,47.11000061035156,43.0,43.0,33.328887939453125,21700
2013-04-04,43.5,45.27000045776367,43.150001525878906,44.40999984741211,34.42177200317383,16400
2013-04-05,43.38999938964844,45.310001373291016,43.0,44.70000076293945,34.64656066894531,8700
2013-04-08,44.09000015258789,45.2599983215332,43.400001525878906,45.0,34.87907791137695,8100
2013-04-09,44.9900016784668,46.61000061035156,44.5099983215332,46.02000045776367,35.66967010498047,8600
2013-04-10,45.7400016784668,49.97999954223633,45.7400016784668,49.83000183105469,38.622772216796875,15500
2013-04-11,49.560001373291016,50.9900016784668,48.20000076293945,48.849998474121094,37.86317443847656,10800
2013-04-12,49.04999923706055,49.70000076293945,47.779998779296875,48.849998474121094,37.86317443847656,11000
2013-04-15,48.70000076293945,48.70000076293945,46.709999084472656,47.70000076293945,36.97181701660156,14600
2013-04-16,47.0,49.150001525878906,47.0,47.38999938964844,36.731544494628906,13800
2013-04-17,47.0,47.40999984741211,45.66999816894531,46.0099983215332,35.66192626953125,14200
2013-04-18,46.560001373291016,47.09000015258789,45.77000045776367,45.77000045776367,35.47589111328125,11400
2013-04-19,46.0,47.9900016784668,46.0,47.040000915527344,36.46025085449219,16800
2013-04-22,47.5,47.90999984741211,46.209999084472656,46.720001220703125,36.212249755859375,9500
2013-04-23,46.790000915527344,48.77000045776367,46.790000915527344,48.59000015258789,37.66166305541992,8200
2013-04-24,47.9900016784668,49.27000045776367,47.970001220703125,48.380001068115234,37.49888610839844,7300
2013-04-25,48.88999938964844,49.4900016784668,48.34000015258789,48.84000015258789,37.85542678833008,8100
2013-04-26,48.689998626708984,49.529998779296875,48.25,49.0,37.97944259643555,8900
2013-04-29,49.61000061035156,50.15999984741211,49.0,49.119998931884766,38.072452545166016,7800
2013-04-30,49.040000915527344,50.369998931884766,48.560001373291016,49.689998626708984,38.51424789428711,7800
2013-05-01,50.09000015258789,50.150001525878906,45.84000015258789,48.650001525878906,37.708168029785156,13800
2013-05-02,49.13999938964844,49.209999084472656,48.0,48.70000076293945,37.746925354003906,4900
2013-05-03,49.20000076293945,49.5,48.0099983215332,49.29999923706055,38.21196365356445,7900
2013-05-06,46.0,49.79999923706055,46.0,49.599998474121094,38.44450759887695,14400
2013-05-07,49.04999923706055,49.61000061035156,48.709999084472656,49.029998779296875,38.0026969909668,5500
2013-05-08,49.459999084472656,49.599998474121094,48.88999938964844,49.290000915527344,38.20421600341797,6600
2013-05-09,50.43000030517578,57.5,50.38999938964844,57.099998474121094,44.257659912109375,34600
2013-05-10,57.790000915527344,60.4900016784668,56.5,57.4900016784668,44.559967041015625,10000
2013-05-13,58.0,59.849998474121094,56.779998779296875,59.599998474121094,46.195404052734375,12600
2013-05-14,59.33000183105469,61.79999923706055,59.15999984741211,61.0,47.2805290222168,16300
2013-05-15,62.029998779296875,62.45000076293945,60.939998626708984,61.65999984741211,47.79208755493164,6800
2013-05-16,61.09000015258789,63.0,61.09000015258789,63.0,48.83070755004883,7700
2013-05-17,63.0,63.81999969482422,61.68000030517578,61.709999084472656,47.830841064453125,10900
2013-05-20,61.470001220703125,62.400001525878906,60.150001525878906,62.38999938964844,48.357913970947266,18200
2013-05-21,62.0,63.709999084472656,61.95000076293945,63.290000915527344,49.05549240112305,13300
2013-05-22,63.400001525878906,63.400001525878906,60.31999969482422,60.5,46.89299011230469,15900
2013-05-23,59.400001525878906,59.689998626708984,58.470001220703125,59.5,46.117897033691406,5300
2013-05-24,58.65999984741211,60.0,58.65999984741211,59.959999084472656,46.47444152832031,2500
2013-05-28,60.810001373291016,63.63999938964844,60.810001373291016,63.25,49.02448654174805,14900
2013-05-29,63.0,64.30000305175781,61.540000915527344,63.5,49.218265533447266,20100
2013-05-30,64.02999877929688,64.44000244140625,62.11000061035156,63.25,49.19492721557617,4000
2013-05-31,62.619998931884766,63.099998474121094,61.459999084472656,62.63999938964844,48.72047424316406,3800
2013-06-03,62.400001525878906,63.939998626708984,61.5,62.9900016784668,48.99270248413086,14000
2013-06-04,63.2599983215332,63.95000076293945,61.900001525878906,63.0,49.00047302246094,13900
2013-06-05,62.88999938964844,62.88999938964844,61.16999816894531,61.70000076293945,47.9893684387207,12000
2013-06-06,62.0,62.0099983215332,59.779998779296875,60.400001525878906,46.978248596191406,19600
2013-06-07,61.0099983215332,61.58000183105469,59.400001525878906,61.16999816894531,47.57712936401367,14000
2013-06-10,61.5,63.849998474121094,60.900001525878906,62.0,48.22270584106445,17900
2013-06-11,61.400001525878906,62.0,60.790000915527344,60.970001220703125,47.42156982421875,3400
2013-06-12,61.099998474121094,61.54999923706055,60.560001373291016,61.029998779296875,47.468238830566406,9000
2013-06-13,61.43000030517578,66.4000015258789,61.25,65.79000091552734,51.170494079589844,17500
2013-06-14,65.43000030517578,66.5,64.63999938964844,64.63999938964844,50.27604675292969,9400
2013-06-17,65.0,66.45999908447266,64.70999908447266,65.5,50.9449462890625,6100
2013-06-18,65.5,68.5999984741211,65.5,68.5999984741211,53.35609436035156,9300
2013-06-19,68.38999938964844,70.80000305175781,68.0,69.19999694824219,53.822750091552734,9200
2013-06-20,69.0,69.41999816894531,66.06999969482422,67.0,52.11161422729492,14800
2013-06-21,67.41999816894531,68.19999694824219,65.58999633789062,66.12000274658203,51.42717361450195,17900
2013-06-24,65.31999969482422,65.31999969482422,61.02000045776367,63.09000015258789,49.07048034667969,11300
2013-06-25,63.95000076293945,65.97000122070312,62.97999954223633,65.5,50.9449462890625,14100
2013-06-26,66.37000274658203,68.94999694824219,64.25,67.79000091552734,52.7260856628418,9000
2013-06-27,69.06999969482422,70.18000030517578,68.05999755859375,68.44000244140625,53.23164367675781,8300
2013-06-28,68.52999877929688,69.0,67.0999984741211,68.88999938964844,53.58161926269531,19400
2013-07-01,69.0,71.7699966430664,69.0,69.41999816894531,53.99385452270508,9400
2013-07-02,69.98999786376953,71.4000015258789,66.7300033569336,68.45999908447266,53.2471809387207,12600
2013-07-03,69.05999755859375,71.12999725341797,68.61000061035156,69.0999984741211,53.744972229003906,2400
2013-07-05,70.94999694824219,70.94999694824219,68.43000030517578,69.0,53.66719055175781,5500
2013-07-08,69.45999908447266,70.48999786376953,67.51000213623047,68.30999755859375,53.130523681640625,9000
2013-07-09,68.54000091552734,69.19999694824219,67.62000274658203,68.44999694824219,53.23939514160156,5700
2013-07-10,68.05000305175781,68.05000305175781,65.1500015258789,66.95999908447266,52.08051681518555,8000
2013-07-11,67.5,67.5999984741211,62.400001525878906,64.68000030517578,50.307159423828125,17200
2013-07-12,64.5999984741211,65.93000030517578,64.5999984741211,65.5999984741211,51.022708892822266,15700
2013-07-15,66.16999816894531,66.16999816894531,64.0,65.75,51.13938522338867,7300
2013-07-16,66.30000305175781,66.3499984741211,65.0999984741211,65.97000122070312,51.31050109863281,9700
2013-07-17,66.0999984741211,66.30000305175781,63.689998626708984,64.87999725341797,50.46270751953125,8400
2013-07-18,65.48999786376953,66.88999938964844,64.88999938964844,65.83999633789062,51.209381103515625,10200
2013-07-19,65.11000061035156,65.91000366210938,64.80000305175781,65.5999984741211,51.022708892822266,12500
2013-07-22,65.66000366210938,66.8499984741211,65.16000366210938,66.30999755859375,51.5749397277832,10200
2013-07-23,66.20999908447266,66.94999694824219,65.05000305175781,66.0199966430664,51.34938049316406,17600
2013-07-24,66.8499984741211,66.8499984741211,65.45999908447266,65.91000366210938,51.26383972167969,13900
2013-07-25,66.04000091552734,67.56999969482422,65.23999786376953,67.1500015258789,52.22828674316406,20200
2013-07-26,67.01000213623047,67.69999694824219,66.43000030517578,67.43000030517578,52.44607162475586,14000
2013-07-29,67.5,67.5,65.51000213623047,65.5199966430664,50.96048355102539,16500
2013-07-30,66.2300033569336,66.58999633789062,65.18000030517578,65.98999786376953,51.3260498046875,17600
2013-07-31,65.68000030517578,66.94000244140625,65.68000030517578,66.87000274658203,52.01051330566406,12800
2013-08-01,67.51000213623047,68.88999938964844,67.51000213623047,68.13999938964844,52.99830627441406,11500
2013-08-02,67.69999694824219,68.4000015258789,66.18000030517578,67.69999694824219,52.656063079833984,11600
2013-08-05,67.69000244140625,68.88999938964844,66.8499984741211,67.11000061035156,52.197174072265625,9900
2013-08-06,67.3499984741211,67.3499984741211,65.66000366210938,67.33999633789062,52.376068115234375,14000
2013-08-07,67.30000305175781,67.30000305175781,65.7300033569336,66.55999755859375,51.769378662109375,10100
2013-08-08,66.5,67.30000305175781,65.7300033569336,66.30000305175781,51.567176818847656,16200
2013-08-09,66.79000091552734,67.33999633789062,63.75,65.4000015258789,50.867164611816406,17400
2013-08-12,64.18000030517578,65.6500015258789,62.630001068115234,64.79000091552734,50.3927116394043,20600
2013-08-13,65.0,65.0999984741211,63.31999969482422,64.86000061035156,50.44715118408203,11700
2013-08-14,64.37999725341797,65.0,64.19999694824219,64.58999633789062,50.23716354370117,17100
2013-08-15,64.18000030517578,64.97000122070312,63.189998626708984,64.61000061035156,50.25271987915039,16300
2013-08-16,64.41000366210938,64.75,63.40999984741211,64.26000213623047,49.980491638183594,19400
2013-08-19,64.55000305175781,64.91000366210938,64.0999984741211,64.44999694824219,50.12825393676758,9800
2013-08-20,64.80000305175781,65.5,64.0999984741211,64.73999786376953,50.353816986083984,13900
2013-08-21,64.16999816894531,64.9000015258789,64.11000061035156,64.44000244140625,50.1204948425293,1400
2013-08-22,64.2699966430664,70.0,64.2699966430664,69.5,54.05609130859375,23800
2013-08-23,69.70999908447266,69.70999908447266,68.2699966430664,68.2699966430664,53.09939956665039,7900
2013-08-26,68.11000061035156,68.11000061035156,66.2699966430664,67.04000091552734,52.14272689819336,23900
2013-08-27,66.5,66.5,64.0,64.5999984741211,50.244937896728516,5300
2013-08-28,64.38999938964844,64.66000366210938,63.02000045776367,63.88999938964844,49.69271469116211,9600
2013-08-29,63.529998779296875,63.529998779296875,62.0,62.349998474121094,48.662479400634766,8200
2013-08-30,63.0,63.0,60.65999984741211,60.810001373291016,47.4605598449707,7200
2013-09-03,61.7599983215332,61.7599983215332,60.220001220703125,61.18000030517578,47.74932098388672,13700
2013-09-04,60.33000183105469,61.290000915527344,57.040000915527344,59.41999816894531,46.37569808959961,53500
2013-09-05,59.470001220703125,60.4900016784668,59.040000915527344,60.31999969482422,47.078128814697266,29900
2013-09-06,61.060001373291016,61.68000030517578,60.11000061035156,61.0,47.60883712768555,24900
2013-09-09,61.2599983215332,65.0,61.0,64.22000122070312,50.1219596862793,12300
2013-09-10,64.87000274658203,66.05000305175781,62.400001525878906,65.36000061035156,51.01170349121094,4500
2013-09-11,64.9800033569336,65.69999694824219,62.70000076293945,64.80000305175781,50.57463836669922,9300
2013-09-12,64.51000213623047,64.97000122070312,63.220001220703125,63.220001220703125,49.34150314331055,3900
2013-09-13,62.56999969482422,63.09000015258789,62.099998474121094,62.40999984741211,48.70930480957031,2700
2013-09-16,62.439998626708984,62.66999816894531,61.029998779296875,61.720001220703125,48.17079544067383,26200
2013-09-17,61.5,62.58000183105469,60.93000030517578,61.63999938964844,48.108341217041016,13700
2013-09-18,61.22999954223633,62.41999816894531,60.79999923706055,62.31999969482422,48.63907241821289,29300
2013-09-19,61.90999984741211,62.95000076293945,61.90999984741211,62.119998931884766,48.48297882080078,5100
2013-09-20,62.65999984741211,63.310001373291016,60.61000061035156,60.61000061035156,47.30446243286133,24400
2013-09-23,61.06999969482422,61.4900016784668,59.619998931884766,60.9900016784668,47.601036071777344,3600
2013-09-24,61.20000076293945,61.20000076293945,59.25,59.939998626708984,46.78154373168945,6400
2013-09-25,59.54999923706055,61.13999938964844,59.54999923706055,60.08000183105469,46.89082717895508,4300
2013-09-26,59.439998626708984,59.439998626708984,58.0,58.2599983215332,45.4703483581543,8100
2013-09-27,57.150001525878906,58.29999923706055,57.11000061035156,57.90999984741211,45.19718933105469,5200
2013-09-30,57.20000076293945,57.52000045776367,54.86000061035156,55.5099983215332,43.324058532714844,15700
2013-10-01,55.27000045776367,56.439998626708984,53.79999923706055,54.380001068115234,42.44211196899414,14700
2013-10-02,53.209999084472656,55.31999969482422,52.650001525878906,55.31999969482422,43.175758361816406,17100
2013-10-03,55.68000030517578,55.68000030517578,54.470001220703125,55.27000045776367,43.13672637939453,8200
2013-10-04,54.939998626708984,55.88999938964844,54.099998474121094,55.63999938964844,43.42549514770508,4600
2013-10-07,55.0,55.68000030517578,54.099998474121094,54.099998474121094,42.22358322143555,5700
2013-10-08,53.439998626708984,53.84000015258789,52.849998474121094,52.849998474121094,41.24799728393555,4500
2013-10-09,52.689998626708984,53.040000915527344,51.189998626708984,51.220001220703125,39.9758186340332,8600
2013-10-10,51.599998474121094,52.63999938964844,50.66999816894531,51.599998474121094,40.27239990234375,6900
2013-10-11,51.90999984741211,51.97999954223633,51.380001068115234,51.81999969482422,40.44409942626953,2400
2013-10-14,51.560001373291016,51.560001373291016,50.15999984741211,50.56999969482422,39.468509674072266,5600
2013-10-15,50.470001220703125,52.63999938964844,49.400001525878906,49.650001525878906,38.75048065185547,9600
2013-10-16,50.41999816894531,50.56999969482422,49.459999084472656,49.79999923706055,38.8675422668457,4600
2013-10-17,49.529998779296875,50.099998474121094,49.279998779296875,49.9900016784668,39.01583480834961,5900
2013-10-18,50.61000061035156,51.40999984741211,50.119998931884766,50.95000076293945,39.76509094238281,5500
2013-10-21,51.099998474121094,54.9900016784668,50.93000030517578,54.45000076293945,42.496734619140625,14100
2013-10-22,54.90999984741211,55.900001525878906,54.45000076293945,54.5,42.5357666015625,15900
2013-10-23,54.5,55.900001525878906,54.5,55.130001068115234,43.0274543762207,7800
2013-10-24,55.86000061035156,55.86000061035156,55.47999954223633,55.47999954223633,43.30063247680664,3900
2013-10-25,55.779998779296875,55.900001525878906,55.0,55.0,42.92601776123047,7600
2013-10-28,55.5,55.849998474121094,55.0,55.150001525878906,43.04308319091797,3600
2013-10-29,55.0,55.70000076293945,55.0,55.34000015258789,43.191375732421875,11500
2013-10-30,55.5,55.81999969482422,54.20000076293945,54.27000045776367,42.356258392333984,4700
2013-10-31,54.40999984741211,54.40999984741211,51.0099983215332,51.77000045776367,40.40507888793945,11000
2013-11-01,51.38999938964844,51.72999954223633,47.459999084472656,49.119998931884766,38.33683395385742,14200
2013-11-04,48.90999984741211,51.040000915527344,48.90999984741211,50.810001373291016,39.65583038330078,11100
2013-11-05,50.29999923706055,50.29999923706055,48.970001220703125,49.45000076293945,38.59438705444336,10200
2013-11-06,50.150001525878906,50.47999954223633,49.849998474121094,49.849998474121094,38.90657424926758,3900
2013-11-07,49.04999923706055,49.72999954223633,49.04999923706055,49.06999969482422,38.29780578613281,1900
2013-11-08,50.86000061035156,55.25,50.86000061035156,55.04999923706055,42.96503448486328,17700
2013-11-11,55.7400016784668,56.04999923706055,55.18000030517578,55.5,43.31624984741211,5400
2013-11-12,55.79999923706055,56.599998474121094,55.18000030517578,55.59000015258789,43.3864860534668,6500
2013-11-13,55.59000015258789,55.59000015258789,55.2599983215332,55.310001373291016,43.16794967651367,1600
2013-11-14,55.65999984741211,55.93000030517578,55.650001525878906,55.650001525878906,43.433311462402344,2300
2013-11-15,55.380001068115234,55.650001525878906,55.16999816894531,55.59000015258789,43.3864860534668,3100
2013-11-18,55.72999954223633,55.72999954223633,53.36000061035156,53.619998931884766,41.84895706176758,6900
2013-11-19,53.97999954223633,54.16999816894531,53.79999923706055,54.16999816894531,42.27821731567383,1800
2013-11-20,54.18000030517578,54.209999084472656,53.7599983215332,54.08000183105469,42.20798110961914,5100
2013-11-21,53.939998626708984,54.40999984741211,53.90999984741211,54.310001373291016,42.38748550415039,4100
2013-11-22,54.34000015258789,55.709999084472656,54.34000015258789,55.150001525878906,43.04308319091797,3200
2013-11-25,54.810001373291016,55.5,53.880001068115234,55.5,43.31624984741211,7500
2013-11-26,55.77000045776367,56.290000915527344,55.77000045776367,55.880001068115234,43.612815856933594,3800
2013-11-27,55.65999984741211,57.97999954223633,55.65999984741211,57.40999984741211,44.984046936035156,3900
2013-11-29,58.02000045776367,58.02000045776367,55.2400016784668,57.220001220703125,44.83517074584961,2800
2013-12-02,57.68000030517578,58.599998474121094,57.11000061035156,57.150001525878906,44.78031921386719,8100
2013-12-03,56.88999938964844,57.5,56.0,56.849998474121094,44.545257568359375,5500
2013-12-04,55.130001068115234,56.9900016784668,55.130001068115234,56.97999954223633,44.64711380004883,4600
2013-12-05,55.130001068115234,57.40999984741211,55.130001068115234,56.54999923706055,44.31019592285156,6100
2013-12-06,57.380001068115234,57.900001525878906,57.02000045776367,57.63999938964844,45.16426467895508,6200
2013-12-09,58.689998626708984,59.599998474121094,57.75,59.27000045776367,46.441471099853516,12500
2013-12-10,59.47999954223633,60.0,59.150001525878906,59.630001068115234,46.72355651855469,8300
2013-12-11,59.7599983215332,60.09000015258789,59.0,59.560001373291016,46.668701171875,8300
2013-12-12,60.20000076293945,60.599998474121094,59.5,60.439998626708984,47.35822296142578,7200
2013-12-13,60.5,60.88999938964844,60.27000045776367,60.5,47.405242919921875,3300
2013-12-16,61.88999938964844,61.88999938964844,60.68000030517578,61.279998779296875,48.01642608642578,4100
2013-12-17,61.939998626708984,62.2400016784668,60.27000045776367,60.689998626708984,47.55411148071289,9500
2013-12-18,60.540000915527344,61.68000030517578,60.0,61.599998474121094,48.267154693603516,11300
2013-12-19,60.84000015258789,62.47999954223633,60.84000015258789,62.02000045776367,48.59624481201172,5800
2013-12-20,61.779998779296875,62.849998474121094,61.13999938964844,62.150001525878906,48.6981086730957,19700
2013-12-23,62.880001068115234,68.27999877929688,62.880001068115234,66.66999816894531,52.23979949951172,10200
2013-12-24,66.86000061035156,68.48999786376953,66.86000061035156,68.4800033569336,53.658023834228516,5300
2013-12-26,68.4800033569336,68.4800033569336,68.2300033569336,68.4800033569336,53.658023834228516,4700
2013-12-27,70.01000213623047,70.01000213623047,68.05999755859375,68.5,53.6736946105957,4100
2013-12-30,68.70999908447266,68.70999908447266,67.4000015258789,67.4000015258789,52.81180191040039,4900
2013-12-31,67.7699966430664,68.95999908447266,67.0,68.5,53.6736946105957,4100
2014-01-02,67.7300033569336,67.79000091552734,66.69999694824219,67.4000015258789,52.81180191040039,6700
2014-01-03,67.06999969482422,68.93000030517578,66.79000091552734,68.18000030517578,53.4229736328125,12300
2014-01-06,68.9000015258789,69.4000015258789,68.31999969482422,68.55999755859375,53.7207145690918,5800
2014-01-07,68.30000305175781,69.7300033569336,68.30000305175781,69.2300033569336,54.245704650878906,7400
2014-01-08,69.02999877929688,69.5,67.61000061035156,68.19999694824219,53.438629150390625,7400
2014-01-09,68.80000305175781,68.94999694824219,67.5,68.19999694824219,53.438629150390625,7900
2014-01-10,67.51000213623047,68.25,67.0,68.0,53.28193283081055,7700
2014-01-13,67.8499984741211,68.73999786376953,66.86000061035156,68.55000305175781,53.7128791809082,8400
2014-01-14,68.80000305175781,68.80000305175781,67.80000305175781,68.58999633789062,53.744224548339844,6000
2014-01-15,68.55000305175781,69.38999938964844,67.56999969482422,68.41000366210938,53.60318374633789,5500
2014-01-16,67.87999725341797,68.80999755859375,67.87999725341797,68.0,53.28193283081055,6300
2014-01-17,68.13999938964844,68.1500015258789,67.02999877929688,67.5199966430664,52.90581512451172,7400
2014-01-21,67.75,68.5,66.9800033569336,68.5,53.6736946105957,10200
2014-01-22,68.44000244140625,68.44000244140625,67.6500015258789,68.2300033569336,53.46215057373047,3000
2014-01-23,67.94999694824219,67.94999694824219,67.01000213623047,67.4000015258789,52.81180191040039,3200
2014-01-24,66.44999694824219,67.19999694824219,65.2699966430664,65.58999633789062,51.3935432434082,14500
2014-01-27,65.9000015258789,65.9000015258789,63.66999816894531,65.05999755859375,50.978271484375,5500
2014-01-28,64.75,65.37000274658203,64.45999908447266,65.01000213623047,50.9390869140625,11000
2014-01-29,64.8499984741211,67.9000015258789,64.3499984741211,66.73999786376953,52.29463577270508,10800
2014-01-30,67.01000213623047,68.44999694824219,66.0999984741211,67.05999755859375,52.54537582397461,9300
2014-01-31,66.11000061035156,67.19999694824219,65.68000030517578,66.5199966430664,52.12226867675781,11200
2014-02-03,66.38999938964844,66.7699966430664,64.22000122070312,65.18000030517578,51.072288513183594,12300
2014-02-04,65.97000122070312,67.38999938964844,65.3499984741211,66.76000213623047,52.31032180786133,9600
2014-02-05,68.79000091552734,68.79000091552734,65.4000015258789,65.62999725341797,51.424903869628906,15500
2014-02-06,65.47000122070312,65.66999816894531,63.5099983215332,64.44000244140625,50.492469787597656,14500
2014-02-07,64.04000091552734,64.44000244140625,63.369998931884766,64.44000244140625,50.492469787597656,7700
2014-02-10,64.19000244140625,64.4000015258789,62.709999084472656,63.970001220703125,50.12418746948242,4600
2014-02-11,63.54999923706055,64.73999786376953,63.5,64.54000091552734,50.57081604003906,7300
2014-02-12,64.0,65.61000061035156,64.0,65.4000015258789,51.24467468261719,10900
2014-02-13,65.31999969482422,67.88999938964844,64.5999984741211,67.27999877929688,52.71776580810547,5900
2014-02-14,66.83999633789062,67.98999786376953,66.69000244140625,67.0999984741211,52.57672119140625,4800
2014-02-18,67.0,67.94999694824219,66.80999755859375,67.52999877929688,52.913658142089844,10600
2014-02-19,67.05999755859375,67.55999755859375,66.8499984741211,66.9000015258789,52.42001724243164,7900
2014-02-20,67.30000305175781,67.56999969482422,66.87000274658203,67.4000015258789,52.81180191040039,11100
2014-02-21,67.7300033569336,67.7300033569336,66.70999908447266,67.33000183105469,52.7569580078125,9500
2014-02-24,67.0199966430664,70.72000122070312,66.9800033569336,70.38999938964844,55.15464401245117,17900
2014-02-25,70.73999786376953,73.20999908447266,70.04000091552734,72.73999786376953,56.9959716796875,10500
2014-02-26,72.36000061035156,73.0,71.6500015258789,72.0999984741211,56.4945068359375,3300
2014-02-27,72.19999694824219,73.02999877929688,71.9000015258789,73.02999877929688,57.22322463989258,9600
2014-02-28,72.55999755859375,74.48999786376953,72.41999816894531,73.5999984741211,57.66986083984375,10800
2014-03-03,73.7300033569336,78.87999725341797,73.7300033569336,78.19000244140625,61.2663688659668,13900
2014-03-04,79.68000030517578,86.73999786376953,79.66999816894531,86.29000091552734,67.61319732666016,27900
2014-03-05,86.45999908447266,89.73999786376953,86.45999908447266,88.77999877929688,69.56424713134766,11100
2014-03-06,90.27999877929688,90.27999877929688,86.08999633789062,88.01000213623047,68.96090698242188,12400
2014-03-07,87.01000213623047,88.75,87.01000213623047,87.98999786376953,68.94523620605469,5800
2014-03-10,86.9000015258789,87.6500015258789,84.0999984741211,86.97000122070312,68.14602661132812,14100
2014-03-11,86.0999984741211,87.08000183105469,82.51000213623047,84.22000122070312,65.99124145507812,12000
2014-03-12,84.0,85.36000061035156,80.75,85.36000061035156,66.88449096679688,6300
2014-03-13,79.4000015258789,79.75,66.04000091552734,70.5,55.24082946777344,51800
2014-03-14,69.0199966430664,70.91999816894531,68.22000122070312,68.98999786376953,54.226863861083984,9300
2014-03-17,69.79000091552734,70.8499984741211,67.86000061035156,68.12000274658203,53.543033599853516,17100
2014-03-18,69.0,69.0,65.58000183105469,66.19999694824219,52.03388977050781,19600
2014-03-19,66.47000122070312,66.69000244140625,63.97999954223633,65.98999786376953,51.86881637573242,14600
2014-03-20,66.0,66.0,63.88999938964844,65.37000274658203,51.381500244140625,14100
2014-03-21,65.79000091552734,65.79000091552734,63.88999938964844,65.08000183105469,51.153564453125,36400
2014-03-24,65.25,65.25,63.63999938964844,63.790000915527344,50.13960647583008,8200
2014-03-25,64.70999908447266,64.70999908447266,63.400001525878906,63.4900016784668,49.9037971496582,13800
2014-03-26,63.810001373291016,64.4800033569336,61.02000045776367,61.52000045776367,48.35538101196289,39300
2014-03-27,61.97999954223633,62.779998779296875,57.189998626708984,58.040000915527344,45.620059967041016,26300
2014-03-28,57.959999084472656,59.34000015258789,57.959999084472656,58.5,45.981605529785156,20200
2014-03-31,57.77000045776367,58.880001068115234,57.25,57.91999816894531,45.52573013305664,38200
2014-04-01,57.5,58.5099983215332,57.25,58.43000030517578,45.92658233642578,30100
2014-04-02,58.880001068115234,59.59000015258789,58.400001525878906,59.220001220703125,46.54754638671875,22900
2014-04-03,59.31999969482422,59.529998779296875,58.45000076293945,58.65999984741211,46.10737991333008,17600
2014-04-04,58.88999938964844,59.75,57.630001068115234,58.02000045776367,45.60433578491211,8500
2014-04-07,58.0,58.470001220703125,56.08000183105469,57.31999969482422,45.05412673950195,15200
2014-04-08,57.099998474121094,60.25,57.099998474121094,59.79999923706055,47.00343322753906,23500
2014-04-09,60.439998626708984,63.150001525878906,59.79999923706055,62.790000915527344,49.353599548339844,14500
2014-04-10,63.06999969482422,64.62999725341797,62.06999969482422,63.66999816894531,50.04528045654297,13000
2014-04-11,63.630001068115234,65.77999877929688,63.06999969482422,64.91000366210938,51.019927978515625,14400
2014-04-14,66.0199966430664,68.80000305175781,64.91999816894531,68.1500015258789,53.56661605834961,19600
2014-04-15,68.30999755859375,69.20999908447266,67.08000183105469,67.69999694824219,53.21290969848633,8900
2014-04-16,68.41000366210938,68.41000366210938,65.9800033569336,66.6500015258789,52.38760757446289,16300
2014-04-17,66.73999786376953,69.0,64.51000213623047,68.31999969482422,53.700225830078125,9200
2014-04-21,68.9000015258789,72.7699966430664,67.9000015258789,72.25,56.78926467895508,12000
2014-04-22,71.77999877929688,72.9000015258789,71.2300033569336,72.44999694824219,56.94645309448242,10400
2014-04-23,72.37000274658203,72.47000122070312,71.0,72.19999694824219,56.74995803833008,8600
2014-04-24,72.19999694824219,73.80000305175781,72.08999633789062,73.37999725341797,57.67744827270508,6800
2014-04-25,73.0199966430664,73.37000274658203,70.61000061035156,71.72000122070312,56.37267303466797,9000
2014-04-28,71.37999725341797,74.8499984741211,71.37999725341797,73.31999969482422,57.63029098510742,12000
2014-04-29,74.30000305175781,75.52999877929688,72.1500015258789,72.48999786376953,56.9778938293457,11500
2014-04-30,72.5999984741211,72.5999984741211,70.5199966430664,72.05999755859375,56.639923095703125,10600
2014-05-01,71.33000183105469,71.33000183105469,67.41999816894531,68.22000122070312,53.62162780761719,15300
2014-05-02,68.05000305175781,68.94999694824219,66.5,68.45999908447266,53.810272216796875,11700
2014-05-05,67.48999786376953,70.9000015258789,67.30999755859375,69.9000015258789,54.94211959838867,11500
2014-05-06,70.0,70.29000091552734,67.77999877929688,69.0,54.23472595214844,7400
2014-05-07,69.41000366210938,69.98999786376953,66.5,66.91000366210938,52.59196090698242,13700
2014-05-08,66.69999694824219,67.36000061035156,65.8499984741211,66.0,51.87669372558594,7300
2014-05-09,66.45999908447266,69.44000244140625,65.22000122070312,65.91000366210938,51.80595779418945,8700
2014-05-12,65.80000305175781,66.5,65.55000305175781,66.44000244140625,52.222537994384766,7200
2014-05-13,66.44000244140625,68.12000274658203,66.27999877929688,66.27999877929688,52.09677505493164,10200
2014-05-14,68.94000244140625,69.38999938964844,64.80999755859375,65.27999877929688,51.31076431274414,14200
2014-05-15,64.48999786376953,65.29000091552734,64.0,64.58000183105469,50.760555267333984,7600
2014-05-16,64.48999786376953,67.45999908447266,64.0999984741211,66.41999816894531,52.20682144165039,7600
2014-05-19,67.01000213623047,67.29000091552734,65.41000366210938,66.0999984741211,51.955291748046875,8300
2014-05-20,65.52999877929688,65.5999984741211,64.5199966430664,64.52999877929688,50.721248626708984,6300
2014-05-21,65.2300033569336,66.5999984741211,64.12000274658203,65.22000122070312,51.26361083984375,8600
2014-05-22,65.0,65.69000244140625,63.7599983215332,63.7599983215332,50.116024017333984,5600
2014-05-23,63.56999969482422,64.16000366210938,63.08000183105469,64.16000366210938,50.43043899536133,4300
2014-05-27,64.16000366210938,65.0,63.43000030517578,64.55000305175781,50.73698043823242,13300
2014-05-28,64.0,64.01000213623047,62.540000915527344,63.61000061035156,49.99812316894531,7500
2014-05-29,63.599998474121094,64.83000183105469,63.209999084472656,64.38999938964844,50.61121368408203,4900
2014-05-30,63.689998626708984,64.41000366210938,63.0,63.22999954223633,49.86982727050781,6000
2014-06-02,63.56999969482422,65.08999633789062,60.7599983215332,63.0099983215332,49.696327209472656,8500
2014-06-03,62.34000015258789,67.27999877929688,60.13999938964844,65.08999633789062,51.336822509765625,10000
2014-06-04,64.77999877929688,65.08999633789062,63.22999954223633,64.04000091552734,50.50868225097656,6200
2014-06-05,64.05000305175781,66.91999816894531,63.029998779296875,66.66999816894531,52.58297348022461,7400
2014-06-06,67.44999694824219,68.3499984741211,66.55000305175781,66.8499984741211,52.72494888305664,5500
2014-06-09,67.77999877929688,68.88999938964844,64.5999984741211,68.77999877929688,54.24714660644531,9200
2014-06-10,68.26000213623047,71.37999725341797,68.11000061035156,70.76000213623047,55.80878829956055,8200
2014-06-11,70.41999816894531,72.30000305175781,69.23999786376953,72.0,56.786781311035156,9300
2014-06-12,71.94999694824219,76.04000091552734,71.69000244140625,75.0199966430664,59.168663024902344,8700
2014-06-13,74.48999786376953,75.93000030517578,74.20999908447266,75.01000213623047,59.16078567504883,7300
2014-06-16,75.01000213623047,75.25,73.83999633789062,74.43000030517578,58.703346252441406,7300
2014-06-17,73.94999694824219,77.56999969482422,71.0,76.62999725341797,60.438499450683594,11300
2014-06-18,76.69999694824219,79.76000213623047,76.01000213623047,79.02999877929688,62.331398010253906,8700
2014-06-19,80.0,81.5,76.27999877929688,78.6500015258789,62.03166961669922,7500
2014-06-20,79.38999938964844,80.25,73.36000061035156,74.01000213623047,58.372066497802734,22000
2014-06-23,74.37999725341797,75.01000213623047,72.5,73.08999633789062,57.64646911621094,10400
2014-06-24,72.23999786376953,73.68000030517578,65.51000213623047,68.83000183105469,54.28657531738281,21900
2014-06-25,69.5,70.33999633789062,68.0,68.87000274658203,54.318119049072266,17500
2014-06-26,68.95999908447266,70.30000305175781,67.47000122070312,70.30000305175781,55.44598388671875,11500
2014-06-27,69.20999908447266,72.51000213623047,69.20999908447266,72.18000030517578,56.92874526977539,9100
2014-06-30,72.55999755859375,79.87999725341797,72.55999755859375,78.12999725341797,61.621551513671875,6900
2014-07-01,76.22000122070312,79.61000061035156,76.22000122070312,76.77999877929688,60.556793212890625,14500
2014-07-02,76.98999786376953,77.4000015258789,75.30999755859375,75.87000274658203,59.83906936645508,11900
2014-07-03,76.70999908447266,77.9000015258789,76.0199966430664,77.41999816894531,61.061561584472656,3300
2014-07-07,77.4000015258789,77.4000015258789,75.4000015258789,76.23999786376953,60.13087844848633,8600
2014-07-08,75.4800033569336,76.29000091552734,74.52999877929688,76.29000091552734,60.17033767700195,11000
2014-07-09,76.11000061035156,77.4000015258789,75.9000015258789,76.48999786376953,60.32807540893555,9200
2014-07-10,75.22000122070312,77.9800033569336,75.22000122070312,76.9800033569336,60.71455383300781,5300
2014-07-11,77.0,78.01000213623047,76.41000366210938,77.13999938964844,60.84072494506836,3800
2014-07-14,76.69999694824219,79.23999786376953,75.61000061035156,78.05999755859375,61.56632614135742,15000
2014-07-15,78.55000305175781,79.0,75.75,77.29000091552734,60.95903778076172,10900
2014-07-16,77.61000061035156,77.61000061035156,74.0999984741211,75.62999725341797,59.6497917175293,8700
2014-07-17,75.22000122070312,75.48999786376953,71.72000122070312,72.91999816894531,57.51239776611328,7200
2014-07-18,72.30000305175781,73.56999969482422,70.72000122070312,71.04000091552734,56.02961349487305,12500
2014-07-21,71.4000015258789,72.97000122070312,68.91999816894531,69.87000274658203,55.106842041015625,13400
2014-07-22,69.19000244140625,71.08000183105469,68.0,69.37999725341797,54.72037887573242,13000
2014-07-23,69.5,71.45999908447266,68.19000244140625,69.72000122070312,54.988529205322266,8200
2014-07-24,69.91999816894531,70.48999786376953,69.08999633789062,69.58000183105469,54.87810134887695,4400
2014-07-25,69.54000091552734,70.0,69.0,69.19000244140625,54.57052230834961,5300
2014-07-28,68.88999938964844,69.12000274658203,68.0,68.20999908447266,53.79759216308594,8100
2014-07-29,68.41999816894531,68.76000213623047,68.04000091552734,68.27999877929688,53.85279083251953,2100
2014-07-30,68.37000274658203,68.37000274658203,65.73999786376953,67.9000015258789,53.55309295654297,9200
2014-07-31,66.69999694824219,67.19999694824219,65.33999633789062,65.33999633789062,51.53400421142578,5200
2014-08-01,65.58999633789062,65.58999633789062,62.90999984741211,62.90999984741211,49.6174430847168,9800
2014-08-04,62.599998474121094,65.29000091552734,61.5,64.91999816894531,51.20273971557617,11600
2014-08-05,67.0,70.51000213623047,66.02999877929688,69.44000244140625,54.76770782470703,10000
2014-08-06,69.33000183105469,71.5,69.01000213623047,69.81999969482422,55.06739044189453,12200
2014-08-07,70.29000091552734,70.69999694824219,66.95999908447266,66.95999908447266,52.81170654296875,3700
2014-08-08,67.44000244140625,67.55999755859375,65.41000366210938,67.26000213623047,53.04832458496094,7300
2014-08-11,67.61000061035156,71.43000030517578,67.61000061035156,71.43000030517578,56.33723068237305,14000
2014-08-12,69.5,72.22000122070312,67.9800033569336,69.02999877929688,54.44432830810547,10100
2014-08-13,68.86000061035156,70.87999725341797,68.19999694824219,69.77999877929688,55.03585433959961,7700
2014-08-14,70.05000305175781,70.58999633789062,68.51000213623047,70.1500015258789,55.327659606933594,8000
2014-08-15,70.97000122070312,73.9800033569336,68.66000366210938,69.0,54.420677185058594,10500
2014-08-18,72.0,73.0,70.05999755859375,71.11000061035156,56.08482360839844,8100
2014-08-19,72.0,72.0,68.75,69.48999786376953,54.807125091552734,4400
2014-08-20,70.5,70.5,68.6500015258789,69.87000274658203,55.106842041015625,5500
2014-08-21,69.7699966430664,70.38999938964844,67.83999633789062,70.38999938964844,55.5169677734375,3500
2014-08-22,69.19999694824219,69.26000213623047,68.0,68.20999908447266,53.79759216308594,7000
2014-08-25,69.30000305175781,70.08000183105469,68.0,69.0,54.420677185058594,4100
2014-08-26,69.04000091552734,69.6500015258789,68.01000213623047,69.55999755859375,54.86234664916992,5400
2014-08-27,68.83000183105469,71.2300033569336,68.3499984741211,68.41000366210938,53.955326080322266,7000
2014-08-28,68.83000183105469,68.83000183105469,66.83000183105469,67.23999786376953,53.032535552978516,4200
2014-08-29,67.12000274658203,67.12000274658203,64.33999633789062,65.58999633789062,51.90098571777344,7000
2014-09-02,65.61000061035156,67.41000366210938,65.61000061035156,66.4000015258789,52.54194641113281,6600
2014-09-03,66.44999694824219,66.44999694824219,64.0,64.20999908447266,50.80901336669922,4000
2014-09-04,64.4800033569336,64.4800033569336,60.63999938964844,61.439998626708984,48.61711120605469,5700
2014-09-05,59.86000061035156,63.290000915527344,59.86000061035156,61.0,48.268959045410156,3400
2014-09-08,62.0,62.709999084472656,61.70000076293945,62.65999984741211,49.582496643066406,3100
2014-09-09,62.150001525878906,62.310001373291016,59.61000061035156,59.709999084472656,47.248191833496094,5000
2014-09-10,59.400001525878906,59.849998474121094,59.0099983215332,59.119998931884766,46.78130340576172,4000
2014-09-11,58.880001068115234,60.290000915527344,58.880001068115234,58.90999984741211,46.615142822265625,2900
2014-09-12,59.7599983215332,59.7599983215332,58.4900016784668,58.4900016784668,46.28280258178711,2100
2014-09-15,58.290000915527344,58.290000915527344,55.099998474121094,56.689998626708984,44.858463287353516,6300
2014-09-16,56.5,56.5,56.0,56.0,44.31248092651367,6000
2014-09-17,55.20000076293945,56.0,55.0,55.0,43.521183013916016,4800
2014-09-18,54.5,55.66999816894531,52.970001220703125,54.279998779296875,42.95145034790039,4400
2014-09-19,54.279998779296875,55.7400016784668,49.709999084472656,50.41999816894531,39.89706039428711,19100
2014-09-22,51.939998626708984,52.0,50.79999923706055,50.79999923706055,40.1977424621582,8400
2014-09-23,50.7400016784668,51.08000183105469,49.0,49.66999816894531,39.3035888671875,11600
2014-09-24,50.16999816894531,52.66999816894531,49.04999923706055,49.810001373291016,39.41436767578125,5800
2014-09-25,49.7400016784668,50.349998474121094,48.599998474121094,48.619998931884766,38.47272491455078,3600
2014-09-26,49.09000015258789,49.09000015258789,48.58000183105469,48.68000030517578,38.520206451416016,6100
2014-09-29,48.58000183105469,49.2400016784668,48.58000183105469,48.619998931884766,38.47272491455078,7300
2014-09-30,48.61000061035156,48.70000076293945,44.2599983215332,44.290000915527344,35.04643249511719,14100
2014-10-01,44.959999084472656,45.400001525878906,44.0,44.77000045776367,35.426246643066406,23700
2014-10-02,44.720001220703125,45.13999938964844,44.060001373291016,45.029998779296875,35.6319694519043,9300
2014-10-03,45.33000183105469,45.630001068115234,44.11000061035156,44.22999954223633,34.99895095825195,5600
2014-10-06,44.90999984741211,45.66999816894531,44.0,44.040000915527344,34.848594665527344,7400
2014-10-07,44.0,44.939998626708984,44.0,44.0,34.81695556640625,10400
2014-10-08,44.349998474121094,45.29999923706055,44.189998626708984,44.689998626708984,35.36294937133789,6200
2014-10-09,45.52000045776367,46.13999938964844,44.470001220703125,44.5,35.21260070800781,9900
2014-10-10,44.5,46.58000183105469,44.5,44.68000030517578,35.35502624511719,7700
2014-10-13,45.27000045776367,45.27000045776367,44.38999938964844,44.38999938964844,35.125545501708984,7100
2014-10-14,46.59000015258789,46.59000015258789,43.720001220703125,44.380001068115234,35.11764907836914,8600
2014-10-15,44.310001373291016,45.970001220703125,43.0,44.459999084472656,35.18094253540039,8800
2014-10-16,44.0,45.58000183105469,44.0,44.619998931884766,35.30754470825195,5300
2014-10-17,45.779998779296875,45.779998779296875,43.16999816894531,43.16999816894531,34.16017150878906,8600
2014-10-20,43.16999816894531,43.16999816894531,42.0,43.02000045776367,34.04148864746094,12400
2014-10-21,43.52000045776367,44.9900016784668,42.599998474121094,44.290000915527344,35.04643249511719,6100
2014-10-22,43.5,44.06999969482422,42.79999923706055,43.599998474121094,34.500431060791016,10700
2014-10-23,43.54999923706055,43.790000915527344,43.209999084472656,43.779998779296875,34.64286422729492,5600
2014-10-24,43.31999969482422,44.369998931884766,43.150001525878906,43.93000030517578,34.76156234741211,11300
2014-10-27,44.40999984741211,45.16999816894531,43.209999084472656,43.65999984741211,34.547908782958984,5600
2014-10-28,45.95000076293945,46.560001373291016,44.029998779296875,44.81999969482422,35.46580505371094,6400
2014-10-29,44.380001068115234,46.470001220703125,43.900001525878906,43.900001525878906,34.73781967163086,6700
2014-10-30,43.9900016784668,45.84000015258789,43.15999984741211,43.290000915527344,34.255130767822266,11200
2014-10-31,43.529998779296875,44.04999923706055,41.5099983215332,42.04999923706055,33.273921966552734,13400
2014-11-03,42.09000015258789,43.59000015258789,42.04999923706055,42.209999084472656,33.400535583496094,6300
2014-11-04,42.04999923706055,42.20000076293945,41.75,41.869998931884766,33.13148880004883,2500
2014-11-05,42.0,42.0,40.060001373291016,40.68000030517578,32.189857482910156,12000
2014-11-06,40.70000076293945,41.9900016784668,40.27000045776367,41.9900016784668,33.2264518737793,2300
2014-11-07,41.63999938964844,43.33000183105469,41.15999984741211,42.79999923706055,33.86738967895508,9900
2014-11-10,43.08000183105469,44.810001373291016,43.08000183105469,44.810001373291016,35.45790481567383,10200
2014-11-11,44.45000076293945,45.959999084472656,43.7599983215332,45.849998474121094,36.28084182739258,5500
2014-11-12,45.0,47.88999938964844,44.40999984741211,47.43000030517578,37.531089782714844,10800
2014-11-13,46.790000915527344,48.459999084472656,46.02000045776367,47.54999923706055,37.62604904174805,5300
2014-11-14,46.90999984741211,48.75,46.90999984741211,47.189998626708984,37.34117126464844,6900
2014-11-17,47.150001525878906,47.79999923706055,46.0,47.34000015258789,37.459869384765625,8300
2014-11-18,47.130001068115234,47.790000915527344,46.380001068115234,46.83000183105469,37.05631637573242,6500
2014-11-19,46.619998931884766,46.97999954223633,46.0,46.0,36.39954376220703,6800
2014-11-20,46.0099983215332,46.119998931884766,44.04999923706055,44.86000061035156,35.49746322631836,5100
2014-11-21,45.4900016784668,46.709999084472656,44.0099983215332,44.560001373291016,35.26007843017578,16800
2014-11-24,44.11000061035156,45.47999954223633,44.11000061035156,44.900001525878906,35.52912139892578,9800
2014-11-25,44.5,45.65999984741211,44.5,45.08000183105469,35.67156219482422,7700
2014-11-26,44.83000183105469,45.84000015258789,44.5,45.630001068115234,36.10676193237305,9700
2014-11-28,44.7599983215332,45.279998779296875,44.290000915527344,44.290000915527344,35.21622085571289,5200
2014-12-01,44.290000915527344,45.18000030517578,42.04999923706055,42.529998779296875,33.8167839050293,15600
2014-12-02,42.880001068115234,45.09000015258789,40.66999816894531,43.959999084472656,34.95382308959961,5600
2014-12-03,44.2400016784668,45.09000015258789,43.11000061035156,44.369998931884766,35.27982711791992,6400
2014-12-04,44.34000015258789,44.34000015258789,43.11000061035156,43.790000915527344,34.81864547729492,7900
2014-12-05,43.33000183105469,44.5099983215332,42.84000015258789,43.11000061035156,34.2779655456543,6000
2014-12-08,43.65999984741211,44.16999816894531,43.220001220703125,43.5,34.588069915771484,8700
2014-12-09,43.849998474121094,43.959999084472656,41.650001525878906,43.959999084472656,34.95382308959961,11100
2014-12-10,43.779998779296875,43.869998931884766,41.81999969482422,42.119998931884766,33.490787506103516,10800
2014-12-11,42.81999969482422,42.81999969482422,40.65999984741211,41.099998474121094,32.67976379394531,14300
2014-12-12,40.70000076293945,42.86000061035156,38.970001220703125,39.70000076293945,31.566574096679688,8400
2014-12-15,39.880001068115234,40.0,38.58000183105469,38.849998474121094,30.890718460083008,4800
2014-12-16,39.560001373291016,42.439998626708984,39.0,40.7400016784668,32.39351272583008,6400
2014-12-17,41.54999923706055,47.2599983215332,41.54999923706055,47.209999084472656,37.5379753112793,12700
2014-12-18,47.209999084472656,47.209999084472656,45.2400016784668,46.279998779296875,36.79851531982422,6900
2014-12-19,46.02000045776367,47.630001068115234,42.5099983215332,46.75,37.172237396240234,14800
2014-12-22,47.16999816894531,48.380001068115234,46.939998626708984,47.20000076293945,37.5300407409668,5300
2014-12-23,47.310001373291016,49.40999984741211,47.310001373291016,47.810001373291016,38.01506805419922,2500
2014-12-24,49.29999923706055,49.29999923706055,47.529998779296875,48.310001373291016,38.412635803222656,700
2014-12-26,47.849998474121094,49.209999084472656,47.11000061035156,48.279998779296875,38.38876724243164,3400
2014-12-29,48.16999816894531,48.2400016784668,46.84000015258789,47.43000030517578,37.712913513183594,2800
2014-12-30,45.900001525878906,48.099998474121094,45.900001525878906,48.099998474121094,38.24565124511719,4500
2014-12-31,48.099998474121094,50.540000915527344,47.880001068115234,49.95000076293945,39.716644287109375,8000
2015-01-02,48.68000030517578,50.0,48.16999816894531,49.66999816894531,39.49400329589844,1300
2015-01-05,49.29999923706055,49.9900016784668,47.310001373291016,48.4900016784668,38.555763244628906,6400
2015-01-06,49.09000015258789,49.97999954223633,48.43000030517578,48.88999938964844,38.87379837036133,7400
2015-01-07,49.38999938964844,50.88999938964844,48.2599983215332,50.5,40.15394973754883,2300
2015-01-08,50.9900016784668,51.88999938964844,50.29999923706055,51.65999984741211,41.0763053894043,6100
2015-01-09,52.150001525878906,52.45000076293945,50.84000015258789,51.66999816894531,41.08424758911133,9300
2015-01-12,52.130001068115234,52.58000183105469,50.810001373291016,52.150001525878906,41.46591567993164,4800
2015-01-13,52.58000183105469,54.16999816894531,52.29999923706055,53.66999816894531,42.67450714111328,18000
2015-01-14,50.0,52.400001525878906,49.0099983215332,51.58000183105469,41.0126953125,14800
2015-01-15,51.95000076293945,57.0099983215332,50.0,54.63999938964844,43.4457893371582,21100
2015-01-16,55.189998626708984,57.099998474121094,55.13999938964844,56.5,44.924720764160156,5200
2015-01-20,59.0,59.0,56.0,57.2400016784668,45.513118743896484,15100
2015-01-21,55.45000076293945,57.31999969482422,55.45000076293945,56.7400016784668,45.11555480957031,7400
2015-01-22,57.58000183105469,58.91999816894531,56.720001220703125,58.619998931884766,46.61039733886719,12500
2015-01-23,58.63999938964844,58.63999938964844,56.90999984741211,57.040000915527344,45.354087829589844,4300
2015-01-26,57.04999923706055,58.0,57.04999923706055,57.900001525878906,46.03791427612305,3000
2015-01-27,57.540000915527344,58.75,57.540000915527344,58.369998931884766,46.41161346435547,6400
2015-01-28,58.75,59.040000915527344,58.0,58.400001525878906,46.43546676635742,6700
2015-01-29,58.86000061035156,59.04999923706055,58.0,59.0,46.91254806518555,10200
2015-01-30,58.810001373291016,59.09000015258789,57.5,58.040000915527344,46.14922332763672,4300
2015-02-02,58.060001373291016,58.86000061035156,58.040000915527344,58.86000061035156,46.80122375488281,3500
2015-02-03,58.86000061035156,60.47999954223633,58.61000061035156,59.93000030517578,47.65201950073242,4700
2015-02-04,59.88999938964844,62.0,59.88999938964844,61.130001068115234,48.606170654296875,5900
2015-02-05,61.959999084472656,63.959999084472656,61.959999084472656,62.290000915527344,49.52851104736328,5200
2015-02-06,62.790000915527344,65.2300033569336,60.66999816894531,62.20000076293945,49.45695114135742,12800
2015-02-09,62.25,65.1500015258789,62.25,64.38999938964844,51.19828796386719,13000
2015-02-10,64.81999969482422,65.62000274658203,64.52999877929688,65.30000305175781,51.92185592651367,11500
2015-02-11,65.62000274658203,66.80000305175781,63.29999923706055,65.6500015258789,52.20014953613281,5000
2015-02-12,66.5,66.5,64.01000213623047,65.79000091552734,52.311466217041016,8400
2015-02-13,66.48999786376953,66.48999786376953,64.58000183105469,64.58000183105469,51.34935760498047,8300
2015-02-17,65.25,66.76000213623047,64.5,65.69000244140625,52.23195266723633,16400
2015-02-18,65.06999969482422,66.33999633789062,64.36000061035156,66.01000213623047,52.48638916015625,7900
2015-02-19,66.11000061035156,66.87999725341797,65.4800033569336,66.62999725341797,52.97936248779297,9100
2015-02-20,66.87999725341797,68.0,65.62999725341797,66.9800033569336,53.25765609741211,11900
2015-02-23,67.30000305175781,68.48999786376953,67.02999877929688,67.55999755859375,53.718833923339844,13200
2015-02-24,68.54000091552734,72.08999633789062,68.11000061035156,70.30999755859375,55.905433654785156,18100
2015-02-25,71.5,73.27999877929688,71.20999908447266,72.91000366210938,57.9727668762207,16300
2015-02-26,72.98999786376953,72.98999786376953,69.52999877929688,70.98999786376953,56.44611358642578,8300
2015-02-27,70.62999725341797,70.86000061035156,66.87999725341797,66.87999725341797,53.17814636230469,16400
2015-03-02,67.97000122070312,69.97000122070312,67.97000122070312,68.55999755859375,54.51396179199219,9100
2015-03-03,68.94999694824219,69.05999755859375,68.4800033569336,68.4800033569336,54.45036315917969,7500
2015-03-04,67.76000213623047,68.97000122070312,66.01000213623047,67.47000122070312,53.64728546142578,11400
2015-03-05,68.79000091552734,68.79000091552734,66.94000244140625,67.98999786376953,54.06075668334961,3900
2015-03-06,67.37000274658203,68.30000305175781,66.63999938964844,66.63999938964844,52.987327575683594,6800
2015-03-09,68.75,68.75,65.08000183105469,66.86000061035156,53.33835220336914,9000
2015-03-10,66.80000305175781,66.80000305175781,63.79999923706055,64.12000274658203,51.15247344970703,5400
2015-03-11,63.70000076293945,65.63999938964844,62.939998626708984,64.08999633789062,51.128536224365234,10400
2015-03-12,64.5,64.5,62.97999954223633,64.43000030517578,51.399776458740234,8700
2015-03-13,64.62999725341797,64.62999725341797,59.20000076293945,60.0,47.86568069458008,24400
2015-03-16,59.75,60.470001220703125,59.439998626708984,60.099998474121094,47.945457458496094,13200
2015-03-17,60.0,61.70000076293945,59.630001068115234,60.63999938964844,48.376258850097656,19100
2015-03-18,61.970001220703125,62.0,60.0,60.83000183105469,48.52783966064453,11600
2015-03-19,60.43000030517578,62.18000030517578,59.59000015258789,60.060001373291016,47.91355514526367,8600
2015-03-20,60.20000076293945,60.9900016784668,57.5,58.31999969482422,46.52545928955078,17900
2015-03-23,57.849998474121094,60.349998474121094,55.529998779296875,59.25,47.26736831665039,13800
2015-03-24,59.02000045776367,60.900001525878906,59.02000045776367,60.900001525878906,48.58367919921875,19300
2015-03-25,60.79999923706055,62.5,60.41999816894531,61.59000015258789,49.13413619995117,10100
2015-03-26,62.34000015258789,64.81999969482422,61.63999938964844,63.939998626708984,51.00886917114258,6600
2015-03-27,64.76000213623047,67.3499984741211,64.04000091552734,64.58000183105469,51.519447326660156,13800
2015-03-30,64.83000183105469,67.1500015258789,64.83000183105469,66.9800033569336,53.43405532836914,12000
2015-03-31,67.11000061035156,68.11000061035156,67.05000305175781,67.20999908447266,53.617557525634766,7700
2015-04-01,68.0,68.97000122070312,66.87999725341797,68.97000122070312,55.02161407470703,14300
2015-04-02,69.5,70.0,69.13999938964844,70.0,55.84331130981445,12200
2015-04-06,69.87999725341797,69.87999725341797,65.61000061035156,65.63999938964844,52.36506652832031,16600
2015-04-07,66.30000305175781,68.19999694824219,65.47000122070312,66.05999755859375,52.70012283325195,8600
2015-04-08,66.80999755859375,69.1500015258789,66.0,66.58999633789062,53.122947692871094,6700
2015-04-09,66.83999633789062,67.0,64.61000061035156,66.16000366210938,52.7799072265625,5100
2015-04-10,67.55999755859375,67.55999755859375,64.19999694824219,64.52999877929688,51.47954559326172,5700
2015-04-13,64.0,65.05000305175781,63.29999923706055,64.52999877929688,51.47954559326172,8900
2015-04-14,64.38999938964844,64.55999755859375,62.97999954223633,64.33999633789062,51.327972412109375,14600
2015-04-15,64.20999908447266,64.54000091552734,63.29999923706055,63.790000915527344,50.88920593261719,3600
2015-04-16,63.5,63.810001373291016,61.040000915527344,61.04999923706055,48.70334243774414,10500
2015-04-17,60.72999954223633,62.290000915527344,60.189998626708984,60.83000183105469,48.52783966064453,7400
2015-04-20,61.779998779296875,61.97999954223633,60.18000030517578,61.5,49.06234359741211,8800
2015-04-21,59.75,61.38999938964844,59.75,60.9900016784668,48.65546798706055,1800
2015-04-22,60.75,61.79999923706055,58.70000076293945,58.75,46.86848831176758,5600
2015-04-23,59.0,59.54999923706055,58.599998474121094,58.599998474121094,46.74882888793945,6500
2015-04-24,58.630001068115234,59.040000915527344,57.5,57.95000076293945,46.23028564453125,9100
2015-04-27,57.810001373291016,58.79999923706055,56.4900016784668,56.4900016784668,45.065555572509766,8000
2015-04-28,57.31999969482422,57.31999969482422,54.720001220703125,54.720001220703125,43.653507232666016,11900
2015-04-29,54.5,54.939998626708984,52.90999984741211,52.90999984741211,42.209564208984375,7900
2015-04-30,53.40999984741211,53.79999923706055,46.599998474121094,46.599998474121094,37.175689697265625,14500
2015-05-01,46.79999923706055,49.18000030517578,44.810001373291016,46.400001525878906,37.01612854003906,17000
2015-05-04,46.279998779296875,47.709999084472656,46.279998779296875,47.0,37.49478530883789,5300
2015-05-05,47.0099983215332,47.27000045776367,44.849998474121094,44.849998474121094,35.77961349487305,11500
2015-05-06,44.7599983215332,45.31999969482422,43.5,44.43000030517578,35.44453430175781,8900
2015-05-07,44.66999816894531,45.599998474121094,44.04999923706055,44.790000915527344,35.73173904418945,4900
2015-05-08,45.54999923706055,46.970001220703125,45.54999923706055,46.7599983215332,37.30332946777344,7200
2015-05-11,46.849998474121094,46.93000030517578,46.150001525878906,46.7599983215332,37.30332946777344,8700
2015-05-12,46.540000915527344,46.540000915527344,44.0099983215332,44.040000915527344,35.13341522216797,7500
2015-05-13,44.68000030517578,44.68000030517578,41.66999816894531,43.13999938964844,34.415435791015625,10600
2015-05-14,46.349998474121094,46.349998474121094,45.0,45.04999923706055,35.93914794921875,2800
2015-05-15,44.869998931884766,46.33000183105469,44.5,44.65999984741211,35.628028869628906,5100
2015-05-18,44.34000015258789,44.689998626708984,42.959999084472656,43.599998474121094,34.78240966796875,6600
2015-05-19,44.08000183105469,45.0,43.29999923706055,44.0,35.10150146484375,8300
2015-05-20,44.65999984741211,45.25,43.099998474121094,43.290000915527344,34.53509521484375,11800
2015-05-21,43.5,43.5,40.400001525878906,40.599998474121094,32.38911056518555,20200
2015-05-22,40.66999816894531,42.0,39.45000076293945,39.709999084472656,31.679121017456055,16600
2015-05-26,39.0,42.22999954223633,39.0,41.5099983215332,33.115074157714844,34700
2015-05-27,42.11000061035156,42.95000076293945,40.959999084472656,42.5,33.90486526489258,12800
2015-05-28,42.810001373291016,43.0,41.939998626708984,42.13999938964844,33.61766815185547,10500
2015-05-29,42.599998474121094,44.70000076293945,41.099998474121094,42.900001525878906,34.22397994995117,13500
2015-06-01,43.54999923706055,44.0,42.720001220703125,43.099998474121094,34.560752868652344,13100
2015-06-02,43.4900016784668,43.900001525878906,43.4900016784668,43.5099983215332,34.889522552490234,3300
2015-06-03,43.439998626708984,44.45000076293945,43.439998626708984,43.599998474121094,34.961692810058594,9500
2015-06-04,43.54999923706055,44.29999923706055,43.54999923706055,44.09000015258789,35.3546142578125,7100
2015-06-05,44.099998474121094,44.689998626708984,43.66999816894531,44.560001373291016,35.73149490356445,4700
2015-06-08,44.400001525878906,44.849998474121094,43.380001068115234,44.5,35.683380126953125,9500
2015-06-09,44.77000045776367,46.25,43.290000915527344,45.75,36.68571472167969,10800
2015-06-10,44.540000915527344,47.58000183105469,44.310001373291016,47.4900016784668,38.08098602294922,13400
2015-06-11,49.66999816894531,49.66999816894531,46.9900016784668,47.560001373291016,38.13711929321289,6300
2015-06-12,47.650001525878906,48.9900016784668,47.20000076293945,47.880001068115234,38.39372253417969,5300
2015-06-15,47.7599983215332,48.93000030517578,47.13999938964844,48.36000061035156,38.778602600097656,6800
2015-06-16,48.709999084472656,49.459999084472656,48.09000015258789,49.459999084472656,39.660675048828125,6400
2015-06-17,49.11000061035156,50.22999954223633,49.11000061035156,49.38999938964844,39.60453414916992,8200
2015-06-18,49.599998474121094,50.61000061035156,48.0,49.439998626708984,39.644630432128906,20700
2015-06-19,49.29999923706055,51.650001525878906,48.619998931884766,49.900001525878906,40.01349639892578,9400
2015-06-22,49.810001373291016,51.38999938964844,49.79999923706055,50.43000030517578,40.43849563598633,2700
2015-06-23,50.529998779296875,50.97999954223633,50.25,50.95000076293945,40.855464935302734,6500
2015-06-24,50.72999954223633,51.4900016784668,50.65999984741211,50.65999984741211,40.62291717529297,4300
2015-06-25,50.529998779296875,50.650001525878906,50.0,50.150001525878906,40.21397018432617,1900
2015-06-26,48.029998779296875,49.08000183105469,46.2599983215332,46.939998626708984,37.639949798583984,9400
2015-06-29,46.70000076293945,46.70000076293945,45.5099983215332,45.709999084472656,36.65363693237305,7000
2015-06-30,46.380001068115234,46.380001068115234,44.099998474121094,44.599998474121094,35.76356506347656,11900
2015-07-01,44.540000915527344,44.95000076293945,42.529998779296875,44.59000015258789,35.75554656982422,10300
2015-07-02,43.66999816894531,44.0,43.66999816894531,43.70000076293945,35.04188537597656,1000
2015-07-06,43.150001525878906,44.75,43.150001525878906,43.939998626708984,35.23432922363281,3500
2015-07-07,43.619998931884766,44.849998474121094,43.45000076293945,43.459999084472656,34.84942626953125,5200
2015-07-08,43.630001068115234,43.630001068115234,42.5,43.5,34.881507873535156,1700
2015-07-09,43.099998474121094,44.66999816894531,43.0,43.0,34.48058319091797,4300
2015-07-10,43.810001373291016,44.9900016784668,43.470001220703125,44.9900016784668,36.076297760009766,6000
2015-07-13,44.95000076293945,45.25,44.54999923706055,44.54999923706055,35.72347640991211,3800
2015-07-14,45.0099983215332,45.0099983215332,43.470001220703125,44.150001525878906,35.402732849121094,5700
2015-07-15,43.79999923706055,44.04999923706055,43.0099983215332,43.459999084472656,34.84942626953125,6700
2015-07-16,43.41999816894531,44.61000061035156,43.41999816894531,43.84000015258789,35.15414810180664,2100
2015-07-17,43.849998474121094,44.369998931884766,43.33000183105469,43.33000183105469,34.74517822265625,3100
2015-07-20,43.68000030517578,43.790000915527344,43.5,43.790000915527344,35.11404800415039,1900
2015-07-21,43.279998779296875,45.459999084472656,43.279998779296875,43.52000045776367,34.897552490234375,2700
2015-07-22,43.5099983215332,43.88999938964844,43.5,43.5,34.881507873535156,2900
2015-07-23,43.15999984741211,43.5,43.0,43.0,34.48058319091797,2400
2015-07-24,42.66999816894531,42.9900016784668,42.560001373291016,42.66999816894531,34.215946197509766,2500
2015-07-27,42.5,42.5,42.0,42.0,33.6786994934082,1300
2015-07-28,42.650001525878906,42.650001525878906,41.900001525878906,41.900001525878906,33.5984992980957,1300
2015-07-29,41.95000076293945,45.7400016784668,41.95000076293945,45.7400016784668,36.677711486816406,19300
2015-07-30,45.7400016784668,46.88999938964844,45.439998626708984,46.38999938964844,37.19892120361328,4900
2015-07-31,46.470001220703125,48.599998474121094,46.470001220703125,47.77000045776367,38.305519104003906,10700
2015-08-03,48.099998474121094,48.25,47.630001068115234,47.630001068115234,38.1932487487793,1100
2015-08-04,46.150001525878906,46.75,44.54999923706055,44.54999923706055,35.72347640991211,20600
2015-08-05,46.0,47.189998626708984,45.0,47.189998626708984,37.84041976928711,8000
2015-08-06,43.2599983215332,48.41999816894531,43.2599983215332,44.75,35.88383865356445,3300
2015-08-07,45.380001068115234,46.540000915527344,43.25,45.31999969482422,36.34091567993164,14700
2015-08-10,44.599998474121094,46.88999938964844,44.599998474121094,46.75,37.48760223388672,2800
2015-08-11,47.25,47.25,45.279998779296875,45.279998779296875,36.308834075927734,5400
2015-08-12,45.29999923706055,46.2400016784668,45.16999816894531,46.09000015258789,36.9583625793457,7200
2015-08-13,45.79999923706055,46.09000015258789,45.79999923706055,45.83000183105469,36.7498779296875,900
2015-08-14,46.130001068115234,46.880001068115234,46.130001068115234,46.880001068115234,37.59182357788086,1900
2015-08-17,46.5,47.0,46.29999923706055,46.43000030517578,37.23100280761719,1700
2015-08-18,46.25,46.25,45.45000076293945,45.45000076293945,36.445159912109375,1100
2015-08-19,45.77000045776367,46.439998626708984,45.5099983215332,45.5099983215332,36.493263244628906,900
2015-08-20,45.720001220703125,46.0,44.130001068115234,45.43000030517578,36.42912673950195,2700
2015-08-21,45.08000183105469,45.630001068115234,43.0,43.93000030517578,35.2263069152832,4400
2015-08-24,40.779998779296875,42.4900016784668,38.880001068115234,41.5099983215332,33.2857780456543,9900
2015-08-25,41.75,43.45000076293945,41.75,43.45000076293945,34.84141540527344,4100
2015-08-26,42.310001373291016,43.040000915527344,39.0,43.040000915527344,34.51264953613281,12900
2015-08-27,43.040000915527344,45.209999084472656,43.040000915527344,45.209999084472656,36.25271224975586,1800
2015-08-28,43.86000061035156,45.150001525878906,43.86000061035156,44.25,35.48291015625,3300
2015-08-31,44.61000061035156,45.9900016784668,44.5,45.61000061035156,36.57345962524414,1700
2015-09-01,44.0,44.900001525878906,43.560001373291016,43.560001373291016,35.09891891479492,3600
2015-09-02,43.459999084472656,44.2599983215332,41.810001373291016,43.709999084472656,35.21977615356445,11800
2015-09-03,43.56999969482422,43.779998779296875,43.38999938964844,43.779998779296875,35.27618408203125,1200
2015-09-04,43.45000076293945,44.560001373291016,43.04999923706055,43.29999923706055,34.88942337036133,1600
2015-09-08,43.29999923706055,43.599998474121094,43.25,43.54999923706055,35.09086227416992,8500
2015-09-09,43.75,44.81999969482422,43.54999923706055,43.7599983215332,35.26007080078125,6400
2015-09-10,43.630001068115234,44.630001068115234,43.630001068115234,44.20000076293945,35.61460876464844,5900
2015-09-11,43.720001220703125,44.0,43.0,43.86000061035156,35.34064483642578,1100
2015-09-14,43.29999923706055,43.29999923706055,42.77000045776367,42.77000045776367,34.46236038208008,1300
2015-09-15,42.5,43.38999938964844,42.45000076293945,42.65999984741211,34.37373733520508,2500
2015-09-16,42.91999816894531,44.29999923706055,40.72999954223633,41.689998626708984,33.592140197753906,6700
2015-09-17,42.25,42.97999954223633,41.29999923706055,42.97999954223633,34.63158416748047,2100
2015-09-18,42.5,43.90999984741211,41.220001220703125,43.869998931884766,35.348697662353516,4000
2015-09-21,43.70000076293945,43.72999954223633,43.15999984741211,43.15999984741211,34.776615142822266,1500
2015-09-22,41.599998474121094,42.25,41.599998474121094,42.0,33.8419303894043,2600
2015-09-23,40.81999969482422,42.11000061035156,40.81999969482422,42.0099983215332,33.84999084472656,2400
2015-09-24,41.0,41.5099983215332,41.0,41.5099983215332,33.447113037109375,1200
2015-09-25,41.5099983215332,42.5,41.5099983215332,41.810001373291016,33.68883514404297,6000
2015-09-28,42.11000061035156,42.70000076293945,40.650001525878906,40.7599983215332,32.84278869628906,2000
2015-09-29,42.4900016784668,42.4900016784668,41.4900016784668,41.4900016784668,33.43099594116211,2300
2015-09-30,41.0,41.0,41.0,41.0,33.036163330078125,2300
2015-10-01,41.400001525878906,41.400001525878906,40.90999984741211,40.90999984741211,32.96364974975586,5400
2015-10-02,40.86000061035156,41.31999969482422,40.75,41.31999969482422,33.29402160644531,3800
2015-10-05,40.91999816894531,42.47999954223633,40.91999816894531,42.470001220703125,34.22063446044922,3900
2015-10-06,41.40999984741211,41.40999984741211,41.40999984741211,41.40999984741211,33.36653137207031,1000
2015-10-07,41.25,42.06999969482422,41.25,42.06999969482422,33.898338317871094,2400
2015-10-08,41.22999954223633,43.38999938964844,41.22999954223633,43.38999938964844,34.961944580078125,3800
2015-10-09,43.70000076293945,44.0,43.70000076293945,43.9900016784668,35.445396423339844,1000
2015-10-12,44.369998931884766,44.97999954223633,44.369998931884766,44.97999954223633,36.243099212646484,2800
2015-10-13,44.900001525878906,44.900001525878906,42.709999084472656,42.86000061035156,34.53489303588867,2100
2015-10-14,42.599998474121094,42.79999923706055,41.630001068115234,41.630001068115234,33.543792724609375,3200
2015-10-15,44.959999084472656,44.959999084472656,42.290000915527344,43.54999923706055,35.09086227416992,11100
2015-10-16,43.689998626708984,45.869998931884766,42.63999938964844,42.880001068115234,34.55099868774414,12900
2015-10-19,43.439998626708984,46.29999923706055,43.04999923706055,45.06999969482422,36.31561279296875,9600
2015-10-20,43.720001220703125,45.20000076293945,43.720001220703125,45.20000076293945,36.420372009277344,1900
2015-10-21,45.20000076293945,45.400001525878906,44.27000045776367,44.27000045776367,35.6710090637207,7200
2015-10-22,45.43000030517578,45.43000030517578,44.650001525878906,44.650001525878906,35.97719955444336,1200
2015-10-23,45.869998931884766,45.869998931884766,45.869998931884766,45.869998931884766,36.96022033691406,400
2015-10-26,45.88999938964844,46.86000061035156,44.61000061035156,45.439998626708984,36.61375045776367,5900
2015-10-27,45.54999923706055,45.900001525878906,45.20000076293945,45.349998474121094,36.541221618652344,9000
2015-10-28,45.22999954223633,45.900001525878906,45.22999954223633,45.900001525878906,36.984397888183594,4700
2015-10-29,45.13999938964844,45.75,44.95000076293945,45.09000015258789,36.331729888916016,1400
2015-10-30,45.099998474121094,45.099998474121094,44.459999084472656,44.459999084472656,35.824100494384766,4100
2015-11-02,44.84000015258789,45.22999954223633,42.86000061035156,45.04999923706055,36.299495697021484,17300
2015-11-03,45.04999923706055,45.86000061035156,44.08000183105469,45.86000061035156,36.95216751098633,11100
2015-11-04,45.79999923706055,45.79999923706055,44.349998474121094,45.09000015258789,36.331729888916016,4800
2015-11-05,45.97999954223633,45.97999954223633,45.97999954223633,45.97999954223633,37.04884719848633,400
2015-11-06,44.560001373291016,45.869998931884766,44.400001525878906,45.869998931884766,36.96022033691406,4100
2015-11-09,45.04999923706055,45.47999954223633,43.880001068115234,43.959999084472656,35.42123031616211,3400
2015-11-10,45.04999923706055,45.900001525878906,45.04999923706055,45.04999923706055,36.299495697021484,2600
2015-11-11,43.08000183105469,44.060001373291016,43.08000183105469,44.0,35.45344543457031,1000
2015-11-12,43.630001068115234,43.630001068115234,42.5,42.5,34.24481201171875,900
2015-11-13,42.5,43.380001068115234,42.5,42.599998474121094,34.32538604736328,900
2015-11-16,42.58000183105469,44.4900016784668,42.58000183105469,44.4900016784668,35.84828186035156,5000
2015-11-17,44.5,44.83000183105469,43.959999084472656,44.04999923706055,35.493743896484375,11200
2015-11-18,43.11000061035156,44.0,42.70000076293945,44.0,35.45344543457031,3700
2015-11-19,43.400001525878906,43.86000061035156,42.0,43.369998931884766,34.94581985473633,7200
2015-11-20,43.75,44.880001068115234,43.5099983215332,44.880001068115234,36.16251754760742,5100
2015-11-23,44.349998474121094,44.70000076293945,43.060001373291016,44.0,35.45344543457031,3800
2015-11-24,42.040000915527344,43.15999984741211,42.040000915527344,43.130001068115234,34.75243377685547,3800
2015-11-25,43.060001373291016,43.25,43.060001373291016,43.25,34.84913635253906,600
2015-11-27,43.13999938964844,43.13999938964844,43.13999938964844,43.13999938964844,34.76049041748047,300
2015-11-30,43.70000076293945,43.70000076293945,42.349998474121094,42.91999816894531,34.760494232177734,3400
2015-12-01,42.470001220703125,42.5099983215332,42.25,42.25,34.217864990234375,3400
2015-12-02,42.56999969482422,42.56999969482422,41.779998779296875,41.779998779296875,33.83721923828125,3200
2015-12-03,41.150001525878906,42.34000015258789,40.79999923706055,41.0099983215332,33.2136116027832,22700
2015-12-04,41.75,42.5,41.400001525878906,42.5,34.42034149169922,8700
2015-12-07,42.06999969482422,42.06999969482422,39.25,39.25,31.78820037841797,11800
2015-12-08,39.0,39.29999923706055,38.72999954223633,38.86000061035156,31.472349166870117,6800
2015-12-09,38.810001373291016,38.810001373291016,38.380001068115234,38.54999923706055,31.221271514892578,6200
2015-12-10,38.400001525878906,38.72999954223633,38.0,38.2599983215332,30.98641586303711,9200
2015-12-11,38.18000030517578,39.400001525878906,37.75,37.81999969482422,30.630054473876953,7300
2015-12-14,38.38999938964844,38.5,34.2599983215332,35.0,28.346166610717773,13100
2015-12-15,35.25,36.4900016784668,34.75,35.689998626708984,28.90499496459961,16100
2015-12-16,35.90999984741211,36.9900016784668,34.91999816894531,35.349998474121094,28.629623413085938,9700
2015-12-17,38.86000061035156,38.86000061035156,35.0,35.04999923706055,28.386655807495117,8100
2015-12-18,34.66999816894531,35.09000015258789,33.54999923706055,33.599998474121094,27.212316513061523,17700
2015-12-21,34.2400016784668,35.4900016784668,33.97999954223633,35.0,28.346166610717773,9800
2015-12-22,33.709999084472656,36.959999084472656,33.70000076293945,35.849998474121094,29.034574508666992,14000
2015-12-23,35.84000015258789,37.59000015258789,35.84000015258789,36.65999984741211,29.69058609008789,6300
2015-12-24,35.849998474121094,36.65999984741211,35.75,36.5,29.56100082397461,4500
2015-12-28,36.43000030517578,36.43000030517578,34.72999954223633,35.2400016784668,28.540546417236328,4500
2015-12-29,35.619998931884766,36.65999984741211,35.400001525878906,36.529998779296875,29.585294723510742,8500
2015-12-30,35.5,36.72999954223633,35.349998474121094,36.29999923706055,29.399017333984375,12900
2015-12-31,36.43000030517578,39.5,35.36000061035156,38.400001525878906,31.09978675842285,21400
2016-01-04,37.79999923706055,38.9900016784668,36.84000015258789,38.22999954223633,30.962121963500977,13400
2016-01-05,38.209999084472656,39.81999969482422,38.209999084472656,39.290000915527344,31.82061195373535,8800
2016-01-06,39.02000045776367,40.369998931884766,38.79999923706055,39.060001373291016,31.634313583374023,5100
2016-01-07,38.970001220703125,38.970001220703125,38.0,38.150001525878906,30.897319793701172,4600
2016-01-08,38.619998931884766,39.279998779296875,37.4900016784668,38.720001220703125,31.358959197998047,9200
2016-01-11,39.18000030517578,39.18000030517578,37.540000915527344,38.33000183105469,31.043100357055664,6300
2016-01-12,38.09000015258789,39.0099983215332,37.31999969482422,37.849998474121094,30.65434455871582,9700
2016-01-13,37.849998474121094,37.849998474121094,34.849998474121094,35.36000061035156,28.637725830078125,9000
2016-01-14,35.459999084472656,35.5,33.599998474121094,33.95000076293945,27.495784759521484,8700
2016-01-15,32.630001068115234,34.56999969482422,32.29999923706055,33.31999969482422,26.98554801940918,6300
2016-01-19,34.0,35.5,34.0,34.619998931884766,28.03840446472168,9500
2016-01-20,33.810001373291016,33.810001373291016,30.0,32.0,25.91649627685547,16900
2016-01-21,32.529998779296875,33.95000076293945,32.25,33.02000045776367,26.742586135864258,4400
2016-01-22,33.02000045776367,34.40999984741211,32.25,33.52000045776367,27.147533416748047,2000
2016-01-25,33.75,33.75,32.45000076293945,32.58000183105469,26.3862361907959,3800
2016-01-26,32.779998779296875,33.209999084472656,32.25,33.209999084472656,26.896465301513672,3900
2016-01-27,33.720001220703125,34.099998474121094,33.02000045776367,33.02000045776367,26.742586135864258,1700
2016-01-28,34.150001525878906,34.150001525878906,33.189998626708984,33.189998626708984,26.880264282226562,1600
2016-01-29,33.29999923706055,33.66999816894531,32.0,33.66999816894531,27.269012451171875,3000
2016-02-01,32.849998474121094,34.33000183105469,32.849998474121094,34.33000183105469,27.803550720214844,2300
2016-02-02,33.68000030517578,35.68000030517578,33.0099983215332,34.209999084472656,27.70635414123535,13000
2016-02-03,34.77000045776367,35.209999084472656,34.0,34.959999084472656,28.313766479492188,2400
2016-02-04,35.58000183105469,36.31999969482422,34.68000030517578,35.540000915527344,28.78350830078125,2600
2016-02-05,36.41999816894531,36.41999816894531,34.65999984741211,34.65999984741211,28.070796966552734,5800
2016-02-08,34.869998931884766,34.869998931884766,33.209999084472656,34.75,28.143701553344727,8300
2016-02-09,34.959999084472656,35.66999816894531,34.18000030517578,34.18000030517578,27.68205451965332,4100
2016-02-10,34.90999984741211,34.90999984741211,33.43000030517578,34.040000915527344,27.568674087524414,2100
2016-02-11,32.380001068115234,33.029998779296875,31.969999313354492,32.93000030517578,26.669689178466797,5800
2016-02-12,32.529998779296875,33.560001373291016,32.529998779296875,33.54999923706055,27.171833038330078,1600
2016-02-16,33.900001525878906,34.380001068115234,32.20000076293945,33.72999954223633,27.31760597229004,2400
2016-02-17,33.52000045776367,34.34000015258789,32.529998779296875,33.5,27.131330490112305,4600
2016-02-18,32.25,32.77000045776367,31.479999542236328,31.780000686645508,25.738317489624023,2900
2016-02-19,31.850000381469727,33.619998931884766,31.850000381469727,32.4900016784668,26.313339233398438,4000
2016-02-22,33.47999954223633,39.849998474121094,33.36000061035156,34.709999084472656,28.111305236816406,7200
2016-02-23,34.720001220703125,35.25,33.70000076293945,33.779998779296875,27.358097076416016,10300
2016-02-24,34.0,34.29999923706055,32.79999923706055,33.970001220703125,27.511978149414062,3100
2016-02-25,33.900001525878906,35.310001373291016,32.540000915527344,33.81999969482422,27.390491485595703,4100
2016-02-26,34.0,35.95000076293945,33.0,33.0,26.72638511657715,3100
2016-02-29,33.790000915527344,33.790000915527344,31.950000762939453,32.720001220703125,26.499614715576172,4200
2016-03-01,32.75,33.79999923706055,32.75,33.79999923706055,27.374298095703125,2700
2016-03-02,33.66999816894531,34.59000015258789,33.279998779296875,34.34000015258789,27.811641693115234,2200
2016-03-03,34.0099983215332,34.59000015258789,32.959999084472656,34.59000015258789,28.01410675048828,5900
2016-03-04,34.599998474121094,35.79999923706055,34.599998474121094,35.25,28.548635482788086,4600
2016-03-07,35.529998779296875,36.959999084472656,35.209999084472656,36.720001220703125,29.739179611206055,7400
2016-03-08,36.290000915527344,36.5,35.0,35.0,28.346166610717773,5300
2016-03-09,35.290000915527344,36.61000061035156,34.70000076293945,34.70000076293945,28.280969619750977,2500
2016-03-10,34.459999084472656,34.86000061035156,33.11000061035156,34.33000183105469,27.979415893554688,5800
2016-03-11,35.0,36.91999816894531,35.0,36.91999816894531,30.090286254882812,3800
2016-03-14,36.630001068115234,37.70000076293945,35.06999969482422,37.45000076293945,30.522249221801758,4200
2016-03-15,36.5,37.70000076293945,36.5,36.869998931884766,30.049545288085938,3000
2016-03-16,37.209999084472656,37.709999084472656,36.849998474121094,37.650001525878906,30.685264587402344,2000
2016-03-17,37.54999923706055,41.400001525878906,37.54999923706055,41.38999938964844,33.7333984375,31400
2016-03-18,41.72999954223633,43.0,39.099998474121094,39.099998474121094,31.867021560668945,20200
2016-03-21,40.0099983215332,40.0099983215332,38.29999923706055,38.77000045776367,31.598079681396484,5400
2016-03-22,38.349998474121094,39.900001525878906,38.349998474121094,39.900001525878906,32.51904296875,4200
2016-03-23,39.5,39.869998931884766,38.0,38.0099983215332,30.97865867614746,3000
2016-03-24,37.90999984741211,38.869998931884766,37.0,38.61000061035156,31.467662811279297,6800
2016-03-28,38.709999084472656,39.4900016784668,37.970001220703125,38.91999816894531,31.720312118530273,4200
2016-03-29,38.619998931884766,40.0,37.529998779296875,38.75,31.581764221191406,6700
2016-03-30,39.650001525878906,40.0,37.720001220703125,39.5,32.193031311035156,6500
2016-03-31,39.38999938964844,39.97999954223633,38.4900016784668,39.97999954223633,32.584232330322266,3400
2016-04-01,39.0,40.0,38.310001373291016,39.29999923706055,32.030033111572266,7700
2016-04-04,38.959999084472656,39.29999923706055,38.900001525878906,39.189998626708984,31.94036293029785,2500
2016-04-05,38.779998779296875,40.0,38.0,38.70000076293945,31.541017532348633,5400
2016-04-06,38.5,38.5,35.90999984741211,36.93000030517578,30.09844207763672,10100
2016-04-07,36.459999084472656,36.79999923706055,36.02000045776367,36.02000045776367,29.356782913208008,3600
2016-04-08,36.029998779296875,36.18000030517578,35.25,35.75,29.136734008789062,7900
2016-04-11,36.0,36.36000061035156,35.97999954223633,36.36000061035156,29.633888244628906,1700
2016-04-12,36.150001525878906,38.0,35.970001220703125,37.970001220703125,30.946062088012695,3700
2016-04-13,37.939998626708984,39.04999923706055,37.130001068115234,39.04999923706055,31.826269149780273,6500
2016-04-14,39.2400016784668,39.77000045776367,38.0,38.790000915527344,31.614364624023438,8200
2016-04-15,38.79999923706055,39.029998779296875,37.279998779296875,37.279998779296875,30.383691787719727,8500
2016-04-18,38.70000076293945,39.0,37.40999984741211,37.790000915527344,30.799352645874023,2000
2016-04-19,37.79999923706055,39.119998931884766,37.79999923706055,38.36000061035156,31.263906478881836,3700
2016-04-20,38.63999938964844,38.63999938964844,37.09000015258789,38.0,30.97050666809082,1000
2016-04-21,37.79999923706055,37.79999923706055,36.31999969482422,37.130001068115234,30.261442184448242,3900
2016-04-22,37.0,38.689998626708984,37.0,38.04999923706055,31.011255264282227,1200
2016-04-25,38.369998931884766,40.0,37.20000076293945,37.20000076293945,30.318500518798828,2400
2016-04-26,38.189998626708984,38.630001068115234,36.9900016784668,38.630001068115234,31.483976364135742,5000
2016-04-27,39.04999923706055,39.88999938964844,37.7400016784668,38.630001068115234,31.483976364135742,7200
2016-04-28,38.56999969482422,38.56999969482422,36.68000030517578,38.08000183105469,31.035715103149414,1400
2016-04-29,38.869998931884766,40.25,38.869998931884766,40.25,32.80429458618164,2800
2016-05-02,39.40999984741211,41.34000015258789,39.20000076293945,40.09000015258789,32.673892974853516,3900
2016-05-03,39.5,39.5,38.0099983215332,38.75,31.581764221191406,2700
2016-05-04,38.97999954223633,44.0,38.599998474121094,44.0,35.8605842590332,16000
2016-05-05,44.0,44.27000045776367,42.27000045776367,43.29999923706055,35.290077209472656,6100
2016-05-06,42.54999923706055,42.9900016784668,40.779998779296875,42.9900016784668,35.03742218017578,2000
2016-05-09,42.540000915527344,43.88999938964844,40.310001373291016,40.310001373291016,32.853187561035156,3500
2016-05-10,40.68000030517578,42.0,40.5099983215332,40.5099983215332,33.01618576049805,3200
2016-05-11,41.08000183105469,42.0,38.5,39.20000076293945,31.94853973388672,4700
2016-05-12,39.400001525878906,39.400001525878906,38.13999938964844,38.209999084472656,31.14166259765625,2700
2016-05-13,38.16999816894531,38.54999923706055,36.68000030517578,37.790000915527344,30.799352645874023,5500
2016-05-16,38.0,38.88999938964844,38.0,38.88999938964844,31.69587516784668,1000
2016-05-17,38.689998626708984,38.689998626708984,37.2599983215332,37.2599983215332,30.367406845092773,2100
2016-05-18,38.470001220703125,40.04999923706055,37.209999084472656,38.189998626708984,31.12535858154297,8400
2016-05-19,38.29999923706055,38.29999923706055,38.29999923706055,38.29999923706055,31.215011596679688,300
2016-05-20,38.7400016784668,39.470001220703125,37.599998474121094,39.470001220703125,32.16858673095703,1300
2016-05-23,39.470001220703125,39.470001220703125,37.54999923706055,38.0,30.97050666809082,4900
2016-05-24,38.4900016784668,39.58000183105469,38.4900016784668,39.58000183105469,32.25822067260742,3600
2016-05-25,39.58000183105469,39.58000183105469,38.400001525878906,38.97999954223633,31.76923179626465,1700
2016-05-26,38.599998474121094,38.599998474121094,37.0,38.0,30.97050666809082,9900
2016-05-27,38.099998474121094,38.720001220703125,37.79999923706055,38.720001220703125,31.55731964111328,1800
2016-05-31,38.869998931884766,40.0,37.599998474121094,38.790000915527344,31.614364624023438,1900
2016-06-01,37.869998931884766,37.869998931884766,37.869998931884766,37.869998931884766,31.040605545043945,800
2016-06-02,37.25,37.38999938964844,37.25,37.38999938964844,30.64715576171875,1000
2016-06-03,37.2599983215332,37.2599983215332,36.65999984741211,37.25,30.53241729736328,3000
2016-06-06,38.060001373291016,38.060001373291016,37.0,37.95000076293945,31.106176376342773,2900
2016-06-07,37.25,37.959999084472656,36.90999984741211,37.959999084472656,31.1143798828125,4800
2016-06-08,38.849998474121094,39.0,38.0,39.0,31.966825485229492,3000
2016-06-09,38.849998474121094,39.2599983215332,38.849998474121094,39.2599983215332,32.17993927001953,2000
2016-06-10,38.0,38.95000076293945,37.7599983215332,37.7599983215332,30.9504451751709,3800
2016-06-13,37.52000045776367,37.52000045776367,37.52000045776367,37.52000045776367,30.753726959228516,1300
2016-06-14,37.5,37.86000061035156,35.880001068115234,35.97999954223633,29.491443634033203,4700
2016-06-15,35.5,36.61000061035156,35.5,36.11000061035156,29.59800148010254,1200
2016-06-16,36.349998474121094,37.0,36.119998931884766,37.0,30.327503204345703,2400
2016-06-17,37.06999969482422,37.5,36.7599983215332,37.06999969482422,30.384876251220703,7000
2016-06-20,37.220001220703125,38.52000045776367,36.5,38.52000045776367,31.573392868041992,3200
2016-06-21,38.38999938964844,39.9900016784668,37.11000061035156,37.11000061035156,30.41765594482422,4300
2016-06-22,38.5,38.5,36.779998779296875,36.970001220703125,30.302913665771484,2100
2016-06-23,38.119998931884766,38.25,37.22999954223633,38.0099983215332,31.155357360839844,2200
2016-06-24,36.5,37.09000015258789,36.5,36.5,29.91766357421875,4800
2016-06-27,36.540000915527344,36.79999923706055,35.689998626708984,35.689998626708984,29.253738403320312,4300
2016-06-28,36.529998779296875,37.08000183105469,36.04999923706055,37.08000183105469,30.393070220947266,2900
2016-06-29,37.29999923706055,37.4900016784668,36.689998626708984,37.4900016784668,30.7291316986084,2000
2016-06-30,37.209999084472656,38.599998474121094,37.209999084472656,38.5,31.556991577148438,1500
2016-07-01,38.459999084472656,39.470001220703125,37.52000045776367,37.52000045776367,30.753726959228516,900
2016-07-05,38.0,38.5,37.02000045776367,37.02000045776367,30.343896865844727,1300
2016-07-06,37.34000015258789,38.20000076293945,37.0,38.20000076293945,31.311098098754883,1400
2016-07-07,38.18000030517578,38.18000030517578,37.0,37.0,30.327503204345703,1700
2016-07-08,37.040000915527344,37.529998779296875,37.029998779296875,37.529998779296875,30.761917114257812,1900
2016-07-11,37.349998474121094,38.31999969482422,37.099998474121094,38.31999969482422,31.409452438354492,2400
2016-07-12,38.400001525878906,38.45000076293945,38.0,38.45000076293945,31.516008377075195,2700
2016-07-13,37.54999923706055,37.54999923706055,37.54999923706055,37.54999923706055,30.778310775756836,500
2016-07-14,37.869998931884766,37.869998931884766,37.86000061035156,37.869998931884766,31.040605545043945,700
2016-07-15,37.88999938964844,38.099998474121094,37.15999984741211,37.15999984741211,30.45864486694336,3000
2016-07-18,37.209999084472656,37.810001373291016,37.209999084472656,37.400001525878906,30.655364990234375,600
2016-07-19,37.439998626708984,37.58000183105469,37.439998626708984,37.58000183105469,30.802906036376953,700
2016-07-20,37.56999969482422,37.58000183105469,37.150001525878906,37.5,30.737335205078125,1400
2016-07-21,37.630001068115234,37.630001068115234,37.630001068115234,37.630001068115234,30.843883514404297,300
2016-07-22,36.150001525878906,36.31999969482422,36.150001525878906,36.31999969482422,29.770122528076172,400
2016-07-25,36.63999938964844,36.63999938964844,34.0,34.0,27.868507385253906,7900
2016-07-26,33.29999923706055,33.400001525878906,31.6200008392334,31.6200008392334,25.9177188873291,6800
2016-07-27,31.600000381469727,31.600000381469727,30.600000381469727,31.0,25.409530639648438,5400
2016-07-28,30.790000915527344,31.959999084472656,30.610000610351562,31.649999618530273,25.94230842590332,3400
2016-07-29,31.299999237060547,31.649999618530273,30.270000457763672,30.270000457763672,24.811172485351562,5500
2016-08-01,30.34000015258789,30.799999237060547,30.25,30.420000076293945,24.93412971496582,3900
2016-08-02,30.389999389648438,30.420000076293945,30.200000762939453,30.200000762939453,24.753801345825195,1300
2016-08-03,30.799999237060547,31.299999237060547,30.329999923706055,31.299999237060547,25.655420303344727,1200
2016-08-04,31.0,31.959999084472656,29.639999389648438,30.15999984741211,24.72101593017578,8800
2016-08-05,29.799999237060547,30.65999984741211,29.799999237060547,30.5,24.999692916870117,3300
2016-08-08,31.200000762939453,32.63999938964844,30.399999618530273,31.56999969482422,25.87673568725586,4100
2016-08-09,31.770000457763672,32.58000183105469,31.399999618530273,31.5,25.819358825683594,3700
2016-08-10,32.27000045776367,32.27000045776367,31.0,31.0,25.409530639648438,7200
2016-08-11,31.219999313354492,32.25,31.0,31.309999465942383,25.66362190246582,7000
2016-08-12,31.5,32.290000915527344,31.5,31.850000381469727,26.10624122619629,3500
2016-08-15,31.270000457763672,32.540000915527344,31.270000457763672,32.540000915527344,26.67180633544922,600
2016-08-16,31.90999984741211,32.0,31.280000686645508,31.75,26.02427101135254,3000
2016-08-17,31.600000381469727,31.639999389648438,31.600000381469727,31.639999389648438,25.93410873413086,600
2016-08-18,31.809999465942383,32.61000061035156,31.799999237060547,32.61000061035156,26.729183197021484,2500
2016-08-19,32.369998931884766,33.099998474121094,32.369998931884766,32.38999938964844,26.54885482788086,3000
2016-08-22,31.979999542236328,32.7599983215332,31.979999542236328,32.7599983215332,26.852127075195312,900
2016-08-23,32.0,33.54999923706055,31.530000686645508,33.16999816894531,27.18819236755371,2500
2016-08-24,33.150001525878906,36.0,32.4900016784668,35.0099983215332,28.69637107849121,5800
2016-08-25,35.040000915527344,35.18000030517578,34.34000015258789,35.18000030517578,28.83572006225586,1100
2016-08-26,34.5,35.540000915527344,34.5,35.400001525878906,29.016042709350586,2700
2016-08-29,35.400001525878906,35.400001525878906,34.25,35.0,28.688175201416016,1600
2016-08-30,36.25,36.599998474121094,35.75,35.75,29.30292320251465,4100
2016-08-31,36.880001068115234,37.099998474121094,36.09000015258789,37.099998474121094,30.409467697143555,4100
2016-09-01,36.93000030517578,37.16999816894531,35.18000030517578,37.16999816894531,30.64858055114746,1500
2016-09-02,36.5,37.06999969482422,36.5,37.06999969482422,30.566131591796875,1500
2016-09-06,37.16999816894531,37.83000183105469,36.79999923706055,37.81999969482422,31.18454933166504,3500
2016-09-07,37.66999816894531,38.849998474121094,37.41999816894531,37.41999816894531,30.854719161987305,1900
2016-09-08,37.4900016784668,38.86000061035156,37.4900016784668,37.75,31.126829147338867,1100
2016-09-09,37.400001525878906,37.400001525878906,36.0,36.0,29.68386459350586,3700
2016-09-12,35.29999923706055,37.70000076293945,35.29999923706055,37.70000076293945,31.085599899291992,1200
2016-09-13,35.77000045776367,35.91999816894531,35.75,35.75,29.47772789001465,1000
2016-09-14,35.75,37.720001220703125,35.75,36.400001525878906,30.013694763183594,1400
2016-09-15,35.130001068115234,37.38999938964844,35.130001068115234,37.38999938964844,30.82997703552246,400
2016-09-16,38.20000076293945,38.20000076293945,37.29999923706055,38.11000061035156,31.423667907714844,6600
2016-09-19,37.0,39.400001525878906,37.0,38.40999984741211,31.671037673950195,7100
2016-09-20,37.7400016784668,37.90999984741211,37.5,37.5,30.920698165893555,2700
2016-09-21,37.5,38.0,36.25,37.47999954223633,30.904197692871094,7700
2016-09-22,37.91999816894531,38.279998779296875,37.20000076293945,37.20000076293945,30.673328399658203,3600
2016-09-23,36.29999923706055,37.0,36.0,36.0,29.68386459350586,600
2016-09-26,35.0,36.029998779296875,34.5,34.5,28.44703483581543,3500
2016-09-27,34.970001220703125,36.0,34.43000030517578,35.41999816894531,29.205612182617188,3100
2016-09-28,35.70000076293945,37.95000076293945,34.5099983215332,37.0,30.508419036865234,6200
2016-09-29,36.70000076293945,38.70000076293945,36.70000076293945,38.279998779296875,31.5638427734375,3100
2016-09-30,38.599998474121094,39.439998626708984,37.61000061035156,39.31999969482422,32.4213752746582,3400
2016-10-03,38.34000015258789,38.34000015258789,37.150001525878906,37.5,30.920698165893555,3300
2016-10-04,36.790000915527344,36.790000915527344,35.29999923706055,35.29999923706055,29.10666847229004,2200
2016-10-05,36.20000076293945,37.290000915527344,36.150001525878906,36.93000030517578,30.450700759887695,3700
2016-10-06,36.70000076293945,37.20000076293945,36.2400016784668,36.959999084472656,30.475435256958008,3900
2016-10-07,37.08000183105469,38.0,36.0,36.0,29.68386459350586,2600
2016-10-10,37.0,37.689998626708984,35.810001373291016,37.0,30.508419036865234,2600
2016-10-11,37.099998474121094,37.189998626708984,35.689998626708984,35.90999984741211,29.609651565551758,6000
2016-10-12,37.47999954223633,37.47999954223633,36.38999938964844,36.84000015258789,30.376476287841797,3500
2016-10-13,37.849998474121094,37.849998474121094,35.779998779296875,35.90999984741211,29.609651565551758,2600
2016-10-14,36.529998779296875,37.0,36.02000045776367,36.02000045776367,29.700347900390625,3900
2016-10-17,36.06999969482422,36.4900016784668,35.720001220703125,35.849998474121094,29.56017303466797,2400
2016-10-18,36.5,37.54999923706055,36.5,37.5,30.920698165893555,3100
2016-10-19,36.54999923706055,38.70000076293945,36.54999923706055,38.70000076293945,31.9101505279541,5300
2016-10-20,38.0,38.70000076293945,38.0,38.70000076293945,31.9101505279541,4100
2016-10-21,38.43000030517578,38.880001068115234,36.79999923706055,38.880001068115234,32.05857849121094,6400
2016-10-24,39.0,39.20000076293945,37.900001525878906,38.45000076293945,31.704004287719727,5900
2016-10-25,38.0,38.9900016784668,37.25,38.36000061035156,31.629798889160156,2800
2016-10-26,38.060001373291016,38.060001373291016,37.52000045776367,37.68000030517578,31.069116592407227,2900
2016-10-27,37.40999984741211,38.650001525878906,36.900001525878906,36.900001525878906,30.425954818725586,7000
2016-10-28,37.7599983215332,38.0,37.36000061035156,37.9900016784668,31.32471466064453,2200
2016-10-31,36.09000015258789,38.4900016784668,36.09000015258789,36.540000915527344,30.129121780395508,6400
2016-11-01,36.650001525878906,38.0,36.29999923706055,36.59000015258789,30.17034149169922,2800
2016-11-02,37.18000030517578,38.02000045776367,36.439998626708984,36.709999084472656,30.2692928314209,4800
2016-11-03,37.0,37.40999984741211,36.060001373291016,36.400001525878906,30.013694763183594,6200
2016-11-04,36.0,36.29999923706055,36.0,36.0,29.68386459350586,1200
2016-11-07,36.90999984741211,37.36000061035156,36.0,37.36000061035156,30.805252075195312,2200
2016-11-08,36.150001525878906,36.75,35.16999816894531,36.75,30.30226707458496,5600
2016-11-09,36.0,38.29999923706055,36.0,38.29999923706055,31.58032989501953,3300
2016-11-10,37.29999923706055,38.0,36.5,37.880001068115234,31.23401641845703,3100
2016-11-11,38.45000076293945,40.560001373291016,37.84000015258789,40.5,33.39434051513672,9200
2016-11-14,40.41999816894531,41.349998474121094,39.380001068115234,40.849998474121094,33.68293380737305,7400
2016-11-15,40.400001525878906,41.099998474121094,39.189998626708984,40.150001525878906,33.10575485229492,3400
2016-11-16,39.93000030517578,40.22999954223633,38.27000045776367,40.22999954223633,33.17171096801758,5200
2016-11-17,39.779998779296875,40.45000076293945,38.310001373291016,39.79999923706055,32.817161560058594,8400
2016-11-18,39.02000045776367,39.939998626708984,39.0099983215332,39.70000076293945,32.73471450805664,4000
2016-11-21,39.709999084472656,40.869998931884766,39.529998779296875,40.689998626708984,33.55099868774414,13200
2016-11-22,40.5,41.189998626708984,40.400001525878906,41.189998626708984,33.963279724121094,6200
2016-11-23,40.95000076293945,40.95000076293945,39.9900016784668,40.599998474121094,33.47679901123047,1300
2016-11-25,41.7400016784668,41.7400016784668,41.599998474121094,41.650001525878906,34.342586517333984,900
2016-11-28,41.29999923706055,42.4900016784668,39.119998931884766,40.70000076293945,33.55925369262695,11300
2016-11-29,40.599998474121094,41.900001525878906,39.77000045776367,40.11000061035156,33.0727653503418,2800
2016-11-30,40.70000076293945,41.54999923706055,39.470001220703125,39.540000915527344,32.602779388427734,3000
2016-12-01,40.91999816894531,41.38999938964844,40.060001373291016,40.08000183105469,33.232948303222656,7700
2016-12-02,39.95000076293945,40.9900016784668,39.95000076293945,40.5,33.58118438720703,3200
2016-12-05,40.900001525878906,42.22999954223633,40.900001525878906,42.0,34.82493209838867,10400
2016-12-06,42.04999923706055,42.9900016784668,42.04999923706055,42.9900016784668,35.64582061767578,3500
2016-12-07,42.9900016784668,43.70000076293945,42.310001373291016,42.310001373291016,35.08198928833008,5900
2016-12-08,42.20000076293945,43.290000915527344,41.43000030517578,42.880001068115234,35.55459976196289,4400
2016-12-09,43.310001373291016,44.0,42.209999084472656,42.209999084472656,34.999046325683594,3700
2016-12-12,43.0,43.34000015258789,41.41999816894531,42.209999084472656,34.999046325683594,4200
2016-12-13,42.65999984741211,42.66999816894531,41.439998626708984,42.66999816894531,35.38047409057617,5900
2016-12-14,41.970001220703125,42.68000030517578,40.66999816894531,40.90999984741211,33.92115020751953,6900
2016-12-15,40.75,41.16999816894531,40.209999084472656,40.4900016784668,33.57290267944336,4400
2016-12-16,40.79999923706055,40.9900016784668,39.0099983215332,40.97999954223633,33.979190826416016,16900
2016-12-19,40.43000030517578,41.529998779296875,40.43000030517578,41.060001373291016,34.045528411865234,1100
2016-12-20,41.93000030517578,42.02000045776367,40.25,42.02000045776367,34.841514587402344,2700
2016-12-21,41.869998931884766,43.84000015258789,41.869998931884766,42.72999954223633,35.43023681640625,3600
2016-12-22,41.91999816894531,42.75,40.810001373291016,40.810001373291016,33.83823776245117,1900
2016-12-23,41.75,42.75,41.75,42.689998626708984,35.39705276489258,1500
2016-12-27,42.380001068115234,42.790000915527344,40.90999984741211,41.09000015258789,34.070404052734375,1800
2016-12-28,40.08000183105469,42.880001068115234,40.08000183105469,41.5,34.41034698486328,3700
2016-12-29,41.75,41.9900016784668,40.65999984741211,40.65999984741211,33.71385192871094,5700
2016-12-30,41.029998779296875,41.41999816894531,39.619998931884766,39.650001525878906,32.87639617919922,3000
2017-01-03,40.09000015258789,40.75,39.880001068115234,40.02000045776367,33.18320083618164,1200
2017-01-04,39.040000915527344,41.75,39.040000915527344,41.75,34.61764907836914,1600
2017-01-05,41.5,41.9900016784668,40.900001525878906,40.900001525878906,33.91286849975586,7600
2017-01-06,40.709999084472656,40.709999084472656,40.540000915527344,40.540000915527344,33.61435317993164,800
2017-01-09,40.7400016784668,40.7400016784668,39.61000061035156,39.720001220703125,32.93444061279297,8200
2017-01-10,39.470001220703125,40.689998626708984,38.2599983215332,40.04999923706055,33.208072662353516,11400
2017-01-11,40.130001068115234,40.5,39.4900016784668,39.70000076293945,32.9178581237793,6700
2017-01-12,40.13999938964844,40.13999938964844,39.0099983215332,39.0099983215332,32.34572982788086,4700
2017-01-13,39.65999984741211,39.810001373291016,38.70000076293945,39.0099983215332,32.34572982788086,1600
2017-01-17,40.0,40.0,37.75,37.75,31.300979614257812,12000
2017-01-18,37.709999084472656,38.72999954223633,36.810001373291016,36.810001373291016,30.521564483642578,7700
2017-01-19,37.40999984741211,38.0,36.54999923706055,37.0,30.679115295410156,19900
2017-01-20,37.02000045776367,38.869998931884766,37.02000045776367,37.88999938964844,31.41706657409668,4900
2017-01-23,37.470001220703125,38.97999954223633,37.470001220703125,38.97999954223633,32.32086181640625,3500
2017-01-24,38.959999084472656,39.9900016784668,38.16999816894531,38.349998474121094,31.798479080200195,10000
2017-01-25,38.849998474121094,39.91999816894531,38.7599983215332,39.90999984741211,33.09196853637695,3000
2017-01-26,40.310001373291016,40.41999816894531,39.70000076293945,39.70000076293945,32.9178581237793,6300
2017-01-27,39.63999938964844,40.59000015258789,39.63999938964844,39.970001220703125,33.1417236328125,3900
2017-01-30,39.31999969482422,40.5,38.849998474121094,39.79999923706055,33.00077819824219,8700
2017-01-31,39.279998779296875,39.560001373291016,38.0,38.75,32.13014602661133,13200
2017-02-01,39.369998931884766,39.59000015258789,38.060001373291016,39.099998474121094,32.42036056518555,3100
2017-02-02,39.599998474121094,39.779998779296875,38.61000061035156,39.4900016784668,32.743717193603516,1900
2017-02-03,40.0,41.66999816894531,39.599998474121094,40.5,33.58118438720703,15100
2017-02-06,40.06999969482422,40.4900016784668,39.15999984741211,39.29999923706055,32.586185455322266,2800
2017-02-07,39.970001220703125,40.27000045776367,39.65999984741211,39.959999084472656,33.13344192504883,6400
2017-02-08,40.09000015258789,40.34000015258789,39.5099983215332,39.5099983215332,32.760311126708984,1900
2017-02-09,38.369998931884766,40.599998474121094,38.369998931884766,39.869998931884766,33.05881881713867,5200
2017-02-10,40.869998931884766,40.869998931884766,39.95000076293945,39.95000076293945,33.12514114379883,1300
2017-02-13,40.38999938964844,41.7599983215332,40.04999923706055,41.5,34.41034698486328,10500
2017-02-14,40.779998779296875,40.900001525878906,40.5,40.54999923706055,33.622650146484375,3400
2017-02-15,40.369998931884766,41.9900016784668,40.029998779296875,41.29999923706055,34.24452209472656,16000
2017-02-16,41.220001220703125,41.9900016784668,41.220001220703125,41.220001220703125,34.17820358276367,1700
2017-02-17,41.849998474121094,41.849998474121094,40.099998474121094,41.20000076293945,34.16160583496094,3700
2017-02-21,40.81999969482422,41.0,40.81999969482422,40.939998626708984,33.94601821899414,2100
2017-02-22,40.40999984741211,41.099998474121094,40.400001525878906,40.5099983215332,33.58948516845703,5500
2017-02-23,40.040000915527344,41.25,40.040000915527344,40.61000061035156,33.67240905761719,3800
2017-02-24,40.95000076293945,40.95000076293945,40.150001525878906,40.150001525878906,33.29098129272461,2900
2017-02-27,40.45000076293945,40.75,40.290000915527344,40.75,33.788482666015625,4900
2017-02-28,40.5099983215332,41.29999923706055,40.5,40.5,33.58118438720703,2100
2017-03-01,40.97999954223633,40.97999954223633,39.11000061035156,40.5,33.58118438720703,5000
2017-03-02,40.400001525878906,40.560001373291016,39.18000030517578,39.650001525878906,32.87639617919922,3300
2017-03-03,39.75,39.77000045776367,37.529998779296875,37.529998779296875,31.118568420410156,4300
2017-03-06,37.290000915527344,37.290000915527344,35.7599983215332,36.52000045776367,30.281118392944336,6000
2017-03-07,36.970001220703125,36.970001220703125,36.20000076293945,36.29999923706055,30.09869956970215,2400
2017-03-08,35.290000915527344,35.290000915527344,35.290000915527344,35.290000915527344,29.43966293334961,700
2017-03-09,35.5,35.68000030517578,35.45000076293945,35.459999084472656,29.58147621154785,1400
2017-03-10,35.5,36.400001525878906,35.099998474121094,35.099998474121094,29.281166076660156,2200
2017-03-13,35.400001525878906,35.400001525878906,34.54999923706055,35.400001525878906,29.53143310546875,5300
2017-03-14,35.459999084472656,35.529998779296875,34.529998779296875,35.38999938964844,29.52307891845703,6300
2017-03-15,35.209999084472656,35.560001373291016,34.31999969482422,35.560001373291016,29.66490364074707,2200
2017-03-16,35.349998474121094,35.5,34.22999954223633,34.4900016784668,28.77228546142578,8700
2017-03-17,34.650001525878906,35.18000030517578,34.599998474121094,34.650001525878906,28.905759811401367,7100
2017-03-20,35.13999938964844,35.34000015258789,35.02000045776367,35.02000045776367,29.214414596557617,1500
2017-03-21,34.29999923706055,36.27000045776367,34.29999923706055,35.25,29.406293869018555,6600
2017-03-22,37.150001525878906,37.220001220703125,36.599998474121094,36.61000061035156,30.54083251953125,3400
2017-03-23,36.70000076293945,37.7599983215332,35.56999969482422,37.7599983215332,31.50018882751465,900
2017-03-24,37.0,37.52000045776367,35.86000061035156,35.86000061035156,29.915164947509766,1100
2017-03-27,35.47999954223633,36.22999954223633,35.02000045776367,36.22999954223633,30.223831176757812,6400
2017-03-28,35.869998931884766,37.47999954223633,35.58000183105469,36.56999969482422,30.507457733154297,4100
2017-03-29,36.13999938964844,37.029998779296875,36.13999938964844,36.650001525878906,30.574201583862305,10000
2017-03-30,36.459999084472656,38.22999954223633,36.459999084472656,38.22999954223633,31.892269134521484,5200
2017-03-31,38.29999923706055,38.29999923706055,37.349998474121094,37.349998474121094,31.15814971923828,2000
2017-04-03,36.79999923706055,38.06999969482422,36.79999923706055,37.88999938964844,31.60863494873047,4000
2017-04-04,38.970001220703125,38.970001220703125,36.90999984741211,38.0099983215332,31.7087345123291,7000
2017-04-05,37.869998931884766,38.61000061035156,36.88999938964844,37.31999969482422,31.13313102722168,9400
2017-04-06,36.779998779296875,38.599998474121094,36.599998474121094,36.65999984741211,30.582550048828125,7300
2017-04-07,37.47999954223633,38.25,37.380001068115234,38.25,31.908954620361328,5800
2017-04-10,37.790000915527344,38.47999954223633,37.540000915527344,37.540000915527344,31.316661834716797,5800
2017-04-11,38.0,38.0,37.45000076293945,37.56999969482422,31.341686248779297,6100
2017-04-12,37.36000061035156,38.97999954223633,37.31999969482422,38.349998474121094,31.992372512817383,14700
2017-04-13,37.900001525878906,38.11000061035156,36.91999816894531,37.79999923706055,31.533552169799805,5300
2017-04-17,37.72999954223633,38.5,37.599998474121094,37.959999084472656,31.667030334472656,8000
2017-04-18,37.66999816894531,37.97999954223633,37.4900016784668,37.4900016784668,31.274951934814453,3100
2017-04-19,37.900001525878906,37.900001525878906,36.400001525878906,36.650001525878906,30.574201583862305,4200
2017-04-20,35.849998474121094,38.439998626708984,35.63999938964844,38.0099983215332,31.7087345123291,3000
2017-04-21,39.849998474121094,39.849998474121094,38.75,38.75,32.326072692871094,6500
2017-04-24,39.59000015258789,39.97999954223633,39.15999984741211,39.95000076293945,33.32713317871094,3200
2017-04-25,38.630001068115234,41.189998626708984,38.0099983215332,39.630001068115234,33.060176849365234,11500
2017-04-26,39.150001525878906,40.099998474121094,39.150001525878906,40.099998474121094,33.4522590637207,2100
2017-04-27,39.7599983215332,40.27000045776367,39.7599983215332,39.77000045776367,33.176971435546875,6300
2017-04-28,40.09000015258789,40.709999084472656,39.150001525878906,40.619998931884766,33.88606643676758,8900
2017-05-01,40.959999084472656,41.709999084472656,39.5,41.709999084472656,34.79536056518555,19600
2017-05-02,41.9900016784668,42.0099983215332,40.97999954223633,41.54999923706055,34.661888122558594,7600
2017-05-03,40.5,41.47999954223633,40.5,40.7400016784668,33.986175537109375,4300
2017-05-04,40.79999923706055,41.099998474121094,39.91999816894531,40.099998474121094,33.4522590637207,4300
2017-05-05,40.70000076293945,40.70000076293945,38.79999923706055,39.65999984741211,33.08521270751953,10700
2017-05-08,39.83000183105469,40.47999954223633,39.83000183105469,40.47999954223633,33.76926040649414,1500
2017-05-09,40.650001525878906,41.2599983215332,39.810001373291016,39.810001373291016,33.210350036621094,5900
2017-05-10,39.869998931884766,40.130001068115234,39.0,39.0,32.53461456298828,4900
2017-05-11,39.45000076293945,39.84000015258789,39.45000076293945,39.65999984741211,33.08521270751953,2700
2017-05-12,39.5,39.599998474121094,39.5,39.599998474121094,33.03514862060547,3500
2017-05-15,40.7599983215332,40.7599983215332,39.290000915527344,39.290000915527344,32.776546478271484,1500
2017-05-16,39.709999084472656,39.709999084472656,39.709999084472656,39.709999084472656,33.12691116333008,1100
2017-05-17,40.099998474121094,40.099998474121094,39.20000076293945,39.5,32.95173263549805,8000
2017-05-18,39.16999816894531,41.47999954223633,39.16999816894531,40.060001373291016,33.41889572143555,15500
2017-05-19,40.849998474121094,41.310001373291016,40.02000045776367,40.029998779296875,33.39386749267578,5900
2017-05-22,40.0,40.7400016784668,40.0,40.47999954223633,33.76926040649414,7100
2017-05-23,40.040000915527344,41.20000076293945,40.040000915527344,40.34000015258789,33.6524772644043,1500
2017-05-24,41.0,41.0,39.650001525878906,39.650001525878906,33.07686996459961,1700
2017-05-25,38.0,40.470001220703125,38.0,39.5099983215332,32.960079193115234,5100
2017-05-26,39.36000061035156,39.849998474121094,39.36000061035156,39.77000045776367,33.176971435546875,3900
2017-05-30,40.95000076293945,40.95000076293945,39.529998779296875,40.2599983215332,33.585731506347656,3800
2017-05-31,40.869998931884766,40.869998931884766,39.869998931884766,39.869998931884766,33.443153381347656,2900
2017-06-01,40.5099983215332,40.689998626708984,40.4900016784668,40.4900016784668,33.96321105957031,3600
2017-06-02,40.939998626708984,41.869998931884766,40.689998626708984,41.66999816894531,34.95298385620117,6500
2017-06-05,41.0,41.81999969482422,41.0,41.0,34.39099884033203,4900
2017-06-06,40.900001525878906,41.650001525878906,40.70000076293945,41.40999984741211,34.73489761352539,5200
2017-06-07,40.970001220703125,41.08000183105469,40.970001220703125,41.08000183105469,34.45810317993164,3100
2017-06-08,41.06999969482422,41.869998931884766,40.90999984741211,41.0099983215332,34.399375915527344,4100
2017-06-09,41.20000076293945,41.47999954223633,41.119998931884766,41.36000061035156,34.692955017089844,2400
2017-06-12,41.61000061035156,41.61000061035156,40.29999923706055,41.47999954223633,34.79362106323242,1200
2017-06-13,41.869998931884766,42.45000076293945,41.310001373291016,42.45000076293945,35.60725784301758,3100
2017-06-14,42.5,42.5,41.119998931884766,41.119998931884766,34.49164581298828,800
2017-06-15,41.400001525878906,42.33000183105469,40.779998779296875,42.33000183105469,35.5066032409668,1200
2017-06-16,41.33000183105469,42.9900016784668,41.33000183105469,42.599998474121094,35.73308563232422,74900
2017-06-19,42.5099983215332,43.79999923706055,42.5099983215332,43.29999923706055,36.32023620605469,8900
2017-06-20,42.72999954223633,43.29999923706055,42.630001068115234,42.63999938964844,35.766624450683594,6300
2017-06-21,42.09000015258789,43.189998626708984,41.529998779296875,42.20000076293945,35.397560119628906,1600
2017-06-22,42.79999923706055,42.79999923706055,41.65999984741211,41.65999984741211,34.94459915161133,11700
2017-06-23,41.7599983215332,41.97999954223633,40.779998779296875,40.91999816894531,34.32387924194336,15100
2017-06-26,41.29999923706055,42.029998779296875,40.20000076293945,41.68000030517578,34.96137619018555,3200
2017-06-27,41.54999923706055,41.84000015258789,40.06999969482422,41.84000015258789,35.095584869384766,3300
2017-06-28,40.33000183105469,41.93000030517578,40.33000183105469,41.869998931884766,35.12075424194336,1100
2017-06-29,41.560001373291016,41.56999969482422,40.810001373291016,41.56999969482422,34.86911392211914,3400
2017-06-30,41.08000183105469,41.08000183105469,41.08000183105469,41.08000183105469,34.45810317993164,800
2017-07-03,41.79999923706055,41.79999923706055,41.79999923706055,41.79999923706055,35.06203842163086,500
2017-07-05,41.79999923706055,41.79999923706055,41.79999923706055,41.79999923706055,35.06203842163086,600
2017-07-06,40.52000045776367,42.20000076293945,40.52000045776367,41.439998626708984,34.76006317138672,4300
2017-07-07,41.70000076293945,42.22999954223633,41.599998474121094,41.599998474121094,34.89426803588867,1400
2017-07-10,41.63999938964844,41.63999938964844,41.63999938964844,41.63999938964844,34.92782974243164,600
2017-07-11,41.68000030517578,41.70000076293945,41.540000915527344,41.540000915527344,34.84394836425781,1700
2017-07-12,42.77000045776367,42.77000045776367,41.0,41.900001525878906,35.14591979980469,2700
2017-07-13,41.560001373291016,41.560001373291016,41.560001373291016,41.560001373291016,34.860721588134766,200
2017-07-14,42.0,42.470001220703125,40.06999969482422,41.5,34.810386657714844,1900
2017-07-17,40.029998779296875,42.31999969482422,40.029998779296875,41.88999938964844,35.13752746582031,900
2017-07-18,41.41999816894531,41.869998931884766,40.959999084472656,40.959999084472656,34.35744094848633,1400
2017-07-19,40.959999084472656,40.959999084472656,40.959999084472656,40.959999084472656,34.35744094848633,1200
2017-07-20,41.54999923706055,41.75,41.54999923706055,41.75,35.02009201049805,900
2017-07-21,42.61000061035156,42.61000061035156,40.599998474121094,41.02000045776367,34.40776443481445,3600
2017-07-24,41.79999923706055,41.79999923706055,40.0,40.0,33.55219650268555,900
2017-07-25,41.22999954223633,41.9900016784668,40.11000061035156,40.72999954223633,34.16451644897461,2800
2017-07-26,41.5,41.5,41.5,41.5,34.810386657714844,600
2017-07-27,40.11000061035156,40.75,40.11000061035156,40.5,33.971595764160156,1900
2017-07-28,40.25,40.599998474121094,37.43000030517578,37.43000030517578,31.396459579467773,2600
2017-07-31,38.4900016784668,38.4900016784668,37.9900016784668,37.9900016784668,31.866186141967773,2400
2017-08-01,37.849998474121094,38.0,37.77000045776367,37.77000045776367,31.681644439697266,5600
2017-08-02,37.18000030517578,38.0,37.18000030517578,37.7599983215332,31.67327117919922,6000
2017-08-03,37.79999923706055,37.79999923706055,37.029998779296875,37.029998779296875,31.06093978881836,1800
2017-08-04,37.4900016784668,38.0,37.099998474121094,38.0,31.874582290649414,1000
2017-08-07,38.0,38.52000045776367,37.65999984741211,38.16999816894531,32.017173767089844,4400
2017-08-08,37.93000030517578,38.029998779296875,37.93000030517578,38.029998779296875,31.899734497070312,1100
2017-08-09,37.040000915527344,38.33000183105469,37.040000915527344,37.52000045776367,31.47195053100586,6000
2017-08-10,37.40999984741211,37.650001525878906,37.29999923706055,37.29999923706055,31.28742218017578,1900
2017-08-11,37.0,37.0,34.33000183105469,35.060001373291016,29.408496856689453,12200
2017-08-14,35.38999938964844,35.59000015258789,35.0,35.59000015258789,29.853057861328125,1900
2017-08-15,35.709999084472656,35.709999084472656,34.790000915527344,34.790000915527344,29.1820125579834,8800
2017-08-16,34.849998474121094,34.95000076293945,34.4900016784668,34.95000076293945,29.316225051879883,6300
2017-08-17,35.06999969482422,35.06999969482422,34.38999938964844,34.38999938964844,28.84649085998535,3300
2017-08-18,34.0,34.70000076293945,34.0,34.70000076293945,29.10652732849121,3400
2017-08-21,34.9900016784668,34.9900016784668,34.0099983215332,34.0099983215332,28.527748107910156,1800
2017-08-22,34.40999984741211,34.5,34.0,34.4900016784668,28.930376052856445,2600
2017-08-23,34.08000183105469,34.08000183105469,32.79999923706055,32.79999923706055,27.512792587280273,11900
2017-08-24,33.25,33.25,33.0,33.16999816894531,27.823144912719727,4200
2017-08-25,33.400001525878906,33.88999938964844,33.34000015258789,33.88999938964844,28.42708396911621,2700
2017-08-28,33.619998931884766,33.619998931884766,33.13999938964844,33.27000045776367,27.90703582763672,3600
2017-08-29,33.25,33.790000915527344,33.099998474121094,33.29999923706055,27.93219757080078,5400
2017-08-30,33.5,34.400001525878906,33.5,34.31999969482422,28.78777313232422,5000
2017-08-31,33.88999938964844,35.95000076293945,33.88999938964844,34.66999816894531,29.08135223388672,5900
2017-09-01,35.04999923706055,35.90999984741211,34.27000045776367,35.4900016784668,29.95929527282715,1700
2017-09-05,35.5,35.5,34.290000915527344,34.290000915527344,28.94629669189453,1600
2017-09-06,34.29999923706055,34.45000076293945,34.29999923706055,34.439998626708984,29.072917938232422,1000
2017-09-07,35.0,35.0,34.619998931884766,34.619998931884766,29.22486686706543,800
2017-09-08,34.75,35.880001068115234,34.75,35.349998474121094,29.84110450744629,3000
2017-09-11,35.79999923706055,35.95000076293945,34.369998931884766,35.95000076293945,30.347599029541016,5700
2017-09-12,35.099998474121094,35.560001373291016,35.099998474121094,35.310001373291016,29.807340621948242,2500
2017-09-13,35.58000183105469,35.83000183105469,35.310001373291016,35.709999084472656,30.144994735717773,3400
2017-09-14,36.34000015258789,36.5,35.83000183105469,35.83000183105469,30.246305465698242,4600
2017-09-15,36.349998474121094,36.9900016784668,35.900001525878906,36.41999816894531,30.744359970092773,14300
2017-09-18,36.41999816894531,36.599998474121094,36.2400016784668,36.2400016784668,30.592411041259766,2600
2017-09-19,35.58000183105469,36.36000061035156,35.58000183105469,36.36000061035156,30.693714141845703,1100
2017-09-20,35.59000015258789,36.5,35.59000015258789,35.72999954223633,30.161882400512695,2600
2017-09-21,36.130001068115234,37.459999084472656,36.130001068115234,37.459999084472656,31.622282028198242,3700
2017-09-22,37.459999084472656,39.33000183105469,37.349998474121094,37.81999969482422,31.92618179321289,4900
2017-09-25,37.79999923706055,39.119998931884766,37.79999923706055,38.5099983215332,32.50865936279297,4200
2017-09-26,38.650001525878906,39.0099983215332,38.54999923706055,38.90999984741211,32.84632110595703,5300
2017-09-27,38.790000915527344,40.119998931884766,38.790000915527344,39.58000183105469,33.411903381347656,12800
2017-09-28,40.029998779296875,40.849998474121094,39.58000183105469,40.79999923706055,34.44178009033203,7200
2017-09-29,41.63999938964844,42.4900016784668,40.599998474121094,41.5,35.0327033996582,11500
2017-10-02,41.560001373291016,42.41999816894531,41.2400016784668,41.88999938964844,35.36192321777344,2600
2017-10-03,41.880001068115234,42.06999969482422,41.790000915527344,41.790000915527344,35.27750015258789,1300
2017-10-04,42.060001373291016,42.060001373291016,41.369998931884766,42.0,35.45478820800781,1300
2017-10-05,42.45000076293945,43.79999923706055,42.45000076293945,43.400001525878906,36.63660430908203,7400
2017-10-06,42.900001525878906,46.29999923706055,42.900001525878906,46.189998626708984,38.99181365966797,13700
2017-10-09,46.400001525878906,46.65999984741211,44.5,44.5,37.56517791748047,10600
2017-10-10,44.5,45.06999969482422,44.29999923706055,45.06999969482422,38.046348571777344,5000
2017-10-11,44.84000015258789,45.349998474121094,44.79999923706055,45.130001068115234,38.097007751464844,2200
2017-10-12,45.150001525878906,45.150001525878906,44.599998474121094,44.79999923706055,37.81842803955078,2200
2017-10-13,45.13999938964844,45.79999923706055,44.93000030517578,45.0099983215332,37.995704650878906,12100
2017-10-16,45.70000076293945,45.70000076293945,44.369998931884766,45.400001525878906,38.324928283691406,7400
2017-10-17,45.650001525878906,45.650001525878906,44.43000030517578,44.5099983215332,37.573631286621094,3600
2017-10-18,44.900001525878906,45.150001525878906,44.0,44.0,37.14310073852539,2000
2017-10-19,44.150001525878906,44.470001220703125,43.029998779296875,43.029998779296875,36.32426834106445,1900
2017-10-20,43.369998931884766,43.72999954223633,43.29999923706055,43.29999923706055,36.552188873291016,1200
2017-10-23,42.970001220703125,42.970001220703125,42.060001373291016,42.099998474121094,35.539188385009766,1400
2017-10-24,42.0,42.45000076293945,41.45000076293945,41.77000045776367,35.2606201171875,1200
2017-10-25,41.04999923706055,41.060001373291016,41.04999923706055,41.060001373291016,34.66127395629883,500
2017-10-26,41.650001525878906,41.650001525878906,41.25,41.25,34.82166290283203,1100
2017-10-27,41.849998474121094,42.20000076293945,41.849998474121094,42.20000076293945,35.62360763549805,1200
2017-10-30,41.63999938964844,42.25,41.619998931884766,41.91999816894531,35.387245178222656,2200
2017-10-31,42.54999923706055,43.25,42.54999923706055,42.939998626708984,36.248294830322266,7500
2017-11-01,43.52000045776367,43.939998626708984,43.119998931884766,43.4900016784668,36.71257400512695,4400
2017-11-02,43.95000076293945,43.95000076293945,43.099998474121094,43.86000061035156,37.02492141723633,4400
2017-11-03,43.90999984741211,45.18000030517578,42.79999923706055,45.18000030517578,38.139217376708984,7100
2017-11-06,44.56999969482422,45.66999816894531,44.56999969482422,44.95000076293945,37.9450569152832,13800
2017-11-07,44.599998474121094,45.0099983215332,44.349998474121094,44.349998474121094,37.43855285644531,3100
2017-11-08,43.90999984741211,45.33000183105469,43.5,44.150001525878906,37.269737243652344,9000
2017-11-09,44.41999816894531,44.790000915527344,43.36000061035156,43.400001525878906,36.63660430908203,3100
2017-11-10,42.9900016784668,42.9900016784668,42.9900016784668,42.9900016784668,36.29049301147461,700
2017-11-13,42.91999816894531,42.91999816894531,42.08000183105469,42.599998474121094,35.961273193359375,2100
2017-11-14,42.58000183105469,42.58000183105469,41.400001525878906,41.849998474121094,35.32815170288086,4400
2017-11-15,41.83000183105469,41.83000183105469,40.36000061035156,40.4900016784668,34.180091857910156,8100
2017-11-16,40.79999923706055,42.34000015258789,40.459999084472656,42.34000015258789,35.74179458618164,6200
2017-11-17,41.349998474121094,43.560001373291016,41.349998474121094,42.900001525878906,36.21451950073242,12000
2017-11-20,43.59000015258789,45.36000061035156,43.540000915527344,45.36000061035156,38.29114532470703,4100
2017-11-21,45.02000045776367,45.58000183105469,44.400001525878906,44.400001525878906,37.48076629638672,3400
2017-11-22,44.2400016784668,44.29999923706055,43.5,43.5,36.72102737426758,1400
2017-11-24,44.0,44.0,44.0,44.0,37.14310073852539,200
2017-11-27,43.08000183105469,44.91999816894531,43.08000183105469,44.11000061035156,37.23595428466797,6200
2017-11-28,44.619998931884766,46.5,44.619998931884766,46.5,39.253509521484375,5500
2017-11-29,46.599998474121094,46.599998474121094,45.97999954223633,46.5,39.253509521484375,3000
2017-11-30,46.5,47.72999954223633,46.5,47.40999984741211,40.021697998046875,9600
2017-12-01,47.150001525878906,49.56999969482422,47.150001525878906,49.400001525878906,41.70157241821289,4000
2017-12-04,49.790000915527344,50.59000015258789,48.0,49.459999084472656,41.939002990722656,11100
2017-12-05,48.79999923706055,48.79999923706055,46.650001525878906,48.54999923706055,41.1673698425293,2700
2017-12-06,47.900001525878906,47.900001525878906,45.20000076293945,45.20000076293945,38.32677459716797,1200
2017-12-07,45.70000076293945,45.70000076293945,44.0,44.38999938964844,37.639957427978516,1400
2017-12-08,44.20000076293945,45.290000915527344,43.04999923706055,43.099998474121094,36.54610824584961,3400
2017-12-11,42.279998779296875,43.59000015258789,42.279998779296875,43.45000076293945,36.842891693115234,3400
2017-12-12,44.20000076293945,45.93000030517578,43.83000183105469,45.93000030517578,38.94577407836914,4000
2017-12-13,46.599998474121094,49.220001220703125,44.79999923706055,49.220001220703125,41.73548889160156,5100
2017-12-14,47.720001220703125,49.9900016784668,47.720001220703125,49.720001220703125,42.159461975097656,9000
2017-12-15,48.86000061035156,50.099998474121094,48.2599983215332,50.099998474121094,42.48167037963867,15200
2017-12-18,49.41999816894531,49.41999816894531,46.25,48.20000076293945,40.870601654052734,7900
2017-12-19,48.0,48.0,47.95000076293945,47.95000076293945,40.65860366821289,2300
2017-12-20,46.790000915527344,47.79999923706055,46.0,46.0,39.0051383972168,1300
2017-12-21,45.72999954223633,46.88999938964844,43.209999084472656,46.88999938964844,39.75979232788086,16600
2017-12-22,45.349998474121094,46.52000045776367,44.599998474121094,44.599998474121094,37.81800842285156,7700
2017-12-26,44.79999923706055,44.81999969482422,43.0,43.08000183105469,36.52915573120117,3700
2017-12-27,43.400001525878906,43.95000076293945,43.400001525878906,43.61000061035156,36.97856521606445,3000
2017-12-28,43.5,44.09000015258789,43.4900016784668,44.0099983215332,37.3177375793457,5000
2017-12-29,43.22999954223633,44.099998474121094,43.22999954223633,43.5,36.88528823852539,2600
2018-01-02,43.97999954223633,45.709999084472656,43.13999938964844,44.0,37.30925750732422,8100
2018-01-03,44.29999923706055,48.25,44.29999923706055,48.20000076293945,40.870601654052734,13800
2018-01-04,47.52000045776367,47.560001373291016,44.70000076293945,44.84000015258789,38.021522521972656,10900
2018-01-05,44.29999923706055,46.11000061035156,44.29999923706055,45.849998474121094,38.8779411315918,3400
2018-01-08,45.220001220703125,46.0099983215332,45.220001220703125,45.599998474121094,38.665958404541016,2600
2018-01-09,45.599998474121094,46.900001525878906,44.83000183105469,46.88999938964844,39.75979232788086,3000
2018-01-10,46.400001525878906,46.400001525878906,45.43000030517578,46.36000061035156,39.31039047241211,1100
2018-01-11,45.65999984741211,47.0,45.65999984741211,47.0,39.853065490722656,3000
2018-01-12,46.61000061035156,47.560001373291016,46.61000061035156,47.29999923706055,40.107444763183594,4000
2018-01-16,47.29999923706055,47.75,47.29999923706055,47.29999923706055,40.107444763183594,2200
2018-01-17,47.209999084472656,48.70000076293945,47.209999084472656,48.70000076293945,41.2945671081543,2100
2018-01-18,48.52000045776367,48.7400016784668,47.47999954223633,47.47999954223633,40.260074615478516,4200
2018-01-19,47.209999084472656,47.84000015258789,46.599998474121094,46.810001373291016,39.691951751708984,4600
2018-01-22,46.189998626708984,47.5,46.189998626708984,47.369998931884766,40.166805267333984,9000
2018-01-23,46.959999084472656,48.20000076293945,46.959999084472656,47.04999923706055,39.89545822143555,11900
2018-01-24,47.650001525878906,47.709999084472656,46.40999984741211,46.470001220703125,39.40366744995117,12400
2018-01-25,47.11000061035156,47.11000061035156,46.0099983215332,46.709999084472656,39.6071662902832,2500
2018-01-26,46.060001373291016,46.88999938964844,46.060001373291016,46.70000076293945,39.59868621826172,4000
2018-01-29,45.720001220703125,46.16999816894531,45.29999923706055,45.75,38.793148040771484,16900
2018-01-30,45.75,45.900001525878906,45.04999923706055,45.04999923706055,38.199588775634766,2400
2018-01-31,45.2599983215332,45.45000076293945,44.5,44.5,37.73322296142578,3800
2018-02-01,44.27000045776367,45.099998474121094,44.27000045776367,44.619998931884766,37.83498001098633,1600
2018-02-02,46.650001525878906,46.650001525878906,44.400001525878906,44.459999084472656,37.699310302734375,4200
2018-02-05,44.880001068115234,44.880001068115234,40.900001525878906,40.900001525878906,34.6806526184082,8000
2018-02-06,40.93000030517578,42.029998779296875,40.93000030517578,41.79999923706055,35.44379425048828,2300
2018-02-07,42.400001525878906,42.79999923706055,41.45000076293945,42.220001220703125,35.7999267578125,3500
2018-02-08,42.54999923706055,42.54999923706055,40.619998931884766,40.900001525878906,34.6806526184082,8600
2018-02-09,41.099998474121094,41.099998474121094,38.25,38.25,32.43360900878906,7300
2018-02-12,39.040000915527344,40.849998474121094,39.040000915527344,40.470001220703125,34.316036224365234,10300
2018-02-13,40.900001525878906,44.4900016784668,40.11000061035156,44.25,37.521244049072266,19900
2018-02-14,43.27000045776367,45.25,43.27000045776367,44.02000045776367,37.32621383666992,6500
2018-02-15,44.4900016784668,44.959999084472656,43.5,44.959999084472656,38.12327194213867,2700
2018-02-16,43.970001220703125,45.369998931884766,43.529998779296875,43.720001220703125,37.07182693481445,4900
2018-02-20,42.810001373291016,44.029998779296875,42.810001373291016,43.45000076293945,36.842891693115234,5900
2018-02-21,43.84000015258789,43.84000015258789,40.279998779296875,41.5,35.18940734863281,39200
2018-02-22,41.439998626708984,42.650001525878906,40.65999984741211,40.65999984741211,34.477142333984375,8600
2018-02-23,40.65999984741211,41.9900016784668,40.65999984741211,41.9900016784668,35.60490417480469,6400
2018-02-26,42.20000076293945,42.38999938964844,40.9900016784668,40.9900016784668,34.756954193115234,6600
2018-02-27,41.97999954223633,41.9900016784668,40.7400016784668,41.06999969482422,34.82479476928711,1100
2018-02-28,40.15999984741211,41.5,39.130001068115234,39.5,33.4935302734375,6600
2018-03-01,39.869998931884766,39.869998931884766,37.75,39.61000061035156,33.58680725097656,12800
2018-03-02,39.25,41.75,39.18000030517578,39.22999954223633,33.26459503173828,9800
2018-03-05,39.43000030517578,43.0,39.43000030517578,42.15999984741211,35.74905014038086,13500
2018-03-06,42.16999816894531,43.849998474121094,41.11000061035156,42.27000045776367,35.842323303222656,8700
2018-03-07,42.29999923706055,42.689998626708984,41.45000076293945,41.61000061035156,35.282684326171875,6400
2018-03-08,41.709999084472656,42.66999816894531,41.31999969482422,41.650001525878906,35.50431442260742,6600
2018-03-09,42.150001525878906,43.0099983215332,42.150001525878906,43.0099983215332,36.66364669799805,13400
2018-03-12,43.5,44.400001525878906,43.400001525878906,44.33000183105469,37.78886795043945,3500
2018-03-13,44.900001525878906,44.90999984741211,42.2599983215332,42.2599983215332,36.02431869506836,5500
2018-03-14,44.0,44.5,42.970001220703125,43.5,37.08134460449219,5600
2018-03-15,43.25,44.0,39.0,39.0,33.245338439941406,8300
2018-03-16,38.7599983215332,40.310001373291016,37.630001068115234,38.15999984741211,32.5292854309082,19100
2018-03-19,38.349998474121094,41.9900016784668,38.349998474121094,40.970001220703125,34.924652099609375,22200
2018-03-20,41.0,42.900001525878906,40.63999938964844,40.63999938964844,34.64335250854492,3600
2018-03-21,42.20000076293945,42.689998626708984,41.099998474121094,42.630001068115234,36.33971405029297,3500
2018-03-22,42.11000061035156,43.0,41.95000076293945,42.25,36.015785217285156,11000
2018-03-23,42.11000061035156,44.0,42.11000061035156,42.5,36.22890090942383,6500
2018-03-26,42.9900016784668,43.0,41.33000183105469,41.33000183105469,35.231529235839844,20200
2018-03-27,42.099998474121094,42.459999084472656,41.029998779296875,41.029998779296875,34.975799560546875,1100
2018-03-28,40.880001068115234,41.25,39.65999984741211,41.22999954223633,35.14628982543945,2100
2018-03-29,41.79999923706055,43.5,41.540000915527344,43.5,37.08134460449219,4800
2018-04-02,42.40999984741211,43.75,42.40999984741211,42.459999084472656,36.194801330566406,4100
2018-04-03,42.86000061035156,43.349998474121094,41.7400016784668,43.349998474121094,36.95347595214844,6000
2018-04-04,43.349998474121094,44.0,43.040000915527344,44.0,37.507568359375,6000
2018-04-05,44.900001525878906,44.900001525878906,44.900001525878906,44.900001525878906,38.27476501464844,500
2018-04-06,44.790000915527344,44.790000915527344,44.18000030517578,44.29999923706055,37.76328659057617,1500
2018-04-09,44.849998474121094,44.9900016784668,43.4900016784668,44.04999923706055,37.55018997192383,5600
2018-04-10,44.9900016784668,44.9900016784668,43.54999923706055,44.7400016784668,38.138370513916016,2500
2018-04-11,44.779998779296875,45.72999954223633,43.970001220703125,45.72999954223633,38.982295989990234,3000
2018-04-12,45.9900016784668,46.95000076293945,43.400001525878906,45.79999923706055,39.04196548461914,15400
2018-04-13,45.380001068115234,45.439998626708984,44.779998779296875,45.0,38.36000442504883,7000
2018-04-16,45.290000915527344,46.70000076293945,44.630001068115234,45.9900016784668,39.20392990112305,3600
2018-04-17,46.4900016784668,46.709999084472656,45.52000045776367,46.709999084472656,39.817691802978516,1900
2018-04-18,46.63999938964844,46.95000076293945,46.04999923706055,46.599998474121094,39.72391891479492,2000
2018-04-19,46.5,47.5,46.5,47.5,40.49111557006836,700
2018-04-20,46.72999954223633,47.630001068115234,44.9900016784668,46.04999923706055,39.25507736206055,8500
2018-04-23,46.619998931884766,47.939998626708984,46.099998474121094,47.939998626708984,40.8661994934082,8100
2018-04-24,46.68000030517578,47.599998474121094,45.81999969482422,46.68000030517578,39.7921142578125,2400
2018-04-25,46.04999923706055,46.27000045776367,46.04999923706055,46.22999954223633,39.40851593017578,1500
2018-04-26,46.34000015258789,47.41999816894531,45.5,46.81999969482422,39.91145324707031,5200
2018-04-27,46.880001068115234,46.880001068115234,44.900001525878906,44.900001525878906,38.27476501464844,10300
2018-04-30,45.880001068115234,46.58000183105469,45.75,45.79999923706055,39.04196548461914,13400
2018-05-01,46.290000915527344,47.2400016784668,45.650001525878906,47.2400016784668,40.26948547363281,6700
2018-05-02,47.5,48.720001220703125,47.040000915527344,47.900001525878906,40.83209991455078,8600
2018-05-03,48.5,48.68000030517578,47.810001373291016,48.529998779296875,41.3691291809082,5100
2018-05-04,48.439998626708984,49.2400016784668,47.5099983215332,49.2400016784668,41.974365234375,6500
2018-05-07,49.29999923706055,50.33000183105469,48.5,49.7400016784668,42.40059280395508,10300
2018-05-08,49.709999084472656,49.709999084472656,47.63999938964844,48.0,40.9173469543457,1700
2018-05-09,49.0,49.2400016784668,48.02000045776367,48.08000183105469,40.98554229736328,1900
2018-05-10,48.689998626708984,49.25,48.09000015258789,48.09000015258789,40.99406051635742,3300
2018-05-11,49.560001373291016,49.560001373291016,48.09000015258789,48.09000015258789,40.99406051635742,2800
2018-05-14,46.650001525878906,49.08000183105469,45.15999984741211,45.20000076293945,38.53049087524414,9800
2018-05-15,45.15999984741211,45.84000015258789,44.79999923706055,45.310001373291016,38.624267578125,14600
2018-05-16,45.79999923706055,47.29999923706055,45.400001525878906,47.0,40.06489562988281,13000
2018-05-17,45.560001373291016,47.02000045776367,45.560001373291016,47.02000045776367,40.08195114135742,10200
2018-05-18,47.0,47.9900016784668,46.58000183105469,47.9900016784668,40.908817291259766,4300
2018-05-21,48.880001068115234,49.47999954223633,48.16999816894531,49.47999954223633,42.178958892822266,2700
2018-05-22,49.45000076293945,49.5,48.0,48.0,40.9173469543457,2900
2018-05-23,48.0,48.09000015258789,47.5,48.0,40.9173469543457,5700
2018-05-24,47.72999954223633,47.93000030517578,46.709999084472656,47.93000030517578,40.857666015625,2500
2018-05-25,45.869998931884766,48.75,45.869998931884766,48.75,41.556678771972656,5800
2018-05-29,46.720001220703125,47.720001220703125,45.0,45.0,38.36000442504883,15300
2018-05-30,46.13999938964844,46.13999938964844,45.18000030517578,45.18000030517578,38.51344680786133,2400
2018-05-31,45.70000076293945,45.709999084472656,44.16999816894531,44.16999816894531,37.83672332763672,8800
2018-06-01,45.290000915527344,45.290000915527344,44.16999816894531,45.029998779296875,38.57341384887695,6000
2018-06-04,45.599998474121094,46.119998931884766,44.20000076293945,44.20000076293945,37.86241912841797,8700
2018-06-05,44.20000076293945,44.77000045776367,43.369998931884766,44.209999084472656,37.87097930908203,9000
2018-06-06,43.25,44.5,43.25,43.439998626708984,37.211387634277344,9300
2018-06-07,43.900001525878906,44.810001373291016,42.779998779296875,44.7400016784668,38.32499313354492,8400
2018-06-08,44.63999938964844,44.70000076293945,43.5,43.5,37.262786865234375,9100
2018-06-11,44.16999816894531,44.2599983215332,43.560001373291016,44.2599983215332,37.91380310058594,6300
2018-06-12,44.400001525878906,44.599998474121094,43.400001525878906,43.400001525878906,37.17713165283203,2400
2018-06-13,43.97999954223633,44.369998931884766,43.83000183105469,44.099998474121094,37.77675247192383,3900
2018-06-14,43.95000076293945,44.38999938964844,43.709999084472656,43.709999084472656,37.44267654418945,7300
2018-06-15,43.72999954223633,43.72999954223633,42.709999084472656,43.060001373291016,36.8858757019043,12400
2018-06-18,43.0,43.0,40.560001373291016,41.459999084472656,35.515289306640625,9800
2018-06-19,40.68000030517578,43.20000076293945,40.68000030517578,41.40999984741211,35.47246551513672,26100
2018-06-20,42.290000915527344,42.66999816894531,40.79999923706055,42.66999816894531,36.55179214477539,24800
2018-06-21,41.939998626708984,43.20000076293945,41.709999084472656,42.15999984741211,36.114925384521484,12500
2018-06-22,42.54999923706055,43.349998474121094,41.27000045776367,41.27000045776367,35.3525390625,18100
2018-06-25,41.52000045776367,43.099998474121094,41.52000045776367,42.099998474121094,36.06352615356445,12600
2018-06-26,42.099998474121094,43.369998931884766,41.709999084472656,43.369998931884766,37.151432037353516,6000
2018-06-27,44.59000015258789,44.59000015258789,42.7599983215332,44.08000183105469,37.7596321105957,5000
2018-06-28,43.83000183105469,44.0,43.0,43.0,36.83448791503906,2800
2018-06-29,43.11000061035156,44.47999954223633,42.900001525878906,43.0,36.83448791503906,6900
2018-07-02,42.77000045776367,42.77000045776367,41.4900016784668,42.29999923706055,36.2348518371582,6700
2018-07-03,42.29999923706055,43.08000183105469,41.400001525878906,41.5,35.549560546875,3000
2018-07-05,41.349998474121094,42.029998779296875,40.58000183105469,41.0099983215332,35.12981414794922,31400
2018-07-06,41.0,41.400001525878906,40.400001525878906,41.04999923706055,35.16408157348633,21700
2018-07-09,41.150001525878906,42.060001373291016,41.150001525878906,41.59000015258789,35.62665557861328,6000
2018-07-10,41.90999984741211,42.09000015258789,40.599998474121094,40.720001220703125,34.88139724731445,5100
2018-07-11,39.52000045776367,40.65999984741211,39.43000030517578,39.9900016784668,34.25606918334961,15000
2018-07-12,39.97999954223633,40.779998779296875,39.5,40.25,34.47878646850586,18800
2018-07-13,40.18000030517578,40.439998626708984,39.5,39.5,33.83631896972656,7000
2018-07-16,39.5,40.5,39.5,40.45000076293945,34.650115966796875,6300
2018-07-17,41.869998931884766,41.869998931884766,39.959999084472656,40.56999969482422,34.752899169921875,2800
2018-07-18,40.70000076293945,40.779998779296875,40.22999954223633,40.22999954223633,34.4616584777832,1400
2018-07-19,41.06999969482422,41.36000061035156,40.119998931884766,40.2599983215332,34.48735427856445,10800
2018-07-20,40.61000061035156,41.68000030517578,40.34000015258789,41.0,35.12125015258789,6800
2018-07-23,41.130001068115234,42.0,40.130001068115234,41.54999923706055,35.5923957824707,6800
2018-07-24,41.220001220703125,41.970001220703125,40.4900016784668,40.63999938964844,34.81287384033203,12300
2018-07-25,40.5,40.79999923706055,39.86000061035156,40.349998474121094,34.56443786621094,9100
2018-07-26,40.25,41.279998779296875,40.02000045776367,41.279998779296875,35.361106872558594,8400
2018-07-27,40.75,40.900001525878906,39.56999969482422,39.56999969482422,33.89628601074219,2800
2018-07-30,38.880001068115234,39.310001373291016,38.880001068115234,39.310001373291016,33.67356872558594,1300
2018-07-31,39.16999816894531,40.709999084472656,39.16999816894531,40.0,34.2646369934082,3100
2018-08-01,39.9900016784668,40.970001220703125,39.77000045776367,40.470001220703125,34.66724395751953,4000
2018-08-02,40.45000076293945,41.77000045776367,39.81999969482422,40.61000061035156,34.787174224853516,6500
2018-08-03,42.09000015258789,42.09000015258789,40.79999923706055,40.79999923706055,34.949920654296875,2400
2018-08-06,40.75,41.75,40.25,40.5,34.69293975830078,5500
2018-08-07,40.77000045776367,40.939998626708984,40.08000183105469,40.08000183105469,34.33316421508789,6400
2018-08-08,40.869998931884766,40.869998931884766,39.849998474121094,39.849998474121094,34.13614273071289,5300
2018-08-09,40.880001068115234,42.369998931884766,39.970001220703125,41.849998474121094,35.849369049072266,2700
2018-08-10,42.45000076293945,43.849998474121094,41.75,43.220001220703125,37.02294158935547,8800
2018-08-13,42.97999954223633,45.150001525878906,42.97999954223633,44.47999954223633,38.10227584838867,8900
2018-08-14,45.13999938964844,45.849998474121094,44.31999969482422,45.849998474121094,39.275840759277344,7700
2018-08-15,45.61000061035156,45.79999923706055,43.41999816894531,44.97999954223633,38.53057861328125,3400
2018-08-16,45.099998474121094,45.20000076293945,44.529998779296875,45.20000076293945,38.719032287597656,2900
2018-08-17,44.95000076293945,46.65999984741211,44.15999984741211,44.15999984741211,37.828155517578125,1400
2018-08-20,45.400001525878906,45.400001525878906,43.7599983215332,44.7599983215332,38.34211730957031,5800
2018-08-21,43.4900016784668,44.970001220703125,43.4900016784668,44.7599983215332,38.34211730957031,10700
2018-08-22,44.66999816894531,45.150001525878906,44.33000183105469,44.7400016784668,38.32499313354492,3000
2018-08-23,44.220001220703125,45.72999954223633,43.63999938964844,44.0,37.691097259521484,5800
2018-08-24,44.880001068115234,44.9900016784668,44.09000015258789,44.88999938964844,38.45348358154297,4800
2018-08-27,45.52000045776367,46.84000015258789,44.599998474121094,44.599998474121094,38.20506286621094,7600
2018-08-28,44.189998626708984,44.689998626708984,43.65999984741211,44.689998626708984,38.28216552734375,4100
2018-08-29,45.15999984741211,45.15999984741211,44.08000183105469,45.11000061035156,38.64194107055664,5500
2018-08-30,45.11000061035156,45.11000061035156,44.15999984741211,44.9900016784668,38.53913879394531,11200
2018-08-31,45.119998931884766,45.900001525878906,45.119998931884766,45.900001525878906,39.318668365478516,800
2018-09-04,45.900001525878906,46.15999984741211,45.41999816894531,46.13999938964844,39.52425765991211,2100
2018-09-05,46.13999938964844,46.5,46.13999938964844,46.5,39.83263397216797,3300
2018-09-06,46.060001373291016,46.599998474121094,45.02000045776367,45.70000076293945,39.33343505859375,5200
2018-09-07,45.18000030517578,46.290000915527344,44.36000061035156,45.5,39.16129684448242,7000
2018-09-10,45.279998779296875,45.70000076293945,44.189998626708984,44.70000076293945,38.47275924682617,11200
2018-09-11,45.09000015258789,45.900001525878906,44.15999984741211,44.75,38.51578903198242,7400
2018-09-12,45.45000076293945,45.88999938964844,45.04999923706055,45.7400016784668,39.36786651611328,5000
2018-09-13,45.79999923706055,46.0,45.79999923706055,45.79999923706055,39.419517517089844,2600
2018-09-14,44.29999923706055,46.06999969482422,44.29999923706055,45.29999923706055,38.989158630371094,3700
2018-09-17,46.060001373291016,46.060001373291016,45.34000015258789,45.5,39.16129684448242,5800
2018-09-18,44.5099983215332,45.290000915527344,44.209999084472656,44.209999084472656,38.05101013183594,2000
2018-09-19,44.25,44.779998779296875,43.84000015258789,43.88999938964844,37.77558135986328,12800
2018-09-20,44.29999923706055,44.88999938964844,42.70000076293945,42.970001220703125,36.98375701904297,14800
2018-09-21,42.650001525878906,44.34000015258789,39.5,39.5,33.997169494628906,16900
2018-09-24,40.45000076293945,42.63999938964844,40.45000076293945,41.45000076293945,35.67551803588867,8800
2018-09-25,41.81999969482422,41.81999969482422,41.04999923706055,41.04999923706055,35.33123016357422,4000
2018-09-26,41.9900016784668,41.9900016784668,40.540000915527344,41.16999816894531,35.43451690673828,7000
2018-09-27,40.72999954223633,41.849998474121094,40.72999954223633,41.849998474121094,36.019779205322266,4800
2018-09-28,41.849998474121094,42.459999084472656,41.720001220703125,42.459999084472656,36.54480743408203,1700
2018-10-01,41.400001525878906,42.720001220703125,41.400001525878906,42.63999938964844,36.69972610473633,2800
2018-10-02,42.529998779296875,43.58000183105469,42.529998779296875,42.63999938964844,36.69972610473633,4300
2018-10-03,42.7599983215332,43.68000030517578,42.7599983215332,43.68000030517578,37.5948486328125,1000
2018-10-04,43.650001525878906,43.70000076293945,42.650001525878906,42.650001525878906,36.70833969116211,8700
2018-10-05,42.29999923706055,42.29999923706055,42.29999923706055,42.29999923706055,36.40709686279297,1200
2018-10-08,42.04999923706055,42.04999923706055,41.209999084472656,41.220001220703125,35.4775505065918,6000
2018-10-09,40.560001373291016,42.720001220703125,40.41999816894531,40.900001525878906,35.202144622802734,12400
2018-10-10,40.59000015258789,41.70000076293945,39.93000030517578,39.93000030517578,34.367271423339844,7800
2018-10-11,40.9900016784668,41.349998474121094,39.79999923706055,39.79999923706055,34.25537109375,1000
2018-10-12,41.29999923706055,41.29999923706055,40.0,40.34000015258789,34.72014617919922,1900
2018-10-15,39.91999816894531,41.54999923706055,39.91999816894531,40.34000015258789,34.72014617919922,4000
2018-10-16,40.9900016784668,40.9900016784668,40.0099983215332,40.34000015258789,34.72014617919922,5800
2018-10-17,40.349998474121094,40.7400016784668,40.349998474121094,40.52000045776367,34.87507629394531,1400
2018-10-18,40.11000061035156,40.540000915527344,38.7400016784668,39.279998779296875,33.80781936645508,5300
2018-10-19,38.83000183105469,39.939998626708984,38.7400016784668,38.79999923706055,33.39468765258789,13300
2018-10-22,39.0,39.52000045776367,36.5,39.0,33.56684112548828,17100
2018-10-23,38.70000076293945,40.04999923706055,35.810001373291016,38.720001220703125,33.325828552246094,12400
2018-10-24,39.0,39.900001525878906,38.38999938964844,39.290000915527344,33.81642532348633,7400
2018-10-25,39.380001068115234,40.790000915527344,39.20000076293945,40.790000915527344,35.107460021972656,13000
2018-10-26,40.33000183105469,40.70000076293945,39.31999969482422,39.31999969482422,33.84224319458008,2300
2018-10-29,39.29999923706055,39.97999954223633,38.91999816894531,39.689998626708984,34.16069793701172,4700
2018-10-30,39.43000030517578,40.75,39.09000015258789,40.75,35.07304000854492,2000
2018-10-31,40.16999816894531,40.91999816894531,39.79999923706055,40.54999923706055,34.90089416503906,2300
2018-11-01,41.0,41.77000045776367,40.54999923706055,41.41999816894531,35.64968490600586,3000
2018-11-02,41.970001220703125,41.970001220703125,40.459999084472656,40.459999084472656,34.823429107666016,2000
2018-11-05,40.459999084472656,41.59000015258789,40.459999084472656,41.0,35.28819274902344,3600
2018-11-06,41.0,41.58000183105469,41.0,41.0,35.28819274902344,1400
2018-11-07,41.0,41.88999938964844,40.0,41.22999954223633,35.48616027832031,3500
2018-11-08,41.900001525878906,41.900001525878906,40.41999816894531,41.470001220703125,35.69272994995117,5900
2018-11-09,40.900001525878906,41.400001525878906,40.209999084472656,40.209999084472656,34.6082649230957,2300
2018-11-12,40.150001525878906,40.150001525878906,39.099998474121094,39.099998474121094,33.652896881103516,2600
2018-11-13,39.61000061035156,40.36000061035156,39.099998474121094,40.2400016784668,34.63408660888672,12700
2018-11-14,39.90999984741211,39.9900016784668,39.25,39.9900016784668,34.41891098022461,4900
2018-11-15,39.599998474121094,39.79999923706055,38.7400016784668,39.790000915527344,34.246768951416016,5200
2018-11-16,39.29999923706055,39.5,38.0,38.0,32.70614242553711,5000
2018-11-19,38.18000030517578,39.31999969482422,37.90999984741211,38.310001373291016,32.97294616699219,10700
2018-11-20,38.90999984741211,38.95000076293945,36.93000030517578,36.939998626708984,31.79380226135254,1700
2018-11-21,37.97999954223633,39.79999923706055,37.83000183105469,39.79999923706055,34.25537109375,14300
2018-11-23,39.70000076293945,41.29999923706055,39.400001525878906,41.29999923706055,35.546409606933594,4400
2018-11-26,41.599998474121094,42.790000915527344,40.31999969482422,40.5,34.85786056518555,25300
2018-11-27,40.5,41.599998474121094,39.040000915527344,40.5099983215332,34.866455078125,7400
2018-11-28,40.70000076293945,41.38999938964844,39.66999816894531,39.66999816894531,34.14348602294922,15200
2018-11-29,41.08000183105469,41.08000183105469,39.25,39.540000915527344,34.03160095214844,10700
2018-11-30,39.77000045776367,41.439998626708984,39.439998626708984,40.5,34.85786056518555,6200
2018-12-03,40.91999816894531,40.91999816894531,39.150001525878906,39.150001525878906,33.69593048095703,3600
2018-12-04,39.79999923706055,40.41999816894531,38.849998474121094,39.209999084472656,33.7475700378418,9100
2018-12-06,39.279998779296875,40.060001373291016,39.130001068115234,39.130001068115234,33.868751525878906,1900
2018-12-07,39.790000915527344,39.790000915527344,39.59000015258789,39.59000015258789,34.26690673828125,2300
2018-12-10,39.43000030517578,39.779998779296875,39.189998626708984,39.189998626708984,33.92068099975586,2400
2018-12-11,39.47999954223633,39.4900016784668,39.47999954223633,39.4900016784668,34.18035125732422,1100
2018-12-12,39.290000915527344,39.400001525878906,38.83000183105469,38.83000183105469,33.60908126831055,1600
2018-12-13,38.9900016784668,40.56999969482422,38.81999969482422,40.54999923706055,35.09782409667969,2900
2018-12-14,40.72999954223633,41.959999084472656,39.5099983215332,41.38999938964844,35.82487869262695,3100
2018-12-17,41.779998779296875,41.900001525878906,39.4900016784668,40.900001525878906,35.40077209472656,9200
2018-12-18,41.5099983215332,41.5099983215332,38.779998779296875,39.2400016784668,33.963958740234375,9600
2018-12-19,40.0,40.0,38.54999923706055,38.54999923706055,33.36673355102539,4800
2018-12-20,38.130001068115234,38.97999954223633,37.22999954223633,37.45000076293945,32.41463851928711,5800
2018-12-21,38.20000076293945,40.130001068115234,36.81999969482422,40.130001068115234,34.73429489135742,14800
2018-12-24,39.29999923706055,40.22999954223633,38.52000045776367,38.52000045776367,33.34076690673828,3000
2018-12-26,39.119998931884766,39.119998931884766,37.290000915527344,38.150001525878906,33.02051544189453,4000
2018-12-27,38.36000061035156,40.709999084472656,38.20000076293945,38.560001373291016,33.37538146972656,6200
2018-12-28,38.209999084472656,40.0,38.209999084472656,38.90999984741211,33.67832946777344,8900
2018-12-31,38.630001068115234,39.97999954223633,38.630001068115234,38.709999084472656,33.50522232055664,1700
2019-01-02,40.099998474121094,40.11000061035156,38.90999984741211,40.11000061035156,34.716983795166016,1900
2019-01-03,39.959999084472656,40.349998474121094,39.560001373291016,40.0099983215332,34.63043212890625,5700
2019-01-04,41.5,41.5,39.9900016784668,40.41999816894531,34.985294342041016,6900
2019-01-07,40.41999816894531,41.47999954223633,40.41999816894531,41.400001525878906,35.833534240722656,5000
2019-01-08,41.29999923706055,41.790000915527344,41.279998779296875,41.790000915527344,36.17110061645508,2500
2019-01-09,41.34000015258789,42.15999984741211,41.20000076293945,42.0,36.352867126464844,6300
2019-01-10,42.0,42.0,40.86000061035156,40.86000061035156,35.36613464355469,1600
2019-01-11,40.7599983215332,41.20000076293945,40.279998779296875,41.06999969482422,35.54790496826172,6000
2019-01-14,41.02000045776367,41.15999984741211,40.70000076293945,41.15999984741211,35.62580490112305,3600
2019-01-15,41.0099983215332,41.72999954223633,40.2599983215332,41.5,35.92008972167969,7100
2019-01-16,41.119998931884766,42.16999816894531,41.060001373291016,42.16999816894531,36.499996185302734,1500
2019-01-17,41.29999923706055,41.95000076293945,40.77000045776367,41.0,35.487308502197266,2300
2019-01-18,40.7599983215332,41.79999923706055,40.43000030517578,40.43000030517578,34.99395751953125,3200
2019-01-22,40.060001373291016,40.060001373291016,40.060001373291016,40.060001373291016,34.6737060546875,1200
2019-01-23,40.810001373291016,40.810001373291016,40.810001373291016,40.810001373291016,35.3228645324707,900
2019-01-24,41.189998626708984,41.189998626708984,40.380001068115234,40.90999984741211,35.4094123840332,1200
2019-01-25,40.400001525878906,41.810001373291016,40.400001525878906,41.810001373291016,36.18840789794922,1200
2019-01-28,41.400001525878906,41.65999984741211,40.310001373291016,40.90999984741211,35.4094123840332,3000
2019-01-29,40.75,40.75,40.029998779296875,40.15999984741211,34.76026153564453,4700
2019-01-30,40.060001373291016,40.56999969482422,38.91999816894531,40.099998474121094,34.70832824707031,10500
2019-01-31,39.75,40.189998626708984,39.5,39.630001068115234,34.30152130126953,5800
2019-02-01,39.27000045776367,40.2400016784668,39.040000915527344,40.20000076293945,34.79487228393555,6200
2019-02-04,40.189998626708984,41.31999969482422,40.040000915527344,40.040000915527344,34.6563835144043,5100
2019-02-05,40.54999923706055,41.439998626708984,39.58000183105469,40.130001068115234,34.73429489135742,6000
2019-02-06,40.04999923706055,41.41999816894531,39.7400016784668,40.400001525878906,34.967987060546875,5000
2019-02-07,39.459999084472656,40.869998931884766,39.459999084472656,39.7400016784668,34.396728515625,9200
2019-02-08,39.83000183105469,40.7400016784668,39.630001068115234,40.130001068115234,34.73429489135742,7900
2019-02-11,41.0,41.709999084472656,40.310001373291016,40.900001525878906,35.40077209472656,2500
2019-02-12,41.099998474121094,41.70000076293945,41.099998474121094,41.400001525878906,35.833534240722656,6100
2019-02-13,41.400001525878906,41.400001525878906,41.34000015258789,41.380001068115234,35.816219329833984,1400
2019-02-14,41.849998474121094,41.849998474121094,40.5099983215332,40.5099983215332,35.06318664550781,800
2019-02-15,40.619998931884766,41.099998474121094,40.099998474121094,40.5,35.054542541503906,3600
2019-02-19,40.72999954223633,41.970001220703125,40.72999954223633,41.970001220703125,36.32689666748047,4200
2019-02-20,41.88999938964844,42.0,41.2400016784668,41.310001373291016,35.75563049316406,3500
2019-02-21,41.08000183105469,41.58000183105469,41.08000183105469,41.58000183105469,35.98933410644531,1000
2019-02-22,41.77000045776367,41.77000045776367,41.77000045776367,41.77000045776367,36.15378952026367,700
2019-02-25,41.310001373291016,41.34000015258789,40.619998931884766,40.619998931884766,35.158416748046875,2100
2019-02-26,40.29999923706055,40.7400016784668,39.75,40.11000061035156,34.716983795166016,4900
2019-02-27,40.29999923706055,41.40999984741211,40.29999923706055,40.33000183105469,34.90740203857422,4200
2019-02-28,39.7400016784668,39.7400016784668,39.7400016784668,39.7400016784668,34.396728515625,1100
2019-03-01,40.13999938964844,41.0,40.130001068115234,40.130001068115234,34.73429489135742,2100
2019-03-04,41.09000015258789,41.09000015258789,40.5,40.5,35.054542541503906,1500
2019-03-05,40.88999938964844,40.88999938964844,40.88999938964844,40.88999938964844,35.39210891723633,500
2019-03-06,40.880001068115234,40.880001068115234,39.77000045776367,39.77000045776367,34.42269515991211,4000
2019-03-07,39.83000183105469,40.38999938964844,38.810001373291016,39.38999938964844,34.28342819213867,3700
2019-03-08,38.9900016784668,39.15999984741211,38.75,38.75,33.72640609741211,3200
2019-03-11,38.75,38.88999938964844,37.77000045776367,38.88999938964844,33.848270416259766,1500
2019-03-12,38.880001068115234,38.880001068115234,37.88999938964844,38.54999923706055,33.552337646484375,1700
2019-03-13,38.70000076293945,38.88999938964844,38.5,38.75,33.72640609741211,4500
2019-03-14,38.7599983215332,38.7599983215332,37.77000045776367,38.11000061035156,33.169376373291016,5700
2019-03-15,38.0099983215332,38.81999969482422,37.75,38.81999969482422,33.787330627441406,7000
2019-03-18,38.459999084472656,38.630001068115234,38.25,38.5,33.50881576538086,4700
2019-03-19,38.11000061035156,39.0,37.939998626708984,39.0,33.94400405883789,4100
2019-03-20,38.16999816894531,38.810001373291016,38.16999816894531,38.810001373291016,33.77863311767578,2100
2019-03-21,38.130001068115234,38.84000015258789,38.130001068115234,38.52000045776367,33.52622604370117,1300
2019-03-22,38.04999923706055,38.20000076293945,37.599998474121094,38.18000030517578,33.23030471801758,8300
2019-03-25,37.63999938964844,39.02000045776367,37.63999938964844,39.02000045776367,33.961402893066406,1200
2019-03-26,39.02000045776367,42.16999816894531,38.369998931884766,39.45000076293945,34.335662841796875,3900
2019-03-27,38.59000015258789,40.06999969482422,38.59000015258789,40.06999969482422,34.875282287597656,1700
2019-03-28,39.79999923706055,40.06999969482422,38.63999938964844,40.06999969482422,34.875282287597656,2300
2019-03-29,39.65999984741211,40.810001373291016,39.029998779296875,39.060001373291016,33.99622344970703,3000
2019-04-01,39.5,39.880001068115234,38.540000915527344,38.540000915527344,33.543636322021484,4200
2019-04-02,38.900001525878906,39.0,37.77000045776367,38.79999923706055,33.769927978515625,5300
2019-04-03,38.72999954223633,38.779998779296875,37.599998474121094,37.61000061035156,32.73420333862305,5200
2019-04-04,37.61000061035156,38.029998779296875,37.5,37.5,32.63846969604492,3300
2019-04-05,37.540000915527344,37.540000915527344,37.5,37.5,32.63846969604492,1000
2019-04-08,37.08000183105469,37.9900016784668,37.08000183105469,37.619998931884766,32.74290084838867,3400
2019-04-09,37.68000030517578,37.68000030517578,37.0,37.0,32.20327377319336,1900
2019-04-10,37.0099983215332,37.720001220703125,37.0,37.0,32.20327377319336,3100
2019-04-11,37.099998474121094,37.29999923706055,36.95000076293945,37.0,32.20327377319336,2500
2019-04-12,36.400001525878906,37.5,36.400001525878906,37.119998931884766,32.30772399902344,7400
2019-04-15,37.060001373291016,37.13999938964844,36.220001220703125,36.220001220703125,31.524404525756836,1300
2019-04-16,36.459999084472656,36.560001373291016,36.29999923706055,36.29999923706055,31.594024658203125,6400
2019-04-17,37.0,37.0,36.41999816894531,36.41999816894531,31.698476791381836,1000
2019-04-18,36.22999954223633,36.779998779296875,36.22999954223633,36.70000076293945,31.942171096801758,3700
2019-04-22,36.310001373291016,36.459999084472656,36.310001373291016,36.36000061035156,31.646259307861328,1100
2019-04-23,36.43000030517578,36.880001068115234,36.25,36.709999084472656,31.950870513916016,9400
2019-04-24,36.4900016784668,36.4900016784668,35.869998931884766,35.959999084472656,31.298112869262695,3900
2019-04-25,35.86000061035156,35.86000061035156,34.459999084472656,35.0,30.46257209777832,6100
2019-04-26,34.59000015258789,35.81999969482422,34.59000015258789,35.0,30.46257209777832,7900
2019-04-29,34.880001068115234,35.22999954223633,34.880001068115234,35.22999954223633,30.662752151489258,8800
2019-04-30,35.22999954223633,36.2599983215332,34.91999816894531,36.150001525878906,31.463468551635742,5900
2019-05-01,35.599998474121094,37.0,35.56999969482422,36.209999084472656,31.515697479248047,5500
2019-05-02,35.88999938964844,36.209999084472656,35.16999816894531,35.70000076293945,31.07181167602539,6500
2019-05-03,37.88999938964844,37.88999938964844,35.709999084472656,35.709999084472656,31.080516815185547,4200
2019-05-06,35.0099983215332,35.540000915527344,35.0099983215332,35.400001525878906,30.810707092285156,1600
2019-05-07,34.650001525878906,35.5,34.650001525878906,34.70000076293945,30.201457977294922,4100
2019-05-08,35.08000183105469,35.08000183105469,34.54999923706055,35.06999969482422,30.523481369018555,5300
2019-05-09,35.0,35.540000915527344,34.439998626708984,35.0,30.46257209777832,5700
2019-05-10,35.0,35.709999084472656,35.0,35.0099983215332,30.47125816345215,3500
2019-05-13,34.97999954223633,35.34000015258789,34.65999984741211,34.91999816894531,30.39293670654297,9900
2019-05-14,35.25,35.709999084472656,34.95000076293945,35.709999084472656,31.080516815185547,3900
2019-05-15,35.0,35.470001220703125,34.939998626708984,35.29999923706055,30.72367286682129,8000
2019-05-16,35.0,35.459999084472656,35.0,35.0,30.46257209777832,8000
2019-05-17,35.02000045776367,35.529998779296875,34.25,34.4900016784668,30.018680572509766,4500
2019-05-20,34.790000915527344,35.459999084472656,34.099998474121094,34.400001525878906,29.940349578857422,5700
2019-05-21,34.5,35.400001525878906,33.220001220703125,34.16999816894531,29.740163803100586,6800
2019-05-22,33.599998474121094,34.15999984741211,33.52000045776367,33.7599983215332,29.383316040039062,16900
2019-05-23,33.77000045776367,34.54999923706055,33.77000045776367,33.81999969482422,29.4355411529541,5800
2019-05-24,34.439998626708984,34.439998626708984,33.790000915527344,34.099998474121094,29.679244995117188,3400
2019-05-28,33.75,34.720001220703125,33.75,34.66999816894531,30.17534637451172,9600
2019-05-29,34.5099983215332,34.5099983215332,33.459999084472656,33.459999084472656,29.12220573425293,14300
2019-05-30,33.97999954223633,34.779998779296875,33.689998626708984,34.5,30.02738380432129,8500
2019-05-31,34.06999969482422,34.599998474121094,34.0,34.04999923706055,29.635719299316406,6100
2019-06-03,34.5099983215332,34.5099983215332,33.88999938964844,34.0,29.592201232910156,10900
2019-06-04,34.439998626708984,34.5,33.66999816894531,34.25,29.80980110168457,9300
2019-06-05,34.33000183105469,34.33000183105469,33.72999954223633,33.810001373291016,29.42683982849121,23900
2019-06-06,34.130001068115234,34.130001068115234,33.529998779296875,34.08000183105469,29.873889923095703,7100
2019-06-07,34.09000015258789,34.4900016784668,33.810001373291016,34.29999923706055,30.066743850708008,9300
2019-06-10,34.29999923706055,35.45000076293945,34.29999923706055,34.54999923706055,30.285884857177734,8300
2019-06-11,34.599998474121094,35.209999084472656,34.119998931884766,34.41999816894531,30.171926498413086,22600
2019-06-12,34.68000030517578,35.709999084472656,33.25,33.599998474121094,29.45313262939453,13900
2019-06-13,35.15999984741211,35.15999984741211,33.5,34.060001373291016,29.856359481811523,16200
2019-06-14,34.25,34.310001373291016,33.88999938964844,33.88999938964844,29.70734214782715,9600
2019-06-17,34.06999969482422,34.2400016784668,33.34000015258789,34.2400016784668,30.014144897460938,17600
2019-06-18,34.20000076293945,34.5,33.779998779296875,34.33000183105469,30.09303855895996,15000
2019-06-19,34.29999923706055,34.54999923706055,33.880001068115234,34.02000045776367,29.821304321289062,8500
2019-06-20,34.34000015258789,35.029998779296875,33.88999938964844,34.130001068115234,29.917722702026367,13900
2019-06-21,33.83000183105469,34.720001220703125,31.809999465942383,31.809999465942383,27.884052276611328,13000
2019-06-24,33.310001373291016,33.790000915527344,32.95000076293945,33.52000045776367,29.38300895690918,16200
2019-06-25,33.54999923706055,34.470001220703125,33.09000015258789,33.599998474121094,29.45313262939453,22600
2019-06-26,33.79999923706055,34.2599983215332,33.0,33.0,28.927181243896484,20100
2019-06-27,33.29999923706055,33.43000030517578,32.79999923706055,32.79999923706055,28.751869201660156,39200
2019-06-28,32.650001525878906,34.279998779296875,32.650001525878906,34.279998779296875,30.049211502075195,274100
2019-07-01,34.38999938964844,35.349998474121094,33.349998474121094,34.65999984741211,30.38231086730957,10300
2019-07-02,34.650001525878906,34.970001220703125,33.5099983215332,33.5099983215332,29.37424087524414,10100
2019-07-03,33.84000015258789,34.93000030517578,33.20000076293945,34.27000045776367,30.040447235107422,5000
2019-07-05,33.959999084472656,33.959999084472656,33.29999923706055,33.29999923706055,29.19015884399414,2900
2019-07-08,33.5,33.5,33.0,33.0,28.927181243896484,4800
2019-07-09,32.849998474121094,34.41999816894531,32.849998474121094,33.15999984741211,29.06744384765625,7800
2019-07-10,33.25,33.75,32.95000076293945,32.95000076293945,28.88335609436035,9700
2019-07-11,32.970001220703125,33.2599983215332,32.75,32.849998474121094,28.795692443847656,9500
2019-07-12,32.9900016784668,33.209999084472656,32.52000045776367,32.61000061035156,28.585317611694336,8500
2019-07-15,32.5,32.529998779296875,31.510000228881836,31.809999465942383,27.884052276611328,15700
2019-07-16,32.06999969482422,32.2400016784668,31.729999542236328,32.06999969482422,28.11196517944336,8300
2019-07-17,31.850000381469727,32.2599983215332,31.850000381469727,32.0,28.05060386657715,9200
2019-07-18,31.8700008392334,32.0,31.549999237060547,31.549999237060547,27.656139373779297,5800
2019-07-19,31.15999984741211,32.31999969482422,31.15999984741211,31.530000686645508,27.638608932495117,7700
2019-07-22,31.56999969482422,32.849998474121094,31.56999969482422,32.709999084472656,28.672975540161133,5900
2019-07-23,32.810001373291016,32.93000030517578,32.040000915527344,32.27000045776367,28.287281036376953,4100
2019-07-24,32.279998779296875,32.97999954223633,32.279998779296875,32.97999954223633,28.909650802612305,1300
2019-07-25,32.91999816894531,33.279998779296875,32.40999984741211,32.540000915527344,28.523950576782227,5500
2019-07-26,32.619998931884766,32.7400016784668,32.279998779296875,32.279998779296875,28.296045303344727,3100
2019-07-29,32.58000183105469,33.38999938964844,32.529998779296875,33.029998779296875,28.953481674194336,7500
2019-07-30,33.0099983215332,33.33000183105469,32.27000045776367,32.939998626708984,28.87458610534668,4200
2019-07-31,33.20000076293945,33.34000015258789,32.630001068115234,32.630001068115234,28.60284996032715,1900
2019-08-01,32.779998779296875,34.36000061035156,32.459999084472656,33.59000015258789,29.44437026977539,8000
2019-08-02,33.84000015258789,34.790000915527344,33.540000915527344,33.900001525878906,29.71611213684082,4000
2019-08-05,33.540000915527344,33.72999954223633,32.02000045776367,32.02000045776367,28.068138122558594,7500
2019-08-06,32.349998474121094,32.349998474121094,31.530000686645508,31.739999771118164,27.82269287109375,3100
2019-08-07,31.510000228881836,31.93000030517578,31.309999465942383,31.309999465942383,27.445762634277344,5600
2019-08-08,31.489999771118164,33.2400016784668,31.489999771118164,32.900001525878906,28.839529037475586,6700
2019-08-09,33.380001068115234,33.380001068115234,33.130001068115234,33.130001068115234,29.04114532470703,800
2019-08-12,32.900001525878906,33.34000015258789,32.5,33.34000015258789,29.225223541259766,3400
2019-08-13,33.04999923706055,33.04999923706055,32.20000076293945,32.790000915527344,28.743104934692383,2600
2019-08-14,32.20000076293945,32.5,32.20000076293945,32.20000076293945,28.225921630859375,3200
2019-08-15,31.530000686645508,32.0099983215332,31.530000686645508,31.889999389648438,27.954179763793945,2000
2019-08-16,31.889999389648438,32.279998779296875,31.5,31.5,27.612319946289062,3800
2019-08-19,31.3799991607666,31.5,30.81999969482422,30.899999618530273,27.08636474609375,10200
2019-08-20,30.799999237060547,30.889999389648438,30.549999237060547,30.600000381469727,26.82338523864746,21800
2019-08-21,30.719999313354492,30.889999389648438,30.5,30.8700008392334,27.06006622314453,4700
2019-08-22,31.190000534057617,31.5,30.989999771118164,31.5,27.612319946289062,2100
2019-08-23,30.649999618530273,31.0,30.649999618530273,30.850000381469727,27.04253387451172,1400
2019-08-26,30.8799991607666,30.8799991607666,30.8799991607666,30.8799991607666,27.068832397460938,700
2019-08-27,30.899999618530273,30.899999618530273,30.6299991607666,30.6299991607666,26.849685668945312,900
2019-08-28,30.780000686645508,31.020000457763672,30.559999465942383,30.610000610351562,26.832155227661133,4000
2019-08-29,30.8799991607666,30.8799991607666,30.760000228881836,30.760000228881836,26.96364402770996,1600
2019-08-30,30.709999084472656,30.709999084472656,30.65999984741211,30.690000534057617,26.902284622192383,900
2019-09-03,30.600000381469727,30.600000381469727,30.450000762939453,30.450000762939453,26.691905975341797,4300
2019-09-04,30.75,30.75,30.34000015258789,30.34000015258789,26.59547996520996,4100
2019-09-05,30.790000915527344,30.790000915527344,30.010000228881836,30.010000228881836,26.51595687866211,4400
2019-09-06,30.18000030517578,30.530000686645508,30.049999237060547,30.049999237060547,26.551300048828125,4100
2019-09-09,30.360000610351562,30.360000610351562,29.940000534057617,29.950000762939453,26.46294403076172,3200
2019-09-10,30.149999618530273,31.010000228881836,29.920000076293945,30.75,27.1697998046875,14400
2019-09-11,30.889999389648438,30.889999389648438,30.040000915527344,30.079999923706055,26.577804565429688,5700
2019-09-12,30.030000686645508,30.479999542236328,29.43000030517578,30.479999542236328,26.93123435974121,20800
2019-09-13,30.239999771118164,30.450000762939453,29.5,29.5,26.065336227416992,5300
2019-09-16,29.799999237060547,30.780000686645508,29.799999237060547,30.010000228881836,26.51595687866211,7800
2019-09-17,30.110000610351562,30.389999389648438,29.5,29.799999237060547,26.33040428161621,19500
2019-09-18,29.68000030517578,29.979999542236328,29.5,29.799999237060547,26.33040428161621,14300
2019-09-19,29.610000610351562,30.8799991607666,29.610000610351562,30.8799991607666,27.2846622467041,6300
2019-09-20,30.520000457763672,31.809999465942383,30.139999389648438,31.809999465942383,28.106380462646484,11200
2019-09-23,31.239999771118164,31.399999618530273,30.299999237060547,30.790000915527344,27.205141067504883,18000
2019-09-24,30.700000762939453,31.040000915527344,29.889999389648438,30.549999237060547,26.993087768554688,7600
2019-09-25,30.549999237060547,31.200000762939453,30.549999237060547,30.549999237060547,26.993087768554688,1800
2019-09-26,30.350000381469727,31.31999969482422,30.299999237060547,31.31999969482422,27.673437118530273,2100
2019-09-27,31.0,31.020000457763672,30.84000015258789,31.020000457763672,27.40836524963379,800
2019-09-30,30.540000915527344,31.0,30.1200008392334,31.0,27.390695571899414,2800
2019-10-01,30.610000610351562,30.81999969482422,30.0,30.100000381469727,26.59547996520996,2800
2019-10-02,29.940000534057617,30.079999923706055,29.15999984741211,29.15999984741211,25.764923095703125,13100
2019-10-03,30.0,30.030000686645508,29.200000762939453,30.030000686645508,26.533626556396484,5400
2019-10-04,30.0,30.350000381469727,30.0,30.350000381469727,26.81637191772461,1000
2019-10-07,30.329999923706055,30.479999542236328,29.700000762939453,29.700000762939453,26.242050170898438,2500
2019-10-08,30.8799991607666,30.8799991607666,29.90999984741211,30.360000610351562,26.825206756591797,3200
2019-10-09,30.510000228881836,30.510000228881836,29.739999771118164,29.760000228881836,26.295063018798828,3300
2019-10-10,29.809999465942383,30.190000534057617,29.75,29.899999618530273,26.418766021728516,1400
2019-10-11,30.049999237060547,30.940000534057617,30.049999237060547,30.600000381469727,27.037263870239258,2800
2019-10-14,30.299999237060547,30.65999984741211,30.010000228881836,30.530000686645508,26.975414276123047,4900
2019-10-15,30.15999984741211,30.799999237060547,29.989999771118164,30.510000228881836,26.957746505737305,2300
2019-10-16,30.510000228881836,30.510000228881836,30.079999923706055,30.100000381469727,26.59547996520996,1600
2019-10-17,29.770000457763672,30.149999618530273,29.600000381469727,29.600000381469727,26.15369415283203,3600
2019-10-18,30.799999237060547,30.799999237060547,29.799999237060547,29.899999618530273,26.418766021728516,1200
2019-10-21,29.950000762939453,30.209999084472656,29.399999618530273,30.209999084472656,26.692668914794922,8600
2019-10-22,30.049999237060547,30.100000381469727,29.600000381469727,30.06999969482422,26.568967819213867,3400
2019-10-23,30.0,30.15999984741211,29.829999923706055,29.829999923706055,26.35691261291504,2400
2019-10-24,30.229999542236328,31.25,30.020000457763672,30.780000686645508,27.196308135986328,2500
2019-10-25,30.700000762939453,30.700000762939453,30.399999618530273,30.489999771118164,26.9400691986084,2500
2019-10-28,31.290000915527344,31.290000915527344,30.729999542236328,30.790000915527344,27.205141067504883,3400
2019-10-29,30.770000457763672,31.5,30.75,30.940000534057617,27.337677001953125,3900
2019-10-30,30.75,31.239999771118164,30.399999618530273,31.239999771118164,27.602746963500977,7800
2019-10-31,31.25,31.309999465942383,29.969999313354492,30.0,26.507122039794922,5800
2019-11-01,30.489999771118164,31.610000610351562,30.489999771118164,31.0,27.390695571899414,8600
2019-11-04,31.0,31.299999237060547,30.440000534057617,30.440000534057617,26.895891189575195,6600
2019-11-05,30.530000686645508,31.309999465942383,30.530000686645508,30.899999618530273,27.302335739135742,7500
2019-11-06,30.700000762939453,31.25,30.6299991607666,30.989999771118164,27.381855010986328,6500
2019-11-07,30.68000030517578,31.65999984741211,30.389999389648438,31.100000381469727,27.479049682617188,9300
2019-11-08,30.950000762939453,32.33000183105469,30.639999389648438,32.33000183105469,28.565845489501953,8200
2019-11-11,32.16999816894531,32.16999816894531,31.100000381469727,31.979999542236328,28.256593704223633,4000
2019-11-12,32.099998474121094,32.58000183105469,31.920000076293945,32.54999923706055,28.76022720336914,2800
2019-11-13,32.58000183105469,32.58000183105469,32.13999938964844,32.13999938964844,28.397964477539062,4100
2019-11-14,32.150001525878906,32.5,31.649999618530273,32.380001068115234,28.610023498535156,7000
2019-11-15,32.209999084472656,32.349998474121094,31.6200008392334,31.6200008392334,27.938505172729492,4300
2019-11-18,31.190000534057617,32.20000076293945,30.200000762939453,31.1200008392334,27.496723175048828,11600
2019-11-19,31.540000915527344,31.540000915527344,30.739999771118164,31.360000610351562,27.70878028869629,5000
2019-11-20,31.5,31.700000762939453,30.709999084472656,30.709999084472656,27.134458541870117,7600
2019-11-21,31.18000030517578,31.209999084472656,30.5,30.5,26.94890785217285,4500
2019-11-22,31.200000762939453,31.200000762939453,30.450000762939453,31.09000015258789,27.470211029052734,3300
2019-11-25,31.25,31.469999313354492,31.010000228881836,31.190000534057617,27.558568954467773,4800
2019-11-26,31.0,32.27000045776367,31.0,31.600000381469727,27.920835494995117,3100
2019-11-27,31.850000381469727,32.400001525878906,31.469999313354492,32.400001525878906,28.627695083618164,2900
2019-11-29,32.16999816894531,32.16999816894531,32.13999938964844,32.13999938964844,28.397964477539062,800
2019-12-02,32.380001068115234,32.380001068115234,30.899999618530273,31.739999771118164,28.044536590576172,11700
2019-12-03,31.1299991607666,31.959999084472656,31.1299991607666,31.280000686645508,27.638092041015625,6500
2019-12-04,31.780000686645508,31.860000610351562,31.600000381469727,31.600000381469727,27.920835494995117,1500
2019-12-05,31.600000381469727,32.0,31.600000381469727,32.0,28.49064826965332,2200
2019-12-06,32.38999938964844,33.5,32.029998779296875,32.7599983215332,29.16730308532715,18000
2019-12-09,32.97999954223633,33.470001220703125,32.599998474121094,32.7599983215332,29.16730308532715,8900
2019-12-10,32.79999923706055,33.709999084472656,32.790000915527344,33.709999084472656,30.013118743896484,4400
2019-12-11,34.47999954223633,36.849998474121094,34.369998931884766,36.33000183105469,32.345787048339844,25900
2019-12-12,36.869998931884766,38.72999954223633,36.33000183105469,38.31999969482422,34.117549896240234,25300
2019-12-13,38.119998931884766,39.459999084472656,38.119998931884766,38.54999923706055,34.32232666015625,17800
2019-12-16,39.029998779296875,39.70000076293945,38.25,38.88999938964844,34.62504196166992,11300
2019-12-17,39.099998474121094,39.099998474121094,38.02000045776367,38.630001068115234,34.393558502197266,10100
2019-12-18,38.099998474121094,38.29999923706055,37.75,37.95000076293945,33.78813552856445,12500
2019-12-19,37.540000915527344,38.9900016784668,37.540000915527344,37.7400016784668,33.60115432739258,10400
2019-12-20,37.900001525878906,38.5,37.66999816894531,37.84000015258789,33.6901969909668,18500
2019-12-23,38.369998931884766,38.369998931884766,37.0099983215332,37.02000045776367,32.96012878417969,5600
2019-12-24,36.9900016784668,36.9900016784668,35.0,36.380001068115234,32.39030838012695,4200
2019-12-26,36.7599983215332,38.060001373291016,35.33000183105469,36.709999084472656,32.684120178222656,14600
2019-12-27,36.400001525878906,37.439998626708984,36.099998474121094,36.56999969482422,32.55946731567383,11900
2019-12-30,36.5,38.31999969482422,35.7599983215332,37.22999954223633,33.1470832824707,20600
2019-12-31,38.130001068115234,38.75,36.209999084472656,38.06999969482422,33.89496994018555,20500
2020-01-02,38.52000045776367,39.5,38.5,38.939998626708984,34.669551849365234,17800
2020-01-03,38.439998626708984,39.29999923706055,37.5,39.0,34.72298049926758,17000
2020-01-06,38.88999938964844,39.40999984741211,38.790000915527344,39.04999923706055,34.76750183105469,7600
2020-01-07,39.25,39.25,38.0,38.5,34.27781295776367,12800
2020-01-08,38.95000076293945,39.29999923706055,38.029998779296875,38.599998474121094,34.36684799194336,10200
2020-01-09,38.68000030517578,38.68000030517578,37.5,37.54999923706055,33.43199157714844,4900
2020-01-10,37.52000045776367,38.83000183105469,37.15999984741211,38.459999084472656,34.24219512939453,5000
2020-01-13,38.13999938964844,39.02000045776367,38.13999938964844,38.91999816894531,34.65174102783203,3900
2020-01-14,38.83000183105469,39.29999923706055,37.779998779296875,38.97999954223633,34.705162048339844,8500
2020-01-15,38.77000045776367,39.0,38.61000061035156,38.959999084472656,34.68736267089844,5100
2020-01-16,39.02000045776367,39.400001525878906,38.18000030517578,38.869998931884766,34.60723114013672,5700
2020-01-17,38.75,38.75,37.279998779296875,37.810001373291016,33.663482666015625,7700
2020-01-21,37.33000183105469,38.5,37.0099983215332,38.220001220703125,34.028526306152344,6000
2020-01-22,37.849998474121094,38.52000045776367,36.900001525878906,37.4900016784668,33.37856674194336,6900
2020-01-23,35.650001525878906,37.060001373291016,35.650001525878906,35.9900016784668,32.0430793762207,8900
2020-01-24,35.779998779296875,35.779998779296875,35.400001525878906,35.459999084472656,31.57119369506836,3100
2020-01-27,35.06999969482422,35.65999984741211,34.0,35.0,31.16164779663086,9800
2020-01-28,35.58000183105469,36.619998931884766,35.18000030517578,35.459999084472656,31.57119369506836,8800
2020-01-29,35.91999816894531,36.7599983215332,34.900001525878906,35.439998626708984,31.553394317626953,6900
2020-01-30,35.34000015258789,36.54999923706055,34.900001525878906,35.119998931884766,31.26848602294922,6800
2020-01-31,35.0,36.04999923706055,34.650001525878906,35.36000061035156,31.482160568237305,6800
2020-02-03,34.97999954223633,36.5,34.79999923706055,35.70000076293945,31.784879684448242,7000
2020-02-04,35.79999923706055,36.0,34.90999984741211,35.0,31.16164779663086,4000
2020-02-05,35.38999938964844,35.599998474121094,35.20000076293945,35.40999984741211,31.526681900024414,3900
2020-02-06,35.5,35.88999938964844,35.15999984741211,35.88999938964844,31.954050064086914,2000
2020-02-07,36.0,36.0,34.189998626708984,34.189998626708984,30.440475463867188,5700
2020-02-10,34.20000076293945,35.34000015258789,33.54999923706055,35.34000015258789,31.464357376098633,7200
2020-02-11,34.2400016784668,35.099998474121094,33.79999923706055,33.79999923706055,30.093250274658203,3400
2020-02-12,33.79999923706055,34.45000076293945,33.33000183105469,34.0,30.271312713623047,7300
2020-02-13,33.68000030517578,34.04999923706055,33.630001068115234,33.88999938964844,30.173381805419922,1300
2020-02-14,33.5,34.029998779296875,33.29999923706055,34.0,30.271312713623047,4100
2020-02-18,33.470001220703125,33.63999938964844,32.91999816894531,32.91999816894531,29.30974769592285,7100
2020-02-19,33.0099983215332,33.38999938964844,32.02000045776367,32.5,28.935813903808594,4300
2020-02-20,32.709999084472656,32.75,32.11000061035156,32.61000061035156,29.03375244140625,2700
2020-02-21,33.0,33.0,32.16999816894531,32.810001373291016,29.211824417114258,2000
2020-02-24,32.0,32.130001068115234,31.0,32.130001068115234,28.606395721435547,7300
2020-02-25,31.780000686645508,31.850000381469727,31.0,31.0,27.60031509399414,8700
2020-02-26,31.0,31.25,31.0,31.049999237060547,27.644834518432617,3500
2020-02-27,30.5,31.31999969482422,30.18000030517578,30.8799991607666,27.49347496032715,7800
2020-02-28,29.649999618530273,30.719999313354492,29.649999618530273,30.350000381469727,27.02159881591797,13200
2020-03-02,30.670000076293945,30.670000076293945,30.010000228881836,30.489999771118164,27.14624786376953,1700
2020-03-03,30.600000381469727,30.799999237060547,30.450000762939453,30.670000076293945,27.306507110595703,2400
2020-03-04,30.5,30.5,30.270000457763672,30.270000457763672,26.950376510620117,1400
2020-03-05,29.959999084472656,29.959999084472656,28.280000686645508,28.40999984741211,25.496505737304688,5600
2020-03-06,28.469999313354492,30.0,28.06999969482422,28.06999969482422,25.191377639770508,14500
2020-03-09,27.520000457763672,27.520000457763672,24.299999237060547,24.770000457763672,22.22979736328125,5400
2020-03-10,25.729999542236328,25.850000381469727,24.600000381469727,25.5,22.884933471679688,10400
2020-03-11,25.239999771118164,25.59000015258789,24.860000610351562,24.959999084472656,22.400312423706055,10100
2020-03-12,24.5,24.969999313354492,22.31999969482422,23.75,21.31439971923828,7800
2020-03-13,24.969999313354492,25.549999237060547,23.0,23.0,20.64130973815918,21500
2020-03-16,21.690000534057617,22.110000610351562,19.0,19.25,17.275882720947266,23900
2020-03-17,19.420000076293945,20.299999237060547,17.899999618530273,18.65999984741211,16.746383666992188,15300
2020-03-18,17.600000381469727,18.600000381469727,15.15999984741211,16.239999771118164,14.57456111907959,15500
2020-03-19,15.880000114440918,17.639999389648438,15.880000114440918,16.760000228881836,15.04123306274414,7500
2020-03-20,17.860000610351562,18.719999313354492,16.5,17.239999771118164,15.472007751464844,18200
2020-03-23,16.010000228881836,19.18000030517578,16.010000228881836,16.700000762939453,14.987388610839844,7600
2020-03-24,16.239999771118164,19.75,16.239999771118164,18.8700008392334,16.93484878540039,7100
2020-03-25,18.0,23.920000076293945,18.0,21.239999771118164,19.061803817749023,11100
2020-03-26,21.200000762939453,26.1200008392334,21.200000762939453,24.399999618530273,21.897737503051758,8600
2020-03-27,23.5,27.010000228881836,23.5,26.860000610351562,24.1054630279541,6900
2020-03-30,26.100000381469727,27.049999237060547,26.0,26.229999542236328,23.540069580078125,3700
2020-03-31,25.5,25.5,23.5,23.5,21.090038299560547,3700
2020-04-01,22.18000030517578,22.68000030517578,20.280000686645508,20.440000534057617,18.343843460083008,9700
2020-04-02,20.940000534057617,21.549999237060547,20.0,21.0,18.846412658691406,12100
2020-04-03,21.040000915527344,21.829999923706055,20.020000457763672,21.209999084472656,19.03487777709961,3800
2020-04-06,22.020000457763672,25.110000610351562,22.020000457763672,22.530000686645508,20.219512939453125,6700
2020-04-07,22.219999313354492,23.950000762939453,20.940000534057617,20.940000534057617,18.792570114135742,6700
2020-04-08,21.06999969482422,22.079999923706055,20.940000534057617,22.079999923706055,19.815658569335938,7000
2020-04-09,22.110000610351562,24.309999465942383,22.110000610351562,23.31999969482422,20.92849349975586,6200
2020-04-13,24.6299991607666,24.6299991607666,20.75,22.34000015258789,20.048994064331055,17100
2020-04-14,23.510000228881836,23.510000228881836,22.670000076293945,22.899999618530273,20.55156707763672,5300
2020-04-15,23.010000228881836,23.1200008392334,20.600000381469727,22.450000762939453,20.147716522216797,6200
2020-04-16,21.709999084472656,22.489999771118164,21.700000762939453,21.700000762939453,19.474626541137695,2800
2020-04-17,21.729999542236328,24.450000762939453,21.709999084472656,22.850000381469727,20.50669288635254,13800
2020-04-20,22.299999237060547,24.959999084472656,21.260000228881836,23.200000762939453,20.820802688598633,4700
2020-04-21,24.649999618530273,24.649999618530273,22.899999618530273,22.979999542236328,20.62335968017578,4700
2020-04-22,24.020000457763672,24.020000457763672,23.149999618530273,23.299999237060547,20.910545349121094,900
2020-04-23,24.920000076293945,25.790000915527344,23.65999984741211,25.200000762939453,22.615697860717773,5200
2020-04-24,25.719999313354492,25.799999237060547,24.280000686645508,25.3700008392334,22.768266677856445,3800
2020-04-27,25.989999771118164,25.989999771118164,24.549999237060547,25.899999618530273,23.243913650512695,4600
2020-04-28,25.25,26.3799991607666,25.25,26.0,23.333654403686523,4600
2020-04-29,26.549999237060547,30.25,26.479999542236328,28.579999923706055,25.649076461791992,16100
2020-04-30,28.540000915527344,28.8799991607666,25.979999542236328,27.940000534057617,25.07470703125,9600
2020-05-01,27.200000762939453,27.5,25.709999084472656,27.5,24.679832458496094,3900
2020-05-04,28.5,29.6200008392334,27.5,29.149999618530273,26.16061782836914,21400
2020-05-05,29.6200008392334,30.65999984741211,29.059999465942383,29.600000381469727,26.564470291137695,9100
2020-05-06,29.020000457763672,29.739999771118164,27.639999389648438,28.899999618530273,25.93625831604004,4900
2020-05-07,28.100000381469727,28.979999542236328,27.520000457763672,28.979999542236328,26.008052825927734,9400
2020-05-08,28.270000457763672,29.719999313354492,27.889999389648438,29.0,26.0260009765625,8000
2020-05-11,28.280000686645508,29.350000381469727,28.280000686645508,29.0,26.0260009765625,2800
2020-05-12,28.579999923706055,28.899999618530273,28.18000030517578,28.719999313354492,25.774715423583984,2900
2020-05-13,28.200000762939453,28.3799991607666,27.5,27.950000762939453,25.08367919921875,8300
2020-05-14,27.40999984741211,28.0,25.81999969482422,28.0,25.128551483154297,5900
2020-05-15,27.15999984741211,29.700000762939453,27.09000015258789,29.5,26.474729537963867,7400
2020-05-18,29.5,30.5,28.100000381469727,28.100000381469727,25.218297958374023,6500
2020-05-19,29.399999618530273,30.079999923706055,26.709999084472656,26.709999084472656,23.97084617614746,7700
2020-05-20,27.540000915527344,29.0,27.31999969482422,28.899999618530273,25.93625831604004,9100
2020-05-21,28.079999923706055,28.600000381469727,27.059999465942383,27.059999465942383,24.284948348999023,5800
2020-05-22,26.530000686645508,27.420000076293945,25.34000015258789,27.420000076293945,24.6080322265625,6600
2020-05-26,25.510000228881836,27.579999923706055,25.5,26.700000762939453,23.961870193481445,5100
2020-05-27,27.100000381469727,27.780000686645508,25.889999389648438,25.889999389648438,23.23493766784668,3500
2020-05-28,26.0,28.600000381469727,25.610000610351562,28.0,25.128551483154297,8200
2020-05-29,27.950000762939453,27.950000762939453,26.18000030517578,26.239999771118164,23.549041748046875,4200
2020-06-01,26.93000030517578,27.739999771118164,25.40999984741211,27.34000015258789,24.536237716674805,6100
2020-06-02,27.190000534057617,27.899999618530273,26.229999542236328,26.799999237060547,24.05161476135254,3600
2020-06-03,26.899999618530273,28.559999465942383,26.899999618530273,26.90999984741211,24.15033531188965,4900
2020-06-04,26.149999618530273,28.0,26.149999618530273,27.5,24.90192413330078,4200
2020-06-05,28.0,28.700000762939453,27.030000686645508,27.950000762939453,25.309404373168945,5400
2020-06-08,28.010000228881836,28.889999389648438,27.559999465942383,28.889999389648438,26.160598754882812,11300
2020-06-09,28.600000381469727,29.0,28.020000457763672,28.420000076293945,25.735002517700195,10400
2020-06-10,27.25,28.299999237060547,27.219999313354492,27.59000015258789,24.983421325683594,5600
2020-06-11,26.770000457763672,26.770000457763672,24.760000228881836,25.010000228881836,22.64716911315918,11000
2020-06-12,25.899999618530273,29.0,25.899999618530273,28.889999389648438,26.160598754882812,5900
2020-06-15,27.610000610351562,28.559999465942383,27.5,27.510000228881836,24.910974502563477,7800
2020-06-16,28.149999618530273,28.6299991607666,26.649999618530273,26.649999618530273,24.132226943969727,6600
2020-06-17,27.299999237060547,27.709999084472656,27.299999237060547,27.5,24.90192413330078,3100
2020-06-18,27.5,27.5,25.579999923706055,26.93000030517578,24.385770797729492,4700
2020-06-19,27.600000381469727,27.700000762939453,27.239999771118164,27.239999771118164,24.66648292541504,5100
2020-06-22,27.700000762939453,28.540000915527344,27.18000030517578,27.600000381469727,24.992473602294922,12000
2020-06-23,28.600000381469727,29.0,28.049999237060547,28.579999923706055,25.879886627197266,20200
2020-06-24,28.549999237060547,28.649999618530273,27.610000610351562,27.989999771118164,25.345624923706055,16300
2020-06-25,27.920000076293945,29.0,27.440000534057617,28.0,25.35468101501465,25500
2020-06-26,27.829999923706055,29.0,26.1200008392334,26.68000030517578,24.15938949584961,201000
2020-06-29,26.68000030517578,26.790000915527344,25.700000762939453,26.639999389648438,24.1231689453125,12200
2020-06-30,26.25,27.489999771118164,26.059999465942383,26.770000457763672,24.240886688232422,6800
2020-07-01,26.399999618530273,27.479999542236328,26.399999618530273,27.479999542236328,24.883808135986328,3900
2020-07-02,27.440000534057617,27.440000534057617,26.350000381469727,27.299999237060547,24.72081756591797,8000
2020-07-06,26.989999771118164,27.170000076293945,25.40999984741211,26.049999237060547,23.588909149169922,9800
2020-07-07,26.25,26.25,25.049999237060547,25.889999389648438,23.444026947021484,5100
2020-07-08,25.540000915527344,25.540000915527344,24.0,25.280000686645508,22.89165496826172,7200
2020-07-09,24.700000762939453,25.649999618530273,23.799999237060547,24.469999313354492,22.158180236816406,8600
2020-07-10,24.389999389648438,24.469999313354492,24.389999389648438,24.469999313354492,22.158180236816406,2700
2020-07-13,24.270000457763672,24.690000534057617,22.510000228881836,23.600000381469727,21.370376586914062,11700
2020-07-14,23.1200008392334,23.549999237060547,22.0,22.0,19.921539306640625,5100
2020-07-15,23.0,23.3799991607666,22.5,22.6200008392334,20.48296356201172,16000
2020-07-16,22.760000228881836,23.020000457763672,22.59000015258789,22.59000015258789,20.455795288085938,4100
2020-07-17,22.649999618530273,22.84000015258789,22.649999618530273,22.84000015258789,20.68217658996582,2600
2020-07-20,23.0,23.049999237060547,22.209999084472656,23.049999237060547,20.87234115600586,6200
2020-07-21,22.979999542236328,23.09000015258789,22.670000076293945,22.770000457763672,20.618789672851562,5800
2020-07-22,22.770000457763672,23.0,22.6200008392334,22.93000030517578,20.763673782348633,1800
2020-07-23,22.989999771118164,22.989999771118164,21.739999771118164,21.739999771118164,19.686100006103516,2000
2020-07-24,21.600000381469727,22.649999618530273,21.600000381469727,22.0,19.921539306640625,3800
2020-07-27,22.40999984741211,22.850000381469727,22.110000610351562,22.850000381469727,20.69123077392578,3100
2020-07-28,22.479999542236328,22.889999389648438,21.760000228881836,21.760000228881836,19.704212188720703,5200
2020-07-29,22.280000686645508,22.280000686645508,21.56999969482422,22.0,19.921539306640625,7700
2020-07-30,21.610000610351562,22.25,21.610000610351562,21.899999618530273,19.83098793029785,1700
2020-07-31,21.5,21.610000610351562,21.170000076293945,21.170000076293945,19.169950485229492,3400
2020-08-03,21.329999923706055,21.68000030517578,21.0,21.68000030517578,19.63176918029785,4700
2020-08-04,21.25,21.5,21.0,21.5,19.468772888183594,14100
2020-08-05,22.729999542236328,22.729999542236328,21.200000762939453,21.399999618530273,19.378223419189453,8000
2020-08-06,21.510000228881836,21.979999542236328,21.350000381469727,21.690000534057617,19.640825271606445,4900
2020-08-07,21.3700008392334,22.360000610351562,21.3700008392334,22.15999984741211,20.06641960144043,9500
2020-08-10,22.15999984741211,22.850000381469727,22.09000015258789,22.09000015258789,20.00303077697754,3600
2020-08-11,22.1200008392334,22.520000457763672,21.959999084472656,21.979999542236328,19.903427124023438,26500
2020-08-12,23.09000015258789,23.559999465942383,22.06999969482422,22.489999771118164,20.365238189697266,8400
2020-08-13,22.489999771118164,22.56999969482422,22.18000030517578,22.200000762939453,20.10264015197754,2500
2020-08-14,22.239999771118164,22.75,22.239999771118164,22.489999771118164,20.365238189697266,2800
2020-08-17,22.739999771118164,22.739999771118164,22.510000228881836,22.739999771118164,20.591625213623047,1200
2020-08-18,22.75,22.75,22.1200008392334,22.1200008392334,20.03020477294922,6500
2020-08-19,22.440000534057617,22.6299991607666,22.1200008392334,22.440000534057617,20.319971084594727,3100
2020-08-20,22.510000228881836,22.75,22.290000915527344,22.510000228881836,20.383358001708984,5800
2020-08-21,22.489999771118164,22.790000915527344,22.079999923706055,22.709999084472656,20.5644588470459,3100
2020-08-24,23.170000076293945,23.170000076293945,21.989999771118164,21.989999771118164,19.91248321533203,2800
2020-08-25,22.420000076293945,23.510000228881836,22.389999389648438,22.389999389648438,20.274688720703125,2200
2020-08-26,22.270000457763672,22.399999618530273,22.040000915527344,22.040000915527344,19.957759857177734,3000
2020-08-27,21.5,22.0,21.5,21.809999465942383,19.74948501586914,2800
2020-08-28,22.100000381469727,22.149999618530273,21.690000534057617,22.149999618530273,20.05736541748047,5700
2020-08-31,21.920000076293945,22.270000457763672,21.270000457763672,21.270000457763672,19.260501861572266,9900
2020-09-01,21.280000686645508,21.799999237060547,21.260000228881836,21.790000915527344,19.73137855529785,5000
2020-09-02,21.809999465942383,21.809999465942383,21.420000076293945,21.649999618530273,19.60460090637207,5200
2020-09-03,21.170000076293945,21.450000762939453,20.760000228881836,20.989999771118164,19.220020294189453,8800
2020-09-04,21.260000228881836,21.709999084472656,20.940000534057617,21.709999084472656,19.879302978515625,2300
2020-09-08,20.940000534057617,21.579999923706055,20.940000534057617,21.309999465942383,19.51303482055664,5200
2020-09-09,21.739999771118164,21.739999771118164,21.040000915527344,21.399999618530273,19.595447540283203,3500
2020-09-10,21.399999618530273,21.639999389648438,21.200000762939453,21.639999389648438,19.815204620361328,2900
2020-09-11,21.639999389648438,21.649999618530273,20.729999542236328,20.75,19.00025749206543,2800
2020-09-14,21.079999923706055,21.239999771118164,20.649999618530273,21.239999771118164,19.44894027709961,5800
2020-09-15,21.229999542236328,21.229999542236328,20.899999618530273,20.899999618530273,19.13760757446289,3100
2020-09-16,20.450000762939453,21.149999618530273,20.450000762939453,21.149999618530273,19.366527557373047,2900
2020-09-17,20.579999923706055,21.100000381469727,20.579999923706055,21.100000381469727,19.320743560791016,1600
2020-09-18,21.229999542236328,21.229999542236328,20.40999984741211,20.40999984741211,18.688926696777344,7800
2020-09-21,20.43000030517578,20.780000686645508,20.209999084472656,20.209999084472656,18.50579261779785,22600
2020-09-22,20.399999618530273,20.399999618530273,20.059999465942383,20.34000015258789,18.624832153320312,4100
2020-09-23,19.8799991607666,20.280000686645508,19.8700008392334,20.1299991607666,18.432538986206055,4700
2020-09-24,20.399999618530273,20.399999618530273,19.760000228881836,20.25,18.54241943359375,7500
2020-09-25,19.850000381469727,20.040000915527344,19.850000381469727,19.899999618530273,18.221935272216797,5800
2020-09-28,19.93000030517578,20.299999237060547,19.8700008392334,20.010000228881836,18.32265853881836,23300
2020-09-29,20.0,20.100000381469727,20.0,20.0,18.31350326538086,3600
2020-09-30,20.0,20.059999465942383,19.899999618530273,19.899999618530273,18.221935272216797,7300
2020-10-01,19.90999984741211,19.950000762939453,19.770000457763672,19.790000915527344,18.12120819091797,5600
2020-10-02,19.770000457763672,20.06999969482422,19.770000457763672,20.0,18.31350326538086,4600
2020-10-05,19.979999542236328,20.139999389648438,19.8799991607666,19.8799991607666,18.2036190032959,3500
2020-10-06,19.899999618530273,19.899999618530273,19.75,19.75,18.08458137512207,5100
2020-10-07,19.889999389648438,19.959999084472656,19.829999923706055,19.959999084472656,18.276874542236328,3000
2020-10-08,20.0,20.09000015258789,19.770000457763672,19.81999969482422,18.148677825927734,7100
2020-10-09,19.81999969482422,22.5,19.639999389648438,21.75,19.915929794311523,24100
2020-10-12,21.510000228881836,21.530000686645508,18.360000610351562,20.489999771118164,18.76218032836914,26800
2020-10-13,19.8799991607666,20.579999923706055,19.8799991607666,20.0,18.31350326538086,1700
2020-10-14,19.5,20.84000015258789,19.5,19.860000610351562,18.185306549072266,8600
2020-10-15,20.040000915527344,20.110000610351562,19.31999969482422,20.110000610351562,18.414226531982422,2500
2020-10-16,19.889999389648438,21.010000228881836,19.889999389648438,20.43000030517578,18.707237243652344,3100
2020-10-19,20.6299991607666,21.799999237060547,20.25,21.6200008392334,19.79689598083496,8400
2020-10-20,21.6200008392334,21.700000762939453,21.079999923706055,21.389999389648438,19.586288452148438,1900
2020-10-21,20.719999313354492,21.559999465942383,20.719999313354492,21.469999313354492,19.659542083740234,3100
2020-10-22,21.110000610351562,21.780000686645508,21.110000610351562,21.31999969482422,19.522192001342773,1700
2020-10-23,21.260000228881836,21.450000762939453,21.260000228881836,21.450000762939453,19.64122772216797,600
2020-10-26,21.010000228881836,21.030000686645508,20.079999923706055,20.079999923706055,18.38675308227539,5300
2020-10-27,20.700000762939453,20.700000762939453,19.850000381469727,19.850000381469727,18.176151275634766,2800
2020-10-28,20.270000457763672,20.270000457763672,19.31999969482422,19.739999771118164,18.075428009033203,4200
2020-10-29,19.700000762939453,19.75,19.329999923706055,19.329999923706055,17.69999885559082,3400
2020-10-30,19.760000228881836,19.760000228881836,19.0,19.079999923706055,17.47108268737793,9100
2020-11-02,19.170000076293945,19.719999313354492,19.170000076293945,19.31999969482422,17.690841674804688,3500
2020-11-03,19.270000457763672,19.5,19.219999313354492,19.489999771118164,17.846508026123047,3700
2020-11-04,19.5,19.5,19.0,19.0,17.397825241088867,1700
2020-11-05,20.31999969482422,21.75,19.600000381469727,21.1200008392334,19.33905792236328,8900
2020-11-06,21.790000915527344,21.790000915527344,21.010000228881836,21.1299991607666,19.348215103149414,2800
2020-11-09,21.799999237060547,23.979999542236328,21.799999237060547,23.889999389648438,21.875478744506836,5500
2020-11-10,23.5,25.0,23.5,24.940000534057617,22.836936950683594,2300
2020-11-11,25.399999618530273,28.389999389648438,25.399999618530273,27.979999542236328,25.620588302612305,21900
2020-11-12,27.860000610351562,27.860000610351562,25.059999465942383,25.520000457763672,23.36802864074707,9300
2020-11-13,25.920000076293945,26.200000762939453,25.59000015258789,25.59000015258789,23.4321231842041,4800
2020-11-16,26.3799991607666,26.969999313354492,25.969999313354492,26.969999313354492,24.695755004882812,10100
2020-11-17,26.280000686645508,26.84000015258789,24.010000228881836,26.010000228881836,23.816707611083984,19600
2020-11-18,26.950000762939453,27.739999771118164,25.719999313354492,26.809999465942383,24.549245834350586,25900
2020-11-19,26.530000686645508,26.530000686645508,26.299999237060547,26.329999923706055,24.109724044799805,1200
2020-11-20,25.90999984741211,26.3799991607666,25.90999984741211,26.200000762939453,23.99068832397461,2000
2020-11-23,25.579999923706055,26.06999969482422,25.579999923706055,25.610000610351562,23.450439453125,1000
2020-11-24,26.799999237060547,26.799999237060547,25.81999969482422,26.479999542236328,24.247072219848633,9200
2020-11-25,26.040000915527344,26.799999237060547,26.040000915527344,26.329999923706055,24.109724044799805,2900
2020-11-27,26.639999389648438,26.799999237060547,26.639999389648438,26.739999771118164,24.485149383544922,2800
2020-11-30,26.350000381469727,26.5,26.290000915527344,26.5,24.26538848876953,2900
2020-12-01,26.209999084472656,26.489999771118164,26.010000228881836,26.010000228881836,23.816707611083984,5500
2020-12-02,25.920000076293945,28.200000762939453,25.920000076293945,27.8799991607666,25.529016494750977,13500
2020-12-03,27.6299991607666,27.969999313354492,25.8700008392334,27.110000610351562,25.039499282836914,5500
2020-12-04,27.420000076293945,27.979999542236328,27.3799991607666,27.93000030517578,25.796873092651367,8200
2020-12-07,27.290000915527344,28.0,27.290000915527344,27.290000915527344,25.205753326416016,3600
2020-12-08,25.950000762939453,27.489999771118164,25.950000762939453,27.489999771118164,25.39047622680664,2600
2020-12-09,27.260000228881836,27.850000381469727,26.6299991607666,26.6299991607666,24.59615707397461,9800
2020-12-10,27.34000015258789,28.56999969482422,26.940000534057617,28.020000457763672,25.87999725341797,14100
2020-12-11,27.90999984741211,28.15999984741211,27.459999084472656,28.15999984741211,26.009305953979492,5100
2020-12-14,27.6200008392334,28.18000030517578,26.600000381469727,27.06999969482422,25.002552032470703,8300
2020-12-15,26.84000015258789,27.899999618530273,26.760000228881836,26.760000228881836,24.716230392456055,11800
2020-12-16,26.969999313354492,27.969999313354492,26.84000015258789,26.979999542236328,24.9194278717041,14100
2020-12-17,27.350000381469727,27.8799991607666,26.530000686645508,27.040000915527344,24.974843978881836,6800
2020-12-18,27.219999313354492,29.6200008392334,26.68000030517578,29.290000915527344,27.05300521850586,69500
2020-12-21,28.600000381469727,28.600000381469727,27.15999984741211,28.200000762939453,26.04625129699707,9900
2020-12-22,27.200000762939453,27.90999984741211,26.510000228881836,27.559999465942383,25.45513153076172,13500
2020-12-23,27.989999771118164,27.989999771118164,26.889999389648438,27.809999465942383,25.686037063598633,6000
2020-12-24,27.549999237060547,27.959999084472656,26.90999984741211,26.90999984741211,24.85477638244629,7400
2020-12-28,27.489999771118164,27.5,26.760000228881836,26.760000228881836,24.716230392456055,6500
2020-12-29,26.469999313354492,26.899999618530273,25.200000762939453,25.940000534057617,23.9588623046875,7800
2020-12-30,25.719999313354492,26.010000228881836,25.030000686645508,25.829999923706055,23.857257843017578,4700
2020-12-31,25.020000457763672,25.15999984741211,22.920000076293945,24.100000381469727,22.259384155273438,14300
2021-01-04,24.0,24.3799991607666,23.25,23.8799991607666,22.056184768676758,10900
2021-01-05,24.260000228881836,24.299999237060547,23.1200008392334,23.65999984741211,21.852989196777344,19400
2021-01-06,24.860000610351562,24.860000610351562,23.049999237060547,23.450000762939453,21.659029006958008,17800
2021-01-07,23.420000076293945,23.979999542236328,23.209999084472656,23.520000457763672,21.72368049621582,15500
2021-01-08,24.010000228881836,24.1200008392334,23.530000686645508,23.56999969482422,21.76986312866211,6600
2021-01-11,23.829999923706055,23.920000076293945,23.049999237060547,23.399999618530273,21.61284637451172,9900
2021-01-12,23.530000686645508,24.450000762939453,23.31999969482422,24.450000762939453,22.582653045654297,9700
2021-01-13,24.719999313354492,25.290000915527344,23.889999389648438,24.0,22.167022705078125,21000
2021-01-14,24.25,25.209999084472656,24.25,24.989999771118164,23.08141326904297,10300
2021-01-15,24.5,26.459999084472656,24.350000381469727,24.489999771118164,22.619598388671875,7500
2021-01-19,24.979999542236328,25.809999465942383,24.079999923706055,25.5,23.55246353149414,14000
2021-01-20,25.520000457763672,26.25,24.489999771118164,24.489999771118164,22.619598388671875,6400
2021-01-21,24.950000762939453,25.709999084472656,24.950000762939453,25.100000381469727,23.183008193969727,10100
2021-01-22,25.399999618530273,25.989999771118164,24.43000030517578,25.989999771118164,24.005037307739258,15600
2021-01-25,25.149999618530273,27.049999237060547,24.969999313354492,25.59000015258789,23.63558578491211,16600
2021-01-26,25.75,26.56999969482422,25.5,26.56999969482422,24.540740966796875,6100
2021-01-27,26.40999984741211,27.0,25.709999084472656,26.229999542236328,24.226707458496094,6300
2021-01-28,23.950000762939453,25.799999237060547,23.950000762939453,24.479999542236328,22.610363006591797,24800
2021-01-29,24.25,24.850000381469727,23.850000381469727,24.209999084472656,22.36098289489746,12700
2021-02-01,24.280000686645508,24.719999313354492,23.780000686645508,24.020000457763672,22.18549346923828,10600
2021-02-02,24.030000686645508,24.860000610351562,23.649999618530273,24.860000610351562,22.961341857910156,6500
2021-02-03,24.530000686645508,24.8700008392334,24.309999465942383,24.8700008392334,22.970577239990234,5200
2021-02-04,24.600000381469727,24.979999542236328,24.350000381469727,24.8799991607666,22.979812622070312,3100
2021-02-05,24.8700008392334,26.209999084472656,24.8700008392334,26.209999084472656,24.208236694335938,6600
2021-02-08,26.0,27.229999542236328,25.799999237060547,27.229999542236328,25.150333404541016,10300
2021-02-09,26.700000762939453,28.079999923706055,26.690000534057617,26.690000534057617,24.65157699584961,10900
2021-02-10,26.399999618530273,27.299999237060547,25.979999542236328,27.110000610351562,25.039499282836914,7600
2021-02-11,27.280000686645508,28.280000686645508,26.56999969482422,27.780000686645508,25.65833282470703,19700
2021-02-12,27.459999084472656,28.290000915527344,27.459999084472656,27.75,25.63062286376953,3800
2021-02-16,28.270000457763672,29.59000015258789,27.950000762939453,27.950000762939453,25.815343856811523,6100
2021-02-17,28.170000076293945,28.979999542236328,27.75,28.860000610351562,26.655841827392578,5800
2021-02-18,28.979999542236328,29.43000030517578,28.200000762939453,28.200000762939453,26.04625129699707,4400
2021-02-19,28.290000915527344,28.600000381469727,27.760000228881836,28.309999465942383,26.147850036621094,6200
2021-02-22,28.219999313354492,28.219999313354492,27.950000762939453,28.0,25.861526489257812,2600
2021-02-23,26.799999237060547,28.989999771118164,26.799999237060547,28.989999771118164,26.775915145874023,4300
2021-02-24,29.0,31.84000015258789,28.649999618530273,30.6200008392334,28.281429290771484,24700
2021-02-25,30.510000228881836,30.8799991607666,29.479999542236328,30.0,27.708776473999023,5900
2021-02-26,29.81999969482422,29.899999618530273,28.780000686645508,29.100000381469727,26.877511978149414,8200
2021-03-01,28.559999465942383,30.059999465942383,28.0,29.700000762939453,27.431690216064453,14700
2021-03-02,29.59000015258789,29.690000534057617,28.1200008392334,28.1200008392334,25.972362518310547,3300
2021-03-03,28.56999969482422,30.06999969482422,28.020000457763672,30.06999969482422,27.7734317779541,6800
2021-03-04,31.739999771118164,31.739999771118164,29.520000457763672,30.84000015258789,28.71379852294922,18300
2021-03-05,30.5,31.6200008392334,29.290000915527344,31.479999542236328,29.309673309326172,9300
2021-03-08,31.260000228881836,33.79999923706055,31.0,31.8799991607666,29.682098388671875,18400
2021-03-09,31.899999618530273,32.4900016784668,31.0,31.0,28.862768173217773,10600
2021-03-10,30.280000686645508,33.02000045776367,30.280000686645508,31.989999771118164,29.78451156616211,9500
2021-03-11,31.950000762939453,32.52000045776367,31.280000686645508,32.31999969482422,30.091764450073242,4300
2021-03-12,32.720001220703125,32.720001220703125,31.420000076293945,32.38999938964844,30.156938552856445,5400
2021-03-15,32.369998931884766,32.369998931884766,30.200000762939453,31.489999771118164,29.318986892700195,8000
2021-03-16,31.309999465942383,31.6200008392334,30.5,31.1299991607666,28.983808517456055,8000
2021-03-17,30.959999084472656,30.959999084472656,30.030000686645508,30.030000686645508,27.95964241027832,3900
2021-03-18,30.3799991607666,30.3799991607666,28.59000015258789,29.3700008392334,27.345144271850586,9000
2021-03-19,29.770000457763672,37.70000076293945,28.329999923706055,37.540000915527344,34.951881408691406,75300
2021-03-22,36.0,36.849998474121094,32.599998474121094,33.529998779296875,31.218338012695312,45200
2021-03-23,31.8799991607666,33.4900016784668,31.290000915527344,31.290000915527344,29.132774353027344,28800
2021-03-24,32.52000045776367,32.52000045776367,29.229999542236328,29.229999542236328,27.214797973632812,8200
2021-03-25,29.15999984741211,33.619998931884766,28.639999389648438,33.400001525878906,31.097307205200195,23400
2021-03-26,33.40999984741211,33.40999984741211,32.29999923706055,32.45000076293945,30.21280288696289,7000
2021-03-29,32.0099983215332,32.45000076293945,30.0,30.0,27.931713104248047,8100
2021-03-30,30.0,30.0,28.510000228881836,28.530000686645508,26.563058853149414,5300
2021-03-31,29.700000762939453,29.850000381469727,27.549999237060547,28.010000228881836,26.078907012939453,24200
2021-04-01,28.700000762939453,29.969999313354492,28.059999465942383,29.889999389648438,27.829294204711914,4100
2021-04-05,30.649999618530273,30.809999465942383,28.670000076293945,30.399999618530273,28.30413246154785,8700
2021-04-06,30.610000610351562,30.610000610351562,28.899999618530273,29.360000610351562,27.33583641052246,8400
2021-04-07,29.34000015258789,29.8799991607666,28.0,28.0,26.069597244262695,12800
2021-04-08,28.5,29.1200008392334,27.610000610351562,28.8799991607666,26.8889217376709,7700
2021-04-09,29.829999923706055,29.829999923706055,27.68000030517578,27.709999084472656,25.799592971801758,4800
2021-04-12,27.600000381469727,28.010000228881836,25.5,26.0,24.207481384277344,22000
2021-04-13,26.489999771118164,26.989999771118164,26.15999984741211,26.34000015258789,24.5240421295166,6000
2021-04-14,26.950000762939453,27.1299991607666,26.56999969482422,26.59000015258789,24.756805419921875,11100
2021-04-15,26.6200008392334,27.34000015258789,26.299999237060547,27.020000457763672,25.15715789794922,16200
2021-04-16,27.0,27.600000381469727,26.600000381469727,27.0,25.138540267944336,7400
2021-04-19,27.469999313354492,27.469999313354492,26.059999465942383,26.770000457763672,24.92439842224121,13700
2021-04-20,27.020000457763672,27.020000457763672,26.100000381469727,26.610000610351562,24.775428771972656,10000
2021-04-21,26.90999984741211,27.489999771118164,26.389999389648438,27.020000457763672,25.15715789794922,7600
2021-04-22,27.229999542236328,27.270000457763672,26.020000457763672,26.690000534057617,24.849910736083984,24700
2021-04-23,26.969999313354492,27.170000076293945,26.709999084472656,26.709999084472656,24.868534088134766,4100
2021-04-26,27.200000762939453,27.200000762939453,26.010000228881836,26.639999389648438,24.80335807800293,9500
2021-04-27,29.729999542236328,29.729999542236328,26.790000915527344,27.219999313354492,25.34337043762207,12100
2021-04-28,27.5,28.0,26.540000915527344,26.549999237060547,24.71956443786621,12700
2021-04-29,27.0,27.270000457763672,26.709999084472656,27.040000915527344,25.175783157348633,7000
2021-04-30,26.56999969482422,26.899999618530273,26.5,26.5,24.67301368713379,15200
2021-05-03,27.0,28.75,26.549999237060547,28.68000030517578,26.70271873474121,18700
2021-05-04,28.149999618530273,28.15999984741211,26.75,26.799999237060547,24.952327728271484,26600
2021-05-05,26.969999313354492,27.540000915527344,26.510000228881836,26.68000030517578,24.84060287475586,17600
2021-05-06,26.610000610351562,27.399999618530273,26.309999465942383,26.309999465942383,24.496110916137695,8200
2021-05-07,26.010000228881836,28.459999084472656,25.360000610351562,25.6299991607666,23.862991333007812,20700
2021-05-10,26.670000076293945,28.75,26.209999084472656,27.520000457763672,25.622690200805664,51300
2021-05-11,27.3700008392334,27.959999084472656,26.389999389648438,27.510000228881836,25.613378524780273,14500
2021-05-12,27.34000015258789,27.790000915527344,26.489999771118164,26.940000534057617,25.08267593383789,16700
2021-05-13,26.690000534057617,27.299999237060547,25.520000457763672,25.6200008392334,23.853683471679688,15100
2021-05-14,26.280000686645508,27.0,25.6299991607666,26.809999465942383,24.961639404296875,16600
2021-05-17,26.799999237060547,28.75,25.889999389648438,28.200000762939453,26.255809783935547,38500
2021-05-18,28.110000610351562,29.0,27.420000076293945,27.719999313354492,25.808902740478516,12800
2021-05-19,27.510000228881836,27.90999984741211,26.81999969482422,27.600000381469727,25.697175979614258,8200
2021-05-20,27.790000915527344,28.190000534057617,26.530000686645508,28.0,26.069597244262695,15800
2021-05-21,27.889999389648438,27.969999313354492,27.31999969482422,27.31999969482422,25.436481475830078,8400
2021-05-24,27.59000015258789,28.0,26.850000381469727,27.280000686645508,25.399234771728516,18700
2021-05-25,27.280000686645508,27.280000686645508,26.290000915527344,26.31999969482422,24.505422592163086,18000
2021-05-26,26.760000228881836,27.0,26.31999969482422,27.0,25.138540267944336,5900
2021-05-27,26.719999313354492,27.0,26.559999465942383,27.0,25.138540267944336,3400
2021-05-28,26.920000076293945,27.5,26.799999237060547,27.1200008392334,25.250267028808594,8100
2021-06-01,27.5,28.0,27.299999237060547,27.989999771118164,26.060285568237305,21000
2021-06-02,28.489999771118164,28.75,27.25,27.829999923706055,25.911317825317383,34300
2021-06-03,27.600000381469727,28.149999618530273,27.600000381469727,28.100000381469727,26.39028549194336,7500
2021-06-04,28.049999237060547,28.049999237060547,27.559999465942383,28.049999237060547,26.343324661254883,6000
2021-06-07,28.1299991607666,28.1299991607666,27.209999084472656,27.729999542236328,26.042800903320312,11900
2021-06-08,27.729999542236328,29.510000228881836,27.709999084472656,29.510000228881836,27.71449851989746,11200
2021-06-09,29.229999542236328,30.100000381469727,28.719999313354492,30.100000381469727,28.268600463867188,5800
2021-06-10,30.25,30.790000915527344,29.059999465942383,30.010000228881836,28.184072494506836,7500
2021-06-11,29.329999923706055,29.329999923706055,27.760000228881836,29.239999771118164,27.46092414855957,10800
2021-06-14,28.979999542236328,28.979999542236328,27.299999237060547,27.829999923706055,26.136714935302734,11100
2021-06-15,27.790000915527344,28.040000915527344,27.5,28.040000915527344,26.33393669128418,7400
2021-06-16,28.0,28.100000381469727,27.5,27.510000228881836,25.836185455322266,10500
2021-06-17,27.3700008392334,27.450000762939453,27.0,27.059999465942383,25.413562774658203,16600
2021-06-18,27.010000228881836,27.690000534057617,26.5,27.65999984741211,25.97705841064453,21500
2021-06-21,27.40999984741211,28.399999618530273,27.260000228881836,28.030000686645508,26.324546813964844,13200
2021-06-22,27.93000030517578,28.350000381469727,27.030000686645508,28.010000228881836,26.305763244628906,16800
2021-06-23,28.350000381469727,28.350000381469727,27.030000686645508,27.59000015258789,25.911319732666016,12900
2021-06-24,27.600000381469727,27.81999969482422,27.010000228881836,27.809999465942383,26.117931365966797,16100
2021-06-25,27.34000015258789,28.139999389648438,26.200000762939453,27.110000610351562,25.46052360534668,326200
2021-06-28,27.15999984741211,27.790000915527344,27.15999984741211,27.5,25.82679557800293,32400
2021-06-29,27.170000076293945,27.309999465942383,27.010000228881836,27.020000457763672,25.375995635986328,12600
2021-06-30,27.290000915527344,28.68000030517578,27.280000686645508,27.690000534057617,26.005233764648438,21400
2021-07-01,27.860000610351562,28.510000228881836,27.770000457763672,28.389999389648438,26.662641525268555,14300
2021-07-02,28.790000915527344,28.899999618530273,28.309999465942383,28.420000076293945,26.69081687927246,12900
2021-07-06,28.43000030517578,28.780000686645508,27.290000915527344,27.440000534057617,25.770444869995117,9800
2021-07-07,27.350000381469727,28.899999618530273,27.350000381469727,27.709999084472656,26.024015426635742,2400
2021-07-08,27.510000228881836,27.549999237060547,27.049999237060547,27.549999237060547,25.873750686645508,11100
2021-07-09,27.600000381469727,28.40999984741211,27.600000381469727,28.059999465942383,26.352718353271484,9800
2021-07-12,27.43000030517578,28.030000686645508,27.43000030517578,27.8799991607666,26.183670043945312,5400
2021-07-13,28.049999237060547,28.049999237060547,27.469999313354492,27.610000610351562,25.930099487304688,4700
2021-07-14,27.969999313354492,27.969999313354492,27.200000762939453,27.219999313354492,25.563827514648438,3600
2021-07-15,27.219999313354492,27.530000686645508,27.139999389648438,27.530000686645508,25.85496711730957,5200
2021-07-16,27.15999984741211,27.3799991607666,27.110000610351562,27.110000610351562,25.46052360534668,13000
2021-07-19,26.989999771118164,27.459999084472656,26.200000762939453,26.209999084472656,24.615280151367188,15900
2021-07-20,26.610000610351562,27.299999237060547,26.200000762939453,26.25,24.652847290039062,9600
2021-07-21,26.950000762939453,27.030000686645508,26.200000762939453,26.200000762939453,24.60588836669922,7600
2021-07-22,26.31999969482422,26.489999771118164,26.079999923706055,26.489999771118164,24.878246307373047,3900
2021-07-23,26.5,26.780000686645508,26.5,26.780000686645508,25.150602340698242,5700
2021-07-26,26.459999084472656,26.5,26.40999984741211,26.5,24.887636184692383,2400
2021-07-27,26.149999618530273,26.149999618530273,26.110000610351562,26.149999618530273,24.558931350708008,2100
2021-07-28,26.559999465942383,26.6200008392334,26.149999618530273,26.479999542236328,24.86884880065918,3900
2021-07-29,26.360000610351562,26.8700008392334,26.360000610351562,26.799999237060547,25.169384002685547,4500
2021-07-30,26.799999237060547,28.299999237060547,26.719999313354492,26.719999313354492,25.094253540039062,4300
2021-08-02,26.799999237060547,26.799999237060547,26.139999389648438,26.639999389648438,25.019119262695312,4500
2021-08-03,26.209999084472656,26.5,25.84000015258789,26.5,24.887636184692383,10700
2021-08-04,26.06999969482422,26.5,26.030000686645508,26.06999969482422,24.48379898071289,5500
2021-08-05,26.059999465942383,26.600000381469727,26.059999465942383,26.399999618530273,24.79372215270996,5300
2021-08-06,26.479999542236328,26.549999237060547,26.0,26.010000228881836,24.42745018005371,5900
2021-08-09,26.06999969482422,26.600000381469727,25.459999084472656,26.600000381469727,24.981552124023438,7000
2021-08-10,26.170000076293945,26.489999771118164,25.75,26.489999771118164,24.878246307373047,6500
2021-08-11,26.780000686645508,27.100000381469727,26.110000610351562,26.950000762939453,25.310258865356445,9500
2021-08-12,26.969999313354492,26.989999771118164,26.239999771118164,26.989999771118164,25.347820281982422,3000
2021-08-13,27.5,29.010000228881836,27.5,29.010000228881836,27.244918823242188,21200
2021-08-16,28.8700008392334,30.0,28.0,29.920000076293945,28.099550247192383,21700
2021-08-17,29.15999984741211,30.0,29.15999984741211,29.600000381469727,27.799026489257812,11000
2021-08-18,29.649999618530273,30.0,29.440000534057617,29.799999237060547,27.986848831176758,9200
2021-08-19,29.5,29.899999618530273,28.799999237060547,29.110000610351562,27.338838577270508,9600
2021-08-20,29.09000015258789,29.899999618530273,28.770000457763672,29.15999984741211,27.385791778564453,3300
2021-08-23,29.600000381469727,29.610000610351562,28.829999923706055,29.0,27.23552703857422,10400
2021-08-24,29.450000762939453,29.75,29.010000228881836,29.75,27.939891815185547,9200
2021-08-25,29.25,29.75,29.06999969482422,29.540000915527344,27.742671966552734,6800
2021-08-26,29.309999465942383,29.850000381469727,29.309999465942383,29.850000381469727,28.033809661865234,8500
2021-08-27,29.780000686645508,30.899999618530273,29.709999084472656,30.579999923706055,28.719392776489258,37500
2021-08-30,30.610000610351562,30.850000381469727,29.6200008392334,30.5,28.644262313842773,16600
2021-08-31,30.010000228881836,30.6299991607666,30.010000228881836,30.209999084472656,28.371904373168945,8100
2021-09-01,30.1200008392334,30.56999969482422,30.1200008392334,30.469999313354492,28.616085052490234,6000
2021-09-02,30.489999771118164,30.56999969482422,29.8700008392334,30.479999542236328,28.852739334106445,7500
2021-09-03,30.559999465942383,31.25,30.100000381469727,30.799999237060547,29.15565299987793,50200
2021-09-07,30.709999084472656,30.959999084472656,30.219999313354492,30.520000457763672,28.89060401916504,15400
2021-09-08,30.540000915527344,31.030000686645508,29.780000686645508,29.780000686645508,28.19011116027832,18600
2021-09-09,30.110000610351562,30.790000915527344,29.0,30.049999237060547,28.445693969726562,16900
2021-09-10,29.760000228881836,30.06999969482422,29.09000015258789,29.75,28.161710739135742,25300
2021-09-13,29.770000457763672,30.040000915527344,29.06999969482422,29.260000228881836,27.697872161865234,14500
2021-09-14,29.3700008392334,31.209999084472656,29.010000228881836,29.510000228881836,27.934526443481445,9200
2021-09-15,29.450000762939453,30.100000381469727,29.020000457763672,29.520000457763672,27.943992614746094,9600
2021-09-16,29.549999237060547,30.940000534057617,29.5,30.25,28.63501739501953,20600
2021-09-17,30.270000457763672,30.270000457763672,29.15999984741211,29.15999984741211,27.603212356567383,14700
2021-09-20,29.399999618530273,29.93000030517578,29.0,29.59000015258789,28.010255813598633,8500
2021-09-21,29.790000915527344,30.65999984741211,29.350000381469727,30.299999237060547,28.682348251342773,22500
2021-09-22,30.299999237060547,30.479999542236328,29.780000686645508,30.0,28.39836883544922,4800
2021-09-23,30.350000381469727,30.350000381469727,30.030000686645508,30.170000076293945,28.559288024902344,6600
2021-09-24,30.190000534057617,30.350000381469727,30.190000534057617,30.329999923706055,28.71074867248535,14100
2021-09-27,30.489999771118164,31.979999542236328,30.360000610351562,31.010000228881836,29.354442596435547,17200
2021-09-28,31.0,31.149999618530273,30.760000228881836,31.030000686645508,29.373374938964844,17100
2021-09-29,30.959999084472656,31.25,30.770000457763672,31.149999618530273,29.486970901489258,19200
2021-09-30,30.989999771118164,31.010000228881836,30.3700008392334,30.3700008392334,28.748615264892578,2100
2021-10-01,30.399999618530273,32.5099983215332,30.399999618530273,32.189998626708984,30.471445083618164,22600
2021-10-04,32.5099983215332,32.5099983215332,31.719999313354492,32.29999923706055,30.57557487487793,9800
2021-10-05,32.40999984741211,32.529998779296875,32.0,32.4900016784668,30.755430221557617,9000
2021-10-06,31.979999542236328,32.4900016784668,31.81999969482422,32.43000030517578,30.698631286621094,3500
2021-10-07,32.529998779296875,32.529998779296875,31.510000228881836,32.290000915527344,30.566112518310547,5100
2021-10-08,32.119998931884766,32.279998779296875,32.0,32.099998474121094,30.386249542236328,3400
2021-10-11,32.310001373291016,32.310001373291016,31.65999984741211,31.899999618530273,30.196928024291992,4200
2021-10-12,31.68000030517578,31.829999923706055,30.75,31.110000610351562,29.449108123779297,5800
2021-10-13,31.510000228881836,31.739999771118164,30.31999969482422,31.0,29.34497833251953,6500
2021-10-14,31.190000534057617,31.190000534057617,30.68000030517578,31.149999618530273,29.486970901489258,4800
2021-10-15,31.149999618530273,31.760000228881836,30.56999969482422,30.56999969482422,28.93793487548828,7800
2021-10-18,31.489999771118164,31.489999771118164,31.059999465942383,31.059999465942383,29.40177345275879,9000
2021-10-19,31.399999618530273,31.770000457763672,30.799999237060547,31.479999542236328,29.799352645874023,10100
2021-10-20,31.3799991607666,31.6200008392334,30.850000381469727,30.8799991607666,29.231382369995117,7500
2021-10-21,30.920000076293945,31.09000015258789,30.690000534057617,30.739999771118164,29.098857879638672,4500
2021-10-22,30.780000686645508,31.190000534057617,30.600000381469727,30.940000534057617,29.28818130493164,3900
2021-10-25,31.219999313354492,31.649999618530273,30.510000228881836,30.75,29.10832405090332,10000
2021-10-26,30.610000610351562,31.5,30.510000228881836,30.510000228881836,28.88113784790039,4700
2021-10-27,31.68000030517578,31.68000030517578,29.610000610351562,29.959999084472656,28.36050033569336,9300
2021-10-28,30.059999465942383,30.700000762939453,29.8799991607666,29.889999389648438,28.294235229492188,4800
2021-10-29,29.950000762939453,31.350000381469727,29.260000228881836,29.350000381469727,27.783065795898438,35600
2021-11-01,29.399999618530273,31.479999542236328,29.399999618530273,30.709999084472656,29.070459365844727,22300
2021-11-02,31.43000030517578,31.670000076293945,31.389999389648438,31.670000076293945,29.979206085205078,12600
2021-11-03,31.68000030517578,33.369998931884766,30.850000381469727,32.900001525878906,31.143545150756836,9400
2021-11-04,33.25,33.650001525878906,30.739999771118164,30.739999771118164,29.098857879638672,55800
2021-11-05,30.700000762939453,30.700000762939453,29.81999969482422,30.420000076293945,28.795942306518555,9800
2021-11-08,30.479999542236328,31.200000762939453,29.579999923706055,29.8799991607666,28.28476905822754,13500
2021-11-09,29.899999618530273,29.899999618530273,29.280000686645508,29.65999984741211,28.076519012451172,4300
2021-11-10,29.600000381469727,30.329999923706055,29.290000915527344,29.3799991607666,27.811466217041016,6600
2021-11-11,29.809999465942383,30.15999984741211,29.420000076293945,29.899999618530273,28.303701400756836,4800
2021-11-12,30.0,30.350000381469727,29.760000228881836,29.790000915527344,28.19957733154297,8700
2021-11-15,29.389999389648438,29.850000381469727,29.0,29.299999237060547,27.735736846923828,10400
2021-11-16,29.15999984741211,30.469999313354492,29.15999984741211,29.780000686645508,28.19011116027832,15000
2021-11-17,30.200000762939453,30.799999237060547,29.329999923706055,29.709999084472656,28.123849868774414,5800
2021-11-18,30.020000457763672,30.299999237060547,29.84000015258789,30.0,28.39836883544922,4300
2021-11-19,30.0,30.0,28.899999618530273,29.18000030517578,27.622146606445312,6000
2021-11-22,28.690000534057617,29.6200008392334,28.579999923706055,28.75,27.21510124206543,31700
2021-11-23,28.850000381469727,29.549999237060547,28.549999237060547,28.799999237060547,27.262432098388672,14000
2021-11-24,28.649999618530273,29.299999237060547,28.649999618530273,29.290000915527344,27.72627067565918,3300
2021-11-26,28.829999923706055,29.010000228881836,28.190000534057617,28.799999237060547,27.262432098388672,3400
2021-11-29,29.229999542236328,29.670000076293945,28.34000015258789,28.34000015258789,26.826990127563477,5700
2021-11-30,28.100000381469727,28.100000381469727,26.799999237060547,27.25,25.795183181762695,17300
2021-12-01,27.219999313354492,27.989999771118164,26.799999237060547,26.899999618530273,25.463869094848633,8800
2021-12-02,27.360000610351562,27.360000610351562,26.260000228881836,26.649999618530273,25.454315185546875,6400
2021-12-03,26.729999542236328,27.3700008392334,26.389999389648438,26.5,25.311046600341797,13000
2021-12-06,26.8799991607666,27.239999771118164,26.610000610351562,27.100000381469727,25.884126663208008,6200
2021-12-07,27.1200008392334,28.549999237060547,27.1200008392334,28.549999237060547,27.269071578979492,8300
2021-12-08,27.110000610351562,28.260000228881836,27.110000610351562,28.260000228881836,26.99207878112793,2300
2021-12-09,27.889999389648438,28.489999771118164,27.889999389648438,28.1200008392334,26.85836410522461,2800
2021-12-10,28.610000610351562,28.989999771118164,28.239999771118164,28.360000610351562,27.087594985961914,2900
2021-12-13,28.360000610351562,28.360000610351562,27.8799991607666,27.889999389648438,26.63867950439453,4400
2021-12-14,27.75,28.290000915527344,27.719999313354492,28.290000915527344,27.020734786987305,12700
2021-12-15,28.31999969482422,28.31999969482422,27.850000381469727,27.940000534057617,26.686437606811523,7200
2021-12-16,28.25,28.299999237060547,27.950000762939453,28.110000610351562,26.84881019592285,4700
2021-12-17,28.15999984741211,28.15999984741211,27.700000762939453,27.93000030517578,26.67688751220703,3600
2021-12-20,27.889999389648438,28.25,27.280000686645508,27.899999618530273,26.648229598999023,4500
2021-12-21,27.989999771118164,28.149999618530273,27.610000610351562,27.610000610351562,26.371244430541992,5200
2021-12-22,27.700000762939453,27.700000762939453,27.100000381469727,27.110000610351562,25.8936767578125,2800
2021-12-23,27.110000610351562,28.25,27.110000610351562,27.399999618530273,26.170663833618164,3300
2021-12-27,27.5,27.5,27.0,27.100000381469727,25.884126663208008,5000
2021-12-28,26.889999389648438,27.329999923706055,26.889999389648438,27.280000686645508,26.056049346923828,2200
2021-12-29,27.229999542236328,27.75,27.229999542236328,27.690000534057617,26.447656631469727,3900
2021-12-30,27.200000762939453,27.5,27.020000457763672,27.43000030517578,26.19931983947754,7200
2021-12-31,27.549999237060547,27.809999465942383,27.549999237060547,27.809999465942383,26.562271118164062,3500
2022-01-03,27.479999542236328,28.219999313354492,27.399999618530273,28.219999313354492,26.953872680664062,6000
2022-01-04,28.5,28.899999618530273,28.399999618530273,28.56999969482422,27.28817367553711,3400
2022-01-05,28.530000686645508,29.780000686645508,28.530000686645508,28.799999237060547,27.507854461669922,4600
2022-01-06,28.940000534057617,29.360000610351562,28.760000228881836,29.360000610351562,28.04273223876953,2300
2022-01-07,29.299999237060547,29.360000610351562,28.959999084472656,29.280000686645508,27.966318130493164,3100
2022-01-10,28.760000228881836,29.84000015258789,27.889999389648438,29.149999618530273,27.84214973449707,19600
2022-01-11,29.170000076293945,29.700000762939453,28.850000381469727,29.700000762939453,28.367475509643555,2300
2022-01-12,30.0,30.0,29.559999465942383,29.559999465942383,28.233755111694336,1800
2022-01-13,29.489999771118164,29.530000686645508,29.020000457763672,29.309999465942383,27.994970321655273,6700
2022-01-14,29.5,30.0,29.290000915527344,30.0,28.654016494750977,7900
2022-01-18,30.0,31.040000915527344,29.969999313354492,30.469999313354492,29.102924346923828,7100
2022-01-19,30.540000915527344,30.93000030517578,29.770000457763672,30.6299991607666,29.25574493408203,2400
2022-01-20,30.260000228881836,30.31999969482422,29.850000381469727,29.850000381469727,28.5107421875,3500
2022-01-21,30.299999237060547,31.190000534057617,29.450000762939453,30.899999618530273,29.513633728027344,22300
2022-01-24,30.600000381469727,31.469999313354492,29.100000381469727,29.940000534057617,28.59670639038086,22900
2022-01-25,29.81999969482422,30.899999618530273,29.81999969482422,30.010000228881836,28.663564682006836,3800
2022-01-26,30.3700008392334,31.149999618530273,30.0,30.700000762939453,29.322607040405273,7600
2022-01-27,30.780000686645508,30.780000686645508,29.649999618530273,29.649999618530273,28.31971549987793,7000
2022-01-28,29.709999084472656,30.299999237060547,29.299999237060547,29.489999771118164,28.166894912719727,4700
2022-01-31,30.020000457763672,30.020000457763672,29.170000076293945,29.989999771118164,28.644460678100586,10100
2022-02-01,29.139999389648438,30.020000457763672,29.139999389648438,30.020000457763672,28.67311668395996,2400
2022-02-02,29.190000534057617,30.5,29.190000534057617,30.3799991607666,29.016963958740234,12000
2022-02-03,29.899999618530273,30.270000457763672,29.75,29.75,28.41522979736328,2600
2022-02-04,30.440000534057617,30.510000228881836,30.100000381469727,30.510000228881836,29.14113426208496,5100
2022-02-07,30.739999771118164,32.66999816894531,30.510000228881836,32.119998931884766,30.678897857666016,17900
2022-02-08,32.0,32.0,30.639999389648438,31.420000076293945,30.010305404663086,9600
2022-02-09,31.43000030517578,31.5,30.6200008392334,31.450000762939453,30.038959503173828,3700
2022-02-10,32.619998931884766,32.619998931884766,30.190000534057617,30.190000534057617,28.835491180419922,1900
2022-02-11,30.709999084472656,31.389999389648438,30.549999237060547,31.389999389648438,29.98164939880371,4800
2022-02-14,30.360000610351562,31.15999984741211,30.360000610351562,30.700000762939453,29.322607040405273,3000
2022-02-15,30.799999237060547,31.540000915527344,30.40999984741211,30.75,29.370365142822266,8500
2022-02-16,30.75,31.389999389648438,30.75,31.360000610351562,29.952999114990234,2800
2022-02-17,32.45000076293945,32.4900016784668,31.350000381469727,31.670000076293945,30.24908447265625,12900
2022-02-18,31.639999389648438,32.27000045776367,30.860000610351562,31.309999465942383,29.90523910522461,2100
2022-02-22,32.61000061035156,32.61000061035156,31.209999084472656,32.0,30.564279556274414,7600
2022-02-23,31.309999465942383,31.90999984741211,31.18000030517578,31.270000457763672,29.867034912109375,2900
2022-02-24,31.299999237060547,32.0,31.299999237060547,31.65999984741211,30.239534378051758,8500
2022-02-25,31.75,32.0,31.700000762939453,32.0,30.564279556274414,2600
2022-02-28,31.149999618530273,32.369998931884766,31.149999618530273,31.90999984741211,30.47831916809082,5600
2022-03-01,31.90999984741211,32.45000076293945,31.799999237060547,31.799999237060547,30.373254776000977,4800
2022-03-02,32.58000183105469,33.459999084472656,32.0,33.45000076293945,31.9492244720459,6900
2022-03-03,33.45000076293945,34.2400016784668,32.95000076293945,34.060001373291016,32.7669563293457,20200
2022-03-04,34.130001068115234,36.20000076293945,33.939998626708984,35.68000030517578,34.32545471191406,10700
2022-03-07,36.5,37.58000183105469,36.09000015258789,36.2599983215332,34.88343811035156,18600
2022-03-08,37.38999938964844,37.619998931884766,36.279998779296875,36.31999969482422,34.941158294677734,12800
2022-03-09,36.31999969482422,36.31999969482422,33.150001525878906,34.40999984741211,33.10367202758789,19300
2022-03-10,33.880001068115234,34.16999816894531,33.75,33.9900016784668,32.699615478515625,12400
2022-03-11,33.70000076293945,34.779998779296875,33.70000076293945,34.4900016784668,33.18063735961914,11700
2022-03-14,34.27000045776367,34.47999954223633,33.2599983215332,33.7400016784668,32.459102630615234,7500
2022-03-15,33.16999816894531,36.029998779296875,33.0,35.13999938964844,33.80595397949219,18900
2022-03-16,35.290000915527344,35.45000076293945,33.849998474121094,33.90999984741211,32.62265396118164,6400
2022-03-17,34.34000015258789,35.5,34.34000015258789,34.7599983215332,33.44038391113281,5400
2022-03-18,34.7599983215332,35.220001220703125,34.0099983215332,34.9900016784668,33.661651611328125,9300
2022-03-21,35.4900016784668,37.849998474121094,34.0099983215332,37.619998931884766,36.19180679321289,31800
2022-03-22,38.16999816894531,38.16999816894531,35.5,37.09000015258789,35.68192672729492,28400
2022-03-23,36.290000915527344,36.91999816894531,35.2400016784668,36.61000061035156,35.220149993896484,5100
2022-03-24,36.9900016784668,37.31999969482422,36.040000915527344,36.97999954223633,35.57610321044922,5100
2022-03-25,36.720001220703125,37.02000045776367,36.25,37.02000045776367,35.614585876464844,3700
2022-03-28,37.0099983215332,38.97999954223633,36.95000076293945,38.97999954223633,37.50017547607422,9900
2022-03-29,39.0,39.0,37.0,37.41999816894531,35.99939727783203,10500
2022-03-30,38.470001220703125,39.59000015258789,37.83000183105469,38.84000015258789,37.3654899597168,12000
2022-03-31,38.90999984741211,38.90999984741211,38.400001525878906,38.4900016784668,37.02878189086914,3700
2022-04-01,37.95000076293945,39.470001220703125,37.7599983215332,37.790000915527344,36.355350494384766,7200
2022-04-04,38.0,39.290000915527344,37.790000915527344,37.91999816894531,36.48041534423828,5800
2022-04-05,37.90999984741211,38.5,37.790000915527344,38.4900016784668,37.02878189086914,6600
2022-04-06,38.45000076293945,38.5,37.81999969482422,38.5,37.03839874267578,3600
2022-04-07,37.88999938964844,38.70000076293945,37.869998931884766,37.869998931884766,36.43231201171875,2100
2022-04-08,38.43000030517578,38.5099983215332,38.09000015258789,38.209999084472656,36.7594108581543,3200
2022-04-11,38.13999938964844,38.880001068115234,37.849998474121094,38.4900016784668,37.02878189086914,5100
2022-04-12,38.5,38.5,35.08000183105469,36.040000915527344,34.671791076660156,8400
2022-04-13,36.0,37.189998626708984,35.779998779296875,36.47999954223633,35.095088958740234,25900
2022-04-14,36.58000183105469,37.650001525878906,36.58000183105469,37.400001525878906,35.98015594482422,5100
2022-04-18,38.5,38.5,37.7400016784668,37.7400016784668,36.3072509765625,5800
2022-04-19,38.58000183105469,38.58000183105469,38.060001373291016,38.2400016784668,36.788272857666016,6800
2022-04-20,38.099998474121094,39.0,37.880001068115234,38.68000030517578,37.21156692504883,7900
2022-04-21,38.599998474121094,39.0,38.599998474121094,38.95000076293945,37.4713134765625,3600
2022-04-22,39.2599983215332,39.7400016784668,38.88999938964844,39.380001068115234,37.88499069213867,13300
2022-04-25,39.380001068115234,39.88999938964844,36.59000015258789,38.5,37.03839874267578,16400
2022-04-26,39.88999938964844,39.88999938964844,37.29999923706055,37.5,36.07636260986328,18500
2022-04-27,37.5,39.5,37.5,38.900001525878906,37.42321014404297,13200
2022-04-28,38.97999954223633,39.040000915527344,37.65999984741211,39.040000915527344,37.557899475097656,17200
2022-04-29,38.810001373291016,39.0,37.290000915527344,38.869998931884766,37.39434814453125,5200
2022-05-02,38.849998474121094,38.849998474121094,37.310001373291016,37.310001373291016,35.893577575683594,9100
2022-05-03,37.5,38.5,37.400001525878906,37.63999938964844,36.21104431152344,6300
2022-05-04,38.88999938964844,38.88999938964844,38.119998931884766,38.38999938964844,36.932579040527344,2700
2022-05-05,38.70000076293945,38.93000030517578,37.810001373291016,38.0,36.55738067626953,9600
2022-05-06,38.0,38.0,37.0,37.650001525878906,36.22066879272461,12000
2022-05-09,38.29999923706055,38.29999923706055,35.15999984741211,35.97999954223633,34.61406707763672,28900
2022-05-10,35.810001373291016,35.810001373291016,34.65999984741211,34.900001525878906,33.575069427490234,10800
2022-05-11,35.099998474121094,36.43000030517578,34.16999816894531,34.290000915527344,32.98822784423828,8400
2022-05-12,34.0099983215332,34.720001220703125,33.099998474121094,33.130001068115234,31.872264862060547,6500
2022-05-13,33.029998779296875,35.4900016784668,33.029998779296875,34.720001220703125,33.40190124511719,5200
2022-05-16,32.65999984741211,38.43000030517578,32.65999984741211,34.470001220703125,33.16139221191406,14600
2022-05-17,35.5,35.5,34.34000015258789,34.34000015258789,33.03633117675781,4900
2022-05-18,34.040000915527344,35.15999984741211,33.27000045776367,34.619998931884766,33.30569839477539,9300
2022-05-19,34.9900016784668,34.9900016784668,33.599998474121094,34.93000030517578,33.60392761230469,3300
2022-05-20,33.20000076293945,35.0,33.20000076293945,33.5,32.22821807861328,3700
2022-05-23,34.79999923706055,35.0,34.0099983215332,34.47999954223633,33.17101287841797,9900
2022-05-24,35.0,35.0,34.0,34.4900016784668,33.18063735961914,7800
2022-05-25,34.599998474121094,34.599998474121094,33.9900016784668,34.20000076293945,32.901641845703125,2500
2022-05-26,37.04999923706055,37.04999923706055,34.0,34.209999084472656,32.9112663269043,6600
2022-05-27,34.349998474121094,34.79999923706055,34.040000915527344,34.4900016784668,33.18063735961914,9700
2022-05-31,36.97999954223633,37.95000076293945,34.97999954223633,36.689998626708984,35.297115325927734,26600
2022-06-01,36.20000076293945,37.7400016784668,35.849998474121094,37.18000030517578,35.76850891113281,12300
2022-06-02,37.099998474121094,38.279998779296875,36.04999923706055,38.279998779296875,37.066017150878906,6200
2022-06-03,37.4900016784668,37.709999084472656,37.0099983215332,37.119998931884766,35.94279861450195,6400
2022-06-06,37.93000030517578,38.02000045776367,37.150001525878906,37.150001525878906,35.97185516357422,16900
2022-06-07,37.150001525878906,37.25,36.599998474121094,37.099998474121094,35.923431396484375,4500
2022-06-08,36.86000061035156,37.29999923706055,36.79999923706055,37.279998779296875,36.097721099853516,5600
2022-06-09,36.31999969482422,37.209999084472656,36.31999969482422,36.31999969482422,35.168174743652344,3800
2022-06-10,36.20000076293945,36.439998626708984,35.5,36.0099983215332,34.86800003051758,4300
2022-06-13,35.630001068115234,35.630001068115234,34.2599983215332,34.560001373291016,33.463985443115234,9000
2022-06-14,34.560001373291016,35.79999923706055,34.0099983215332,34.0099983215332,32.931427001953125,14400
2022-06-15,34.599998474121094,34.599998474121094,33.7599983215332,34.0099983215332,32.931427001953125,9500
2022-06-16,33.75,35.0,33.75,34.689998626708984,33.589866638183594,21600
2022-06-17,34.400001525878906,34.5,33.09000015258789,33.79999923706055,32.728092193603516,20900
2022-06-21,33.540000915527344,34.400001525878906,33.380001068115234,33.650001525878906,32.582847595214844,9900
2022-06-22,33.43000030517578,33.689998626708984,33.04999923706055,33.59000015258789,32.524749755859375,2000
2022-06-23,33.189998626708984,33.91999816894531,31.09000015258789,31.309999465942383,30.31705665588379,31700
2022-06-24,31.31999969482422,32.5099983215332,31.31999969482422,31.31999969482422,30.326740264892578,4500
2022-06-27,32.70000076293945,32.70000076293945,31.450000762939453,32.4900016784668,31.459636688232422,18300
2022-06-28,32.5099983215332,32.5099983215332,31.329999923706055,31.329999923706055,30.336421966552734,7500
2022-06-29,32.33000183105469,32.5,31.93000030517578,32.38999938964844,31.362804412841797,4200
2022-06-30,32.52000045776367,32.689998626708984,31.530000686645508,32.189998626708984,31.169145584106445,4800
2022-07-01,31.649999618530273,32.25,31.350000381469727,31.350000381469727,30.355789184570312,6000
2022-07-05,31.270000457763672,31.920000076293945,30.209999084472656,30.209999084472656,29.25193977355957,17800
2022-07-06,30.06999969482422,30.899999618530273,29.959999084472656,29.989999771118164,29.038917541503906,7900
2022-07-07,30.579999923706055,32.29999923706055,30.5,31.799999237060547,30.79151725769043,24600
2022-07-08,31.90999984741211,32.540000915527344,31.90999984741211,31.959999084472656,30.946441650390625,1400
2022-07-11,32.22999954223633,32.310001373291016,31.360000610351562,31.649999618530273,30.646270751953125,6800
2022-07-12,30.639999389648438,32.279998779296875,30.34000015258789,31.399999618530273,30.40420150756836,6800
2022-07-13,30.989999771118164,31.709999084472656,30.989999771118164,31.5,30.50103187561035,9400
2022-07-14,30.940000534057617,32.16999816894531,30.1299991607666,31.65999984741211,30.655954360961914,12800
2022-07-15,32.029998779296875,32.060001373291016,31.31999969482422,31.68000030517578,30.675321578979492,6300
2022-07-18,31.0,32.0,30.739999771118164,31.049999237060547,30.06529998779297,15800
2022-07-19,31.059999465942383,31.850000381469727,30.899999618530273,31.700000762939453,30.694686889648438,7000
2022-07-20,31.479999542236328,32.130001068115234,31.200000762939453,31.479999542236328,30.48166275024414,4900
2022-07-21,31.40999984741211,31.579999923706055,31.34000015258789,31.489999771118164,30.49134635925293,5000
2022-07-22,31.459999084472656,31.579999923706055,31.170000076293945,31.270000457763672,30.2783260345459,6500
2022-07-25,30.950000762939453,32.0,30.950000762939453,31.229999542236328,30.239593505859375,13800
2022-07-26,31.549999237060547,32.060001373291016,31.25,31.719999313354492,30.71405601501465,2300
2022-07-27,31.940000534057617,32.119998931884766,30.56999969482422,31.579999923706055,30.578493118286133,12300
2022-07-28,31.420000076293945,32.29999923706055,31.030000686645508,31.920000076293945,30.907711029052734,9600
2022-07-29,32.70000076293945,34.209999084472656,32.619998931884766,34.0,32.92174530029297,16900
2022-08-01,33.849998474121094,34.689998626708984,33.5,33.599998474121094,32.53443145751953,8500
2022-08-02,35.95000076293945,35.95000076293945,33.400001525878906,33.400001525878906,32.34077453613281,5000
2022-08-03,33.369998931884766,34.189998626708984,33.119998931884766,34.060001373291016,32.9798469543457,2800
2022-08-04,34.20000076293945,34.20000076293945,33.0,33.4900016784668,32.427921295166016,3300
2022-08-05,32.08000183105469,34.88999938964844,32.04999923706055,34.88999938964844,33.78351974487305,8300
2022-08-08,34.13999938964844,34.54999923706055,33.08000183105469,33.47999954223633,32.418235778808594,19000
2022-08-09,34.02000045776367,34.2599983215332,33.400001525878906,33.5,32.43760299682617,4300
2022-08-10,33.810001373291016,35.83000183105469,33.689998626708984,35.83000183105469,34.6937141418457,7300
2022-08-11,35.70000076293945,35.70000076293945,33.619998931884766,35.099998474121094,33.98686218261719,12600
2022-08-12,34.369998931884766,34.880001068115234,33.709999084472656,33.75,32.67967224121094,5300
2022-08-15,32.099998474121094,32.869998931884766,30.56999969482422,30.56999969482422,29.60052490234375,28900
2022-08-16,30.5,30.8799991607666,28.5,29.260000228881836,28.33206558227539,68100
2022-08-17,29.459999084472656,30.3700008392334,29.15999984741211,29.59000015258789,28.65160369873047,11500
2022-08-18,29.6299991607666,30.3799991607666,29.5,29.65999984741211,28.71938133239746,13600
2022-08-19,29.600000381469727,30.0,28.780000686645508,29.25,28.322383880615234,8700
2022-08-22,29.200000762939453,29.709999084472656,28.899999618530273,28.950000762939453,28.031902313232422,17300
2022-08-23,29.489999771118164,29.90999984741211,29.31999969482422,29.5,28.5644588470459,9800
2022-08-24,29.530000686645508,31.020000457763672,29.309999465942383,29.959999084472656,29.00986671447754,9500
2022-08-25,30.18000030517578,31.06999969482422,29.719999313354492,30.479999542236328,29.513376235961914,5300
2022-08-26,30.559999465942383,31.059999465942383,29.8799991607666,30.260000228881836,29.30035400390625,7500
2022-08-29,29.850000381469727,30.139999389648438,29.549999237060547,29.59000015258789,28.65160369873047,10500
2022-08-30,29.639999389648438,30.09000015258789,29.290000915527344,29.299999237060547,28.370800018310547,7800
2022-08-31,29.209999084472656,30.079999923706055,29.100000381469727,29.8700008392334,28.92272186279297,11300
2022-09-01,29.170000076293945,29.700000762939453,28.0,29.5,28.5644588470459,17300
2022-09-02,28.8799991607666,29.239999771118164,28.75,28.920000076293945,28.002851486206055,8600
2022-09-06,28.520000457763672,28.790000915527344,27.399999618530273,27.799999237060547,26.91836929321289,18500
2022-09-07,27.40999984741211,28.639999389648438,27.40999984741211,28.6299991607666,27.7220458984375,16800
2022-09-08,28.25,28.600000381469727,27.459999084472656,28.25,27.58534049987793,10000
2022-09-09,28.3700008392334,28.899999618530273,28.25,28.549999237060547,27.87828254699707,7600
2022-09-12,28.649999618530273,29.84000015258789,28.649999618530273,28.90999984741211,28.229812622070312,3700
2022-09-13,28.25,29.059999465942383,28.0,28.700000762939453,28.02475357055664,6200
2022-09-14,28.709999084472656,29.0,28.25,28.799999237060547,28.12240219116211,8400
2022-09-15,28.350000381469727,29.760000228881836,28.350000381469727,29.6200008392334,28.92310905456543,10100
2022-09-16,29.469999313354492,29.469999313354492,28.420000076293945,28.600000381469727,27.927104949951172,5300
2022-09-19,29.0,29.3799991607666,28.989999771118164,29.290000915527344,28.600873947143555,7900
2022-09-20,28.610000610351562,29.43000030517578,28.610000610351562,29.049999237060547,28.366518020629883,5900
2022-09-21,28.719999313354492,30.0,28.25,29.260000228881836,28.571578979492188,14400
2022-09-22,29.350000381469727,29.350000381469727,28.40999984741211,28.799999237060547,28.12240219116211,4500
2022-09-23,29.0,29.239999771118164,27.770000457763672,29.0,28.31769561767578,78400
2022-09-26,29.299999237060547,29.299999237060547,27.709999084472656,28.25,27.58534049987793,30300
2022-09-27,28.450000762939453,29.0,28.25,29.0,28.31769561767578,5200
2022-09-28,29.1200008392334,29.1200008392334,28.5,28.709999084472656,28.034517288208008,6900
2022-09-29,28.700000762939453,29.940000534057617,28.700000762939453,29.940000534057617,29.235580444335938,19700
2022-09-30,30.0,30.479999542236328,29.350000381469727,29.799999237060547,29.098873138427734,7600
2022-10-03,28.6200008392334,29.799999237060547,28.6200008392334,29.600000381469727,28.903579711914062,8500
2022-10-04,29.600000381469727,30.5,29.110000610351562,30.0,29.29416847229004,6600
2022-10-05,30.299999237060547,30.299999237060547,29.809999465942383,30.260000228881836,29.548051834106445,5600
2022-10-06,30.350000381469727,30.690000534057617,30.100000381469727,30.520000457763672,29.80193519592285,2000
2022-10-07,30.520000457763672,30.739999771118164,30.5,30.6200008392334,29.899581909179688,4200
2022-10-10,30.110000610351562,30.920000076293945,29.350000381469727,30.25,29.538284301757812,6300
2022-10-11,29.700000762939453,30.469999313354492,29.700000762939453,29.860000610351562,29.157461166381836,4000
2022-10-12,30.0,31.030000686645508,30.0,30.84000015258789,30.114402770996094,4300
2022-10-13,30.200000762939453,30.850000381469727,30.200000762939453,30.850000381469727,30.124170303344727,5700
2022-10-14,30.639999389648438,30.959999084472656,30.5,30.6200008392334,29.899581909179688,5200
2022-10-17,30.5,31.040000915527344,30.5,30.700000762939453,29.977699279785156,4500
2022-10-18,30.799999237060547,31.479999542236328,30.75,31.479999542236328,30.73934555053711,2800
2022-10-19,31.479999542236328,31.5,30.899999618530273,31.010000228881836,30.280405044555664,5700
2022-10-20,31.25,31.3700008392334,31.100000381469727,31.3700008392334,30.631935119628906,2400
2022-10-21,31.360000610351562,31.360000610351562,31.100000381469727,31.100000381469727,30.368288040161133,2400
2022-10-24,31.1200008392334,32.0,31.1200008392334,31.700000762939453,30.954172134399414,2000
2022-10-25,31.209999084472656,31.209999084472656,31.209999084472656,31.209999084472656,30.475698471069336,700
2022-10-26,31.309999465942383,31.40999984741211,31.309999465942383,31.3700008392334,30.631935119628906,1300
2022-10-27,31.479999542236328,32.400001525878906,31.309999465942383,32.27000045776367,31.510757446289062,12600
2022-10-28,32.599998474121094,33.779998779296875,31.270000457763672,32.5,31.735347747802734,5200
2022-10-31,32.61000061035156,33.5,31.760000228881836,32.150001525878906,31.393583297729492,8100
2022-11-01,33.400001525878906,36.25,33.279998779296875,35.099998474121094,34.27417755126953,63000
2022-11-02,35.70000076293945,37.0,35.599998474121094,35.79999923706055,34.95771026611328,24600
2022-11-03,35.599998474121094,38.0,35.599998474121094,37.02000045776367,36.14900207519531,35700
2022-11-04,38.79999923706055,40.70000076293945,37.7599983215332,38.5,37.594181060791016,35600
2022-11-07,39.27000045776367,39.619998931884766,38.5,38.79999923706055,37.887123107910156,16100
2022-11-08,39.599998474121094,40.900001525878906,38.790000915527344,39.880001068115234,38.94171142578125,27100
2022-11-09,40.0,40.619998931884766,39.5,40.619998931884766,39.664302825927734,19300
2022-11-10,41.0,41.81999969482422,39.810001373291016,40.060001373291016,39.11748123168945,11100
2022-11-11,40.33000183105469,40.54999923706055,39.709999084472656,40.02000045776367,39.07842254638672,16600
2022-11-14,40.349998474121094,40.650001525878906,40.02000045776367,40.400001525878906,39.44948196411133,31100
2022-11-15,40.47999954223633,41.79999923706055,40.13999938964844,40.380001068115234,39.42995071411133,49900
2022-11-16,39.70000076293945,40.470001220703125,39.70000076293945,39.779998779296875,38.84406661987305,5700
2022-11-17,39.29999923706055,40.599998474121094,38.959999084472656,39.099998474121094,38.1800651550293,33400
2022-11-18,38.75,38.79999923706055,36.65999984741211,38.79999923706055,37.887123107910156,31200
2022-11-21,37.459999084472656,38.83000183105469,37.08000183105469,38.72999954223633,37.81876754760742,16000
2022-11-22,39.380001068115234,39.97999954223633,38.290000915527344,39.459999084472656,38.53158950805664,21200
2022-11-23,39.15999984741211,40.0,38.349998474121094,39.689998626708984,38.75617980957031,13000
2022-11-25,40.11000061035156,40.45000076293945,39.54999923706055,40.099998474121094,39.15653610229492,8300
2022-11-28,39.310001373291016,40.0099983215332,37.52000045776367,38.38999938964844,37.48677062988281,15000
2022-11-29,39.4900016784668,39.939998626708984,38.41999816894531,38.93000030517578,38.01406478881836,8100
2022-11-30,38.54999923706055,39.04999923706055,38.0,38.599998474121094,37.691829681396484,6100
2022-12-01,38.529998779296875,38.529998779296875,37.779998779296875,37.79999923706055,37.141578674316406,7300
2022-12-02,37.75,37.75,37.029998779296875,37.029998779296875,36.38499069213867,15500
2022-12-05,37.2599983215332,38.38999938964844,36.630001068115234,38.02000045776367,37.35775375366211,49300
2022-12-06,38.040000915527344,39.0,37.7599983215332,38.54999923706055,37.878517150878906,17000
2022-12-07,39.130001068115234,39.27000045776367,38.0,38.900001525878906,38.2224235534668,12500
2022-12-08,38.880001068115234,39.709999084472656,38.880001068115234,39.099998474121094,38.41893768310547,19800
2022-12-09,39.56999969482422,39.56999969482422,38.779998779296875,39.5099983215332,38.82179641723633,13100
2022-12-12,39.27000045776367,40.060001373291016,38.619998931884766,39.27000045776367,38.585975646972656,15100
2022-12-13,39.880001068115234,40.0,37.65999984741211,38.150001525878906,37.4854850769043,66100
2022-12-14,38.5,39.099998474121094,37.93000030517578,37.93000030517578,37.269317626953125,35700
2022-12-15,37.900001525878906,39.08000183105469,37.900001525878906,38.0,37.33810043334961,35400
2022-12-16,37.5,41.5,37.5,41.20000076293945,40.48236083984375,60500
2022-12-19,41.16999816894531,41.59000015258789,40.150001525878906,40.29999923706055,39.5980339050293,50000
2022-12-20,40.5,41.0,40.27000045776367,40.349998474121094,39.64716339111328,32200
2022-12-21,40.689998626708984,40.75,40.439998626708984,40.75,40.040199279785156,11800
2022-12-22,40.90999984741211,40.90999984741211,39.38999938964844,40.209999084472656,39.509605407714844,3700
2022-12-23,40.189998626708984,40.599998474121094,39.02000045776367,39.29999923706055,38.61545181274414,11800
2022-12-27,39.560001373291016,40.0,39.209999084472656,39.95000076293945,39.25413131713867,11100
2022-12-28,39.97999954223633,40.209999084472656,38.0099983215332,38.5,37.82938766479492,6800
2022-12-29,38.2599983215332,39.27000045776367,38.2599983215332,39.27000045776367,38.585975646972656,6100
2022-12-30,39.65999984741211,39.91999816894531,38.310001373291016,38.91999816894531,38.242069244384766,9900
2023-01-03,39.0,39.0,37.65999984741211,38.0,37.33810043334961,9200
2023-01-04,38.119998931884766,38.41999816894531,38.119998931884766,38.36000061035156,37.691829681396484,3100
2023-01-05,37.5,38.38999938964844,37.5,38.0099983215332,37.347923278808594,6400
2023-01-06,37.84000015258789,39.02000045776367,37.84000015258789,38.63999938964844,37.96695327758789,8400
2023-01-09,39.349998474121094,41.0,39.349998474121094,40.849998474121094,40.13845443725586,49500
2023-01-10,40.400001525878906,40.79999923706055,40.0,40.45000076293945,39.74542236328125,10100
2023-01-11,40.439998626708984,48.5,40.439998626708984,46.52000045776367,45.709693908691406,80100
2023-01-12,46.439998626708984,51.5,44.060001373291016,47.16999816894531,46.348365783691406,40700
2023-01-13,47.84000015258789,50.0,46.38999938964844,48.70000076293945,47.85172653198242,33800
2023-01-17,48.47999954223633,50.0,47.5099983215332,48.70000076293945,47.85172653198242,25900
2023-01-18,48.290000915527344,50.5,47.029998779296875,49.29999923706055,48.44126892089844,30400
2023-01-19,49.400001525878906,50.790000915527344,48.560001373291016,50.04999923706055,49.17820358276367,18300
2023-01-20,50.95000076293945,51.099998474121094,49.529998779296875,49.65999984741211,48.79500198364258,141200
2023-01-23,49.75,50.9900016784668,49.5,49.58000183105469,48.71639633178711,31600
2023-01-24,49.900001525878906,50.380001068115234,48.54999923706055,49.79999923706055,48.932559967041016,124300
2023-01-25,49.900001525878906,50.290000915527344,47.369998931884766,48.9900016784668,48.13667297363281,188900
2023-01-26,49.77000045776367,49.77000045776367,48.04999923706055,48.599998474121094,47.75346374511719,47500
2023-01-27,48.220001220703125,49.0,47.400001525878906,48.18000030517578,47.34077835083008,18700
2023-01-30,47.939998626708984,48.849998474121094,46.689998626708984,46.689998626708984,45.876731872558594,15700
2023-01-31,46.900001525878906,48.47999954223633,46.88999938964844,48.0,47.16391372680664,63700
2023-02-01,48.11000061035156,49.79999923706055,47.9900016784668,49.4900016784668,48.62796401977539,100500
2023-02-02,49.790000915527344,53.279998779296875,48.4900016784668,52.63999938964844,51.72309494018555,157500
2023-02-03,53.7599983215332,55.5,52.70000076293945,54.279998779296875,53.33452224731445,49700
2023-02-06,55.459999084472656,57.95000076293945,53.900001525878906,57.61000061035156,56.60652160644531,46800
2023-02-07,57.529998779296875,59.130001068115234,56.380001068115234,56.70000076293945,55.712371826171875,57800
2023-02-08,57.349998474121094,58.79999923706055,56.540000915527344,58.560001373291016,57.53997802734375,209400
2023-02-09,59.0,59.0,56.7400016784668,56.849998474121094,55.85976028442383,20400
2023-02-10,58.9900016784668,60.779998779296875,56.619998931884766,59.95000076293945,58.90576171875,177900
2023-02-13,60.20000076293945,61.84000015258789,57.880001068115234,58.70000076293945,57.67753601074219,139200
2023-02-14,58.70000076293945,61.38999938964844,58.27000045776367,60.4900016784668,59.43635940551758,31600
2023-02-15,59.83000183105469,60.5,58.04999923706055,58.7599983215332,57.736488342285156,43000
2023-02-16,58.59000015258789,59.81999969482422,56.689998626708984,58.36000061035156,57.34346008300781,34400
2023-02-17,57.52000045776367,58.47999954223633,56.77000045776367,57.97999954223633,56.97007751464844,34800
2023-02-21,56.75,57.970001220703125,56.45000076293945,56.939998626708984,55.94819259643555,104300
2023-02-22,56.790000915527344,58.380001068115234,56.790000915527344,57.18000030517578,56.18401336669922,78300
2023-02-23,57.83000183105469,57.83000183105469,57.119998931884766,57.689998626708984,56.68512725830078,10400
2023-02-24,57.7400016784668,59.279998779296875,56.59000015258789,58.060001373291016,57.04868698120117,33900
2023-02-27,60.310001373291016,60.310001373291016,56.91999816894531,58.15999984741211,57.146942138671875,28800
2023-02-28,57.93000030517578,58.189998626708984,57.0099983215332,58.189998626708984,57.17641830444336,25900
2023-03-01,58.20000076293945,59.04999923706055,57.369998931884766,58.04999923706055,57.03886032104492,41100
2023-03-02,58.0,58.349998474121094,56.380001068115234,57.040000915527344,56.04644775390625,56400
2023-03-03,56.29999923706055,58.290000915527344,55.029998779296875,57.31999969482422,56.32157516479492,52800
2023-03-06,57.31999969482422,57.88999938964844,55.130001068115234,56.27000045776367,55.289859771728516,63600
2023-03-07,56.0,56.0,53.63999938964844,53.86000061035156,52.92184066772461,24900
2023-03-08,53.86000061035156,56.630001068115234,53.41999816894531,56.310001373291016,55.329166412353516,28500
2023-03-09,56.0,56.720001220703125,53.34000015258789,53.790000915527344,53.07929611206055,21300
2023-03-10,54.0,54.0,50.810001373291016,53.25,52.54642868041992,52800
2023-03-13,52.66999816894531,53.0,49.0,49.25,48.59927749633789,37500
2023-03-14,49.0,51.4900016784668,47.880001068115234,49.27000045776367,48.619014739990234,21300
2023-03-15,48.79999923706055,48.79999923706055,46.5,48.369998931884766,47.73090362548828,26800
2023-03-16,44.0,44.0,37.97999954223633,41.20000076293945,40.6556396484375,80100
2023-03-17,40.45000076293945,40.45000076293945,38.439998626708984,40.029998779296875,39.501094818115234,66800
2023-03-20,39.0,39.97999954223633,36.099998474121094,37.0099983215332,36.520999908447266,59700
2023-03-21,36.27000045776367,38.08000183105469,35.880001068115234,36.75,36.26443862915039,39500
2023-03-22,36.7400016784668,37.880001068115234,36.0,37.09000015258789,36.599945068359375,23100
2023-03-23,36.91999816894531,38.189998626708984,36.66999816894531,37.290000915527344,36.79730224609375,26400
2023-03-24,37.209999084472656,37.959999084472656,36.40999984741211,37.91999816894531,37.418975830078125,21700
2023-03-27,37.84000015258789,38.130001068115234,36.619998931884766,37.560001373291016,37.06373596191406,29300
2023-03-28,37.560001373291016,38.900001525878906,36.54999923706055,36.849998474121094,36.36311340332031,28800
2023-03-29,36.880001068115234,37.91999816894531,36.61000061035156,37.0,36.511131286621094,32300
2023-03-30,37.04999923706055,37.9900016784668,36.65999984741211,37.06999969482422,36.58020782470703,15700
2023-03-31,36.93000030517578,38.93000030517578,36.93000030517578,38.41999816894531,37.91236877441406,19000
2023-04-03,38.720001220703125,42.38999938964844,38.720001220703125,42.02000045776367,41.46480941772461,35400
2023-04-04,42.5,42.5,39.0,39.0,38.48470687866211,14500
2023-04-05,38.2400016784668,39.54999923706055,38.2400016784668,38.68000030517578,38.16893768310547,12600
2023-04-06,38.130001068115234,39.5,38.099998474121094,39.0,38.48470687866211,7400
2023-04-10,39.099998474121094,40.63999938964844,39.099998474121094,39.52000045776367,38.997840881347656,11300
2023-04-11,40.0,40.47999954223633,39.970001220703125,40.06999969482422,39.54056930541992,6600
2023-04-12,40.0,41.220001220703125,39.52000045776367,41.220001220703125,40.675376892089844,14700
2023-04-13,41.20000076293945,41.20000076293945,38.5,39.15999984741211,38.64259338378906,14400
2023-04-14,39.75,39.75,38.349998474121094,39.13999938964844,38.622859954833984,12400
2023-04-17,39.47999954223633,39.95000076293945,38.709999084472656,39.130001068115234,38.61299133300781,7100
2023-04-18,39.38999938964844,39.38999938964844,38.0099983215332,39.099998474121094,38.5833854675293,6100
2023-04-19,38.529998779296875,39.4900016784668,38.20000076293945,38.369998931884766,37.863033294677734,4200
2023-04-20,38.400001525878906,39.150001525878906,37.29999923706055,39.08000183105469,38.56365203857422,15500
2023-04-21,39.08000183105469,39.08000183105469,37.599998474121094,37.599998474121094,37.103206634521484,12600
2023-04-24,37.849998474121094,37.849998474121094,37.0,37.11000061035156,36.61967849731445,7600
2023-04-25,36.5,36.79999923706055,35.599998474121094,36.4900016784668,36.00787353515625,10000
2023-04-26,36.29999923706055,36.75,35.599998474121094,36.5099983215332,36.02760696411133,7100
2023-04-27,37.959999084472656,37.959999084472656,36.0099983215332,36.63999938964844,36.15589141845703,10300
2023-04-28,36.970001220703125,38.099998474121094,36.34000015258789,38.099998474121094,37.59659957885742,12300
2023-05-01,37.11000061035156,37.70000076293945,37.11000061035156,37.25,36.75783157348633,5700
2023-05-02,37.119998931884766,37.119998931884766,36.349998474121094,37.029998779296875,36.540733337402344,7200
2023-05-03,36.61000061035156,38.22999954223633,36.61000061035156,37.619998931884766,37.12294006347656,6400
2023-05-04,37.7599983215332,37.7599983215332,36.599998474121094,37.4900016784668,36.994659423828125,2200
2023-05-05,37.4900016784668,37.4900016784668,36.119998931884766,37.4900016784668,36.994659423828125,7100
2023-05-08,37.61000061035156,38.439998626708984,37.61000061035156,38.36000061035156,37.85316467285156,3600
2023-05-09,38.599998474121094,38.599998474121094,36.70000076293945,37.5,37.00452423095703,12300
2023-05-10,36.5,36.5,30.110000610351562,33.0,32.56398010253906,73400
2023-05-11,32.970001220703125,33.79999923706055,32.0,33.5,33.057376861572266,20100
2023-05-12,34.0,34.0,33.0,33.29999923706055,32.86001968383789,15900
2023-05-15,33.029998779296875,36.29999923706055,32.709999084472656,33.02000045776367,32.58372116088867,3100
2023-05-16,34.04999923706055,34.04999923706055,33.5,33.5,33.057376861572266,3900
2023-05-17,33.5,34.66999816894531,33.5,34.66999816894531,34.211917877197266,4900
2023-05-18,34.25,34.5,34.25,34.459999084472656,34.00469207763672,3300
2023-05-19,34.65999984741211,35.0,33.75,33.75,33.304073333740234,4400
2023-05-22,33.75,34.4900016784668,33.75,34.4900016784668,34.034297943115234,4100
2023-05-23,34.56999969482422,34.9900016784668,34.0,34.45000076293945,33.99482727050781,4900
2023-05-24,34.5,35.54999923706055,34.15999984741211,35.47999954223633,35.01121520996094,12800
2023-05-25,35.25,35.779998779296875,34.0,35.400001525878906,34.932273864746094,8200
2023-05-26,34.5,35.0,34.25,34.279998779296875,33.82706832885742,10300
2023-05-30,34.099998474121094,35.470001220703125,34.099998474121094,34.150001525878906,33.698787689208984,3000
2023-05-31,34.04999923706055,34.709999084472656,33.04999923706055,34.709999084472656,34.25138854980469,28600
2023-06-01,33.93000030517578,35.04999923706055,33.93000030517578,34.459999084472656,34.00469207763672,16900
2023-06-02,34.599998474121094,35.06999969482422,34.209999084472656,34.29999923706055,33.84680938720703,9900
2023-06-05,33.04999923706055,35.0,33.04999923706055,34.40999984741211,33.95535659790039,17700
2023-06-06,34.7599983215332,35.33000183105469,34.11000061035156,34.52000045776367,34.063899993896484,8100
2023-06-07,35.099998474121094,35.970001220703125,34.689998626708984,35.970001220703125,35.49474334716797,17200
2023-06-08,35.79999923706055,35.79999923706055,34.5,35.220001220703125,34.988101959228516,3200
2023-06-09,35.11000061035156,35.68000030517578,35.11000061035156,35.459999084472656,35.22651672363281,3500
2023-06-12,35.0,35.0,34.099998474121094,34.400001525878906,34.173500061035156,9500
2023-06-13,34.400001525878906,34.400001525878906,33.58000183105469,34.0,33.77613067626953,4500
2023-06-14,34.5,34.84000015258789,34.0,34.0099983215332,33.78606414794922,7300
2023-06-15,35.0,35.20000076293945,34.779998779296875,35.0,34.76954650878906,3400
2023-06-16,33.619998931884766,35.70000076293945,33.619998931884766,34.5,34.2728385925293,8800
2023-06-20,34.52000045776367,34.97999954223633,34.52000045776367,34.97999954223633,34.74967956542969,8400
2023-06-21,35.290000915527344,35.70000076293945,34.18000030517578,35.0,34.76954650878906,5000
2023-06-22,35.25,35.25,34.560001373291016,35.0,34.76954650878906,4000
2023-06-23,35.099998474121094,35.099998474121094,34.52000045776367,34.52000045776367,34.29270935058594,6600
2023-06-26,35.58000183105469,35.58000183105469,34.75,34.75,34.52119445800781,6600
2023-06-27,34.95000076293945,35.349998474121094,34.5,34.70000076293945,34.47152328491211,7100
2023-06-28,34.7400016784668,35.220001220703125,33.97999954223633,34.7400016784668,34.511260986328125,15300
2023-06-29,34.95000076293945,35.66999816894531,34.0,34.369998931884766,34.14369583129883,8200
2023-06-30,34.380001068115234,35.4900016784668,34.369998931884766,35.150001525878906,34.91856002807617,15500
2023-07-03,35.029998779296875,35.029998779296875,34.65999984741211,34.9900016784668,34.75961685180664,700
2023-07-05,34.150001525878906,34.52000045776367,34.0099983215332,34.040000915527344,33.81586837768555,3400
2023-07-06,33.25,34.58000183105469,33.25,34.0099983215332,33.78606414794922,4300
2023-07-07,34.02000045776367,35.0099983215332,33.650001525878906,33.650001525878906,33.42844009399414,6000
2023-07-10,34.369998931884766,34.810001373291016,33.58000183105469,34.0,33.77613067626953,7500
2023-07-11,34.029998779296875,35.02000045776367,34.0,34.5,34.2728385925293,3300
2023-07-12,34.5,34.5,33.81999969482422,34.38999938964844,34.1635627746582,11200
2023-07-13,32.75,34.45000076293945,32.75,34.45000076293945,34.22317123413086,3600
2023-07-14,34.2400016784668,34.2400016784668,34.0,34.0,33.77613067626953,3500
2023-07-17,33.9900016784668,33.9900016784668,33.709999084472656,33.709999084472656,33.488040924072266,3200
2023-07-18,33.650001525878906,33.95000076293945,33.400001525878906,33.400001525878906,33.180084228515625,10900
2023-07-19,33.439998626708984,33.599998474121094,33.25,33.40999984741211,33.19001770019531,3700
2023-07-20,34.08000183105469,34.08000183105469,33.29999923706055,33.400001525878906,33.180084228515625,4300
2023-07-21,33.02000045776367,33.52000045776367,33.02000045776367,33.5,33.279422760009766,2200
2023-07-24,34.0,34.060001373291016,34.0,34.0,33.77613067626953,3700
2023-07-25,34.130001068115234,34.18000030517578,33.54999923706055,33.54999923706055,33.32909393310547,4700
2023-07-26,33.4900016784668,34.18000030517578,33.4900016784668,33.59000015258789,33.368831634521484,3900
2023-07-27,34.09000015258789,34.09000015258789,34.09000015258789,34.09000015258789,33.86553955078125,1100
2023-07-28,34.45000076293945,34.45000076293945,34.04999923706055,34.04999923706055,33.825801849365234,1200
2023-07-31,35.220001220703125,35.220001220703125,34.209999084472656,34.630001068115234,34.40198516845703,5900
2023-08-01,34.54999923706055,35.220001220703125,34.54999923706055,34.93000030517578,34.700008392333984,6900
2023-08-02,35.20000076293945,35.20000076293945,34.5,34.59000015258789,34.362247467041016,2000
2023-08-03,34.93000030517578,34.93000030517578,34.93000030517578,34.93000030517578,34.700008392333984,1300
2023-08-04,34.970001220703125,35.18000030517578,34.650001525878906,34.650001525878906,34.421852111816406,1200
2023-08-07,34.25,34.25,34.09000015258789,34.09000015258789,33.86553955078125,1600
2023-08-08,34.209999084472656,34.58000183105469,34.209999084472656,34.58000183105469,34.35231399536133,2500
2023-08-09,34.90999984741211,35.099998474121094,34.459999084472656,34.849998474121094,34.62053298950195,12600
2023-08-10,35.4900016784668,35.4900016784668,34.099998474121094,34.459999084472656,34.23310089111328,8700
2023-08-11,34.939998626708984,34.95000076293945,34.54999923706055,34.95000076293945,34.719879150390625,3200
2023-08-14,34.959999084472656,35.20000076293945,34.65999984741211,35.06999969482422,34.839088439941406,4400
2023-08-15,34.97999954223633,35.34000015258789,34.470001220703125,35.0,34.76954650878906,3800
2023-08-16,35.04999923706055,35.150001525878906,34.7400016784668,35.029998779296875,34.79935073852539,3100
2023-08-17,35.0,35.459999084472656,34.75,35.459999084472656,35.22651672363281,8400
2023-08-18,35.0,35.0,34.650001525878906,35.0,34.76954650878906,5200
2023-08-21,34.529998779296875,35.5,34.529998779296875,34.540000915527344,34.31257629394531,7700
2023-08-22,35.060001373291016,36.0,35.0,35.97999954223633,35.74309539794922,7400
2023-08-23,35.459999084472656,36.0,35.060001373291016,36.0,35.762962341308594,10500
2023-08-24,35.5099983215332,37.20000076293945,35.5099983215332,37.189998626708984,36.945125579833984,49500
2023-08-25,36.5,37.29999923706055,36.15999984741211,37.0,36.756378173828125,10900
2023-08-28,36.52000045776367,37.0,36.52000045776367,37.0,36.756378173828125,3900
2023-08-29,36.209999084472656,36.75,36.209999084472656,36.75,36.508026123046875,1200
2023-08-30,36.689998626708984,36.900001525878906,36.2599983215332,36.2599983215332,36.0212516784668,3900
2023-08-31,36.79999923706055,36.79999923706055,36.15999984741211,36.5,36.25967025756836,12700
2023-09-01,36.77000045776367,36.77000045776367,36.22999954223633,36.22999954223633,35.99144744873047,800
2023-09-05,36.630001068115234,36.79999923706055,36.099998474121094,36.099998474121094,35.8623046875,13400
2023-09-06,36.0,36.45000076293945,36.0,36.45000076293945,36.21000289916992,3800
2023-09-07,36.869998931884766,36.97999954223633,36.029998779296875,36.97999954223633,36.97999954223633,7100
2023-09-08,36.81999969482422,37.0,36.77000045776367,37.0,37.0,2100
2023-09-11,36.20000076293945,36.54999923706055,34.779998779296875,34.779998779296875,34.779998779296875,13700
2023-09-12,34.79999923706055,36.349998474121094,34.79999923706055,35.61000061035156,35.61000061035156,8600
2023-09-13,35.400001525878906,36.529998779296875,35.11000061035156,36.29999923706055,36.29999923706055,11400
2023-09-14,36.40999984741211,36.70000076293945,36.099998474121094,36.16999816894531,36.16999816894531,4000
2023-09-15,36.16999816894531,36.16999816894531,35.470001220703125,35.86000061035156,35.86000061035156,33600
2023-09-18,35.599998474121094,37.0,35.599998474121094,36.150001525878906,36.150001525878906,7100
2023-09-19,36.0,36.43000030517578,36.0,36.04999923706055,36.04999923706055,3100
2023-09-20,36.02000045776367,36.529998779296875,35.040000915527344,35.5099983215332,35.5099983215332,21000
2023-09-21,35.439998626708984,35.720001220703125,35.0,35.599998474121094,35.599998474121094,9000
2023-09-22,35.349998474121094,35.810001373291016,35.04999923706055,35.15999984741211,35.15999984741211,2400
2023-09-25,35.0,35.9900016784668,35.0,35.150001525878906,35.150001525878906,2700
2023-09-26,35.060001373291016,35.41999816894531,35.060001373291016,35.2400016784668,35.2400016784668,6700
2023-09-27,35.02000045776367,35.150001525878906,34.029998779296875,34.029998779296875,34.029998779296875,9300
2023-09-28,34.0,34.5099983215332,33.75,33.75,33.75,3000
2023-09-29,33.54999923706055,33.93000030517578,33.20000076293945,33.689998626708984,33.689998626708984,16700
2023-10-02,33.0099983215332,33.400001525878906,32.52000045776367,32.52000045776367,32.52000045776367,5200
2023-10-03,32.29999923706055,32.4900016784668,31.040000915527344,31.3700008392334,31.3700008392334,17800
2023-10-04,31.760000228881836,32.04999923706055,31.75,31.760000228881836,31.760000228881836,5600
2023-10-05,31.049999237060547,31.889999389648438,31.049999237060547,31.889999389648438,31.889999389648438,4200
2023-10-06,31.780000686645508,32.0099983215332,31.049999237060547,31.549999237060547,31.549999237060547,6500
2023-10-09,31.600000381469727,32.58000183105469,31.3700008392334,31.860000610351562,31.860000610351562,6300
2023-10-10,31.270000457763672,32.02000045776367,31.270000457763672,31.450000762939453,31.450000762939453,8400
2023-10-11,31.709999084472656,31.709999084472656,31.170000076293945,31.25,31.25,6200
2023-10-12,31.350000381469727,31.90999984741211,31.149999618530273,31.6299991607666,31.6299991607666,6700
2023-10-13,31.399999618530273,31.979999542236328,31.0,31.780000686645508,31.780000686645508,10000
2023-10-16,31.350000381469727,31.989999771118164,31.25,31.889999389648438,31.889999389648438,6600
2023-10-17,31.799999237060547,31.799999237060547,31.459999084472656,31.459999084472656,31.459999084472656,7500
2023-10-18,31.520000457763672,31.610000610351562,31.25,31.25,31.25,9000
2023-10-19,31.950000762939453,31.959999084472656,31.209999084472656,31.260000228881836,31.260000228881836,6500
2023-10-20,31.5,31.780000686645508,31.5,31.610000610351562,31.610000610351562,9500
2023-10-23,31.5,31.690000534057617,31.309999465942383,31.309999465942383,31.309999465942383,10400
2023-10-24,31.440000534057617,31.75,31.440000534057617,31.5,31.5,3500
2023-10-25,31.75,31.8700008392334,31.5,31.530000686645508,31.530000686645508,8800
2023-10-26,31.56999969482422,31.770000457763672,31.530000686645508,31.739999771118164,31.739999771118164,6900
2023-10-27,31.829999923706055,31.829999923706055,31.799999237060547,31.799999237060547,31.799999237060547,1500
2023-10-30,32.0,32.380001068115234,31.799999237060547,32.0,32.0,5600
2023-10-31,31.850000381469727,32.9900016784668,31.84000015258789,31.84000015258789,31.84000015258789,12200
2023-11-01,32.40999984741211,33.099998474121094,32.130001068115234,32.130001068115234,32.130001068115234,13800
2023-11-02,32.599998474121094,33.189998626708984,32.20000076293945,32.790000915527344,32.790000915527344,4000
2023-11-03,32.790000915527344,33.099998474121094,32.54999923706055,32.79999923706055,32.79999923706055,6500
2023-11-06,32.5,32.7599983215332,32.5,32.75,32.75,3000
2023-11-07,32.75,32.75,31.149999618530273,31.149999618530273,31.149999618530273,9600
2023-11-08,31.139999389648438,31.34000015258789,31.049999237060547,31.34000015258789,31.34000015258789,2000
