Date,Open,High,Low,Close,Adj Close,Volume
2014-11-04,49.760765075683594,49.760765075683594,44.976078033447266,45.1483268737793,45.1483268737793,43054
2014-11-05,46.8803825378418,50.14353942871094,44.976078033447266,48.7559814453125,48.7559814453125,1580249
2014-11-06,48.516746520996094,48.90909194946289,45.933013916015625,47.84688949584961,47.84688949584961,1364561
2014-11-07,47.94258499145508,48.43062210083008,47.272727966308594,47.3875617980957,47.3875617980957,568898
2014-11-10,47.16746520996094,47.67464065551758,44.56459426879883,44.71770477294922,44.71770477294922,807158
2014-11-11,44.2679443359375,44.73684310913086,42.870811462402344,43.72248840332031,43.72248840332031,1251388
2014-11-12,42.708133697509766,45.444976806640625,42.708133697509766,45.1196174621582,45.1196174621582,779570
2014-11-13,44.33492660522461,46.88995361328125,44.1244010925293,46.43062210083008,46.43062210083008,827327
2014-11-14,46.535884857177734,46.96650695800781,45.43540573120117,45.92344665527344,45.92344665527344,739129
2014-11-17,46.07655334472656,47.004783630371094,45.94258499145508,46.58373260498047,46.58373260498047,311724
2014-11-18,45.94258499145508,47.26315689086914,45.933013916015625,46.79425811767578,46.79425811767578,427301
2014-11-19,47.779903411865234,48.66028594970703,46.73684310913086,48.535884857177734,48.535884857177734,281314
2014-11-20,48.09569549560547,49.67464065551758,48.09569549560547,48.976078033447266,48.976078033447266,470459
2014-11-21,48.62200927734375,49.86602783203125,48.62200927734375,49.37799072265625,49.37799072265625,535145
2014-11-24,48.976078033447266,50.727272033691406,48.976078033447266,50.64114761352539,50.64114761352539,401489
2014-11-25,50.976078033447266,51.83732223510742,50.07655334472656,51.57894515991211,51.57894515991211,745294
2014-11-26,52.1244010925293,52.32535934448242,51.54066848754883,52.00956726074219,52.00956726074219,254980
2014-11-28,52.535884857177734,52.842105865478516,52.0411491394043,52.47846984863281,52.47846984863281,104709
2014-12-01,52.870811462402344,52.96650695800781,51.626792907714844,51.69377899169922,51.69377899169922,199386
2014-12-02,52.15311050415039,52.157894134521484,51.37799072265625,51.92344665527344,51.92344665527344,404520
2014-12-03,51.464115142822266,52.16267776489258,51.23445129394531,51.26315689086914,51.26315689086914,298557
2014-12-04,51.004783630371094,51.799041748046875,50.91865921020508,51.69377899169922,51.69377899169922,219032
2014-12-05,52.15311050415039,52.574161529541016,51.6076545715332,52.105262756347656,52.105262756347656,505257
2014-12-08,52.13397216796875,52.2679443359375,51.56937789916992,52.03827667236328,52.03827667236328,355614
2014-12-09,51.196170806884766,52.30622100830078,50.727272033691406,51.952152252197266,51.952152252197266,358122
2014-12-10,51.55023956298828,52.60287094116211,51.55023956298828,51.7320556640625,51.7320556640625,375887
2014-12-11,52.0,52.11000061035156,49.61000061035156,50.650001525878906,50.650001525878906,475600
2014-12-12,50.189998626708984,50.7400016784668,49.02000045776367,49.06999969482422,49.06999969482422,140900
2014-12-15,48.58000183105469,49.5099983215332,47.86000061035156,48.27000045776367,48.27000045776367,591500
2014-12-16,47.279998779296875,48.060001373291016,47.279998779296875,47.75,47.75,761200
2014-12-17,47.65999984741211,48.279998779296875,47.65999984741211,48.04999923706055,48.04999923706055,645900
2014-12-18,48.310001373291016,48.71200180053711,48.119998931884766,48.290000915527344,48.290000915527344,670600
2014-12-19,48.34000015258789,49.5099983215332,48.27000045776367,49.310001373291016,49.310001373291016,824900
2014-12-22,49.43000030517578,50.790000915527344,49.310001373291016,50.68000030517578,50.68000030517578,219100
2014-12-23,50.880001068115234,51.439998626708984,50.70000076293945,51.25,51.25,210900
2014-12-24,51.209999084472656,51.27000045776367,50.880001068115234,50.880001068115234,50.880001068115234,37600
2014-12-26,50.84000015258789,50.88999938964844,50.54999923706055,50.810001373291016,50.810001373291016,72200
2014-12-29,50.650001525878906,50.650001525878906,49.784000396728516,50.369998931884766,50.369998931884766,80000
2014-12-30,50.099998474121094,50.689998626708984,49.66999816894531,50.59000015258789,50.59000015258789,268900
2014-12-31,49.18000030517578,50.65999984741211,49.18000030517578,50.09000015258789,50.09000015258789,278600
2015-01-02,50.0,50.0,49.5,49.79999923706055,49.79999923706055,160600
2015-01-05,49.54999923706055,49.54999923706055,48.63999938964844,48.810001373291016,48.810001373291016,240200
2015-01-06,48.810001373291016,48.810001373291016,47.08000183105469,47.529998779296875,47.529998779296875,119100
2015-01-07,47.68000030517578,48.349998474121094,47.36000061035156,47.68000030517578,47.68000030517578,79700
2015-01-08,47.90999984741211,49.75,47.90999984741211,49.290000915527344,49.290000915527344,597800
2015-01-09,49.13999938964844,49.88999938964844,48.220001220703125,48.88999938964844,48.88999938964844,243100
2015-01-12,48.88999938964844,49.17499923706055,48.5099983215332,48.9900016784668,48.9900016784668,171000
2015-01-13,49.220001220703125,50.189998626708984,49.060001373291016,49.849998474121094,49.849998474121094,276000
2015-01-14,49.13999938964844,49.41999816894531,47.63999938964844,48.130001068115234,48.130001068115234,381400
2015-01-15,48.220001220703125,49.11000061035156,47.709999084472656,49.060001373291016,49.060001373291016,196800
2015-01-16,48.880001068115234,49.27000045776367,48.435001373291016,48.97999954223633,48.97999954223633,135300
2015-01-20,49.040000915527344,49.56999969482422,47.2400016784668,47.470001220703125,47.470001220703125,113500
2015-01-21,47.29999923706055,47.63999938964844,46.79999923706055,47.130001068115234,47.130001068115234,96700
2015-01-22,47.15999984741211,47.75,46.849998474121094,47.560001373291016,47.560001373291016,109500
2015-01-23,47.599998474121094,47.599998474121094,46.900001525878906,47.09000015258789,47.09000015258789,61500
2015-01-26,47.09000015258789,47.470001220703125,46.900001525878906,47.25,47.25,155100
2015-01-27,46.790000915527344,47.11000061035156,46.66999816894531,47.11000061035156,47.11000061035156,85400
2015-01-28,47.560001373291016,47.560001373291016,45.400001525878906,45.61000061035156,45.61000061035156,105200
2015-01-29,45.68000030517578,45.70000076293945,45.029998779296875,45.119998931884766,45.119998931884766,104500
2015-01-30,45.0,45.11000061035156,44.31999969482422,44.470001220703125,44.470001220703125,176000
2015-02-02,44.5,45.2599983215332,44.08000183105469,45.2400016784668,45.2400016784668,105100
2015-02-03,45.2400016784668,47.150001525878906,45.2400016784668,47.029998779296875,47.029998779296875,86200
2015-02-04,46.68000030517578,49.880001068115234,46.68000030517578,48.619998931884766,48.619998931884766,257700
2015-02-05,49.0099983215332,51.40999984741211,49.0099983215332,51.0,51.0,425300
2015-02-06,51.189998626708984,51.189998626708984,49.900001525878906,50.04999923706055,50.04999923706055,100900
2015-02-09,49.970001220703125,50.349998474121094,49.40999984741211,49.59000015258789,49.59000015258789,60000
2015-02-10,49.91999816894531,50.02000045776367,49.13999938964844,49.93000030517578,49.93000030517578,92900
2015-02-11,50.0,50.189998626708984,49.0099983215332,49.369998931884766,49.369998931884766,164300
2015-02-12,49.5099983215332,50.2599983215332,48.77000045776367,50.209999084472656,50.209999084472656,252800
2015-02-13,50.13999938964844,50.40999984741211,49.189998626708984,49.95000076293945,49.95000076293945,92600
2015-02-17,49.779998779296875,50.630001068115234,49.59000015258789,50.630001068115234,50.630001068115234,68900
2015-02-18,50.41999816894531,50.84000015258789,49.81999969482422,50.5,50.5,59300
2015-02-19,50.5,50.650001525878906,50.130001068115234,50.47999954223633,50.47999954223633,48300
2015-02-20,50.95000076293945,50.95000076293945,49.79999923706055,50.61000061035156,50.61000061035156,141600
2015-02-23,50.31999969482422,50.970001220703125,50.31999969482422,50.90999984741211,50.90999984741211,75700
2015-02-24,51.0,51.5,50.986000061035156,51.27000045776367,51.27000045776367,69400
2015-02-25,51.33000183105469,52.630001068115234,51.33000183105469,52.52000045776367,52.52000045776367,207900
2015-02-26,52.20000076293945,52.77000045776367,51.86000061035156,52.04999923706055,52.04999923706055,60500
2015-02-27,52.130001068115234,52.560001373291016,51.630001068115234,51.86000061035156,51.86000061035156,51000
2015-03-02,52.06999969482422,52.9900016784668,51.81999969482422,52.849998474121094,52.849998474121094,60100
2015-03-03,52.599998474121094,53.790000915527344,52.599998474121094,53.689998626708984,53.689998626708984,52600
2015-03-04,53.630001068115234,53.630001068115234,52.7400016784668,52.900001525878906,52.900001525878906,37600
2015-03-05,53.0,53.040000915527344,52.5,52.790000915527344,52.790000915527344,38200
2015-03-06,52.290000915527344,52.900001525878906,51.79999923706055,52.16999816894531,52.16999816894531,64700
2015-03-09,51.93000030517578,53.810001373291016,51.93000030517578,53.7599983215332,53.7599983215332,123100
2015-03-10,53.400001525878906,53.400001525878906,52.54999923706055,52.689998626708984,52.689998626708984,51400
2015-03-11,52.81999969482422,53.029998779296875,52.40999984741211,52.939998626708984,52.939998626708984,87600
2015-03-12,53.0,56.1349983215332,53.0,55.540000915527344,55.540000915527344,291900
2015-03-13,55.59000015258789,55.939998626708984,55.150001525878906,55.27000045776367,55.27000045776367,156300
2015-03-16,55.31999969482422,55.83599853515625,54.91999816894531,55.36000061035156,55.36000061035156,175000
2015-03-17,55.060001373291016,55.060001373291016,54.400001525878906,54.66999816894531,54.66999816894531,48700
2015-03-18,54.619998931884766,54.849998474121094,54.40999984741211,54.560001373291016,54.560001373291016,65900
2015-03-19,54.25,54.5,53.70000076293945,54.2599983215332,54.2599983215332,153700
2015-03-20,54.5099983215332,54.70000076293945,53.93000030517578,54.150001525878906,54.150001525878906,202100
2015-03-23,54.0,54.2599983215332,53.63999938964844,53.90999984741211,53.90999984741211,99000
2015-03-24,53.70000076293945,54.900001525878906,53.380001068115234,54.75,54.75,172900
2015-03-25,54.599998474121094,54.599998474121094,53.560001373291016,53.79999923706055,53.79999923706055,89700
2015-03-26,53.689998626708984,53.689998626708984,52.66999816894531,53.27000045776367,53.27000045776367,84600
2015-03-27,53.2599983215332,54.0,53.150001525878906,53.970001220703125,53.970001220703125,240100
2015-03-30,53.959999084472656,54.47999954223633,53.65999984741211,53.70000076293945,53.70000076293945,76500
2015-03-31,56.2599983215332,58.130001068115234,56.22999954223633,56.47999954223633,56.47999954223633,505300
2015-04-01,56.47999954223633,56.599998474121094,54.900001525878906,55.599998474121094,55.599998474121094,185800
2015-04-02,55.2400016784668,55.849998474121094,55.2400016784668,55.84000015258789,55.84000015258789,97800
2015-04-06,55.66999816894531,56.13999938964844,55.619998931884766,55.849998474121094,55.849998474121094,85800
2015-04-07,56.06999969482422,56.2400016784668,55.560001373291016,55.75,55.75,185400
2015-04-08,55.75,56.04999923706055,55.29999923706055,55.790000915527344,55.790000915527344,220800
2015-04-09,56.0,56.220001220703125,55.81999969482422,55.93000030517578,55.93000030517578,94400
2015-04-10,55.52000045776367,56.23500061035156,55.52000045776367,56.029998779296875,56.029998779296875,123000
2015-04-13,56.04999923706055,56.130001068115234,55.59000015258789,55.720001220703125,55.720001220703125,106600
2015-04-14,55.58000183105469,55.970001220703125,55.40999984741211,55.54999923706055,55.54999923706055,118800
2015-04-15,55.77000045776367,56.20000076293945,55.45000076293945,55.5099983215332,55.5099983215332,260500
2015-04-16,55.290000915527344,55.72999954223633,55.290000915527344,55.65999984741211,55.65999984741211,48400
2015-04-17,56.220001220703125,56.220001220703125,54.34000015258789,54.540000915527344,54.540000915527344,123500
2015-04-20,54.52000045776367,55.04999923706055,53.58000183105469,53.849998474121094,53.849998474121094,129900
2015-04-21,53.970001220703125,54.81999969482422,53.970001220703125,54.59000015258789,54.59000015258789,82600
2015-04-22,54.7400016784668,54.7400016784668,53.4900016784668,53.63999938964844,53.63999938964844,176800
2015-04-23,53.720001220703125,53.86000061035156,52.97999954223633,53.02000045776367,53.02000045776367,231400
2015-04-24,53.22999954223633,53.70000076293945,52.779998779296875,53.33000183105469,53.33000183105469,396000
2015-04-27,53.349998474121094,53.72999954223633,52.810001373291016,53.380001068115234,53.380001068115234,314900
2015-04-28,53.56999969482422,53.65999984741211,52.720001220703125,53.400001525878906,53.400001525878906,187400
2015-04-29,53.189998626708984,54.95000076293945,53.0620002746582,54.84000015258789,54.84000015258789,329500
2015-04-30,54.68000030517578,55.650001525878906,54.13999938964844,54.2400016784668,54.2400016784668,253400
2015-05-01,54.630001068115234,54.630001068115234,53.34000015258789,53.939998626708984,53.939998626708984,117100
2015-05-04,54.18000030517578,55.25,53.939998626708984,54.84000015258789,54.84000015258789,123200
2015-05-05,54.869998931884766,55.209999084472656,54.0099983215332,54.41999816894531,54.41999816894531,297500
2015-05-06,54.34000015258789,54.470001220703125,53.689998626708984,53.86000061035156,53.86000061035156,129600
2015-05-07,53.849998474121094,53.849998474121094,53.209999084472656,53.369998931884766,53.369998931884766,85300
2015-05-08,52.529998779296875,53.5099983215332,52.36000061035156,52.40999984741211,52.40999984741211,111300
2015-05-11,52.45000076293945,53.099998474121094,51.939998626708984,52.20000076293945,52.20000076293945,192300
2015-05-12,52.119998931884766,52.119998931884766,51.43000030517578,51.630001068115234,51.630001068115234,144300
2015-05-13,51.810001373291016,52.220001220703125,51.810001373291016,51.9900016784668,51.9900016784668,211100
2015-05-14,52.220001220703125,52.220001220703125,51.44499969482422,51.540000915527344,51.540000915527344,93000
2015-05-15,51.599998474121094,51.959999084472656,51.38999938964844,51.689998626708984,51.689998626708984,264500
2015-05-18,51.66999816894531,52.540000915527344,51.66999816894531,52.34000015258789,52.34000015258789,110000
2015-05-19,52.2400016784668,52.650001525878906,52.20000076293945,52.54999923706055,52.54999923706055,70400
2015-05-20,52.630001068115234,52.90999984741211,52.09000015258789,52.400001525878906,52.400001525878906,335100
2015-05-21,52.459999084472656,52.970001220703125,51.880001068115234,52.5,52.5,227600
2015-05-22,52.5099983215332,53.38999938964844,51.88999938964844,52.0,52.0,175000
2015-05-26,53.0,54.290000915527344,51.22999954223633,53.58000183105469,53.58000183105469,489700
2015-05-27,53.7599983215332,53.875999450683594,52.880001068115234,53.59000015258789,53.59000015258789,419900
2015-05-28,53.560001373291016,53.58000183105469,52.59000015258789,53.290000915527344,53.290000915527344,465000
2015-05-29,53.369998931884766,54.04999923706055,52.90999984741211,53.90999984741211,53.90999984741211,432500
2015-06-01,53.900001525878906,54.90999984741211,53.654998779296875,53.779998779296875,53.779998779296875,206300
2015-06-02,53.61000061035156,54.11000061035156,53.0,53.83000183105469,53.83000183105469,574300
2015-06-03,53.849998474121094,54.268001556396484,52.52000045776367,52.81999969482422,52.81999969482422,482700
2015-06-04,52.81999969482422,52.880001068115234,51.91999816894531,52.119998931884766,52.119998931884766,260600
2015-06-05,52.130001068115234,52.7599983215332,51.95500183105469,52.68000030517578,52.68000030517578,112400
2015-06-08,51.689998626708984,52.470001220703125,51.689998626708984,52.0099983215332,52.0099983215332,244500
2015-06-09,51.880001068115234,52.29999923706055,50.93000030517578,52.2400016784668,52.2400016784668,203600
2015-06-10,52.29999923706055,52.54999923706055,52.0,52.400001525878906,52.400001525878906,111300
2015-06-11,52.400001525878906,52.775001525878906,52.36000061035156,52.68000030517578,52.68000030517578,157400
2015-06-12,52.400001525878906,52.63999938964844,51.959999084472656,52.470001220703125,52.470001220703125,156900
2015-06-15,52.29999923706055,52.400001525878906,51.650001525878906,51.939998626708984,51.939998626708984,221800
2015-06-16,51.939998626708984,52.220001220703125,51.63999938964844,51.90999984741211,51.90999984741211,113700
2015-06-17,51.86000061035156,52.20000076293945,51.72800064086914,51.939998626708984,51.939998626708984,84200
2015-06-18,51.88999938964844,52.52000045776367,51.79999923706055,52.029998779296875,52.029998779296875,119900
2015-06-19,52.22999954223633,52.2599983215332,51.970001220703125,52.0,52.0,216100
2015-06-22,51.810001373291016,52.380001068115234,51.810001373291016,52.06999969482422,52.06999969482422,122600
2015-06-23,52.0099983215332,52.439998626708984,51.611000061035156,51.77000045776367,51.77000045776367,156900
2015-06-24,51.52000045776367,51.619998931884766,50.560001373291016,50.619998931884766,50.619998931884766,189900
2015-06-25,50.5,50.900001525878906,49.79999923706055,50.16999816894531,50.16999816894531,208900
2015-06-26,50.09000015258789,51.84000015258789,50.09000015258789,51.790000915527344,51.790000915527344,362300
2015-06-29,51.31999969482422,51.63999938964844,50.220001220703125,50.59000015258789,50.59000015258789,344300
2015-06-30,50.68000030517578,51.04999923706055,50.220001220703125,50.970001220703125,50.970001220703125,265100
2015-07-01,51.34000015258789,51.900001525878906,50.65999984741211,51.810001373291016,51.810001373291016,254700
2015-07-02,51.83000183105469,52.38999938964844,51.400001525878906,51.720001220703125,51.720001220703125,199500
2015-07-06,51.36000061035156,52.16999816894531,51.18000030517578,51.81999969482422,51.81999969482422,123600
2015-07-07,51.630001068115234,51.880001068115234,50.7599983215332,51.65999984741211,51.65999984741211,161800
2015-07-08,51.38999938964844,51.56999969482422,50.689998626708984,50.93000030517578,50.93000030517578,165700
2015-07-09,51.18000030517578,51.689998626708984,51.18000030517578,51.27000045776367,51.27000045776367,70100
2015-07-10,51.650001525878906,52.529998779296875,51.540000915527344,52.150001525878906,52.150001525878906,328700
2015-07-13,52.380001068115234,53.290000915527344,52.2400016784668,53.15999984741211,53.15999984741211,164600
2015-07-14,53.68000030517578,53.68000030517578,53.0,53.08000183105469,53.08000183105469,72900
2015-07-15,53.18000030517578,54.029998779296875,52.560001373291016,53.97999954223633,53.97999954223633,213700
2015-07-16,54.290000915527344,54.81999969482422,54.15999984741211,54.66999816894531,54.66999816894531,195800
2015-07-17,54.58000183105469,54.88999938964844,54.428001403808594,54.83000183105469,54.83000183105469,127900
2015-07-20,55.0099983215332,55.18000030517578,54.68000030517578,54.95000076293945,54.95000076293945,238300
2015-07-21,55.16999816894531,55.16999816894531,54.43000030517578,54.540000915527344,54.540000915527344,66000
2015-07-22,54.380001068115234,55.0099983215332,54.380001068115234,54.779998779296875,54.779998779296875,107000
2015-07-23,54.81999969482422,54.849998474121094,53.54999923706055,53.65999984741211,53.65999984741211,56500
2015-07-24,53.63999938964844,54.47999954223633,53.470001220703125,53.58000183105469,53.58000183105469,70600
2015-07-27,52.81999969482422,53.290000915527344,52.41999816894531,52.599998474121094,52.599998474121094,75100
2015-07-28,52.869998931884766,53.36000061035156,52.4900016784668,53.11000061035156,53.11000061035156,71500
2015-07-29,53.09000015258789,53.7400016784668,53.08000183105469,53.650001525878906,53.650001525878906,99300
2015-07-30,53.58000183105469,54.369998931884766,53.220001220703125,54.06999969482422,54.06999969482422,101800
2015-07-31,54.209999084472656,54.369998931884766,53.91999816894531,53.970001220703125,53.970001220703125,68200
2015-08-03,54.220001220703125,54.970001220703125,54.16999816894531,54.810001373291016,54.810001373291016,299100
2015-08-04,55.08000183105469,56.2599983215332,54.75,56.04999923706055,56.04999923706055,243900
2015-08-05,56.2400016784668,56.58000183105469,53.869998931884766,54.540000915527344,54.540000915527344,214100
2015-08-06,54.54999923706055,54.54999923706055,51.70000076293945,53.72999954223633,53.72999954223633,197600
2015-08-07,53.720001220703125,54.0099983215332,52.66999816894531,53.59000015258789,53.59000015258789,102600
2015-08-10,53.43000030517578,54.650001525878906,53.43000030517578,54.58000183105469,54.58000183105469,94700
2015-08-11,54.2400016784668,54.560001373291016,53.91999816894531,54.52000045776367,54.52000045776367,162300
2015-08-12,53.89500045776367,54.220001220703125,53.5099983215332,54.08000183105469,54.08000183105469,56100
2015-08-13,53.90999984741211,54.849998474121094,53.90999984741211,54.63999938964844,54.63999938964844,69100
2015-08-14,54.31999969482422,54.7599983215332,54.16999816894531,54.5099983215332,54.5099983215332,48000
2015-08-17,54.22999954223633,56.02000045776367,54.22999954223633,55.9900016784668,55.9900016784668,241900
2015-08-18,56.0,56.52000045776367,55.86000061035156,56.4900016784668,56.4900016784668,95700
2015-08-19,56.33000183105469,57.0,56.33000183105469,56.54999923706055,56.54999923706055,247300
2015-08-20,56.22999954223633,56.400001525878906,55.09000015258789,55.20000076293945,55.20000076293945,292400
2015-08-21,54.77000045776367,54.900001525878906,53.04999923706055,53.5,53.5,179100
2015-08-24,50.689998626708984,54.2599983215332,49.5,51.7400016784668,51.7400016784668,364800
2015-08-25,53.380001068115234,53.79999923706055,51.97999954223633,52.52000045776367,52.52000045776367,246800
2015-08-26,53.310001373291016,53.369998931884766,51.88999938964844,53.20000076293945,53.20000076293945,116000
2015-08-27,53.630001068115234,54.72999954223633,53.400001525878906,54.65999984741211,54.65999984741211,129100
2015-08-28,54.40999984741211,54.709999084472656,54.04999923706055,54.650001525878906,54.650001525878906,84800
2015-08-31,54.61000061035156,54.689998626708984,53.86000061035156,54.470001220703125,54.470001220703125,212400
2015-09-01,53.36000061035156,54.79999923706055,53.36000061035156,53.97999954223633,53.97999954223633,219000
2015-09-02,54.560001373291016,54.95000076293945,53.81999969482422,54.58000183105469,54.58000183105469,147200
2015-09-03,54.880001068115234,55.90800094604492,54.59000015258789,55.36000061035156,55.36000061035156,163100
2015-09-04,55.130001068115234,55.2599983215332,54.470001220703125,55.04999923706055,55.04999923706055,91000
2015-09-08,55.31999969482422,56.029998779296875,55.15999984741211,55.970001220703125,55.970001220703125,104700
2015-09-09,56.279998779296875,56.439998626708984,55.470001220703125,55.619998931884766,55.619998931884766,83100
2015-09-10,55.66999816894531,55.72999954223633,54.439998626708984,54.5099983215332,54.5099983215332,127900
2015-09-11,54.45000076293945,54.66999816894531,54.02000045776367,54.459999084472656,54.459999084472656,87900
2015-09-14,54.31999969482422,54.5,53.959999084472656,54.189998626708984,54.189998626708984,113000
2015-09-15,54.02000045776367,54.88999938964844,53.7599983215332,54.75,54.75,164600
2015-09-16,54.91999816894531,55.18000030517578,54.5099983215332,55.06999969482422,55.06999969482422,143500
2015-09-17,54.970001220703125,57.279998779296875,54.970001220703125,56.54999923706055,56.54999923706055,187500
2015-09-18,55.97999954223633,56.529998779296875,55.65999984741211,55.779998779296875,55.779998779296875,93500
2015-09-21,55.9900016784668,56.9900016784668,55.880001068115234,56.91999816894531,56.91999816894531,83500
2015-09-22,56.540000915527344,56.619998931884766,55.7599983215332,56.279998779296875,56.279998779296875,68600
2015-09-23,56.150001525878906,56.33000183105469,55.220001220703125,55.45000076293945,55.45000076293945,47100
2015-09-24,54.849998474121094,55.143001556396484,53.650001525878906,54.18000030517578,54.18000030517578,104700
2015-09-25,54.7599983215332,54.7599983215332,53.810001373291016,53.9900016784668,53.9900016784668,77200
2015-09-28,53.91999816894531,54.06999969482422,51.369998931884766,51.4900016784668,51.4900016784668,260000
2015-09-29,51.33399963378906,51.599998474121094,49.970001220703125,50.189998626708984,50.189998626708984,172000
2015-09-30,50.540000915527344,51.56999969482422,50.540000915527344,51.439998626708984,51.439998626708984,190400
2015-10-01,51.34000015258789,53.58000183105469,51.279998779296875,53.5,53.5,192500
2015-10-02,53.06999969482422,54.189998626708984,52.685001373291016,54.119998931884766,54.119998931884766,143700
2015-10-05,54.349998474121094,56.099998474121094,54.349998474121094,55.880001068115234,55.880001068115234,212400
2015-10-06,55.779998779296875,56.060001373291016,54.84000015258789,54.91999816894531,54.91999816894531,116800
2015-10-07,55.09000015258789,55.58000183105469,54.41999816894531,54.81999969482422,54.81999969482422,74100
2015-10-08,54.95000076293945,55.630001068115234,54.66999816894531,55.5099983215332,55.5099983215332,36900
2015-10-09,55.529998779296875,55.790000915527344,55.09000015258789,55.459999084472656,55.459999084472656,47900
2015-10-12,55.560001373291016,55.66999816894531,55.150001525878906,55.290000915527344,55.290000915527344,34800
2015-10-13,54.86000061035156,55.540000915527344,54.4900016784668,55.209999084472656,55.209999084472656,42300
2015-10-14,55.060001373291016,55.4900016784668,54.439998626708984,54.61000061035156,54.61000061035156,37600
2015-10-15,54.83000183105469,55.68000030517578,54.75,55.68000030517578,55.68000030517578,56500
2015-10-16,55.61000061035156,55.9900016784668,55.27000045776367,55.540000915527344,55.540000915527344,70700
2015-10-19,55.33000183105469,55.650001525878906,54.75,55.06999969482422,55.06999969482422,74200
2015-10-20,54.939998626708984,55.33000183105469,54.43000030517578,54.47999954223633,54.47999954223633,39600
2015-10-21,54.52000045776367,54.59000015258789,52.4900016784668,52.599998474121094,52.599998474121094,63600
2015-10-22,52.86000061035156,53.4900016784668,52.54999923706055,52.93000030517578,52.93000030517578,62900
2015-10-23,53.43000030517578,55.970001220703125,52.959999084472656,53.439998626708984,53.439998626708984,44000
2015-10-26,53.29999923706055,53.869998931884766,53.29999923706055,53.65999984741211,53.65999984741211,61000
2015-10-27,53.36000061035156,53.869998931884766,52.619998931884766,52.709999084472656,52.709999084472656,251800
2015-10-28,52.869998931884766,53.52000045776367,52.43000030517578,53.310001373291016,53.310001373291016,76600
2015-10-29,53.29999923706055,55.52000045776367,53.22999954223633,55.130001068115234,55.130001068115234,229600
2015-10-30,54.15999984741211,55.11000061035156,54.15999984741211,54.560001373291016,54.560001373291016,97600
2015-11-02,55.0,55.58000183105469,54.709999084472656,55.04999923706055,55.04999923706055,135800
2015-11-03,55.52000045776367,55.52000045776367,54.36000061035156,55.189998626708984,55.189998626708984,86200
2015-11-04,55.29999923706055,55.790000915527344,54.400001525878906,54.810001373291016,54.810001373291016,78900
2015-11-05,54.83000183105469,54.939998626708984,53.7599983215332,54.529998779296875,54.529998779296875,75200
2015-11-06,54.310001373291016,54.900001525878906,54.20000076293945,54.75,54.75,47700
2015-11-09,54.86000061035156,54.86000061035156,53.959999084472656,54.310001373291016,54.310001373291016,45600
2015-11-10,54.29999923706055,54.90999984741211,53.91999816894531,54.65999984741211,54.65999984741211,76000
2015-11-11,54.66999816894531,54.939998626708984,54.54999923706055,54.810001373291016,54.810001373291016,71600
2015-11-12,54.79999923706055,55.09000015258789,54.5,55.0,55.0,70200
2015-11-13,54.720001220703125,55.41999816894531,53.15999984741211,53.29999923706055,53.29999923706055,196600
2015-11-16,53.11000061035156,53.540000915527344,52.34000015258789,53.029998779296875,53.029998779296875,87400
2015-11-17,53.16999816894531,53.56999969482422,52.709999084472656,53.25,53.25,86100
2015-11-18,53.380001068115234,54.09000015258789,53.150001525878906,54.029998779296875,54.029998779296875,78700
2015-11-19,54.099998474121094,54.11000061035156,52.88999938964844,53.13999938964844,53.13999938964844,106200
2015-11-20,53.130001068115234,53.689998626708984,52.959999084472656,53.40999984741211,53.40999984741211,44000
2015-11-23,53.47999954223633,53.79999923706055,53.040000915527344,53.25,53.25,82400
2015-11-24,52.90999984741211,52.90999984741211,52.349998474121094,52.61000061035156,52.61000061035156,72500
2015-11-25,52.59000015258789,52.939998626708984,52.380001068115234,52.84000015258789,52.84000015258789,62800
2015-11-27,52.939998626708984,53.084999084472656,52.4900016784668,52.7400016784668,52.7400016784668,35600
2015-11-30,53.18000030517578,53.18000030517578,52.33000183105469,53.0099983215332,53.0099983215332,94600
2015-12-01,53.13999938964844,53.66999816894531,53.060001373291016,53.47999954223633,53.47999954223633,68300
2015-12-02,53.40999984741211,53.810001373291016,53.279998779296875,53.41999816894531,53.41999816894531,121700
2015-12-03,53.630001068115234,53.630001068115234,51.119998931884766,51.459999084472656,51.459999084472656,216300
2015-12-04,51.65999984741211,52.400001525878906,51.29999923706055,52.18000030517578,52.18000030517578,94800
2015-12-07,51.959999084472656,52.84000015258789,51.58000183105469,52.290000915527344,52.290000915527344,123800
2015-12-08,51.81999969482422,52.65999984741211,51.7599983215332,51.93000030517578,51.93000030517578,144100
2015-12-09,51.619998931884766,52.2599983215332,51.15999984741211,51.560001373291016,51.560001373291016,174300
2015-12-10,50.95000076293945,51.470001220703125,50.95000076293945,51.189998626708984,51.189998626708984,156800
2015-12-11,50.63999938964844,51.040000915527344,49.72999954223633,50.439998626708984,50.439998626708984,199500
2015-12-14,50.380001068115234,50.880001068115234,48.79999923706055,48.959999084472656,48.959999084472656,210700
2015-12-15,49.310001373291016,50.279998779296875,49.25,49.68000030517578,49.68000030517578,253800
2015-12-16,49.869998931884766,51.630001068115234,49.77000045776367,51.52000045776367,51.52000045776367,123200
2015-12-17,51.439998626708984,51.84000015258789,50.72999954223633,51.459999084472656,51.459999084472656,711900
2015-12-18,50.97999954223633,50.97999954223633,49.689998626708984,50.310001373291016,50.310001373291016,263000
2015-12-21,50.599998474121094,50.630001068115234,49.88999938964844,50.029998779296875,50.029998779296875,149800
2015-12-22,49.97999954223633,50.70000076293945,49.720001220703125,50.630001068115234,50.630001068115234,74400
2015-12-23,50.83000183105469,51.04999923706055,50.380001068115234,50.56999969482422,50.56999969482422,96700
2015-12-24,50.349998474121094,50.93000030517578,50.349998474121094,50.630001068115234,50.630001068115234,41600
2015-12-28,50.59000015258789,50.939998626708984,50.040000915527344,50.93000030517578,50.93000030517578,69800
2015-12-29,51.0,51.84000015258789,50.900001525878906,51.529998779296875,51.529998779296875,71200
2015-12-30,51.349998474121094,51.77000045776367,51.185001373291016,51.61000061035156,51.61000061035156,47100
2015-12-31,51.36000061035156,52.18000030517578,51.36000061035156,51.650001525878906,51.650001525878906,125600
2016-01-04,50.970001220703125,51.400001525878906,49.75,50.4900016784668,50.4900016784668,187800
2016-01-05,50.4900016784668,50.4900016784668,49.41999816894531,49.880001068115234,49.880001068115234,129300
2016-01-06,49.2599983215332,49.689998626708984,48.849998474121094,49.220001220703125,49.220001220703125,80000
2016-01-07,48.38999938964844,49.189998626708984,47.86000061035156,48.790000915527344,48.790000915527344,122700
2016-01-08,49.0099983215332,49.91999816894531,49.0099983215332,49.29999923706055,49.29999923706055,125700
2016-01-11,49.45000076293945,49.599998474121094,48.900001525878906,49.13999938964844,49.13999938964844,113900
2016-01-12,49.279998779296875,50.20500183105469,49.029998779296875,49.75,49.75,145100
2016-01-13,49.790000915527344,50.099998474121094,48.0099983215332,48.11000061035156,48.11000061035156,230300
2016-01-14,48.27000045776367,50.0,48.172000885009766,49.45000076293945,49.45000076293945,94600
2016-01-15,48.5099983215332,48.75,47.400001525878906,47.83000183105469,47.83000183105469,153500
2016-01-19,48.189998626708984,48.279998779296875,47.33000183105469,47.83000183105469,47.83000183105469,112900
2016-01-20,47.349998474121094,47.88999938964844,45.53499984741211,47.34000015258789,47.34000015258789,206000
2016-01-21,47.380001068115234,47.83000183105469,46.29999923706055,46.959999084472656,46.959999084472656,138700
2016-01-22,47.369998931884766,48.279998779296875,47.15999984741211,48.22999954223633,48.22999954223633,80900
2016-01-25,48.0,48.29999923706055,47.2400016784668,47.349998474121094,47.349998474121094,116800
2016-01-26,47.58000183105469,47.790000915527344,46.88999938964844,47.31999969482422,47.31999969482422,85200
2016-01-27,47.380001068115234,47.4900016784668,45.77000045776367,46.25,46.25,210900
2016-01-28,46.7599983215332,46.7599983215332,45.66999816894531,46.38999938964844,46.38999938964844,106000
2016-01-29,46.400001525878906,47.66999816894531,46.400001525878906,47.599998474121094,47.599998474121094,94400
2016-02-01,47.279998779296875,48.709999084472656,46.290000915527344,48.27000045776367,48.27000045776367,122600
2016-02-02,47.900001525878906,48.36000061035156,46.849998474121094,47.060001373291016,47.060001373291016,102000
2016-02-03,47.439998626708984,47.880001068115234,46.959999084472656,47.790000915527344,47.790000915527344,141100
2016-02-04,47.709999084472656,48.900001525878906,46.31999969482422,47.119998931884766,47.119998931884766,179900
2016-02-05,46.7400016784668,46.7400016784668,45.7400016784668,46.31999969482422,46.31999969482422,252300
2016-02-08,45.86000061035156,45.88999938964844,44.47999954223633,45.5,45.5,348600
2016-02-09,44.83000183105469,45.90999984741211,44.63999938964844,45.86000061035156,45.86000061035156,211600
2016-02-10,46.04999923706055,46.3849983215332,42.029998779296875,44.689998626708984,44.689998626708984,145200
2016-02-11,44.0,44.470001220703125,43.439998626708984,43.90999984741211,43.90999984741211,90400
2016-02-12,44.380001068115234,45.59000015258789,43.95000076293945,45.54999923706055,45.54999923706055,149300
2016-02-16,45.939998626708984,45.959999084472656,45.099998474121094,45.93000030517578,45.93000030517578,97100
2016-02-17,46.36000061035156,47.5099983215332,45.72999954223633,47.04999923706055,47.04999923706055,88100
2016-02-18,46.619998931884766,48.36000061035156,46.619998931884766,47.810001373291016,47.810001373291016,123000
2016-02-19,47.43000030517578,48.380001068115234,47.43000030517578,47.93000030517578,47.93000030517578,69200
2016-02-22,48.31999969482422,48.88999938964844,47.9900016784668,48.58000183105469,48.58000183105469,95500
2016-02-23,48.40999984741211,49.08000183105469,48.29999923706055,48.34000015258789,48.34000015258789,104700
2016-02-24,47.88999938964844,48.970001220703125,47.47999954223633,48.939998626708984,48.939998626708984,53900
2016-02-25,48.9900016784668,50.58000183105469,48.9900016784668,50.540000915527344,50.540000915527344,110700
2016-02-26,50.29999923706055,50.70000076293945,49.933998107910156,50.15999984741211,50.15999984741211,75100
2016-02-29,50.369998931884766,51.36399841308594,49.34000015258789,50.290000915527344,50.290000915527344,100700
2016-03-01,50.619998931884766,51.83000183105469,50.619998931884766,51.77000045776367,51.77000045776367,63800
2016-03-02,51.34000015258789,51.689998626708984,51.31999969482422,51.61000061035156,51.61000061035156,51800
2016-03-03,51.47999954223633,52.68000030517578,51.43000030517578,52.25,52.25,62000
2016-03-04,52.290000915527344,52.47999954223633,51.77000045776367,52.31999969482422,52.31999969482422,105300
2016-03-07,52.310001373291016,52.86000061035156,52.060001373291016,52.84000015258789,52.84000015258789,132100
2016-03-08,52.58000183105469,52.720001220703125,52.369998931884766,52.630001068115234,52.630001068115234,119900
2016-03-09,52.84000015258789,53.11000061035156,52.52000045776367,53.04999923706055,53.04999923706055,116400
2016-03-10,53.16999816894531,53.16999816894531,52.18000030517578,52.40999984741211,52.40999984741211,106600
2016-03-11,52.77000045776367,53.38999938964844,52.70000076293945,53.349998474121094,53.349998474121094,58500
2016-03-14,52.93000030517578,53.18000030517578,52.7599983215332,52.790000915527344,52.790000915527344,58200
2016-03-15,52.58000183105469,53.150001525878906,52.06999969482422,53.150001525878906,53.150001525878906,51300
2016-03-16,52.869998931884766,56.869998931884766,52.869998931884766,56.54999923706055,56.54999923706055,334300
2016-03-17,56.369998931884766,57.439998626708984,55.68000030517578,57.11000061035156,57.11000061035156,179800
2016-03-18,58.81999969482422,58.81999969482422,57.2599983215332,57.540000915527344,57.540000915527344,268400
2016-03-21,57.61000061035156,57.720001220703125,57.11000061035156,57.59000015258789,57.59000015258789,111700
2016-03-22,57.13999938964844,57.65999984741211,57.040000915527344,57.619998931884766,57.619998931884766,179900
2016-03-23,57.36000061035156,57.540000915527344,57.119998931884766,57.18000030517578,57.18000030517578,53900
2016-03-24,56.93000030517578,57.02000045776367,56.34000015258789,56.88999938964844,56.88999938964844,68900
2016-03-28,57.15999984741211,57.56999969482422,56.810001373291016,57.189998626708984,57.189998626708984,62200
2016-03-29,56.970001220703125,58.7599983215332,56.970001220703125,58.5,58.5,103600
2016-03-30,58.790000915527344,58.790000915527344,57.95000076293945,58.61000061035156,58.61000061035156,62300
2016-03-31,58.40999984741211,58.720001220703125,57.9900016784668,58.15999984741211,58.15999984741211,71700
2016-04-01,57.93000030517578,58.72999954223633,57.689998626708984,58.59000015258789,58.59000015258789,64300
2016-04-04,58.599998474121094,59.189998626708984,58.459999084472656,58.810001373291016,58.810001373291016,43900
2016-04-05,58.5099983215332,58.84000015258789,58.0,58.459999084472656,58.459999084472656,94100
2016-04-06,58.459999084472656,58.84000015258789,58.36000061035156,58.810001373291016,58.810001373291016,45700
2016-04-07,58.400001525878906,58.7400016784668,57.40999984741211,57.599998474121094,57.599998474121094,59600
2016-04-08,57.97999954223633,57.9900016784668,57.349998474121094,57.7599983215332,57.7599983215332,50600
2016-04-11,57.880001068115234,59.0,57.279998779296875,57.45000076293945,57.45000076293945,55800
2016-04-12,57.43000030517578,57.72999954223633,57.0,57.560001373291016,57.560001373291016,72700
2016-04-13,57.79999923706055,58.54800033569336,57.65999984741211,58.34000015258789,58.34000015258789,46600
2016-04-14,58.13999938964844,58.310001373291016,57.47999954223633,57.560001373291016,57.560001373291016,35400
2016-04-15,57.56999969482422,57.689998626708984,57.04999923706055,57.47999954223633,57.47999954223633,61800
2016-04-18,57.439998626708984,57.439998626708984,56.88999938964844,56.88999938964844,56.88999938964844,33200
2016-04-19,57.099998474121094,57.97999954223633,56.650001525878906,57.150001525878906,57.150001525878906,99600
2016-04-20,57.13999938964844,57.13999938964844,55.630001068115234,55.79999923706055,55.79999923706055,76900
2016-04-21,55.95000076293945,55.95000076293945,54.7400016784668,55.45000076293945,55.45000076293945,109900
2016-04-22,55.43000030517578,55.709999084472656,55.09000015258789,55.40999984741211,55.40999984741211,56600
2016-04-25,55.029998779296875,57.959999084472656,54.52799987792969,57.7400016784668,57.7400016784668,137100
2016-04-26,57.7400016784668,58.630001068115234,57.709999084472656,57.959999084472656,57.959999084472656,92600
2016-04-27,57.70000076293945,58.130001068115234,56.54999923706055,56.61000061035156,56.61000061035156,83000
2016-04-28,56.5,58.2599983215332,55.939998626708984,57.54999923706055,57.54999923706055,84500
2016-04-29,58.7400016784668,58.7400016784668,56.27000045776367,57.31999969482422,57.31999969482422,88500
2016-05-02,57.470001220703125,59.36000061035156,57.470001220703125,59.099998474121094,59.099998474121094,125100
2016-05-03,58.77000045776367,59.564998626708984,58.13999938964844,58.380001068115234,58.380001068115234,180200
2016-05-04,58.099998474121094,58.61000061035156,57.900001525878906,58.459999084472656,58.459999084472656,79900
2016-05-05,58.61000061035156,59.02000045776367,58.18000030517578,58.369998931884766,58.369998931884766,114800
2016-05-06,57.779998779296875,59.15999984741211,57.68000030517578,58.59000015258789,58.59000015258789,176800
2016-05-09,57.970001220703125,59.04999923706055,57.970001220703125,58.4900016784668,58.4900016784668,112400
2016-05-10,58.59000015258789,59.68000030517578,58.349998474121094,59.68000030517578,59.68000030517578,142100
2016-05-11,59.599998474121094,60.189998626708984,59.220001220703125,59.77000045776367,59.77000045776367,60600
2016-05-12,59.90999984741211,60.27000045776367,58.0,58.84000015258789,58.84000015258789,166800
2016-05-13,58.68000030517578,59.4900016784668,58.4900016784668,59.45000076293945,59.45000076293945,142400
2016-05-16,58.84000015258789,59.040000915527344,57.439998626708984,57.7599983215332,57.7599983215332,266400
2016-05-17,57.65999984741211,58.21500015258789,56.90999984741211,57.43000030517578,57.43000030517578,219100
2016-05-18,57.869998931884766,59.08000183105469,56.959999084472656,57.54999923706055,57.54999923706055,190900
2016-05-19,57.79999923706055,57.9900016784668,57.0,57.619998931884766,57.619998931884766,503800
2016-05-20,58.119998931884766,59.7400016784668,57.75,59.56999969482422,59.56999969482422,272100
2016-05-23,59.349998474121094,59.349998474121094,57.779998779296875,57.869998931884766,57.869998931884766,116200
2016-05-24,58.380001068115234,59.04999923706055,57.81999969482422,58.970001220703125,58.970001220703125,155900
2016-05-25,59.099998474121094,59.310001373291016,58.040000915527344,58.189998626708984,58.189998626708984,105500
2016-05-26,58.09000015258789,58.5,57.16999816894531,57.20000076293945,57.20000076293945,116000
2016-05-27,57.33000183105469,57.70000076293945,56.84000015258789,57.61000061035156,57.61000061035156,150300
2016-05-31,57.66999816894531,57.9900016784668,56.880001068115234,57.79999923706055,57.79999923706055,230600
2016-06-01,57.779998779296875,59.79999923706055,57.779998779296875,59.47999954223633,59.47999954223633,223700
2016-06-02,59.16999816894531,60.02000045776367,59.040000915527344,59.939998626708984,59.939998626708984,181800
2016-06-03,59.900001525878906,59.900001525878906,58.900001525878906,59.63999938964844,59.63999938964844,111000
2016-06-06,59.61000061035156,59.900001525878906,58.86000061035156,58.97999954223633,58.97999954223633,161900
2016-06-07,58.84000015258789,59.7400016784668,58.619998931884766,59.560001373291016,59.560001373291016,155300
2016-06-08,59.34000015258789,60.029998779296875,59.0099983215332,59.84000015258789,59.84000015258789,121900
2016-06-09,60.0,60.029998779296875,59.220001220703125,59.849998474121094,59.849998474121094,103800
2016-06-10,59.459999084472656,59.91999816894531,58.849998474121094,59.849998474121094,59.849998474121094,133000
2016-06-13,59.5,60.130001068115234,56.33000183105469,58.75,58.75,277800
2016-06-14,58.63999938964844,59.83000183105469,58.29999923706055,58.439998626708984,58.439998626708984,154400
2016-06-15,58.22999954223633,58.810001373291016,58.22999954223633,58.459999084472656,58.459999084472656,65900
2016-06-16,58.400001525878906,59.02000045776367,58.279998779296875,58.900001525878906,58.900001525878906,195600
2016-06-17,58.70000076293945,59.29999923706055,58.41999816894531,58.97999954223633,58.97999954223633,689700
2016-06-20,59.310001373291016,60.040000915527344,58.86000061035156,58.9900016784668,58.9900016784668,107500
2016-06-21,58.91999816894531,59.470001220703125,58.47999954223633,58.77000045776367,58.77000045776367,102900
2016-06-22,59.04999923706055,59.209999084472656,58.470001220703125,59.20000076293945,59.20000076293945,118000
2016-06-23,59.810001373291016,60.060001373291016,59.36000061035156,60.0099983215332,60.0099983215332,86300
2016-06-24,58.38999938964844,59.060001373291016,56.869998931884766,56.91999816894531,56.91999816894531,323500
2016-06-27,56.5,56.5099983215332,55.29999923706055,56.2400016784668,56.2400016784668,157200
2016-06-28,56.95000076293945,57.18000030517578,56.32600021362305,56.880001068115234,56.880001068115234,156800
2016-06-29,57.439998626708984,59.08000183105469,57.380001068115234,58.95000076293945,58.95000076293945,175100
2016-06-30,59.060001373291016,59.56999969482422,58.6150016784668,59.400001525878906,59.400001525878906,213100
2016-07-01,59.400001525878906,60.16999816894531,59.38999938964844,59.880001068115234,59.880001068115234,219000
2016-07-05,60.189998626708984,60.189998626708984,59.356998443603516,59.540000915527344,59.540000915527344,187300
2016-07-06,59.20000076293945,59.78499984741211,58.959999084472656,59.720001220703125,59.720001220703125,99100
2016-07-07,59.619998931884766,60.41999816894531,59.599998474121094,60.11000061035156,60.11000061035156,102900
2016-07-08,60.560001373291016,61.09000015258789,60.2400016784668,60.869998931884766,60.869998931884766,163100
2016-07-11,61.290000915527344,61.334999084472656,60.84000015258789,61.2599983215332,61.2599983215332,185200
2016-07-12,61.459999084472656,61.689998626708984,61.27000045776367,61.470001220703125,61.470001220703125,219000
2016-07-13,61.560001373291016,61.90999984741211,61.45000076293945,61.84000015258789,61.84000015258789,196900
2016-07-14,62.06999969482422,62.29999923706055,61.810001373291016,62.27000045776367,62.27000045776367,200300
2016-07-15,62.060001373291016,62.150001525878906,61.43000030517578,61.59000015258789,61.59000015258789,137800
2016-07-18,61.58000183105469,62.0,61.400001525878906,61.70000076293945,61.70000076293945,104200
2016-07-19,61.4900016784668,61.970001220703125,61.099998474121094,61.22999954223633,61.22999954223633,132500
2016-07-20,61.56999969482422,62.20000076293945,60.47999954223633,62.040000915527344,62.040000915527344,73300
2016-07-21,62.029998779296875,62.56999969482422,61.81999969482422,62.5099983215332,62.5099983215332,70200
2016-07-22,62.34000015258789,63.470001220703125,62.34000015258789,63.16999816894531,63.16999816894531,54200
2016-07-25,62.869998931884766,63.470001220703125,62.77000045776367,62.849998474121094,62.849998474121094,61300
2016-07-26,63.11000061035156,63.11000061035156,61.77000045776367,62.54999923706055,62.54999923706055,46000
2016-07-27,62.84000015258789,63.119998931884766,62.279998779296875,62.869998931884766,62.869998931884766,66500
2016-07-28,62.869998931884766,63.56999969482422,62.869998931884766,63.22999954223633,63.22999954223633,90200
2016-07-29,63.15999984741211,63.599998474121094,62.779998779296875,62.810001373291016,62.810001373291016,125000
2016-08-01,62.880001068115234,63.52000045776367,62.810001373291016,62.88999938964844,62.88999938964844,98800
2016-08-02,62.939998626708984,63.02000045776367,62.11000061035156,62.380001068115234,62.380001068115234,82700
2016-08-03,62.790000915527344,62.790000915527344,62.25,62.560001373291016,62.560001373291016,46000
2016-08-04,62.61000061035156,62.98500061035156,62.31999969482422,62.959999084472656,62.959999084472656,98000
2016-08-05,63.0,63.0099983215332,61.7599983215332,61.93000030517578,61.93000030517578,133500
2016-08-08,61.54999923706055,62.279998779296875,61.529998779296875,62.02000045776367,62.02000045776367,157100
2016-08-09,61.939998626708984,66.4800033569336,61.77000045776367,65.80000305175781,65.80000305175781,350800
2016-08-10,66.04000091552734,66.04000091552734,65.05500030517578,65.2300033569336,65.2300033569336,154900
2016-08-11,65.20999908447266,66.1500015258789,65.20999908447266,65.98999786376953,65.98999786376953,139600
2016-08-12,65.8499984741211,67.22000122070312,65.8499984741211,66.91999816894531,66.91999816894531,197000
2016-08-15,67.19999694824219,68.0,67.19999694824219,67.94999694824219,67.94999694824219,165100
2016-08-16,68.16999816894531,68.16999816894531,67.19999694824219,67.23999786376953,67.23999786376953,127300
2016-08-17,67.37000274658203,67.72000122070312,66.79000091552734,67.55999755859375,67.55999755859375,118600
2016-08-18,67.56999969482422,67.70999908447266,66.51000213623047,67.16999816894531,67.16999816894531,131800
2016-08-19,66.88999938964844,66.93000030517578,66.33000183105469,66.87000274658203,66.87000274658203,122800
2016-08-22,67.08999633789062,67.5199966430664,66.5,67.30000305175781,67.30000305175781,109400
2016-08-23,67.18000030517578,67.4800033569336,66.94999694824219,67.29000091552734,67.29000091552734,127200
2016-08-24,67.20999908447266,67.5,66.56999969482422,66.7300033569336,66.7300033569336,73800
2016-08-25,66.81999969482422,67.19999694824219,66.62999725341797,67.11000061035156,67.11000061035156,71800
2016-08-26,67.56999969482422,67.56999969482422,66.45500183105469,67.04000091552734,67.04000091552734,92100
2016-08-29,66.95999908447266,68.05000305175781,66.95999908447266,67.58999633789062,67.58999633789062,145800
2016-08-30,67.70999908447266,67.76000213623047,67.08000183105469,67.5,67.5,234300
2016-08-31,67.56999969482422,70.08999633789062,66.89800262451172,67.44999694824219,67.44999694824219,688100
2016-09-01,68.25,70.7300033569336,68.25,70.52999877929688,70.52999877929688,428600
2016-09-02,70.80999755859375,71.44999694824219,69.72000122070312,70.37999725341797,70.37999725341797,244300
2016-09-06,70.19000244140625,70.58999633789062,69.70999908447266,70.52999877929688,70.52999877929688,181500
2016-09-07,70.33000183105469,71.30999755859375,70.04000091552734,71.29000091552734,71.29000091552734,252400
2016-09-08,71.26000213623047,71.33999633789062,69.27999877929688,69.56999969482422,69.56999969482422,173100
2016-09-09,68.95999908447266,69.30999755859375,68.38999938964844,68.41000366210938,68.41000366210938,158500
2016-09-12,68.13999938964844,69.88999938964844,68.13999938964844,69.79000091552734,69.79000091552734,143100
2016-09-13,69.2300033569336,69.58999633789062,68.29000091552734,68.87999725341797,68.87999725341797,176600
2016-09-14,68.45999908447266,69.16999816894531,68.45999908447266,68.98999786376953,68.98999786376953,257400
2016-09-15,69.16000366210938,69.87999725341797,68.9000015258789,69.55999755859375,69.55999755859375,172500
2016-09-16,69.4000015258789,69.6500015258789,67.80000305175781,67.80000305175781,67.80000305175781,943400
2016-09-19,67.94999694824219,69.24500274658203,67.94999694824219,68.62000274658203,68.62000274658203,315200
2016-09-20,68.76000213623047,68.93000030517578,68.05000305175781,68.87999725341797,68.87999725341797,220900
2016-09-21,68.97000122070312,70.5199966430664,68.97000122070312,70.33999633789062,70.33999633789062,166700
2016-09-22,70.58999633789062,71.76000213623047,70.43900299072266,70.9000015258789,70.9000015258789,188000
2016-09-23,70.30000305175781,70.94999694824219,70.2300033569336,70.93000030517578,70.93000030517578,142100
2016-09-26,70.76000213623047,70.91999816894531,70.37999725341797,70.83000183105469,70.83000183105469,177800
2016-09-27,70.80999755859375,71.5199966430664,70.36000061035156,71.3499984741211,71.3499984741211,175100
2016-09-28,71.68000030517578,71.70999908447266,70.86000061035156,71.66000366210938,71.66000366210938,158400
2016-09-29,71.47000122070312,71.7699966430664,69.87999725341797,70.45999908447266,70.45999908447266,85500
2016-09-30,70.45999908447266,70.62000274658203,69.88999938964844,70.16000366210938,70.16000366210938,149100
2016-10-03,69.87999725341797,70.68000030517578,69.19000244140625,69.76000213623047,69.76000213623047,140900
2016-10-04,69.80000305175781,70.22899627685547,69.36000061035156,69.86000061035156,69.86000061035156,185100
2016-10-05,69.87000274658203,70.55000305175781,69.48999786376953,69.58999633789062,69.58999633789062,58300
2016-10-06,69.4000015258789,69.80000305175781,69.23999786376953,69.51000213623047,69.51000213623047,142000
2016-10-07,69.7300033569336,69.7300033569336,68.73999786376953,69.05000305175781,69.05000305175781,95800
2016-10-10,69.37999725341797,69.68000030517578,69.12999725341797,69.61000061035156,69.61000061035156,100100
2016-10-11,69.66000366210938,69.66000366210938,66.9749984741211,67.08000183105469,67.08000183105469,154000
2016-10-12,66.83000183105469,67.18000030517578,66.29000091552734,66.66000366210938,66.66000366210938,90400
2016-10-13,66.16000366210938,66.58000183105469,65.69999694824219,66.13999938964844,66.13999938964844,144800
2016-10-14,66.48999786376953,67.29000091552734,65.96600341796875,66.7300033569336,66.7300033569336,109300
2016-10-17,66.44999694824219,67.16999816894531,66.3499984741211,66.68000030517578,66.68000030517578,122000
2016-10-18,67.20999908447266,67.45999908447266,66.7300033569336,66.80000305175781,66.80000305175781,139700
2016-10-19,66.66000366210938,67.23999786376953,66.62999725341797,66.6500015258789,66.6500015258789,154300
2016-10-20,66.55999755859375,67.06999969482422,66.2750015258789,66.51000213623047,66.51000213623047,134800
2016-10-21,66.5999984741211,66.87999725341797,65.73999786376953,65.83999633789062,65.83999633789062,126600
2016-10-24,66.23999786376953,66.5999984741211,65.76000213623047,66.51000213623047,66.51000213623047,162900
2016-10-25,66.3499984741211,66.9000015258789,65.95999908447266,66.0999984741211,66.0999984741211,99900
2016-10-26,65.88999938964844,66.12000274658203,63.619998931884766,64.02999877929688,64.02999877929688,97000
2016-10-27,64.11000061035156,64.58000183105469,62.84000015258789,63.06999969482422,63.06999969482422,167700
2016-10-28,63.16999816894531,64.69000244140625,62.70000076293945,63.95000076293945,63.95000076293945,77600
2016-10-31,64.27999877929688,65.18000030517578,64.08499908447266,64.94999694824219,64.94999694824219,178800
2016-11-01,65.05999755859375,65.05999755859375,63.380001068115234,63.880001068115234,63.880001068115234,92300
2016-11-02,63.61000061035156,64.37000274658203,63.52000045776367,64.23999786376953,64.23999786376953,109300
2016-11-03,64.05999755859375,66.94000244140625,62.29999923706055,62.56999969482422,62.56999969482422,392700
2016-11-04,62.349998474121094,64.5199966430664,61.689998626708984,63.459999084472656,63.459999084472656,202800
2016-11-07,64.08000183105469,65.38999938964844,64.08000183105469,65.0999984741211,65.0999984741211,147500
2016-11-08,64.7699966430664,66.66999816894531,64.7699966430664,66.23999786376953,66.23999786376953,146800
2016-11-09,65.76000213623047,69.16999816894531,65.30000305175781,68.16000366210938,68.16000366210938,199300
2016-11-10,68.06999969482422,70.26000213623047,67.61000061035156,68.26000213623047,68.26000213623047,289400
2016-11-11,67.81999969482422,68.47000122070312,66.66999816894531,68.23999786376953,68.23999786376953,346800
2016-11-14,68.27999877929688,68.66999816894531,67.16999816894531,67.25,67.25,261000
2016-11-15,67.16000366210938,67.9800033569336,66.55999755859375,66.61000061035156,66.61000061035156,114600
2016-11-16,66.36000061035156,66.9800033569336,66.31999969482422,66.93000030517578,66.93000030517578,89200
2016-11-17,66.91999816894531,67.83999633789062,66.91999816894531,67.79000091552734,67.79000091552734,114100
2016-11-18,67.63999938964844,68.38999938964844,66.76000213623047,67.41000366210938,67.41000366210938,152600
2016-11-21,67.70999908447266,68.06999969482422,67.33999633789062,67.93000030517578,67.93000030517578,59900
2016-11-22,68.19999694824219,69.45999908447266,67.76000213623047,69.4000015258789,69.4000015258789,119800
2016-11-23,69.26000213623047,69.9000015258789,68.61000061035156,68.93000030517578,68.93000030517578,78500
2016-11-25,68.58000183105469,69.56999969482422,68.58000183105469,69.56999969482422,69.56999969482422,67800
2016-11-28,69.33000183105469,70.55999755859375,67.91000366210938,68.62000274658203,68.62000274658203,122700
2016-11-29,68.81999969482422,70.66999816894531,68.63999938964844,70.05000305175781,70.05000305175781,242200
2016-11-30,70.4000015258789,70.4000015258789,68.23999786376953,69.52999877929688,69.52999877929688,155600
2016-12-01,69.77999877929688,70.2300033569336,68.06999969482422,68.66999816894531,68.66999816894531,168600
2016-12-02,68.66000366210938,68.97000122070312,67.37000274658203,67.52999877929688,67.52999877929688,125700
2016-12-05,68.47000122070312,69.52999877929688,67.72000122070312,68.91000366210938,68.91000366210938,107200
2016-12-06,68.76000213623047,70.4000015258789,68.76000213623047,70.3499984741211,70.3499984741211,122100
2016-12-07,70.08999633789062,72.83999633789062,70.08999633789062,72.29000091552734,72.29000091552734,138500
2016-12-08,72.5,72.5,71.0199966430664,71.08000183105469,71.08000183105469,100900
2016-12-09,71.12999725341797,71.19999694824219,70.2699966430664,70.54000091552734,70.54000091552734,80300
2016-12-12,70.79000091552734,71.06999969482422,69.63600158691406,70.1500015258789,70.1500015258789,142300
2016-12-13,70.4000015258789,71.86000061035156,70.4000015258789,71.4800033569336,71.4800033569336,117600
2016-12-14,71.9800033569336,73.72000122070312,71.78600311279297,72.55999755859375,72.55999755859375,107600
2016-12-15,72.13999938964844,73.55000305175781,72.13999938964844,72.83999633789062,72.83999633789062,157500
2016-12-16,72.73999786376953,73.56999969482422,72.1500015258789,72.44000244140625,72.44000244140625,226100
2016-12-19,72.77999877929688,73.23999786376953,72.27999877929688,72.37999725341797,72.37999725341797,106300
2016-12-20,72.86000061035156,73.02799987792969,72.61100006103516,72.83999633789062,72.83999633789062,46500
2016-12-21,72.83000183105469,73.30000305175781,72.44999694824219,72.95999908447266,72.95999908447266,66600
2016-12-22,72.7699966430664,73.19000244140625,72.2300033569336,73.06999969482422,73.06999969482422,86900
2016-12-23,73.06999969482422,73.33000183105469,72.69999694824219,72.87000274658203,72.87000274658203,38800
2016-12-27,72.69000244140625,73.44000244140625,72.69000244140625,73.0999984741211,73.0999984741211,45700
2016-12-28,73.5,73.9000015258789,72.70999908447266,73.01000213623047,73.01000213623047,76500
2016-12-29,72.80999755859375,73.87999725341797,72.55999755859375,73.23999786376953,73.23999786376953,155100
2016-12-30,73.26000213623047,73.26000213623047,71.73999786376953,72.45999908447266,72.45999908447266,151400
2017-01-03,72.41999816894531,72.95999908447266,70.44999694824219,71.13999938964844,71.13999938964844,212500
2017-01-04,71.38999938964844,73.08000183105469,70.48999786376953,72.97000122070312,72.97000122070312,149200
2017-01-05,72.72000122070312,74.26000213623047,72.72000122070312,73.86000061035156,73.86000061035156,159800
2017-01-06,73.61000061035156,74.37000274658203,73.44499969482422,74.19000244140625,74.19000244140625,217700
2017-01-09,74.25,74.88999938964844,73.31999969482422,73.55999755859375,73.55999755859375,127100
2017-01-10,73.86000061035156,74.69000244140625,73.45999908447266,74.2300033569336,74.2300033569336,114000
2017-01-11,74.20999908447266,75.0199966430664,73.8499984741211,74.93000030517578,74.93000030517578,86200
2017-01-12,74.76000213623047,75.47000122070312,73.93000030517578,74.5,74.5,57400
2017-01-13,74.47000122070312,75.08999633789062,74.27999877929688,74.9800033569336,74.9800033569336,99900
2017-01-17,74.83999633789062,76.75,74.37999725341797,76.69999694824219,76.69999694824219,143200
2017-01-18,76.73999786376953,77.25,76.11000061035156,76.19000244140625,76.19000244140625,139400
2017-01-19,76.08300018310547,77.13999938964844,76.08300018310547,77.0,77.0,158700
2017-01-20,77.19000244140625,78.20999908447266,77.19000244140625,78.0,78.0,91300
2017-01-23,78.16999816894531,78.69999694824219,77.55999755859375,78.08999633789062,78.08999633789062,158900
2017-01-24,78.5,78.69000244140625,77.79000091552734,78.45999908447266,78.45999908447266,169900
2017-01-25,78.77999877929688,79.20999908447266,78.16999816894531,78.91999816894531,78.91999816894531,55000
2017-01-26,83.80999755859375,86.69000244140625,82.97000122070312,85.91000366210938,85.91000366210938,842400
2017-01-27,87.47000122070312,87.47000122070312,82.37000274658203,83.66999816894531,83.66999816894531,341300
2017-01-30,83.5199966430664,83.66000366210938,82.37000274658203,83.62999725341797,83.62999725341797,129200
2017-01-31,83.08000183105469,83.9800033569336,82.98200225830078,83.68000030517578,83.68000030517578,108400
2017-02-01,83.87999725341797,84.37999725341797,83.12999725341797,83.97000122070312,83.97000122070312,109800
2017-02-02,83.8499984741211,84.18000030517578,83.61000061035156,83.70999908447266,83.70999908447266,103700
2017-02-03,83.8499984741211,84.56999969482422,83.71099853515625,84.56999969482422,84.56999969482422,78400
2017-02-06,84.31999969482422,84.4800033569336,82.83999633789062,83.44999694824219,83.44999694824219,94100
2017-02-07,83.52999877929688,84.41000366210938,83.52999877929688,84.19000244140625,84.19000244140625,87300
2017-02-08,83.94000244140625,84.66000366210938,83.91200256347656,84.62999725341797,84.62999725341797,88400
2017-02-09,84.4800033569336,84.94999694824219,83.7699966430664,84.81999969482422,84.81999969482422,96300
2017-02-10,83.83999633789062,85.01000213623047,83.83999633789062,84.83000183105469,84.83000183105469,119000
2017-02-13,84.72000122070312,85.13999938964844,83.94999694824219,84.30000305175781,84.30000305175781,66000
2017-02-14,84.5,84.9000015258789,84.12000274658203,84.51000213623047,84.51000213623047,162600
2017-02-15,84.5999984741211,85.08999633789062,84.08999633789062,84.98999786376953,84.98999786376953,97700
2017-02-16,85.23999786376953,85.80999755859375,83.91000366210938,84.87000274658203,84.87000274658203,136100
2017-02-17,85.08000183105469,85.08000183105469,83.3499984741211,85.04000091552734,85.04000091552734,117500
2017-02-21,85.11000061035156,85.27999877929688,84.33000183105469,85.20999908447266,85.20999908447266,87200
2017-02-22,84.80999755859375,85.48999786376953,84.5,84.83999633789062,84.83999633789062,98800
2017-02-23,85.0199966430664,85.19999694824219,84.0199966430664,84.41999816894531,84.41999816894531,86100
2017-02-24,83.95999908447266,85.0,83.95999908447266,84.87000274658203,84.87000274658203,67300
2017-02-27,84.77999877929688,85.31999969482422,84.5999984741211,85.02999877929688,85.02999877929688,82000
2017-02-28,84.9000015258789,85.0,83.8550033569336,84.26000213623047,84.26000213623047,100000
2017-03-01,85.0,85.5,84.08000183105469,84.19000244140625,84.19000244140625,110600
2017-03-02,83.87000274658203,84.16999816894531,83.28500366210938,83.44000244140625,83.44000244140625,81900
2017-03-03,83.41999816894531,83.6500015258789,82.95999908447266,83.4000015258789,83.4000015258789,55800
2017-03-06,83.16999816894531,83.98999786376953,83.08000183105469,83.72000122070312,83.72000122070312,81000
2017-03-07,83.86000061035156,84.45999908447266,83.58000183105469,83.6500015258789,83.6500015258789,66100
2017-03-08,83.77999877929688,84.08000183105469,83.22000122070312,83.29000091552734,83.29000091552734,57500
2017-03-09,83.52999877929688,84.2300033569336,83.05999755859375,83.63999938964844,83.63999938964844,72500
2017-03-10,83.95999908447266,84.41999816894531,83.62300109863281,84.0999984741211,84.0999984741211,118500
2017-03-13,83.76000213623047,84.68000030517578,83.76000213623047,84.30999755859375,84.30999755859375,59500
2017-03-14,84.16999816894531,84.52999877929688,83.86000061035156,84.22000122070312,84.22000122070312,47600
2017-03-15,84.47000122070312,85.08000183105469,84.2300033569336,84.62000274658203,84.62000274658203,79200
2017-03-16,84.86000061035156,85.0,84.09100341796875,84.2699966430664,84.2699966430664,54100
2017-03-17,84.5199966430664,84.61499786376953,83.76000213623047,84.44999694824219,84.44999694824219,124800
2017-03-20,84.16000366210938,84.52999877929688,84.12999725341797,84.16999816894531,84.16999816894531,393200
2017-03-21,84.05999755859375,84.44999694824219,83.08000183105469,83.20999908447266,83.20999908447266,193400
2017-03-22,83.45999908447266,83.7699966430664,82.83999633789062,83.51000213623047,83.51000213623047,74100
2017-03-23,83.37999725341797,84.77999877929688,83.37999725341797,84.08999633789062,84.08999633789062,88100
2017-03-24,84.48999786376953,85.18000030517578,84.19999694824219,84.5999984741211,84.5999984741211,115900
2017-03-27,84.30000305175781,84.69000244140625,83.2699966430664,84.2699966430664,84.2699966430664,84900
2017-03-28,84.0,84.6500015258789,83.51000213623047,84.47000122070312,84.47000122070312,67200
2017-03-29,84.12999725341797,85.0,83.81500244140625,84.68000030517578,84.68000030517578,63900
2017-03-30,83.76000213623047,85.48999786376953,83.76000213623047,85.33000183105469,85.33000183105469,406400
2017-03-31,84.94999694824219,86.08000183105469,84.94999694824219,85.08999633789062,85.08999633789062,203000
2017-04-03,84.76000213623047,86.13999938964844,84.61000061035156,85.70999908447266,85.70999908447266,136400
2017-04-04,85.29000091552734,88.05999755859375,85.29000091552734,87.19000244140625,87.19000244140625,352500
2017-04-05,87.19999694824219,88.56999969482422,86.20999908447266,86.4800033569336,86.4800033569336,186600
2017-04-06,86.69000244140625,87.5999984741211,86.69000244140625,87.02999877929688,87.02999877929688,105900
2017-04-07,86.83999633789062,87.19000244140625,86.4800033569336,86.58000183105469,86.58000183105469,37100
2017-04-10,86.5199966430664,87.0999984741211,86.38999938964844,86.72000122070312,86.72000122070312,46600
2017-04-11,86.80000305175781,86.80000305175781,85.55999755859375,86.5,86.5,51000
2017-04-12,86.5199966430664,86.93000030517578,86.0199966430664,86.5999984741211,86.5999984741211,50500
2017-04-13,86.16000366210938,87.05000305175781,85.51000213623047,85.54000091552734,85.54000091552734,33600
2017-04-17,85.79000091552734,86.22000122070312,85.33000183105469,86.01000213623047,86.01000213623047,66900
2017-04-18,85.47000122070312,86.05000305175781,85.22000122070312,85.7699966430664,85.7699966430664,58800
2017-04-19,85.37000274658203,87.25,85.37000274658203,86.7699966430664,86.7699966430664,44700
2017-04-20,87.33999633789062,87.76000213623047,86.94999694824219,87.56999969482422,87.56999969482422,31500
2017-04-21,87.08000183105469,88.29000091552734,87.08000183105469,87.80000305175781,87.80000305175781,77100
2017-04-24,88.05000305175781,88.9000015258789,88.05000305175781,88.83000183105469,88.83000183105469,39200
2017-04-25,89.48999786376953,89.83999633789062,89.11000061035156,89.43000030517578,89.43000030517578,104500
2017-04-26,89.63999938964844,90.80000305175781,89.55999755859375,89.62000274658203,89.62000274658203,88300
2017-04-27,90.12999725341797,90.56999969482422,90.01000213623047,90.4000015258789,90.4000015258789,44400
2017-04-28,90.11000061035156,90.18000030517578,89.30000305175781,89.93000030517578,89.93000030517578,164500
2017-05-01,89.93000030517578,90.36000061035156,88.95500183105469,89.52999877929688,89.52999877929688,90900
2017-05-02,89.36000061035156,89.45999908447266,87.63999938964844,88.5199966430664,88.5199966430664,139600
2017-05-03,88.56999969482422,88.56999969482422,84.33000183105469,84.7699966430664,84.7699966430664,163500
2017-05-04,84.36000061035156,85.5199966430664,84.36000061035156,84.37000274658203,84.37000274658203,71200
2017-05-05,84.97000122070312,86.56999969482422,84.7699966430664,86.5,86.5,128200
2017-05-08,86.1500015258789,86.1500015258789,84.21499633789062,84.58999633789062,84.58999633789062,200300
2017-05-09,84.4800033569336,85.16000366210938,84.27999877929688,84.8499984741211,84.8499984741211,59600
2017-05-10,84.5999984741211,84.80999755859375,83.70999908447266,84.22000122070312,84.22000122070312,170700
2017-05-11,84.04000091552734,84.44000244140625,83.58999633789062,84.25,84.25,89100
2017-05-12,84.16000366210938,84.52999877929688,83.51000213623047,83.58999633789062,83.58999633789062,41800
2017-05-15,83.81999969482422,84.0,82.86000061035156,83.06999969482422,83.06999969482422,75700
2017-05-16,83.33999633789062,83.51000213623047,82.55999755859375,82.80000305175781,82.80000305175781,51500
2017-05-17,82.19999694824219,82.6500015258789,80.45999908447266,81.41000366210938,81.41000366210938,71400
2017-05-18,81.44999694824219,82.58999633789062,81.44999694824219,82.16999816894531,82.16999816894531,69000
2017-05-19,82.11000061035156,82.76000213623047,81.91999816894531,82.16999816894531,82.16999816894531,107300
2017-05-22,82.25,82.79000091552734,82.25,82.41000366210938,82.41000366210938,100600
2017-05-23,82.38999938964844,83.27999877929688,82.0,82.70999908447266,82.70999908447266,57000
2017-05-24,82.80999755859375,85.44000244140625,82.72000122070312,84.86000061035156,84.86000061035156,171700
2017-05-25,85.05999755859375,86.37000274658203,85.05999755859375,85.79000091552734,85.79000091552734,103600
2017-05-26,85.9800033569336,87.08999633789062,85.9800033569336,86.62000274658203,86.62000274658203,103300
2017-05-30,86.8499984741211,87.36000061035156,86.11000061035156,87.12999725341797,87.12999725341797,113400
2017-05-31,87.37999725341797,88.30999755859375,86.86000061035156,88.25,88.25,246500
2017-06-01,88.62000274658203,90.4000015258789,87.66000366210938,89.12000274658203,89.12000274658203,197700
2017-06-02,89.29000091552734,91.16000366210938,89.29000091552734,91.0,91.0,130500
2017-06-05,90.68000030517578,90.68000030517578,88.48999786376953,88.72000122070312,88.72000122070312,72100
2017-06-06,88.7300033569336,88.7300033569336,87.98999786376953,88.55999755859375,88.55999755859375,139300
2017-06-07,88.52999877929688,89.2300033569336,88.3499984741211,89.0,89.0,42300
2017-06-08,88.86000061035156,88.86000061035156,86.51000213623047,87.38999938964844,87.38999938964844,117100
2017-06-09,87.05999755859375,87.58999633789062,85.26000213623047,86.1500015258789,86.1500015258789,69500
2017-06-12,85.86000061035156,87.33999633789062,85.75,87.23999786376953,87.23999786376953,79300
2017-06-13,87.44000244140625,88.41000366210938,87.25,88.2300033569336,88.2300033569336,54800
2017-06-14,88.6500015258789,88.6500015258789,86.77999877929688,87.05000305175781,87.05000305175781,72200
2017-06-15,86.16000366210938,87.16000366210938,85.58999633789062,86.80999755859375,86.80999755859375,65300
2017-06-16,86.88999938964844,87.48999786376953,85.56999969482422,87.19000244140625,87.19000244140625,161300
2017-06-19,87.44000244140625,87.91000366210938,87.4000015258789,87.43000030517578,87.43000030517578,64700
2017-06-20,87.01000213623047,87.01000213623047,84.86100006103516,85.2699966430664,85.2699966430664,148000
2017-06-21,85.4000015258789,85.40499877929688,84.94000244140625,85.08999633789062,85.08999633789062,123100
2017-06-22,85.0999984741211,85.88999938964844,84.68000030517578,84.95999908447266,84.95999908447266,189800
2017-06-23,85.01000213623047,85.20999908447266,83.9000015258789,84.9800033569336,84.9800033569336,217600
2017-06-26,85.0999984741211,85.80000305175781,85.06999969482422,85.55999755859375,85.55999755859375,108700
2017-06-27,85.29000091552734,85.43000030517578,84.38999938964844,84.48999786376953,84.48999786376953,92500
2017-06-28,84.62000274658203,86.80999755859375,84.47000122070312,86.44999694824219,86.44999694824219,230000
2017-06-29,86.62000274658203,86.62000274658203,85.06999969482422,85.81999969482422,85.81999969482422,177100
2017-06-30,85.4000015258789,86.37999725341797,84.86000061035156,85.79000091552734,85.79000091552734,127100
2017-07-03,86.18000030517578,86.44000244140625,83.6500015258789,83.70999908447266,83.70999908447266,99500
2017-07-05,83.44999694824219,84.94999694824219,82.23999786376953,84.58000183105469,84.58000183105469,316800
2017-07-06,84.37000274658203,84.69000244140625,83.77999877929688,84.0199966430664,84.0199966430664,75400
2017-07-07,83.88999938964844,84.87000274658203,83.70999908447266,84.45999908447266,84.45999908447266,65500
2017-07-10,84.3499984741211,85.55000305175781,84.3499984741211,85.29000091552734,85.29000091552734,79500
2017-07-11,85.45999908447266,86.48999786376953,85.1500015258789,85.68000030517578,85.68000030517578,64600
2017-07-12,86.13999938964844,87.19999694824219,86.13999938964844,86.6500015258789,86.6500015258789,75800
2017-07-13,86.91999816894531,86.91999816894531,86.0,86.33999633789062,86.33999633789062,37700
2017-07-14,86.33999633789062,87.83999633789062,85.68000030517578,87.58000183105469,87.58000183105469,106400
2017-07-17,87.94999694824219,88.12999725341797,87.33000183105469,87.54000091552734,87.54000091552734,45900
2017-07-18,87.19000244140625,88.06999969482422,86.45500183105469,87.70999908447266,87.70999908447266,60400
2017-07-19,88.02999877929688,88.58000183105469,87.6500015258789,88.37000274658203,88.37000274658203,52000
2017-07-20,88.36000061035156,89.37999725341797,88.22000122070312,88.62999725341797,88.62999725341797,49000
2017-07-21,88.83999633789062,89.41000366210938,88.69999694824219,89.1500015258789,89.1500015258789,67700
2017-07-24,89.12000274658203,89.26000213623047,88.37999725341797,88.79000091552734,88.79000091552734,50900
2017-07-25,88.80000305175781,89.11000061035156,88.08999633789062,88.93000030517578,88.93000030517578,93500
2017-07-26,89.05000305175781,89.61000061035156,88.62999725341797,89.11000061035156,89.11000061035156,73600
2017-07-27,89.69999694824219,94.54000091552734,89.62999725341797,93.6500015258789,93.6500015258789,473000
2017-07-28,93.19000244140625,94.79000091552734,92.29000091552734,94.44000244140625,94.44000244140625,150100
2017-07-31,96.61000061035156,100.16000366210938,96.61000061035156,98.91999816894531,98.91999816894531,461600
2017-08-01,99.38999938964844,99.38999938964844,97.87999725341797,99.1500015258789,99.1500015258789,136300
2017-08-02,99.5999984741211,99.5999984741211,98.0,98.70999908447266,98.70999908447266,123500
2017-08-03,99.05000305175781,99.47000122070312,98.19000244140625,98.44999694824219,98.44999694824219,114100
2017-08-04,98.30000305175781,98.69999694824219,97.97000122070312,98.08999633789062,98.08999633789062,68700
2017-08-07,98.12999725341797,98.4000015258789,97.12999725341797,97.31999969482422,97.31999969482422,59500
2017-08-08,97.02999877929688,99.76499938964844,96.94000244140625,99.06999969482422,99.06999969482422,90800
2017-08-09,98.91000366210938,102.86000061035156,98.02999877929688,102.76000213623047,102.76000213623047,323000
2017-08-10,102.33999633789062,103.01000213623047,101.51000213623047,101.6500015258789,101.6500015258789,275000
2017-08-11,101.80999755859375,102.2300033569336,100.66999816894531,101.61000061035156,101.61000061035156,199300
2017-08-14,102.26000213623047,104.3499984741211,96.62000274658203,103.12000274658203,103.12000274658203,119100
2017-08-15,103.0199966430664,103.2699966430664,101.22000122070312,101.27999877929688,101.27999877929688,127400
2017-08-16,101.4000015258789,102.08000183105469,101.0999984741211,101.91999816894531,101.91999816894531,110600
2017-08-17,101.76000213623047,102.12000274658203,99.7300033569336,99.83999633789062,99.83999633789062,93700
2017-08-18,99.54000091552734,100.44999694824219,99.01000213623047,99.70999908447266,99.70999908447266,54500
2017-08-21,99.6500015258789,101.05999755859375,99.6500015258789,100.86000061035156,100.86000061035156,140300
2017-08-22,101.02999877929688,101.7699966430664,100.81999969482422,101.37000274658203,101.37000274658203,62100
2017-08-23,101.08000183105469,101.08000183105469,99.76000213623047,99.86000061035156,99.86000061035156,37800
2017-08-24,100.08999633789062,100.08999633789062,98.48999786376953,99.51000213623047,99.51000213623047,51400
2017-08-25,99.0999984741211,100.19000244140625,98.6500015258789,98.93000030517578,98.93000030517578,111600
2017-08-28,99.47000122070312,99.47000122070312,98.44000244140625,99.30999755859375,99.30999755859375,82700
2017-08-29,98.2699966430664,99.20999908447266,98.25,98.80000305175781,98.80000305175781,128700
2017-08-30,98.93000030517578,100.58999633789062,98.93000030517578,100.25,100.25,41600
2017-08-31,100.30999755859375,101.5199966430664,100.1449966430664,101.43000030517578,101.43000030517578,65900
2017-09-01,101.69000244140625,101.69000244140625,100.18000030517578,100.29000091552734,100.29000091552734,64000
2017-09-05,99.88999938964844,100.95999908447266,99.44000244140625,100.80999755859375,100.80999755859375,106800
2017-09-06,100.2300033569336,103.58999633789062,100.13999938964844,102.95999908447266,102.95999908447266,102100
2017-09-07,103.29000091552734,103.94999694824219,100.72000122070312,101.94000244140625,101.94000244140625,324100
2017-09-08,101.66999816894531,102.65499877929688,99.72000122070312,100.80000305175781,100.80000305175781,215000
2017-09-11,100.9000015258789,101.75,98.0999984741211,98.22000122070312,98.22000122070312,347000
2017-09-12,98.26000213623047,100.3499984741211,97.08000183105469,98.73999786376953,98.73999786376953,217300
2017-09-13,98.41000366210938,99.95999908447266,98.13999938964844,99.80000305175781,99.80000305175781,171100
2017-09-14,99.26000213623047,99.30999755859375,97.69000244140625,97.76000213623047,97.76000213623047,134600
2017-09-15,97.93000030517578,98.2300033569336,96.0199966430664,97.0,97.0,560000
2017-09-18,97.16000366210938,97.16000366210938,95.69999694824219,96.29000091552734,96.29000091552734,135000
2017-09-19,96.23999786376953,96.44999694824219,94.75,95.19999694824219,95.19999694824219,221800
2017-09-20,95.45999908447266,96.51000213623047,94.72000122070312,95.61000061035156,95.61000061035156,223500
2017-09-21,95.26000213623047,95.26000213623047,94.01000213623047,94.08999633789062,94.08999633789062,153700
2017-09-22,93.81999969482422,94.41999816894531,93.68299865722656,94.08000183105469,94.08000183105469,98900
2017-09-25,93.29000091552734,93.81999969482422,92.58000183105469,93.2699966430664,93.2699966430664,150300
2017-09-26,93.29000091552734,93.51000213623047,92.80999755859375,93.12999725341797,93.12999725341797,43000
2017-09-27,93.04000091552734,94.33000183105469,92.95999908447266,94.11000061035156,94.11000061035156,125400
2017-09-28,93.63999938964844,93.75,92.62999725341797,93.4800033569336,93.4800033569336,371000
2017-09-29,93.04000091552734,94.30000305175781,92.9000015258789,94.18000030517578,94.18000030517578,287500
2017-10-02,94.18000030517578,94.66000366210938,93.75,94.02999877929688,94.02999877929688,165300
2017-10-03,94.12999725341797,95.87000274658203,94.05999755859375,95.69000244140625,95.69000244140625,75400
2017-10-04,95.83999633789062,96.83999633789062,95.80999755859375,96.48999786376953,96.48999786376953,81200
2017-10-05,96.62000274658203,97.44999694824219,96.41999816894531,96.83000183105469,96.83000183105469,63300
2017-10-06,96.73999786376953,97.0199966430664,95.87000274658203,95.93000030517578,95.93000030517578,82100
2017-10-09,96.18499755859375,96.25,94.94999694824219,95.12000274658203,95.12000274658203,60800
2017-10-10,95.6500015258789,95.6500015258789,94.6500015258789,95.12000274658203,95.12000274658203,59100
2017-10-11,95.33000183105469,95.9800033569336,94.8499984741211,95.61000061035156,95.61000061035156,108200
2017-10-12,95.20999908447266,95.20999908447266,92.55999755859375,93.45999908447266,93.45999908447266,104900
2017-10-13,93.41999816894531,93.83999633789062,91.52999877929688,93.44999694824219,93.44999694824219,135700
2017-10-16,94.18000030517578,94.31999969482422,93.37999725341797,93.6500015258789,93.6500015258789,81500
2017-10-17,93.61000061035156,93.95999908447266,92.94999694824219,92.9800033569336,92.9800033569336,68200
2017-10-18,92.5999984741211,93.06999969482422,91.94999694824219,91.9800033569336,91.9800033569336,41500
2017-10-19,92.04000091552734,92.04000091552734,91.11000061035156,91.52999877929688,91.52999877929688,230800
2017-10-20,91.52999877929688,92.3499984741211,91.52999877929688,91.9800033569336,91.9800033569336,141100
2017-10-23,91.81999969482422,92.15499877929688,90.8499984741211,90.93000030517578,90.93000030517578,197300
2017-10-24,90.48999786376953,90.79000091552734,88.7699966430664,88.80000305175781,88.80000305175781,134000
2017-10-25,88.75,89.76000213623047,87.80999755859375,89.69000244140625,89.69000244140625,323100
2017-10-26,86.29000091552734,86.29000091552734,81.73999786376953,82.23999786376953,82.23999786376953,526900
2017-10-27,82.48999786376953,83.30000305175781,80.38999938964844,82.55000305175781,82.55000305175781,490900
2017-10-30,82.4800033569336,84.9800033569336,82.23999786376953,84.54000091552734,84.54000091552734,209800
2017-10-31,85.05000305175781,87.08999633789062,84.16000366210938,86.20999908447266,86.20999908447266,194800
2017-11-01,87.0199966430664,87.66999816894531,86.69999694824219,87.20999908447266,87.20999908447266,151000
2017-11-02,87.61000061035156,87.9000015258789,86.47000122070312,87.29000091552734,87.29000091552734,187200
2017-11-03,86.86000061035156,87.62000274658203,85.4800033569336,86.43000030517578,86.43000030517578,142900
2017-11-06,86.55999755859375,91.75,86.55000305175781,89.52999877929688,89.52999877929688,377300
2017-11-07,89.18000030517578,90.22000122070312,88.55999755859375,88.72000122070312,88.72000122070312,136600
2017-11-08,88.16000366210938,88.55000305175781,86.86000061035156,87.08999633789062,87.08999633789062,112800
2017-11-09,86.98999786376953,88.20999908447266,86.2699966430664,88.12999725341797,88.12999725341797,100200
2017-11-10,88.20999908447266,88.72000122070312,87.55999755859375,87.7300033569336,87.7300033569336,72000
2017-11-13,87.55000305175781,88.72000122070312,87.55000305175781,88.70999908447266,88.70999908447266,106300
2017-11-14,88.04000091552734,88.04000091552734,86.08999633789062,86.8499984741211,86.8499984741211,166400
2017-11-15,86.5999984741211,87.48999786376953,85.43000030517578,87.44999694824219,87.44999694824219,198600
2017-11-16,87.52999877929688,88.58999633789062,86.16000366210938,88.25,88.25,134800
2017-11-17,88.22000122070312,90.22000122070312,88.22000122070312,89.55999755859375,89.55999755859375,122300
2017-11-20,87.68000030517578,90.73500061035156,87.68000030517578,88.45999908447266,88.45999908447266,171200
2017-11-21,88.61000061035156,89.48999786376953,88.01000213623047,88.1500015258789,88.1500015258789,95200
2017-11-22,88.06999969482422,88.37999725341797,86.8499984741211,87.37999725341797,87.37999725341797,134800
2017-11-24,87.47000122070312,87.56999969482422,85.95999908447266,86.52999877929688,86.52999877929688,60300
2017-11-27,86.6500015258789,86.6500015258789,84.0999984741211,84.69000244140625,84.69000244140625,123200
2017-11-28,85.0999984741211,85.98999786376953,84.04000091552734,85.80999755859375,85.80999755859375,127600
2017-11-29,85.68000030517578,87.48999786376953,85.61000061035156,86.66000366210938,86.66000366210938,216200
2017-11-30,86.98999786376953,87.05999755859375,84.55999755859375,85.70999908447266,85.70999908447266,169600
2017-12-01,85.44999694824219,88.44999694824219,85.44999694824219,87.81999969482422,87.81999969482422,235400
2017-12-04,88.06999969482422,89.54000091552734,87.05000305175781,87.62000274658203,87.62000274658203,115200
2017-12-05,87.52999877929688,88.05000305175781,86.41000366210938,86.45999908447266,86.45999908447266,149200
2017-12-06,86.45999908447266,86.54000091552734,83.9800033569336,84.12999725341797,84.12999725341797,195200
2017-12-07,83.94999694824219,85.86000061035156,83.69000244140625,84.5999984741211,84.5999984741211,113600
2017-12-08,84.7699966430664,85.44999694824219,83.29000091552734,83.79000091552734,83.79000091552734,394600
2017-12-11,83.66999816894531,85.86000061035156,83.55999755859375,85.55999755859375,85.55999755859375,170800
2017-12-12,85.56999969482422,85.9800033569336,84.0,84.7300033569336,84.7300033569336,149400
2017-12-13,85.2699966430664,85.5,83.8499984741211,84.6500015258789,84.6500015258789,159300
2017-12-14,84.72000122070312,84.93000030517578,83.52999877929688,84.44999694824219,84.44999694824219,156500
2017-12-15,84.5999984741211,84.77999877929688,83.19999694824219,83.45999908447266,83.45999908447266,298900
2017-12-18,84.01000213623047,84.66999816894531,83.38999938964844,84.19000244140625,84.19000244140625,96000
2017-12-19,84.30000305175781,84.30000305175781,82.12999725341797,82.19000244140625,82.19000244140625,216100
2017-12-20,82.19000244140625,82.22000122070312,80.5199966430664,81.08000183105469,81.08000183105469,361600
2017-12-21,81.01000213623047,85.19000244140625,81.01000213623047,84.33000183105469,84.33000183105469,250800
2017-12-22,84.19000244140625,85.80000305175781,84.19000244140625,85.04000091552734,85.04000091552734,151900
2017-12-26,84.93000030517578,85.7750015258789,84.44000244140625,84.98999786376953,84.98999786376953,133100
2017-12-27,85.01000213623047,85.20999908447266,83.02999877929688,83.3499984741211,83.3499984741211,170000
2017-12-28,84.33000183105469,85.05999755859375,83.51000213623047,84.9800033569336,84.9800033569336,233300
2017-12-29,85.02999877929688,85.16999816894531,83.94999694824219,85.05000305175781,85.05000305175781,233400
2018-01-02,85.62000274658203,88.58000183105469,85.11000061035156,88.30000305175781,88.30000305175781,236300
2018-01-03,89.01000213623047,91.25,88.22000122070312,89.48999786376953,89.48999786376953,336000
2018-01-04,89.68000030517578,90.16000366210938,87.9800033569336,88.38999938964844,88.38999938964844,161200
2018-01-05,88.2699966430664,88.95999908447266,88.02999877929688,88.83000183105469,88.83000183105469,204700
2018-01-08,88.94000244140625,90.61000061035156,88.54000091552734,89.66000366210938,89.66000366210938,188800
2018-01-09,89.70999908447266,90.04000091552734,89.16000366210938,89.33999633789062,89.33999633789062,84800
2018-01-10,88.91000366210938,89.19999694824219,87.5,88.70999908447266,88.70999908447266,242400
2018-01-11,88.80999755859375,90.29000091552734,88.69000244140625,89.93000030517578,89.93000030517578,273800
2018-01-12,90.01000213623047,90.48999786376953,89.26000213623047,90.30000305175781,90.30000305175781,110100
2018-01-16,89.62999725341797,90.54000091552734,88.89800262451172,89.44000244140625,89.44000244140625,129100
2018-01-17,90.06999969482422,90.94999694824219,89.48999786376953,90.76000213623047,90.76000213623047,95900
2018-01-18,90.52999877929688,92.23999786376953,90.4000015258789,92.11000061035156,92.11000061035156,152700
2018-01-19,92.58000183105469,93.11000061035156,92.2300033569336,93.02999877929688,93.02999877929688,108800
2018-01-22,93.0999984741211,93.95500183105469,92.97000122070312,93.80999755859375,93.80999755859375,78100
2018-01-23,93.7699966430664,94.26000213623047,93.27999877929688,93.95999908447266,93.95999908447266,187400
2018-01-24,94.30999755859375,95.33999633789062,93.30000305175781,95.13999938964844,95.13999938964844,182200
2018-01-25,95.33000183105469,95.55000305175781,94.0999984741211,94.69999694824219,94.69999694824219,100000
2018-01-26,95.0199966430664,95.2699966430664,94.48500061035156,94.95999908447266,94.95999908447266,126200
2018-01-29,94.69999694824219,94.7300033569336,93.63999938964844,93.80000305175781,93.80000305175781,106000
2018-01-30,93.95999908447266,94.6500015258789,93.83000183105469,94.30000305175781,94.30000305175781,145000
2018-01-31,94.51000213623047,95.06999969482422,92.5780029296875,94.63999938964844,94.63999938964844,123100
2018-02-01,94.38999938964844,95.5999984741211,93.8499984741211,93.9000015258789,93.9000015258789,180700
2018-02-02,94.18000030517578,98.52999877929688,94.18000030517578,96.16000366210938,96.16000366210938,295200
2018-02-05,96.26000213623047,97.0999984741211,92.66999816894531,92.94000244140625,92.94000244140625,327100
2018-02-06,91.5199966430664,92.12999725341797,89.58000183105469,91.33000183105469,91.33000183105469,202300
2018-02-07,91.18000030517578,91.91000366210938,89.91000366210938,90.31999969482422,90.31999969482422,136400
2018-02-08,90.37999725341797,90.37999725341797,86.3499984741211,86.5,86.5,174300
2018-02-09,87.25,87.75,84.91999816894531,86.04000091552734,86.04000091552734,369700
2018-02-12,86.58000183105469,89.41999816894531,86.4800033569336,89.08999633789062,89.08999633789062,134400
2018-02-13,89.02999877929688,89.02999877929688,88.08000183105469,88.77999877929688,88.77999877929688,114600
2018-02-14,88.33999633789062,90.04000091552734,88.22000122070312,89.94999694824219,89.94999694824219,92300
2018-02-15,90.12999725341797,91.7300033569336,89.56999969482422,91.45999908447266,91.45999908447266,75400
2018-02-16,90.97000122070312,92.73999786376953,90.87000274658203,91.87999725341797,91.87999725341797,66400
2018-02-20,91.95999908447266,91.9800033569336,90.5,90.7300033569336,90.7300033569336,92400
2018-02-21,91.04000091552734,92.51000213623047,90.55999755859375,91.11000061035156,91.11000061035156,197700
2018-02-22,91.11000061035156,91.7699966430664,89.23999786376953,89.45999908447266,89.45999908447266,155600
2018-02-23,89.77999877929688,91.76000213623047,89.25,91.61000061035156,91.61000061035156,62900
2018-02-26,91.75,91.91000366210938,90.7699966430664,91.06999969482422,91.06999969482422,136300
2018-02-27,91.0999984741211,91.30000305175781,89.38999938964844,89.44999694824219,89.44999694824219,131500
2018-02-28,89.83999633789062,90.0,87.30000305175781,87.37999725341797,87.37999725341797,136000
2018-03-01,88.12000274658203,88.58000183105469,85.87799835205078,87.05000305175781,87.05000305175781,555100
2018-03-02,86.55500030517578,86.75,85.37000274658203,85.87000274658203,85.87000274658203,337400
2018-03-05,85.8499984741211,89.05999755859375,84.93000030517578,88.38999938964844,88.38999938964844,238500
2018-03-06,88.75,88.75,86.81999969482422,87.62000274658203,87.62000274658203,157000
2018-03-07,86.5199966430664,87.8499984741211,84.0199966430664,87.19000244140625,87.19000244140625,227300
2018-03-08,86.4000015258789,88.48999786376953,86.4000015258789,87.68000030517578,87.68000030517578,199000
2018-03-09,88.33999633789062,89.3499984741211,87.69000244140625,88.70999908447266,88.70999908447266,129500
2018-03-12,88.55999755859375,93.83999633789062,88.55999755859375,91.52999877929688,91.52999877929688,182200
2018-03-13,91.8499984741211,92.44000244140625,89.0999984741211,89.3499984741211,89.3499984741211,69600
2018-03-14,89.91000366210938,89.91000366210938,87.7300033569336,87.86000061035156,87.86000061035156,143500
2018-03-15,88.01000213623047,88.06999969482422,86.71499633789062,87.23999786376953,87.23999786376953,92900
2018-03-16,87.25,88.44000244140625,87.25,88.12999725341797,88.12999725341797,120700
2018-03-19,88.0199966430664,88.0199966430664,86.18000030517578,86.80000305175781,86.80000305175781,226800
2018-03-20,86.87000274658203,87.04499816894531,85.80999755859375,86.23999786376953,86.23999786376953,205900
2018-03-21,86.2300033569336,86.77999877929688,85.88999938964844,86.25,86.25,182400
2018-03-22,85.62999725341797,85.62999725341797,84.75,85.2699966430664,85.2699966430664,268600
2018-03-23,85.27999877929688,85.37000274658203,83.24500274658203,83.3499984741211,83.3499984741211,414100
2018-03-26,84.18000030517578,84.18000030517578,82.19000244140625,83.27999877929688,83.27999877929688,207200
2018-03-27,83.55000305175781,84.05999755859375,82.44000244140625,83.0999984741211,83.0999984741211,624600
2018-03-28,83.11000061035156,83.83000183105469,82.5,82.95999908447266,82.95999908447266,414900
2018-03-29,83.2699966430664,85.0999984741211,82.48999786376953,84.80000305175781,84.80000305175781,169700
2018-04-02,84.31999969482422,84.6500015258789,81.6500015258789,82.47000122070312,82.47000122070312,308700
2018-04-03,83.02999877929688,83.47000122070312,82.11000061035156,82.98999786376953,82.98999786376953,369400
2018-04-04,82.02999877929688,83.45999908447266,82.02999877929688,83.20999908447266,83.20999908447266,240200
2018-04-05,83.62000274658203,84.08300018310547,82.58000183105469,83.55999755859375,83.55999755859375,111600
2018-04-06,82.87000274658203,83.41999816894531,81.69000244140625,82.37999725341797,82.37999725341797,169600
2018-04-09,82.7300033569336,83.97000122070312,82.38999938964844,82.94999694824219,82.94999694824219,197900
2018-04-10,83.63999938964844,84.18000030517578,82.2300033569336,82.30999755859375,82.30999755859375,190100
2018-04-11,82.0,82.07599639892578,81.13999938964844,81.30999755859375,81.30999755859375,171200
2018-04-12,81.73999786376953,81.95999908447266,80.41999816894531,81.63999938964844,81.63999938964844,212800
2018-04-13,82.06999969482422,82.06999969482422,80.8949966430664,81.19000244140625,81.19000244140625,129600
2018-04-16,81.23999786376953,83.20999908447266,81.01000213623047,82.87999725341797,82.87999725341797,150100
2018-04-17,83.30000305175781,83.66999816894531,82.69999694824219,82.87999725341797,82.87999725341797,89800
2018-04-18,82.83000183105469,84.18399810791016,82.83000183105469,83.83999633789062,83.83999633789062,98000
2018-04-19,84.04000091552734,84.87000274658203,82.87999725341797,83.30000305175781,83.30000305175781,67800
2018-04-20,83.0999984741211,83.80000305175781,82.08999633789062,82.45999908447266,82.45999908447266,85500
2018-04-23,82.47000122070312,83.18000030517578,82.33000183105469,82.69999694824219,82.69999694824219,87300
2018-04-24,82.9800033569336,83.58999633789062,80.2699966430664,80.8499984741211,80.8499984741211,175300
2018-04-25,80.86000061035156,81.30999755859375,79.80999755859375,81.11000061035156,81.11000061035156,156300
2018-04-26,81.13999938964844,81.69000244140625,80.58000183105469,81.05000305175781,81.05000305175781,145800
2018-04-27,77.23999786376953,77.23999786376953,68.27999877929688,69.25,69.25,1132600
2018-04-30,69.5999984741211,71.28199768066406,69.5999984741211,70.4800033569336,70.4800033569336,381400
2018-05-01,70.4800033569336,71.8499984741211,69.51000213623047,71.58999633789062,71.58999633789062,614600
2018-05-02,71.55999755859375,72.3499984741211,69.54000091552734,69.61000061035156,69.61000061035156,273500
2018-05-03,69.5,70.80000305175781,68.19999694824219,70.55000305175781,70.55000305175781,495900
2018-05-04,70.63999938964844,72.16999816894531,70.63999938964844,72.0999984741211,72.0999984741211,220700
2018-05-07,71.77999877929688,73.05999755859375,71.72000122070312,72.80000305175781,72.80000305175781,258600
2018-05-08,72.79000091552734,72.91999816894531,71.61000061035156,71.75,71.75,256300
2018-05-09,70.45999908447266,72.03299713134766,70.45999908447266,70.54000091552734,70.54000091552734,245900
2018-05-10,70.51000213623047,71.75,70.51000213623047,71.12999725341797,71.12999725341797,145200
2018-05-11,70.87000274658203,71.0999984741211,70.27999877929688,70.7300033569336,70.7300033569336,130800
2018-05-14,70.93000030517578,72.02999877929688,70.73999786376953,71.70999908447266,71.70999908447266,144700
2018-05-15,70.88999938964844,71.4800033569336,70.62999725341797,71.38999938964844,71.38999938964844,303500
2018-05-16,71.18000030517578,72.37999725341797,71.02999877929688,71.8499984741211,71.8499984741211,179600
2018-05-17,71.73999786376953,71.8499984741211,70.86000061035156,70.94000244140625,70.94000244140625,179900
2018-05-18,70.75,70.95999908447266,70.41000366210938,70.6500015258789,70.6500015258789,156100
2018-05-21,70.31999969482422,70.75,69.82499694824219,70.2300033569336,70.2300033569336,385900
2018-05-22,70.08000183105469,70.87000274658203,70.08000183105469,70.27999877929688,70.27999877929688,139900
2018-05-23,70.0,70.94999694824219,69.58000183105469,70.76000213623047,70.76000213623047,172100
2018-05-24,70.55000305175781,70.69000244140625,69.77999877929688,70.52999877929688,70.52999877929688,193300
2018-05-25,71.05000305175781,71.18000030517578,70.5999984741211,70.95999908447266,70.95999908447266,161000
2018-05-29,70.27999877929688,70.91999816894531,69.24099731445312,69.7300033569336,69.7300033569336,266100
2018-05-30,69.87000274658203,69.95999908447266,69.12000274658203,69.19999694824219,69.19999694824219,655000
2018-05-31,69.1500015258789,69.19000244140625,68.08999633789062,68.29000091552734,68.29000091552734,261900
2018-06-01,68.6500015258789,69.43000030517578,68.05000305175781,68.2699966430664,68.2699966430664,155200
2018-06-04,68.26000213623047,69.4000015258789,67.75,69.05000305175781,69.05000305175781,200000
2018-06-05,69.25,69.83999633789062,68.91000366210938,69.4800033569336,69.4800033569336,115400
2018-06-06,69.23999786376953,71.87000274658203,69.23999786376953,71.33000183105469,71.33000183105469,153600
2018-06-07,71.41000366210938,72.27999877929688,71.18000030517578,72.19999694824219,72.19999694824219,160300
2018-06-08,71.98999786376953,72.55999755859375,71.70999908447266,72.51000213623047,72.51000213623047,139600
2018-06-11,72.3499984741211,73.87000274658203,72.30000305175781,73.58999633789062,73.58999633789062,122300
2018-06-12,73.5999984741211,75.55999755859375,73.5,74.81999969482422,74.81999969482422,277900
2018-06-13,75.69999694824219,76.05000305175781,73.8949966430664,74.0,74.0,193000
2018-06-14,74.22000122070312,76.37000274658203,74.22000122070312,76.05000305175781,76.05000305175781,182400
2018-06-15,75.97000122070312,76.55000305175781,75.44000244140625,76.18000030517578,76.18000030517578,437800
2018-06-18,75.95999908447266,76.33000183105469,75.16999816894531,75.87999725341797,75.87999725341797,156800
2018-06-19,75.51000213623047,75.79000091552734,75.05000305175781,75.4800033569336,75.4800033569336,112000
2018-06-20,75.87000274658203,76.72000122070312,75.06999969482422,75.63999938964844,75.63999938964844,120300
2018-06-21,76.55000305175781,76.55000305175781,74.76000213623047,74.83999633789062,74.83999633789062,96200
2018-06-22,74.9800033569336,77.2300033569336,74.9800033569336,76.86000061035156,76.86000061035156,178200
2018-06-25,76.75,77.16000366210938,75.95999908447266,76.38999938964844,76.38999938964844,287300
2018-06-26,76.4000015258789,77.3499984741211,75.66500091552734,77.11000061035156,77.11000061035156,141200
2018-06-27,77.12000274658203,77.86000061035156,75.77999877929688,75.9000015258789,75.9000015258789,171400
2018-06-28,75.80000305175781,76.38999938964844,75.06999969482422,75.70999908447266,75.70999908447266,106600
2018-06-29,75.70999908447266,76.5999984741211,74.63999938964844,75.63999938964844,75.63999938964844,143600
2018-07-02,75.43000030517578,77.3499984741211,74.86000061035156,75.43000030517578,75.43000030517578,170000
2018-07-03,75.66999816894531,77.13999938964844,75.56999969482422,76.75,76.75,99500
2018-07-05,77.5,77.5,75.68000030517578,76.7699966430664,76.7699966430664,154100
2018-07-06,76.77999877929688,78.9000015258789,76.77999877929688,78.5999984741211,78.5999984741211,114100
2018-07-09,79.06999969482422,79.86000061035156,78.7300033569336,79.81999969482422,79.81999969482422,165600
2018-07-10,79.95999908447266,79.9800033569336,78.87999725341797,79.33999633789062,79.33999633789062,168700
2018-07-11,78.91000366210938,79.5999984741211,78.62000274658203,78.9000015258789,78.9000015258789,103200
2018-07-12,79.0,79.44000244140625,78.69999694824219,79.16999816894531,79.16999816894531,137200
2018-07-13,79.08000183105469,79.11000061035156,78.5999984741211,78.87000274658203,78.87000274658203,99100
2018-07-16,78.98999786376953,79.36000061035156,78.7699966430664,79.0199966430664,79.0199966430664,111400
2018-07-17,78.75,79.54000091552734,78.5,79.22000122070312,79.22000122070312,94000
2018-07-18,79.20999908447266,79.48999786376953,78.30000305175781,78.5999984741211,78.5999984741211,168700
2018-07-19,78.55999755859375,78.7699966430664,77.31999969482422,77.73999786376953,77.73999786376953,405000
2018-07-20,77.69999694824219,77.73999786376953,76.5999984741211,77.20999908447266,77.20999908447266,208300
2018-07-23,77.44000244140625,77.44000244140625,75.91000366210938,76.23999786376953,76.23999786376953,112000
2018-07-24,76.43000030517578,76.6500015258789,75.47000122070312,75.48999786376953,75.48999786376953,190500
2018-07-25,75.58999633789062,75.58999633789062,72.80000305175781,73.44999694824219,73.44999694824219,200600
2018-07-26,73.4800033569336,75.98999786376953,73.4800033569336,75.69999694824219,75.69999694824219,195900
2018-07-27,75.72000122070312,76.66999816894531,74.4800033569336,75.1500015258789,75.1500015258789,87500
2018-07-30,75.13999938964844,76.52999877929688,75.0,76.4800033569336,76.4800033569336,250000
2018-07-31,78.7699966430664,81.72799682617188,78.6500015258789,79.33999633789062,79.33999633789062,379800
2018-08-01,79.5199966430664,79.5199966430664,77.98999786376953,77.98999786376953,77.98999786376953,163400
2018-08-02,78.08000183105469,78.08000183105469,77.06999969482422,77.30999755859375,77.30999755859375,76800
2018-08-03,77.38999938964844,79.55999755859375,77.25,79.25,79.25,124400
2018-08-06,79.61000061035156,79.61000061035156,78.63999938964844,78.86000061035156,78.86000061035156,146400
2018-08-07,78.04000091552734,78.73999786376953,77.38999938964844,78.30000305175781,78.30000305175781,135200
2018-08-08,78.04000091552734,78.73999786376953,77.80000305175781,78.13999938964844,78.13999938964844,71900
2018-08-09,78.04000091552734,80.22000122070312,78.04000091552734,79.73999786376953,79.73999786376953,215400
2018-08-10,79.44999694824219,79.44999694824219,78.5999984741211,79.05999755859375,79.05999755859375,140300
2018-08-13,79.37999725341797,79.37999725341797,78.41999816894531,78.93000030517578,78.93000030517578,71300
2018-08-14,79.1500015258789,80.1500015258789,78.45999908447266,79.9000015258789,79.9000015258789,224400
2018-08-15,80.06999969482422,80.06999969482422,77.55000305175781,77.83999633789062,77.83999633789062,107400
2018-08-16,78.30000305175781,79.33000183105469,78.25,78.97000122070312,78.97000122070312,63700
2018-08-17,78.79000091552734,79.29000091552734,78.55999755859375,78.75,78.75,84200
2018-08-20,78.9000015258789,79.55000305175781,78.10800170898438,78.36000061035156,78.36000061035156,102200
2018-08-21,78.54000091552734,80.79000091552734,78.54000091552734,80.41000366210938,80.41000366210938,111700
2018-08-22,80.47000122070312,80.83000183105469,78.80999755859375,79.72000122070312,79.72000122070312,162700
2018-08-23,79.62999725341797,79.62999725341797,77.11000061035156,77.4000015258789,77.4000015258789,114400
2018-08-24,77.44000244140625,78.83999633789062,77.44000244140625,78.54000091552734,78.54000091552734,83800
2018-08-27,78.66999816894531,79.9800033569336,78.66999816894531,79.25,79.25,88600
2018-08-28,79.18000030517578,80.62000274658203,79.18000030517578,79.61000061035156,79.61000061035156,126400
2018-08-29,79.58000183105469,80.76000213623047,79.37000274658203,80.48999786376953,80.48999786376953,98800
2018-08-30,80.44000244140625,80.68000030517578,80.05999755859375,80.44999694824219,80.44999694824219,88000
2018-08-31,80.26000213623047,81.44000244140625,80.26000213623047,81.0,81.0,107300
2018-09-04,80.75,81.97000122070312,79.8499984741211,81.31999969482422,81.31999969482422,108200
2018-09-05,81.18000030517578,81.68000030517578,80.41000366210938,80.56999969482422,80.56999969482422,194800
2018-09-06,80.55999755859375,81.13999938964844,79.47000122070312,79.51000213623047,79.51000213623047,111300
2018-09-07,79.29000091552734,79.98999786376953,79.11499786376953,79.63999938964844,79.63999938964844,87700
2018-09-10,79.87000274658203,80.69999694824219,79.51000213623047,80.41999816894531,80.41999816894531,92400
2018-09-11,80.2699966430664,81.69999694824219,80.2699966430664,81.36000061035156,81.36000061035156,137300
2018-09-12,81.2300033569336,81.36000061035156,79.8499984741211,81.1500015258789,81.1500015258789,71300
2018-09-13,81.33999633789062,83.97000122070312,81.33999633789062,82.55999755859375,82.55999755859375,103000
2018-09-14,82.55999755859375,82.87000274658203,82.0,82.69000244140625,82.69000244140625,99600
2018-09-17,82.51000213623047,82.73999786376953,82.0,82.30999755859375,82.30999755859375,107800
2018-09-18,82.19999694824219,84.95999908447266,82.19999694824219,84.4800033569336,84.4800033569336,132000
2018-09-19,84.58000183105469,85.08999633789062,84.5,84.55999755859375,84.55999755859375,62500
2018-09-20,84.69999694824219,85.51000213623047,84.44000244140625,84.9000015258789,84.9000015258789,115500
2018-09-21,85.06999969482422,85.91999816894531,84.80999755859375,84.80999755859375,84.80999755859375,258800
2018-09-24,84.80000305175781,84.80000305175781,83.55000305175781,83.61000061035156,83.61000061035156,136600
2018-09-25,83.63999938964844,83.63999938964844,82.91999816894531,83.20999908447266,83.20999908447266,63700
2018-09-26,83.36000061035156,83.9000015258789,83.0,83.19000244140625,83.19000244140625,106100
2018-09-27,83.27999877929688,84.69499969482422,83.27999877929688,83.77999877929688,83.77999877929688,76800
2018-09-28,82.8499984741211,84.44999694824219,82.8499984741211,84.33000183105469,84.33000183105469,119300
2018-10-01,84.62999725341797,84.95999908447266,82.68000030517578,82.91999816894531,82.91999816894531,118400
2018-10-02,82.93000030517578,84.0,82.83999633789062,83.86000061035156,83.86000061035156,165900
2018-10-03,84.23999786376953,84.36000061035156,83.38999938964844,83.54000091552734,83.54000091552734,69400
2018-10-04,83.33000183105469,83.69000244140625,82.55999755859375,82.79000091552734,82.79000091552734,197500
2018-10-05,82.81999969482422,83.18000030517578,80.66000366210938,81.19999694824219,81.19999694824219,129400
2018-10-08,80.94000244140625,82.05999755859375,80.5999984741211,81.77999877929688,81.77999877929688,142500
2018-10-09,81.5999984741211,83.05500030517578,81.1500015258789,82.51000213623047,82.51000213623047,97900
2018-10-10,82.16999816894531,82.66999816894531,79.61000061035156,79.80999755859375,79.80999755859375,114700
2018-10-11,80.2300033569336,80.2300033569336,77.80999755859375,78.27999877929688,78.27999877929688,168000
2018-10-12,79.41000366210938,80.05999755859375,78.08000183105469,79.80999755859375,79.80999755859375,249100
2018-10-15,79.7300033569336,81.83000183105469,78.58999633789062,81.38999938964844,81.38999938964844,94200
2018-10-16,81.83000183105469,83.37999725341797,81.55999755859375,83.18000030517578,83.18000030517578,85500
2018-10-17,83.18000030517578,83.47000122070312,81.79000091552734,82.66000366210938,82.66000366210938,125900
2018-10-18,82.55000305175781,83.12999725341797,81.43499755859375,82.56999969482422,82.56999969482422,122700
2018-10-19,82.87000274658203,83.81999969482422,82.63999938964844,83.37000274658203,83.37000274658203,162400
2018-10-22,83.7229995727539,84.1500015258789,82.45999908447266,82.6500015258789,82.6500015258789,115500
2018-10-23,81.5199966430664,82.27999877929688,80.5,81.70999908447266,81.70999908447266,97600
2018-10-24,81.62000274658203,82.54000091552734,78.31999969482422,78.48999786376953,78.48999786376953,146900
2018-10-25,79.13999938964844,81.66999816894531,79.13999938964844,80.93000030517578,80.93000030517578,118600
2018-10-26,78.31999969482422,78.31999969482422,74.05999755859375,76.58999633789062,76.58999633789062,263300
2018-10-29,77.58000183105469,79.96700286865234,76.62999725341797,77.75,77.75,125000
2018-10-30,77.76000213623047,81.48999786376953,77.76000213623047,81.44000244140625,81.44000244140625,115800
2018-10-31,82.16999816894531,84.0999984741211,81.94000244140625,82.79000091552734,82.79000091552734,185400
2018-11-01,83.08000183105469,84.77999877929688,82.55999755859375,83.83999633789062,83.83999633789062,169100
2018-11-02,85.06999969482422,85.06999969482422,80.48999786376953,81.83000183105469,81.83000183105469,127500
2018-11-05,82.04000091552734,83.4000015258789,82.04000091552734,83.27999877929688,83.27999877929688,100400
2018-11-06,83.29000091552734,83.76000213623047,82.25,82.73999786376953,82.73999786376953,54900
2018-11-07,83.16000366210938,84.5999984741211,83.16000366210938,84.25,84.25,68800
2018-11-08,83.80999755859375,84.55999755859375,82.7699966430664,83.20999908447266,83.20999908447266,73400
2018-11-09,83.0199966430664,83.54000091552734,81.30999755859375,82.06999969482422,82.06999969482422,79500
2018-11-12,81.8499984741211,82.98999786376953,81.2300033569336,82.25,82.25,252700
2018-11-13,82.19000244140625,84.26000213623047,82.18499755859375,82.56999969482422,82.56999969482422,189300
2018-11-14,83.36000061035156,83.62999725341797,82.30999755859375,82.68000030517578,82.68000030517578,212200
2018-11-15,82.69999694824219,82.69999694824219,80.19000244140625,82.16999816894531,82.16999816894531,139700
2018-11-16,81.7300033569336,84.55000305175781,81.7300033569336,84.11000061035156,84.11000061035156,263800
2018-11-19,83.91000366210938,84.33000183105469,81.77999877929688,82.13999938964844,82.13999938964844,254500
2018-11-20,81.1500015258789,81.68000030517578,77.02999877929688,77.58000183105469,77.58000183105469,223900
2018-11-21,77.80999755859375,79.0,77.52999877929688,77.7699966430664,77.7699966430664,102000
2018-11-23,77.41000366210938,79.04000091552734,77.06999969482422,78.86000061035156,78.86000061035156,39700
2018-11-26,79.27999877929688,80.41000366210938,78.9800033569336,80.29000091552734,80.29000091552734,151900
2018-11-27,79.91000366210938,81.66000366210938,79.91000366210938,81.47000122070312,81.47000122070312,117600
2018-11-28,81.63999938964844,84.30999755859375,81.5,84.19999694824219,84.19999694824219,153300
2018-11-29,84.06999969482422,85.87000274658203,83.91999816894531,84.98999786376953,84.98999786376953,171600
2018-11-30,84.52999877929688,85.44999694824219,84.23999786376953,85.12999725341797,85.12999725341797,191200
2018-12-03,85.80000305175781,86.11000061035156,83.73999786376953,84.30000305175781,84.30000305175781,151500
2018-12-04,84.19999694824219,85.12000274658203,81.66999816894531,82.26000213623047,82.26000213623047,356200
2018-12-06,80.94000244140625,82.7699966430664,80.5199966430664,82.75,82.75,156200
2018-12-07,82.33000183105469,83.27999877929688,80.06999969482422,80.80000305175781,80.80000305175781,103100
2018-12-10,80.9000015258789,80.9000015258789,78.98999786376953,80.1500015258789,80.1500015258789,131400
2018-12-11,81.2699966430664,81.5,78.91500091552734,79.5199966430664,79.5199966430664,118300
2018-12-12,80.62000274658203,82.19999694824219,80.31999969482422,80.77999877929688,80.77999877929688,542100
2018-12-13,81.0199966430664,81.5999984741211,78.81999969482422,79.37000274658203,79.37000274658203,1090300
2018-12-14,78.66999816894531,79.70999908447266,78.31999969482422,78.76000213623047,78.76000213623047,112500
2018-12-17,78.36000061035156,79.0199966430664,77.68000030517578,78.0199966430664,78.0199966430664,104500
2018-12-18,78.63999938964844,78.66999816894531,76.33999633789062,76.86000061035156,76.86000061035156,132300
2018-12-19,76.33000183105469,77.69000244140625,74.26000213623047,75.02999877929688,75.02999877929688,213900
2018-12-20,74.13999938964844,75.0999984741211,72.33000183105469,73.18000030517578,73.18000030517578,256400
2018-12-21,73.88999938964844,74.08999633789062,70.92500305175781,71.44000244140625,71.44000244140625,245600
2018-12-24,71.25,71.41999816894531,69.13999938964844,69.18000030517578,69.18000030517578,119500
2018-12-26,69.61000061035156,71.69999694824219,68.76000213623047,71.66999816894531,71.66999816894531,193400
2018-12-27,71.1500015258789,71.83999633789062,68.80000305175781,71.83000183105469,71.83000183105469,301700
2018-12-28,72.30000305175781,72.6500015258789,71.36000061035156,71.73999786376953,71.73999786376953,157800
2018-12-31,72.20999908447266,72.66999816894531,70.6500015258789,71.80999755859375,71.80999755859375,254700
2019-01-02,70.54000091552734,72.8499984741211,70.33000183105469,72.69000244140625,72.69000244140625,172700
2019-01-03,72.18000030517578,74.38999938964844,72.18000030517578,72.9800033569336,72.9800033569336,110000
2019-01-04,73.26000213623047,76.61000061035156,73.26000213623047,76.05999755859375,76.05999755859375,195200
2019-01-07,76.0999984741211,77.19000244140625,75.62000274658203,76.33999633789062,76.33999633789062,109800
2019-01-08,77.08000183105469,77.26000213623047,76.19000244140625,76.54000091552734,76.54000091552734,128400
2019-01-09,77.38999938964844,77.38999938964844,75.8499984741211,76.16999816894531,76.16999816894531,255300
2019-01-10,75.7300033569336,76.08999633789062,74.70999908447266,75.30000305175781,75.30000305175781,74600
2019-01-11,74.68000030517578,75.80000305175781,74.68000030517578,75.69000244140625,75.69000244140625,130100
2019-01-14,75.23999786376953,75.84500122070312,74.52999877929688,74.73999786376953,74.73999786376953,247200
2019-01-15,74.83999633789062,75.22000122070312,74.43000030517578,75.0,75.0,70500
2019-01-16,75.01000213623047,75.80999755859375,74.80000305175781,75.06999969482422,75.06999969482422,68000
2019-01-17,74.76000213623047,75.61000061035156,74.75,75.36000061035156,75.36000061035156,83800
2019-01-18,75.62999725341797,75.91999816894531,74.86000061035156,75.37000274658203,75.37000274658203,265200
2019-01-22,74.0999984741211,74.97000122070312,73.05000305175781,73.41999816894531,73.41999816894531,129800
2019-01-23,74.13999938964844,75.26000213623047,72.05999755859375,73.47000122070312,73.47000122070312,210700
2019-01-24,73.38999938964844,74.2300033569336,72.94000244140625,74.1500015258789,74.1500015258789,146800
2019-01-25,74.5199966430664,75.16999816894531,74.5199966430664,74.83000183105469,74.83000183105469,92400
2019-01-28,74.18000030517578,75.58999633789062,73.94999694824219,75.58999633789062,75.58999633789062,100600
2019-01-29,75.58999633789062,75.94999694824219,74.7699966430664,74.93000030517578,74.93000030517578,59300
2019-01-30,75.33000183105469,76.02999877929688,74.56999969482422,75.22000122070312,75.22000122070312,139200
2019-01-31,81.55000305175781,86.19499969482422,81.02999877929688,84.7699966430664,84.7699966430664,234800
2019-02-01,84.75,87.51000213623047,84.75,87.16000366210938,87.16000366210938,183500
2019-02-04,87.26000213623047,87.86000061035156,86.80000305175781,86.98999786376953,86.98999786376953,152700
2019-02-05,87.19000244140625,88.43000030517578,86.31999969482422,88.37000274658203,88.37000274658203,172800
2019-02-06,88.36000061035156,89.4800033569336,88.1500015258789,89.0199966430664,89.0199966430664,178100
2019-02-07,88.62000274658203,89.02999877929688,87.77999877929688,89.0,89.0,87100
2019-02-08,88.5999984741211,88.73999786376953,87.72000122070312,88.5,88.5,87300
2019-02-11,88.0199966430664,88.58999633789062,86.3949966430664,86.55000305175781,86.55000305175781,189000
2019-02-12,86.86000061035156,88.0,86.5,87.29000091552734,87.29000091552734,92000
2019-02-13,87.30000305175781,87.86000061035156,86.54499816894531,86.91000366210938,86.91000366210938,70000
2019-02-14,86.58000183105469,87.87000274658203,86.19999694824219,87.80000305175781,87.80000305175781,159700
2019-02-15,88.12000274658203,89.41999816894531,87.80599975585938,89.29000091552734,89.29000091552734,180800
2019-02-19,89.27999877929688,89.54000091552734,88.76000213623047,88.79000091552734,88.79000091552734,78500
2019-02-20,88.88999938964844,89.93000030517578,88.79000091552734,89.41000366210938,89.41000366210938,60200
2019-02-21,89.11000061035156,89.63500213623047,87.9000015258789,89.4000015258789,89.4000015258789,86800
2019-02-22,88.41999816894531,90.0,88.41999816894531,89.80000305175781,89.80000305175781,166400
2019-02-25,90.0,90.37999725341797,89.2300033569336,89.2300033569336,89.2300033569336,139300
2019-02-26,88.9800033569336,89.52999877929688,88.55999755859375,89.29000091552734,89.29000091552734,376300
2019-02-27,89.2300033569336,89.69000244140625,88.50499725341797,89.26000213623047,89.26000213623047,117800
2019-02-28,89.3499984741211,89.61000061035156,89.01000213623047,89.31999969482422,89.31999969482422,106200
2019-03-01,89.70999908447266,90.05999755859375,89.23999786376953,89.75,89.75,152900
2019-03-04,90.47000122070312,90.87899780273438,89.55999755859375,90.30000305175781,90.30000305175781,139600
2019-03-05,90.30000305175781,90.7040023803711,89.13999938964844,89.13999938964844,89.13999938964844,96100
2019-03-06,89.1500015258789,89.58000183105469,88.5199966430664,88.9000015258789,88.9000015258789,65000
2019-03-07,88.83000183105469,88.95999908447266,88.05999755859375,88.37000274658203,88.37000274658203,83200
2019-03-08,86.98999786376953,88.0999984741211,86.98999786376953,88.04000091552734,88.04000091552734,95900
2019-03-11,88.18000030517578,89.66999816894531,88.18000030517578,89.62000274658203,89.62000274658203,79900
2019-03-12,89.62999725341797,90.19000244140625,89.4000015258789,90.08000183105469,90.08000183105469,87500
2019-03-13,90.31999969482422,91.69000244140625,90.26000213623047,91.05000305175781,91.05000305175781,109100
2019-03-14,90.94000244140625,92.1709976196289,90.51000213623047,91.83999633789062,91.83999633789062,98600
2019-03-15,92.0,92.8499984741211,91.56999969482422,92.2699966430664,92.2699966430664,387800
2019-03-18,92.19999694824219,93.33000183105469,92.19999694824219,93.18000030517578,93.18000030517578,171900
2019-03-19,92.94999694824219,94.5199966430664,92.94999694824219,93.52999877929688,93.52999877929688,117600
2019-03-20,93.44000244140625,93.95999908447266,92.62799835205078,93.2300033569336,93.2300033569336,131500
2019-03-21,92.72000122070312,94.39900207519531,92.72000122070312,94.1500015258789,94.1500015258789,77400
2019-03-22,93.80000305175781,94.0,92.5,92.7300033569336,92.7300033569336,73800
2019-03-25,92.80000305175781,92.80000305175781,91.7300033569336,92.0999984741211,92.0999984741211,52400
2019-03-26,92.16999816894531,92.63999938964844,92.01000213623047,92.52999877929688,92.52999877929688,53100
2019-03-27,93.11000061035156,93.11000061035156,92.33000183105469,92.80000305175781,92.80000305175781,64300
2019-03-28,92.79000091552734,92.88999938964844,92.26499938964844,92.73999786376953,92.73999786376953,62700
2019-03-29,92.94000244140625,92.94000244140625,91.2300033569336,91.63999938964844,91.63999938964844,215600
2019-04-01,92.30999755859375,92.61000061035156,91.63999938964844,92.33000183105469,92.33000183105469,137300
2019-04-02,92.29000091552734,92.76000213623047,91.6500015258789,92.55000305175781,92.55000305175781,157600
2019-04-03,92.79000091552734,93.0199966430664,91.51000213623047,92.02999877929688,92.02999877929688,91400
2019-04-04,91.73999786376953,92.08000183105469,91.2699966430664,91.95999908447266,91.95999908447266,125700
2019-04-05,92.23999786376953,93.11000061035156,92.08999633789062,93.04000091552734,93.04000091552734,73600
2019-04-08,92.98999786376953,93.38999938964844,92.66000366210938,93.37000274658203,93.37000274658203,77400
2019-04-09,91.69999694824219,93.69999694824219,91.69999694824219,93.48999786376953,93.48999786376953,118800
2019-04-10,93.47000122070312,94.23999786376953,93.37000274658203,94.20999908447266,94.20999908447266,159200
2019-04-11,94.13999938964844,94.66999816894531,94.0,94.5199966430664,94.5199966430664,100100
2019-04-12,95.11000061035156,95.18000030517578,94.36799621582031,94.91999816894531,94.91999816894531,45100
2019-04-15,94.91999816894531,95.1500015258789,94.25,94.7300033569336,94.7300033569336,45600
2019-04-16,94.20999908447266,95.44999694824219,94.20999908447266,95.36000061035156,95.36000061035156,41200
2019-04-17,95.37000274658203,95.91500091552734,95.37000274658203,95.83000183105469,95.83000183105469,66900
2019-04-18,96.0,96.43499755859375,94.79499816894531,95.86000061035156,95.86000061035156,65400
2019-04-22,95.70999908447266,95.70999908447266,94.83999633789062,95.0999984741211,95.0999984741211,73200
2019-04-23,95.11000061035156,96.2699966430664,94.62999725341797,95.94000244140625,95.94000244140625,84700
2019-04-24,96.12000274658203,96.66999816894531,95.19300079345703,96.27999877929688,96.27999877929688,79200
2019-04-25,96.37999725341797,97.84500122070312,94.73300170898438,97.4000015258789,97.4000015258789,72600
2019-04-26,97.38999938964844,98.33999633789062,96.62300109863281,98.25,98.25,70200
2019-04-29,97.94999694824219,98.6500015258789,97.75,98.58000183105469,98.58000183105469,50500
2019-04-30,98.25,99.37000274658203,97.07499694824219,98.38999938964844,98.38999938964844,170500
2019-05-01,98.70999908447266,100.25,98.55999755859375,98.66000366210938,98.66000366210938,69900
2019-05-02,98.79000091552734,98.88999938964844,97.33999633789062,98.33999633789062,98.33999633789062,119100
2019-05-03,98.05999755859375,100.02999877929688,98.00499725341797,99.9800033569336,99.9800033569336,85500
2019-05-06,98.43000030517578,99.58999633789062,98.43000030517578,99.56999969482422,99.56999969482422,58800
2019-05-07,98.97000122070312,99.7699966430664,98.45999908447266,99.63999938964844,99.63999938964844,66000
2019-05-08,99.30999755859375,99.88999938964844,98.94000244140625,98.9800033569336,98.9800033569336,162500
2019-05-09,98.51000213623047,99.37000274658203,97.73999786376953,99.19000244140625,99.19000244140625,87800
2019-05-10,98.93000030517578,99.88999938964844,97.80999755859375,99.73999786376953,99.73999786376953,75800
2019-05-13,98.41000366210938,98.95999908447266,96.37000274658203,96.88999938964844,96.88999938964844,98200
2019-05-14,96.94000244140625,98.58000183105469,96.90499877929688,97.55999755859375,97.55999755859375,152400
2019-05-15,97.12999725341797,98.68499755859375,96.55999755859375,98.6500015258789,98.6500015258789,111100
2019-05-16,98.9000015258789,100.77999877929688,98.9000015258789,100.33999633789062,100.33999633789062,54800
2019-05-17,99.68000030517578,101.79000091552734,99.68000030517578,101.5199966430664,101.5199966430664,82900
2019-05-20,100.94000244140625,100.94000244140625,98.68000030517578,99.06999969482422,99.06999969482422,82000
2019-05-21,99.31999969482422,100.56999969482422,99.31999969482422,99.88999938964844,99.88999938964844,47400
2019-05-22,99.44999694824219,100.08499908447266,99.43000030517578,99.91999816894531,99.91999816894531,51500
2019-05-23,99.0999984741211,99.66000366210938,98.54000091552734,99.20999908447266,99.20999908447266,70000
2019-05-24,99.79000091552734,100.2300033569336,99.20999908447266,99.4000015258789,99.4000015258789,86600
2019-05-28,99.7699966430664,100.3499984741211,99.08499908447266,99.41000366210938,99.41000366210938,157300
2019-05-29,98.94999694824219,98.9749984741211,97.62999725341797,97.81999969482422,97.81999969482422,99600
2019-05-30,98.4800033569336,99.0,97.19999694824219,98.48999786376953,98.48999786376953,58600
2019-05-31,97.11000061035156,98.0,97.11000061035156,97.5199966430664,97.5199966430664,141700
2019-06-03,97.5,98.2300033569336,96.75,96.9800033569336,96.9800033569336,95100
2019-06-04,97.5,99.69000244140625,97.19999694824219,99.16999816894531,99.16999816894531,127800
2019-06-05,99.73999786376953,99.73999786376953,98.61000061035156,99.08999633789062,99.08999633789062,53700
2019-06-06,99.2699966430664,100.66000366210938,99.04499816894531,100.58000183105469,100.58000183105469,143400
2019-06-07,101.11000061035156,102.51000213623047,100.9000015258789,101.52999877929688,101.52999877929688,219200
2019-06-10,101.48999786376953,102.41000366210938,100.84200286865234,101.68000030517578,101.68000030517578,96000
2019-06-11,102.05000305175781,102.06999969482422,100.2300033569336,100.6500015258789,100.6500015258789,88700
2019-06-12,100.56999969482422,100.8499984741211,99.63999938964844,99.72000122070312,99.72000122070312,129400
2019-06-13,100.29000091552734,100.29000091552734,99.31999969482422,99.62999725341797,99.62999725341797,76800
2019-06-14,99.62000274658203,100.37000274658203,99.08999633789062,100.05000305175781,100.05000305175781,80400
2019-06-17,100.26000213623047,101.48999786376953,100.06999969482422,100.95999908447266,100.95999908447266,49300
2019-06-18,101.62000274658203,102.44499969482422,101.33000183105469,101.4000015258789,101.4000015258789,102600
2019-06-19,101.23999786376953,102.26000213623047,101.18000030517578,102.0,102.0,224700
2019-06-20,102.5199966430664,103.21499633789062,101.83999633789062,102.37999725341797,102.37999725341797,236100
2019-06-21,102.0199966430664,102.97000122070312,100.95999908447266,102.68000030517578,102.68000030517578,134900
2019-06-24,102.69999694824219,102.81999969482422,101.47000122070312,101.48999786376953,101.48999786376953,58000
2019-06-25,100.87000274658203,100.87000274658203,99.95999908447266,100.16999816894531,100.16999816894531,87000
2019-06-26,99.56999969482422,100.83999633789062,99.2699966430664,99.44000244140625,99.44000244140625,103100
2019-06-27,99.7300033569336,101.44000244140625,99.30000305175781,101.33000183105469,101.33000183105469,60400
2019-06-28,101.45999908447266,102.83999633789062,101.36000061035156,102.83999633789062,102.83999633789062,160200
2019-07-01,104.08999633789062,104.08999633789062,102.97000122070312,103.9800033569336,103.9800033569336,97700
2019-07-02,104.38999938964844,104.38999938964844,103.5,103.87000274658203,103.87000274658203,83100
2019-07-03,104.2699966430664,105.01000213623047,103.97000122070312,104.66999816894531,104.66999816894531,32000
2019-07-05,104.08000183105469,105.23999786376953,104.00499725341797,105.23999786376953,105.23999786376953,47900
2019-07-08,105.19999694824219,105.19999694824219,104.26000213623047,104.33999633789062,104.33999633789062,60800
2019-07-09,104.31999969482422,105.61000061035156,103.9520034790039,105.43000030517578,105.43000030517578,109100
2019-07-10,105.87999725341797,106.45999908447266,105.51499938964844,106.16000366210938,106.16000366210938,196500
2019-07-11,106.91000366210938,107.19999694824219,106.16999816894531,106.58999633789062,106.58999633789062,71200
2019-07-12,106.91000366210938,107.38999938964844,106.56999969482422,107.02999877929688,107.02999877929688,169900
2019-07-15,107.37999725341797,107.37999725341797,106.3499984741211,106.72000122070312,106.72000122070312,101100
2019-07-16,106.81999969482422,107.26000213623047,106.41999816894531,106.5199966430664,106.5199966430664,136900
2019-07-17,106.98999786376953,107.12999725341797,105.68000030517578,105.91999816894531,105.91999816894531,176100
2019-07-18,104.80000305175781,106.16000366210938,104.72000122070312,105.95999908447266,105.95999908447266,102900
2019-07-19,106.51000213623047,106.5199966430664,104.43000030517578,104.55999755859375,104.55999755859375,133800
2019-07-22,104.5199966430664,104.79000091552734,103.5,103.55999755859375,103.55999755859375,63200
2019-07-23,103.74099731445312,103.79000091552734,102.81999969482422,103.58000183105469,103.58000183105469,107700
2019-07-24,103.68000030517578,104.30999755859375,103.18000030517578,104.13999938964844,104.13999938964844,109200
2019-07-25,103.98999786376953,104.16999816894531,103.38999938964844,103.6500015258789,103.6500015258789,88600
2019-07-26,98.55000305175781,101.37999725341797,96.9219970703125,100.93000030517578,100.93000030517578,138000
2019-07-29,100.97000122070312,100.97000122070312,99.61000061035156,99.63999938964844,99.63999938964844,86100
2019-07-30,99.41999816894531,100.83999633789062,99.41999816894531,100.04000091552734,100.04000091552734,160900
2019-07-31,99.58999633789062,99.58999633789062,97.7300033569336,98.19000244140625,98.19000244140625,138900
2019-08-01,98.33999633789062,100.41999816894531,97.79000091552734,97.9800033569336,97.9800033569336,117100
2019-08-02,97.27999877929688,97.9800033569336,94.20999908447266,97.72000122070312,97.72000122070312,79400
2019-08-05,96.33999633789062,96.70500183105469,94.95999908447266,96.26000213623047,96.26000213623047,128200
2019-08-06,96.61000061035156,98.25,96.19000244140625,97.7300033569336,97.7300033569336,99300
2019-08-07,96.48999786376953,96.9800033569336,95.45999908447266,96.70999908447266,96.70999908447266,144200
2019-08-08,97.19000244140625,98.9800033569336,97.19000244140625,98.3499984741211,98.3499984741211,145500
2019-08-09,97.86000061035156,98.47100067138672,96.76000213623047,97.9000015258789,97.9000015258789,143000
2019-08-12,97.27999877929688,97.83999633789062,96.38999938964844,97.19000244140625,97.19000244140625,89900
2019-08-13,96.97000122070312,98.5999984741211,96.9000015258789,97.69000244140625,97.69000244140625,72100
2019-08-14,96.62000274658203,96.9000015258789,96.00900268554688,96.38999938964844,96.38999938964844,61700
2019-08-15,96.94999694824219,97.45999908447266,96.29000091552734,97.0999984741211,97.0999984741211,51000
2019-08-16,97.44000244140625,98.7699966430664,97.44000244140625,98.44000244140625,98.44000244140625,112700
2019-08-19,98.52999877929688,100.25,98.52999877929688,99.77999877929688,99.77999877929688,78700
2019-08-20,99.41000366210938,100.5999984741211,99.19999694824219,100.18000030517578,100.18000030517578,62500
2019-08-21,101.04000091552734,101.04000091552734,99.75,100.23999786376953,100.23999786376953,53800
2019-08-22,100.5,100.5,99.01000213623047,99.94000244140625,99.94000244140625,41800
2019-08-23,99.69000244140625,100.23999786376953,97.91000366210938,98.0999984741211,98.0999984741211,77800
2019-08-26,98.80999755859375,101.16999816894531,98.80999755859375,100.98999786376953,100.98999786376953,113300
2019-08-27,101.33999633789062,101.86000061035156,100.83999633789062,100.87000274658203,100.87000274658203,70400
2019-08-28,100.43000030517578,101.98999786376953,100.22000122070312,101.79000091552734,101.79000091552734,88000
2019-08-29,102.80000305175781,104.08000183105469,102.51000213623047,103.69000244140625,103.69000244140625,88300
2019-08-30,104.01000213623047,104.94999694824219,103.80999755859375,104.75,104.75,160700
2019-09-03,104.25,104.9749984741211,103.91000366210938,104.58000183105469,104.58000183105469,132000
2019-09-04,105.38999938964844,106.98999786376953,105.38999938964844,106.87999725341797,106.87999725341797,127900
2019-09-05,107.58000183105469,109.05999755859375,107.11000061035156,107.25,107.25,99000
2019-09-06,107.31999969482422,108.69999694824219,107.16000366210938,108.1500015258789,108.1500015258789,168400
2019-09-09,108.5,108.94000244140625,106.2300033569336,107.08999633789062,107.08999633789062,165400
2019-09-10,107.0,107.81999969482422,106.37999725341797,107.06999969482422,107.06999969482422,231500
2019-09-11,107.18000030517578,107.95999908447266,106.79000091552734,107.95999908447266,107.95999908447266,68400
2019-09-12,107.91999816894531,109.55999755859375,107.77999877929688,108.37000274658203,108.37000274658203,87300
2019-09-13,108.25,109.11000061035156,108.02999877929688,108.62999725341797,108.62999725341797,121200
2019-09-16,108.22000122070312,108.87000274658203,106.4800033569336,107.66000366210938,107.66000366210938,85200
2019-09-17,107.63999938964844,108.16999816894531,107.04000091552734,107.95999908447266,107.95999908447266,87400
2019-09-18,108.0199966430664,108.20999908447266,107.0199966430664,108.08999633789062,108.08999633789062,77200
2019-09-19,107.9000015258789,109.05000305175781,107.9000015258789,108.43000030517578,108.43000030517578,123000
2019-09-20,108.58000183105469,108.58000183105469,106.2300033569336,106.91000366210938,106.91000366210938,268500
2019-09-23,107.19999694824219,107.25,106.61000061035156,106.76000213623047,106.76000213623047,91600
2019-09-24,106.81999969482422,107.37000274658203,105.41000366210938,105.62999725341797,105.62999725341797,118500
2019-09-25,105.5999984741211,106.0,105.05999755859375,105.5999984741211,105.5999984741211,76400
2019-09-26,105.69000244140625,105.69000244140625,103.51000213623047,104.33999633789062,104.33999633789062,87400
2019-09-27,104.4800033569336,104.62999725341797,102.30999755859375,103.22000122070312,103.22000122070312,56200
2019-09-30,103.68000030517578,104.91000366210938,103.44000244140625,104.5199966430664,104.5199966430664,125500
2019-10-01,104.44000244140625,105.37999725341797,103.38999938964844,103.44999694824219,103.44999694824219,88600
2019-10-02,102.8499984741211,104.70999908447266,102.8499984741211,104.0999984741211,104.0999984741211,146600
2019-10-03,104.5,105.25,103.44000244140625,105.25,105.25,137800
2019-10-04,106.51000213623047,108.3499984741211,106.31999969482422,107.88999938964844,107.88999938964844,154500
2019-10-07,108.0999984741211,108.83999633789062,107.36000061035156,108.0199966430664,108.0199966430664,168300
2019-10-08,107.22000122070312,108.25499725341797,106.31999969482422,107.30000305175781,107.30000305175781,69600
2019-10-09,107.5999984741211,108.2300033569336,107.38999938964844,107.55999755859375,107.55999755859375,69100
2019-10-10,107.20999908447266,108.25,107.08000183105469,107.37999725341797,107.37999725341797,56200
2019-10-11,108.33000183105469,108.44999694824219,106.83000183105469,106.9000015258789,106.9000015258789,65800
2019-10-14,106.16999816894531,107.07599639892578,106.16999816894531,106.75,106.75,88700
2019-10-15,107.08999633789062,109.36000061035156,107.08999633789062,109.0199966430664,109.0199966430664,40900
2019-10-16,108.94000244140625,110.45500183105469,108.5199966430664,109.80000305175781,109.80000305175781,87100
2019-10-17,110.22000122070312,111.47000122070312,109.83999633789062,110.69999694824219,110.69999694824219,37300
2019-10-18,110.75,111.0250015258789,110.08000183105469,110.86000061035156,110.86000061035156,61700
2019-10-21,111.0999984741211,111.45999908447266,109.72000122070312,109.94000244140625,109.94000244140625,63800
2019-10-22,110.0,110.91000366210938,109.68000030517578,109.79000091552734,109.79000091552734,45200
2019-10-23,109.70999908447266,110.16999816894531,109.44999694824219,110.0199966430664,110.0199966430664,109600
2019-10-24,110.61000061035156,110.68000030517578,109.38999938964844,110.25,110.25,172200
2019-10-25,114.94999694824219,117.87000274658203,113.73999786376953,116.08000183105469,116.08000183105469,210900
2019-10-28,115.80999755859375,117.9800033569336,115.80999755859375,116.93000030517578,116.93000030517578,112200
2019-10-29,117.43000030517578,117.98999786376953,116.41000366210938,116.75,116.75,66700
2019-10-30,116.70999908447266,117.9800033569336,116.51000213623047,117.88999938964844,117.88999938964844,57000
2019-10-31,117.88999938964844,117.98999786376953,116.69000244140625,117.98999786376953,117.98999786376953,87800
2019-11-01,118.48999786376953,119.83000183105469,118.48999786376953,119.62999725341797,119.62999725341797,96100
2019-11-04,120.0,120.0,118.30000305175781,118.41999816894531,118.41999816894531,91000
2019-11-05,118.68000030517578,118.68000030517578,117.06999969482422,118.02999877929688,118.02999877929688,74100
2019-11-06,117.6500015258789,118.08999633789062,115.55999755859375,116.62000274658203,116.62000274658203,101900
2019-11-07,117.12000274658203,117.12000274658203,115.1500015258789,115.81999969482422,115.81999969482422,93000
2019-11-08,115.69999694824219,117.44000244140625,115.69999694824219,116.72000122070312,116.72000122070312,58000
2019-11-11,116.29000091552734,117.56999969482422,116.16999816894531,116.9800033569336,116.9800033569336,112600
2019-11-12,116.12999725341797,118.0999984741211,116.12999725341797,117.0,117.0,284300
2019-11-13,116.83000183105469,118.95999908447266,116.7300033569336,118.08999633789062,118.08999633789062,218500
2019-11-14,117.7300033569336,118.58000183105469,117.44000244140625,118.4800033569336,118.4800033569336,87700
2019-11-15,118.68000030517578,118.68000030517578,116.76000213623047,117.12999725341797,117.12999725341797,95200
2019-11-18,117.52999877929688,117.52999877929688,116.44000244140625,116.94999694824219,116.94999694824219,97200
2019-11-19,117.06999969482422,118.48999786376953,116.6500015258789,117.79000091552734,117.79000091552734,98800
2019-11-20,117.63999938964844,120.25499725341797,117.30000305175781,119.8499984741211,119.8499984741211,219700
2019-11-21,120.04000091552734,120.18000030517578,118.7699966430664,119.0,119.0,151400
2019-11-22,119.11000061035156,119.11000061035156,117.30999755859375,117.44000244140625,117.44000244140625,109600
2019-11-25,117.58999633789062,117.91000366210938,116.4000015258789,116.81999969482422,116.81999969482422,114700
2019-11-26,116.95999908447266,117.37000274658203,116.0999984741211,117.12000274658203,117.12000274658203,115600
2019-11-27,117.45999908447266,119.13999938964844,116.94000244140625,118.94000244140625,118.94000244140625,111600
2019-11-29,118.9000015258789,118.9000015258789,118.0,118.30999755859375,118.30999755859375,37400
2019-12-02,118.22000122070312,118.47000122070312,117.0979995727539,117.87999725341797,117.87999725341797,175800
2019-12-03,117.08999633789062,118.16500091552734,116.81999969482422,117.8499984741211,117.8499984741211,134600
2019-12-04,117.79000091552734,117.8499984741211,116.08999633789062,116.22000122070312,116.22000122070312,143100
2019-12-05,116.29000091552734,118.18000030517578,116.29000091552734,118.08999633789062,118.08999633789062,94800
2019-12-06,118.7300033569336,119.30999755859375,118.06999969482422,118.91999816894531,118.91999816894531,106900
2019-12-09,118.47000122070312,119.83999633789062,118.04000091552734,118.70999908447266,118.70999908447266,104300
2019-12-10,118.41999816894531,118.63999938964844,116.93000030517578,117.08999633789062,117.08999633789062,52100
2019-12-11,117.23999786376953,118.66999816894531,117.0,118.55000305175781,118.55000305175781,76200
2019-12-12,118.19000244140625,120.3499984741211,118.19000244140625,119.7699966430664,119.7699966430664,93300
2019-12-13,119.62999725341797,121.63999938964844,119.62999725341797,120.52999877929688,120.52999877929688,79500
2019-12-16,120.75,121.0,118.62000274658203,119.27999877929688,119.27999877929688,104800
2019-12-17,119.62000274658203,120.0199966430664,119.12000274658203,119.18000030517578,119.18000030517578,53200
2019-12-18,118.88999938964844,119.96499633789062,118.4800033569336,118.81999969482422,118.81999969482422,67600
2019-12-19,118.89299774169922,121.48999786376953,118.89299774169922,121.37999725341797,121.37999725341797,139300
2019-12-20,121.77999877929688,122.19999694824219,120.72000122070312,121.0999984741211,121.0999984741211,129900
2019-12-23,121.48999786376953,122.80999755859375,120.80999755859375,122.69000244140625,122.69000244140625,86300
2019-12-24,123.12000274658203,123.33000183105469,122.38999938964844,122.77999877929688,122.77999877929688,49100
2019-12-26,123.08000183105469,124.12999725341797,123.08000183105469,124.05999755859375,124.05999755859375,52400
2019-12-27,124.16999816894531,124.41100311279297,123.4000015258789,124.0,124.0,54500
2019-12-30,124.16000366210938,124.16000366210938,123.11000061035156,123.54000091552734,123.54000091552734,97100
2019-12-31,123.66000366210938,124.8550033569336,123.62000274658203,124.55999755859375,124.55999755859375,71700
2020-01-02,124.8499984741211,125.22000122070312,123.06999969482422,125.19000244140625,125.19000244140625,80700
2020-01-03,124.44999694824219,126.58999633789062,124.44999694824219,126.5,126.5,77800
2020-01-06,126.41000366210938,127.0199966430664,125.5999984741211,126.93000030517578,126.93000030517578,50100
2020-01-07,126.55999755859375,128.1649932861328,126.55999755859375,127.48999786376953,127.48999786376953,44100
2020-01-08,127.3499984741211,129.1300048828125,127.16999816894531,127.30000305175781,127.30000305175781,55400
2020-01-09,127.16000366210938,128.22500610351562,127.16000366210938,128.07000732421875,128.07000732421875,54900
2020-01-10,128.55999755859375,128.55999755859375,127.24500274658203,127.37999725341797,127.37999725341797,30600
2020-01-13,127.6500015258789,128.92999267578125,127.63999938964844,128.88999938964844,128.88999938964844,50200
2020-01-14,128.9499969482422,128.9499969482422,128.07000732421875,128.44000244140625,128.44000244140625,89200
2020-01-15,128.80999755859375,130.10000610351562,128.74000549316406,129.64999389648438,129.64999389648438,74100
2020-01-16,129.3800048828125,129.88499450683594,128.1439971923828,129.02999877929688,129.02999877929688,53800
2020-01-17,129.13999938964844,129.3699951171875,128.07000732421875,128.63999938964844,128.63999938964844,98200
2020-01-21,128.4199981689453,129.66000366210938,127.43000030517578,129.36000061035156,129.36000061035156,37900
2020-01-22,129.74000549316406,130.49000549316406,129.08999633789062,129.8300018310547,129.8300018310547,93700
2020-01-23,129.6999969482422,130.7100067138672,129.05999755859375,130.49000549316406,130.49000549316406,117500
2020-01-24,130.0800018310547,130.61500549316406,128.61000061035156,128.61000061035156,128.61000061035156,60100
2020-01-27,127.04000091552734,128.99000549316406,127.04000091552734,128.3699951171875,128.3699951171875,95300
2020-01-28,128.33999633789062,129.4149932861328,128.10000610351562,128.24000549316406,128.24000549316406,98300
2020-01-29,128.24000549316406,128.24000549316406,125.54000091552734,125.70999908447266,125.70999908447266,77400
2020-01-30,125.1500015258789,126.30999755859375,124.5999984741211,126.30999755859375,126.30999755859375,51400
2020-01-31,127.1500015258789,132.1999969482422,126.5999984741211,131.58999633789062,131.58999633789062,135000
2020-02-03,131.3300018310547,135.80999755859375,131.3300018310547,134.9499969482422,134.9499969482422,123000
2020-02-04,135.7899932861328,135.7899932861328,132.82000732421875,134.97000122070312,134.97000122070312,105700
2020-02-05,133.39999389648438,134.00999450683594,132.24000549316406,132.4600067138672,132.4600067138672,83100
2020-02-06,132.6199951171875,133.73300170898438,132.6199951171875,133.25,133.25,48700
2020-02-07,133.00999450683594,133.1300048828125,132.1999969482422,132.88999938964844,132.88999938964844,75100
2020-02-10,133.17999267578125,134.02999877929688,132.5399932861328,133.77000427246094,133.77000427246094,36100
2020-02-11,134.0800018310547,134.75,132.75,134.60000610351562,134.60000610351562,51900
2020-02-12,134.3300018310547,135.52000427246094,134.3300018310547,134.9199981689453,134.9199981689453,67000
2020-02-13,134.52999877929688,135.75999450683594,134.52999877929688,135.44000244140625,135.44000244140625,26000
2020-02-14,135.6699981689453,135.99000549316406,134.7899932861328,135.6999969482422,135.6999969482422,37200
2020-02-18,134.86000061035156,136.74000549316406,134.86000061035156,136.69000244140625,136.69000244140625,35500
2020-02-19,137.22999572753906,138.47000122070312,136.89999389648438,137.91000366210938,137.91000366210938,59800
2020-02-20,137.6999969482422,138.47000122070312,136.05999755859375,136.97000122070312,136.97000122070312,35100
2020-02-21,136.6300048828125,137.08999633789062,135.13999938964844,135.60000610351562,135.60000610351562,48200
2020-02-24,133.8000030517578,135.02999877929688,133.0,134.32000732421875,134.32000732421875,53200
2020-02-25,134.88999938964844,135.64999389648438,131.60000610351562,131.6999969482422,131.6999969482422,56700
2020-02-26,133.07000732421875,134.08900451660156,131.32000732421875,131.47000122070312,131.47000122070312,110700
2020-02-27,129.3800048828125,131.27999877929688,128.19000244140625,128.19000244140625,128.19000244140625,146300
2020-02-28,125.80999755859375,127.36000061035156,121.77999877929688,123.68000030517578,123.68000030517578,281700
2020-03-02,124.1500015258789,126.31999969482422,124.01000213623047,126.20999908447266,126.20999908447266,178700
2020-03-03,126.4000015258789,128.8300018310547,125.76000213623047,126.33999633789062,126.33999633789062,201500
2020-03-04,128.25999450683594,132.24000549316406,127.76000213623047,131.91000366210938,131.91000366210938,98600
2020-03-05,130.07000732421875,131.33999633789062,125.27999877929688,125.93000030517578,125.93000030517578,229700
2020-03-06,123.83999633789062,123.83999633789062,119.80999755859375,121.98999786376953,121.98999786376953,220600
2020-03-09,116.06999969482422,117.05999755859375,110.62999725341797,112.33999633789062,112.33999633789062,221400
2020-03-10,113.81999969482422,116.63999938964844,112.29000091552734,116.41999816894531,116.41999816894531,146300
2020-03-11,114.12999725341797,115.30999755859375,109.48999786376953,110.63999938964844,110.63999938964844,149500
2020-03-12,103.87000274658203,110.13600158691406,101.37300109863281,105.25,105.25,203600
2020-03-13,109.88999938964844,112.81500244140625,102.02999877929688,109.80000305175781,109.80000305175781,223100
2020-03-16,101.4000015258789,101.80000305175781,91.3949966430664,92.3499984741211,92.3499984741211,251200
2020-03-17,93.27999877929688,97.15499877929688,93.01499938964844,96.30000305175781,96.30000305175781,345000
2020-03-18,90.79000091552734,93.20999908447266,80.13999938964844,89.62999725341797,89.62999725341797,700900
2020-03-19,88.72000122070312,95.02999877929688,88.16000366210938,92.20999908447266,92.20999908447266,350900
2020-03-20,92.31999969482422,94.0,86.70999908447266,87.37999725341797,87.37999725341797,260200
2020-03-23,88.30999755859375,89.30000305175781,84.88999938964844,88.01000213623047,88.01000213623047,426000
2020-03-24,92.66999816894531,97.91999816894531,92.16999816894531,97.04000091552734,97.04000091552734,236600
2020-03-25,95.83000183105469,103.73999786376953,95.83000183105469,98.30000305175781,98.30000305175781,321400
2020-03-26,99.04000091552734,109.98999786376953,97.80000305175781,109.5199966430664,109.5199966430664,156300
2020-03-27,105.87999725341797,110.3499984741211,105.08000183105469,108.01000213623047,108.01000213623047,126800
2020-03-30,108.37000274658203,110.55000305175781,107.51000213623047,110.37000274658203,110.37000274658203,82700
2020-03-31,109.54000091552734,110.31999969482422,105.58999633789062,107.0,107.0,218100
2020-04-01,104.87999725341797,104.87999725341797,101.31999969482422,102.52999877929688,102.52999877929688,221500
2020-04-02,102.20999908447266,107.02999877929688,101.91000366210938,106.23999786376953,106.23999786376953,58000
2020-04-03,106.05999755859375,106.66000366210938,102.63999938964844,104.0199966430664,104.0199966430664,181500
2020-04-06,108.26000213623047,110.2249984741211,106.87000274658203,109.68000030517578,109.68000030517578,105100
2020-04-07,112.72000122070312,113.76000213623047,107.08999633789062,108.11000061035156,108.11000061035156,136500
2020-04-08,108.93000030517578,111.81999969482422,108.11000061035156,110.88999938964844,110.88999938964844,64300
2020-04-09,112.51000213623047,112.81999969482422,110.44999694824219,111.62999725341797,111.62999725341797,68000
2020-04-13,111.87000274658203,112.97000122070312,110.0999984741211,112.30999755859375,112.30999755859375,108300
2020-04-14,114.33000183105469,118.1500015258789,114.04000091552734,117.66000366210938,117.66000366210938,99900
2020-04-15,115.62999725341797,120.6500015258789,115.62999725341797,119.37999725341797,119.37999725341797,101900
2020-04-16,120.08999633789062,120.9000015258789,118.85299682617188,119.87000274658203,119.87000274658203,94100
2020-04-17,122.0199966430664,122.0199966430664,119.05000305175781,121.79000091552734,121.79000091552734,83300
2020-04-20,119.83999633789062,122.93000030517578,119.83999633789062,121.52999877929688,121.52999877929688,61400
2020-04-21,119.61000061035156,121.13999938964844,118.62999725341797,119.77999877929688,119.77999877929688,68800
2020-04-22,122.33999633789062,122.33999633789062,120.04000091552734,120.8499984741211,120.8499984741211,104900
2020-04-23,121.33000183105469,123.21800231933594,120.79000091552734,121.41000366210938,121.41000366210938,74500
2020-04-24,122.16000366210938,122.77999877929688,120.55999755859375,122.77999877929688,122.77999877929688,72700
2020-04-27,123.02999877929688,125.98999786376953,123.02999877929688,123.8499984741211,123.8499984741211,59300
2020-04-28,125.80000305175781,125.80000305175781,121.88999938964844,122.5,122.5,122100
2020-04-29,125.2699966430664,125.2699966430664,121.4000015258789,121.5199966430664,121.5199966430664,59900
2020-04-30,120.08999633789062,123.38500213623047,119.41999816894531,120.0199966430664,120.0199966430664,94800
2020-05-01,119.61000061035156,122.91999816894531,119.55999755859375,122.37000274658203,122.37000274658203,77400
2020-05-04,122.5199966430664,124.7699966430664,122.33000183105469,123.27999877929688,123.27999877929688,90500
2020-05-05,123.51000213623047,125.48999786376953,123.19999694824219,123.8499984741211,123.8499984741211,67500
2020-05-06,124.36000061035156,124.36000061035156,121.26000213623047,121.29000091552734,121.29000091552734,155500
2020-05-07,123.83999633789062,124.83000183105469,122.86000061035156,124.0199966430664,124.0199966430664,83600
2020-05-08,125.20999908447266,125.7699966430664,124.02999877929688,124.62999725341797,124.62999725341797,99100
2020-05-11,123.41999816894531,124.5,122.55999755859375,123.04000091552734,123.04000091552734,132700
2020-05-12,123.08999633789062,123.55999755859375,120.87999725341797,121.16999816894531,121.16999816894531,67100
2020-05-13,121.66999816894531,121.66999816894531,117.43000030517578,119.30000305175781,119.30000305175781,179900
2020-05-14,118.93000030517578,120.69999694824219,118.12999725341797,120.56999969482422,120.56999969482422,129400
2020-05-15,119.69000244140625,120.73999786376953,118.5999984741211,120.36000061035156,120.36000061035156,86400
2020-05-18,122.68000030517578,125.83000183105469,121.5999984741211,125.01000213623047,125.01000213623047,220300
2020-05-19,126.91999816894531,129.7100067138672,124.41999816894531,124.58999633789062,124.58999633789062,140400
2020-05-20,126.54000091552734,126.54000091552734,123.16999816894531,123.77999877929688,123.77999877929688,132700
2020-05-21,123.80000305175781,124.72000122070312,123.16000366210938,123.88999938964844,123.88999938964844,101200
2020-05-22,123.16000366210938,124.30999755859375,123.12000274658203,124.26000213623047,124.26000213623047,75100
2020-05-26,125.37999725341797,126.55000305175781,124.16000366210938,124.43000030517578,124.43000030517578,144200
2020-05-27,124.62999725341797,128.30999755859375,124.62999725341797,128.0800018310547,128.0800018310547,175900
2020-05-28,128.99000549316406,131.9499969482422,128.9499969482422,131.4199981689453,131.4199981689453,244800
2020-05-29,132.6699981689453,135.14999389648438,131.36000061035156,134.69000244140625,134.69000244140625,1331200
2020-06-01,134.6699981689453,135.47999572753906,133.64999389648438,134.17999267578125,134.17999267578125,125800
2020-06-02,134.6199951171875,135.9199981689453,133.50999450683594,135.22000122070312,135.22000122070312,124800
2020-06-03,135.91000366210938,136.39999389648438,135.3350067138672,135.6699981689453,135.6699981689453,85100
2020-06-04,135.02000427246094,135.50999450683594,132.4199981689453,133.63999938964844,133.63999938964844,125800
2020-06-05,135.5,135.5,131.44000244140625,131.8699951171875,131.8699951171875,167900
2020-06-08,131.7100067138672,132.42999267578125,130.19000244140625,132.42999267578125,132.42999267578125,93700
2020-06-09,132.25,132.25,129.88999938964844,130.11000061035156,130.11000061035156,102000
2020-06-10,130.74000549316406,131.0800018310547,128.52999877929688,129.85000610351562,129.85000610351562,85400
2020-06-11,127.58999633789062,129.22000122070312,124.98400115966797,125.62000274658203,125.62000274658203,132600
2020-06-12,127.41999816894531,128.41000366210938,124.74500274658203,127.33000183105469,127.33000183105469,88600
2020-06-15,125.51000213623047,128.82000732421875,124.7300033569336,128.17999267578125,128.17999267578125,100500
2020-06-16,130.25999450683594,130.47000122070312,127.86000061035156,128.75999450683594,128.75999450683594,93600
2020-06-17,129.50999450683594,130.3300018310547,129.00999450683594,129.22000122070312,129.22000122070312,70600
2020-06-18,129.02000427246094,130.10499572753906,129.02000427246094,129.75,129.75,54400
2020-06-19,130.61000061035156,130.61000061035156,126.77999877929688,128.61000061035156,128.61000061035156,146900
2020-06-22,128.6699981689453,128.67999267578125,126.75,127.56999969482422,127.56999969482422,66500
2020-06-23,128.0,128.08999633789062,125.97000122070312,126.41000366210938,126.41000366210938,102500
2020-06-24,125.51000213623047,125.51000213623047,122.19999694824219,122.69999694824219,122.69999694824219,86700
2020-06-25,122.19999694824219,123.06999969482422,120.80000305175781,122.80000305175781,122.80000305175781,67600
2020-06-26,123.0199966430664,123.0199966430664,120.44999694824219,121.0999984741211,121.0999984741211,226700
2020-06-29,121.0999984741211,123.66000366210938,120.61000061035156,122.76000213623047,122.76000213623047,85300
2020-06-30,122.94999694824219,122.94999694824219,116.5999984741211,122.19000244140625,122.19000244140625,226100
2020-07-01,121.54000091552734,126.80999755859375,121.54000091552734,126.61000061035156,126.61000061035156,106300
2020-07-02,127.8499984741211,128.63999938964844,123.23999786376953,123.58000183105469,123.58000183105469,169100
2020-07-06,124.41000366210938,126.1500015258789,123.47000122070312,124.1500015258789,124.1500015258789,114300
2020-07-07,124.02999877929688,127.08999633789062,124.0199966430664,125.97000122070312,125.97000122070312,106800
2020-07-08,126.44999694824219,126.44999694824219,123.95999908447266,125.31999969482422,125.31999969482422,83000
2020-07-09,125.25,125.72000122070312,122.88500213623047,124.6500015258789,124.6500015258789,85200
2020-07-10,124.94000244140625,126.5,123.86599731445312,126.0199966430664,126.0199966430664,65000
2020-07-13,126.30000305175781,127.58999633789062,124.25,124.37999725341797,124.37999725341797,64600
2020-07-14,123.44999694824219,127.37000274658203,123.44999694824219,127.22000122070312,127.22000122070312,84300
2020-07-15,128.07000732421875,129.1300048828125,127.18000030517578,128.67999267578125,128.67999267578125,65000
2020-07-16,129.1199951171875,129.1199951171875,127.52999877929688,128.5399932861328,128.5399932861328,75600
2020-07-17,128.97999572753906,131.1300048828125,128.8300018310547,130.61000061035156,130.61000061035156,53900
2020-07-20,130.7100067138672,131.30999755859375,130.02000427246094,130.61000061035156,130.61000061035156,65200
2020-07-21,129.72000122070312,132.4199981689453,129.72000122070312,131.1300048828125,131.1300048828125,45500
2020-07-22,131.42999267578125,131.92999267578125,131.02499389648438,131.49000549316406,131.49000549316406,55100
2020-07-23,131.13999938964844,132.1999969482422,129.64999389648438,129.9199981689453,129.9199981689453,43600
2020-07-24,128.80999755859375,130.72000122070312,128.64999389648438,130.6300048828125,130.6300048828125,47400
2020-07-27,131.49000549316406,131.49000549316406,129.08999633789062,129.44000244140625,129.44000244140625,57000
2020-07-28,128.64999389648438,130.41000366210938,128.64999389648438,129.5,129.5,38200
2020-07-29,129.39999389648438,130.72999572753906,128.92999267578125,130.07000732421875,130.07000732421875,72200
2020-07-30,128.5800018310547,131.8800048828125,128.5800018310547,131.42999267578125,131.42999267578125,76000
2020-07-31,135.11000061035156,136.67999267578125,132.72000122070312,135.00999450683594,135.00999450683594,90600
2020-08-03,135.0399932861328,138.8699951171875,135.0399932861328,137.82000732421875,137.82000732421875,92000
2020-08-04,137.50999450683594,139.55999755859375,137.50999450683594,139.5500030517578,139.5500030517578,79200
2020-08-05,139.64999389648438,140.24000549316406,138.63999938964844,139.72000122070312,139.72000122070312,94700
2020-08-06,139.88999938964844,141.7100067138672,139.44000244140625,141.63999938964844,141.63999938964844,132800
2020-08-07,141.4199981689453,143.99000549316406,141.4199981689453,142.91000366210938,142.91000366210938,85100
2020-08-10,142.52000427246094,149.0050048828125,141.00399780273438,141.77000427246094,141.77000427246094,120600
2020-08-11,146.92999267578125,146.92999267578125,138.75999450683594,138.9600067138672,138.9600067138672,176200
2020-08-12,139.69000244140625,142.63999938964844,138.77000427246094,139.1199951171875,139.1199951171875,100200
2020-08-13,139.02000427246094,141.2899932861328,139.02000427246094,140.0,140.0,67500
2020-08-14,139.72000122070312,140.80999755859375,135.2899932861328,139.0399932861328,139.0399932861328,121900
2020-08-17,140.02000427246094,140.02000427246094,137.4199981689453,137.6300048828125,137.6300048828125,120900
2020-08-18,137.22999572753906,138.52999877929688,136.86000061035156,137.57000732421875,137.57000732421875,175000
2020-08-19,138.17999267578125,138.88999938964844,136.85000610351562,137.13999938964844,137.13999938964844,124300
2020-08-20,136.6199951171875,137.7050018310547,136.34500122070312,136.85000610351562,136.85000610351562,123500
2020-08-21,135.91000366210938,137.44000244140625,135.8699951171875,136.80999755859375,136.80999755859375,113300
2020-08-24,135.9600067138672,138.66900634765625,135.9600067138672,138.08999633789062,138.08999633789062,167500
2020-08-25,137.86000061035156,139.61000061035156,137.86000061035156,138.72999572753906,138.72999572753906,169900
2020-08-26,139.0399932861328,140.58999633789062,137.9600067138672,138.82000732421875,138.82000732421875,89400
2020-08-27,139.30999755859375,139.75,138.52000427246094,139.0,139.0,126100
2020-08-28,139.60000610351562,139.60000610351562,138.47000122070312,139.0800018310547,139.0800018310547,136300
2020-08-31,139.0,139.60000610351562,138.00999450683594,138.19000244140625,138.19000244140625,241100
2020-09-01,137.6699981689453,139.64999389648438,137.66000366210938,139.5500030517578,139.5500030517578,84100
2020-09-02,140.33999633789062,142.25,139.6999969482422,141.66000366210938,141.66000366210938,104000
2020-09-03,141.64999389648438,141.66000366210938,136.8000030517578,137.86000061035156,137.86000061035156,131400
2020-09-04,137.7100067138672,139.92999267578125,132.85000610351562,135.3800048828125,135.3800048828125,127400
2020-09-08,133.88999938964844,136.5,132.38999938964844,134.60000610351562,134.60000610351562,145400
2020-09-09,136.02999877929688,138.24000549316406,135.49000549316406,137.44000244140625,137.44000244140625,113700
2020-09-10,137.35000610351562,139.3699951171875,135.52499389648438,136.10000610351562,136.10000610351562,138000
2020-09-11,137.27999877929688,137.27999877929688,135.27999877929688,136.0,136.0,171500
2020-09-14,137.89999389648438,138.86000061035156,136.81500244140625,138.11000061035156,138.11000061035156,113900
2020-09-15,138.25,141.6999969482422,137.9600067138672,141.00999450683594,141.00999450683594,220700
2020-09-16,141.75,144.86000061035156,141.75,143.1999969482422,143.1999969482422,166800
2020-09-17,141.82000732421875,142.3800048828125,138.2100067138672,140.2100067138672,140.2100067138672,154700
2020-09-18,141.00999450683594,141.55999755859375,138.9199981689453,140.4199981689453,140.4199981689453,330000
2020-09-21,139.0500030517578,140.05999755859375,137.47500610351562,139.3800048828125,139.3800048828125,149500
2020-09-22,139.60000610351562,143.85000610351562,139.60000610351562,143.3300018310547,143.3300018310547,142800
2020-09-23,143.08999633789062,143.1300048828125,139.72000122070312,139.8300018310547,139.8300018310547,107700
2020-09-24,139.47000122070312,140.30999755859375,137.75,138.13999938964844,138.13999938964844,153400
2020-09-25,137.61000061035156,139.72000122070312,136.83999633789062,139.16000366210938,139.16000366210938,99100
2020-09-28,139.99000549316406,143.19000244140625,139.99000549316406,142.61000061035156,142.61000061035156,89200
2020-09-29,142.83999633789062,143.83999633789062,141.69000244140625,142.27999877929688,142.27999877929688,97400
2020-09-30,142.6300048828125,143.33999633789062,141.25,141.80999755859375,141.80999755859375,252800
2020-10-01,142.83999633789062,145.22999572753906,142.83999633789062,144.33999633789062,144.33999633789062,396600
2020-10-02,142.8000030517578,143.72999572753906,140.77000427246094,142.1699981689453,142.1699981689453,289100
2020-10-05,142.86000061035156,146.38999938964844,142.86000061035156,145.9199981689453,145.9199981689453,216800
2020-10-06,146.08999633789062,146.30499267578125,142.55999755859375,143.55999755859375,143.55999755859375,156800
2020-10-07,145.05999755859375,145.3300018310547,144.17999267578125,144.5399932861328,144.5399932861328,81100
2020-10-08,145.77999877929688,146.5500030517578,144.52000427246094,146.05999755859375,146.05999755859375,70900
2020-10-09,146.75999450683594,147.26699829101562,146.1999969482422,146.41000366210938,146.41000366210938,50300
2020-10-12,147.19000244140625,151.49000549316406,147.19000244140625,149.77000427246094,149.77000427246094,107000
2020-10-13,149.27999877929688,150.0800018310547,148.55999755859375,149.55999755859375,149.55999755859375,31300
2020-10-14,150.1199951171875,150.6699981689453,146.9550018310547,147.17999267578125,147.17999267578125,62000
2020-10-15,145.67999267578125,147.8000030517578,145.4199981689453,147.52000427246094,147.52000427246094,157300
2020-10-16,147.85000610351562,149.14999389648438,147.10000610351562,147.10000610351562,147.10000610351562,47300
2020-10-19,147.63999938964844,147.72000122070312,143.3800048828125,143.6699981689453,143.6699981689453,49400
2020-10-20,144.14999389648438,144.99000549316406,141.60499572753906,141.9199981689453,141.9199981689453,56100
2020-10-21,141.0800018310547,142.08999633789062,140.07000732421875,140.55999755859375,140.55999755859375,107200
2020-10-22,140.55999755859375,140.9199981689453,139.02000427246094,139.72999572753906,139.72999572753906,89000
2020-10-23,139.77999877929688,139.99000549316406,137.58999633789062,138.60000610351562,138.60000610351562,55200
2020-10-26,137.6999969482422,138.80999755859375,135.60000610351562,136.6199951171875,136.6199951171875,178100
2020-10-27,137.02000427246094,137.07000732421875,135.4499969482422,136.47000122070312,136.47000122070312,86100
2020-10-28,134.9199981689453,136.44000244140625,133.50999450683594,133.77000427246094,133.77000427246094,78200
2020-10-29,133.6699981689453,135.25,133.5050048828125,134.13999938964844,134.13999938964844,192600
2020-10-30,135.0,141.58999633789062,135.0,140.5500030517578,140.5500030517578,237300
2020-11-02,141.3000030517578,141.77999877929688,135.08999633789062,137.2899932861328,137.2899932861328,150400
2020-11-03,138.0800018310547,141.22999572753906,138.0800018310547,138.99000549316406,138.99000549316406,155700
2020-11-04,140.02999877929688,150.74000549316406,140.02999877929688,148.00999450683594,148.00999450683594,93800
2020-11-05,148.1300048828125,152.1199951171875,148.1300048828125,151.3300018310547,151.3300018310547,89200
2020-11-06,152.0,152.5800018310547,150.1699981689453,151.61000061035156,151.61000061035156,92000
2020-11-09,155.25999450683594,155.25999450683594,145.05999755859375,145.14999389648438,145.14999389648438,255200
2020-11-10,144.75,148.47000122070312,143.55999755859375,147.8000030517578,147.8000030517578,112100
2020-11-11,147.86000061035156,150.11000061035156,147.64999389648438,148.85000610351562,148.85000610351562,88900
2020-11-12,149.75999450683594,150.8300018310547,148.3800048828125,149.39999389648438,149.39999389648438,56100
2020-11-13,149.72999572753906,152.52999877929688,149.72999572753906,152.25,152.25,268200
2020-11-16,153.0,153.0,150.99600219726562,151.47000122070312,151.47000122070312,102400
2020-11-17,151.4499969482422,153.83999633789062,150.1649932861328,153.61000061035156,153.61000061035156,66000
2020-11-18,155.19000244140625,157.92999267578125,153.3000030517578,156.50999450683594,156.50999450683594,81700
2020-11-19,156.36000061035156,159.27000427246094,156.0399932861328,157.13999938964844,157.13999938964844,80600
2020-11-20,157.61000061035156,159.8699951171875,155.43299865722656,159.13999938964844,159.13999938964844,85000
2020-11-23,158.97999572753906,160.28700256347656,157.4199981689453,158.2899932861328,158.2899932861328,101700
2020-11-24,159.77000427246094,159.77000427246094,156.6300048828125,158.19000244140625,158.19000244140625,92500
2020-11-25,159.49000549316406,159.5,155.10000610351562,156.89999389648438,156.89999389648438,54000
2020-11-27,157.0800018310547,159.0399932861328,156.63999938964844,157.13999938964844,157.13999938964844,40700
2020-11-30,156.36000061035156,158.47000122070312,156.25999450683594,156.77000427246094,156.77000427246094,203600
2020-12-01,157.69000244140625,160.27000427246094,157.69000244140625,159.94000244140625,159.94000244140625,94300
2020-12-02,159.08999633789062,160.36000061035156,154.8769989013672,160.2100067138672,160.2100067138672,58700
2020-12-03,160.7100067138672,162.10000610351562,157.66000366210938,160.0800018310547,160.0800018310547,105500
2020-12-04,160.0800018310547,161.7899932861328,160.0800018310547,161.0500030517578,161.0500030517578,81200
2020-12-07,160.02999877929688,162.2550048828125,160.02999877929688,161.8300018310547,161.8300018310547,107100
2020-12-08,161.47000122070312,161.7899932861328,159.47999572753906,159.7899932861328,159.7899932861328,73800
2020-12-09,159.69000244140625,160.10499572753906,156.52000427246094,157.24000549316406,157.24000549316406,79700
2020-12-10,157.80999755859375,159.19000244140625,155.94000244140625,158.89999389648438,158.89999389648438,49300
2020-12-11,158.3800048828125,159.14300537109375,157.75999450683594,158.75,158.75,44200
2020-12-14,159.2100067138672,159.96499633789062,158.22999572753906,158.58999633789062,158.58999633789062,75300
2020-12-15,158.58999633789062,159.16000366210938,156.9499969482422,158.0399932861328,158.0399932861328,87400
2020-12-16,158.0,158.77999877929688,156.1699981689453,157.41000366210938,157.41000366210938,114100
2020-12-17,157.8300018310547,161.35000610351562,157.8300018310547,159.6199951171875,159.6199951171875,187400
2020-12-18,160.5399932861328,161.14999389648438,155.3000030517578,155.69000244140625,155.69000244140625,236300
2020-12-21,154.22999572753906,157.32000732421875,153.22999572753906,156.25999450683594,156.25999450683594,262200
2020-12-22,156.52000427246094,156.52000427246094,151.9199981689453,152.07000732421875,152.07000732421875,300200
2020-12-23,153.1199951171875,156.52999877929688,151.9199981689453,155.8300018310547,155.8300018310547,259700
2020-12-24,155.47999572753906,158.92999267578125,155.47999572753906,158.75,158.75,61300
2020-12-28,159.14999389648438,159.31900024414062,155.2899932861328,155.77999877929688,155.77999877929688,94700
2020-12-29,156.52999877929688,158.11000061035156,155.75,157.99000549316406,157.99000549316406,69200
2020-12-30,158.11000061035156,158.2899932861328,154.86000061035156,155.0,155.0,56900
2020-12-31,155.08999633789062,157.91000366210938,154.7100067138672,157.5800018310547,157.5800018310547,87100
2021-01-04,157.77999877929688,157.77999877929688,152.14999389648438,154.5399932861328,154.5399932861328,123800
2021-01-05,153.7899932861328,154.3800048828125,150.94500732421875,152.0399932861328,152.0399932861328,62700
2021-01-06,150.9499969482422,152.8000030517578,148.38999938964844,150.1999969482422,150.1999969482422,79000
2021-01-07,150.80999755859375,152.6300048828125,149.77999877929688,151.7899932861328,151.7899932861328,76600
2021-01-08,151.6999969482422,152.16000366210938,150.1999969482422,151.5,151.5,143700
2021-01-11,150.64999389648438,152.75,150.64999389648438,151.74000549316406,151.74000549316406,93500
2021-01-12,151.55999755859375,151.55999755859375,146.41000366210938,147.0399932861328,147.0399932861328,138000
2021-01-13,146.77999877929688,147.32000732421875,145.55999755859375,145.97999572753906,145.97999572753906,66200
2021-01-14,146.13999938964844,148.69000244140625,144.44000244140625,147.57000732421875,147.57000732421875,69200
2021-01-15,148.44000244140625,150.86000061035156,145.75999450683594,149.2899932861328,149.2899932861328,113300
2021-01-19,149.9199981689453,150.9600067138672,147.69000244140625,150.52000427246094,150.52000427246094,144300
2021-01-20,151.52999877929688,154.0500030517578,150.75,153.3300018310547,153.3300018310547,92500
2021-01-21,152.85000610351562,155.2899932861328,152.85000610351562,154.41000366210938,154.41000366210938,105900
2021-01-22,154.38999938964844,154.9499969482422,152.9199981689453,153.64999389648438,153.64999389648438,121400
2021-01-25,153.92999267578125,156.67999267578125,153.75999450683594,154.66000366210938,154.66000366210938,135400
2021-01-26,154.6199951171875,155.24000549316406,153.1199951171875,153.6199951171875,153.6199951171875,216500
2021-01-27,153.60000610351562,153.60000610351562,142.15499877929688,142.61000061035156,142.61000061035156,352000
2021-01-28,143.47999572753906,156.24000549316406,143.47999572753906,154.2899932861328,154.2899932861328,151000
2021-01-29,149.64999389648438,149.64999389648438,143.75,145.1699981689453,145.1699981689453,143300
2021-02-01,146.8699951171875,146.8699951171875,142.69000244140625,144.22000122070312,144.22000122070312,75100
2021-02-02,145.49000549316406,150.17999267578125,144.1999969482422,147.83999633789062,147.83999633789062,84900
2021-02-03,148.75999450683594,148.75999450683594,144.41000366210938,145.50999450683594,145.50999450683594,105400
2021-02-04,145.8000030517578,147.6999969482422,144.4199981689453,147.6999969482422,147.6999969482422,85600
2021-02-05,147.99000549316406,150.11500549316406,146.5279998779297,146.6300048828125,146.6300048828125,76400
2021-02-08,146.6300048828125,148.1999969482422,146.50999450683594,147.89999389648438,147.89999389648438,87500
2021-02-09,147.0399932861328,150.0,147.02000427246094,149.1300048828125,149.1300048828125,153100
2021-02-10,149.67999267578125,149.67999267578125,146.19000244140625,147.1300048828125,147.1300048828125,79000
2021-02-11,146.72000122070312,148.05999755859375,144.58999633789062,148.05999755859375,148.05999755859375,47200
2021-02-12,147.22999572753906,148.32000732421875,145.91000366210938,146.6699981689453,146.6699981689453,77300
2021-02-16,146.6699981689453,147.64999389648438,145.8800048828125,147.64999389648438,147.64999389648438,92800
2021-02-17,147.17999267578125,149.25999450683594,147.05999755859375,147.8300018310547,147.8300018310547,44600
2021-02-18,146.69000244140625,148.22999572753906,145.99000549316406,147.1199951171875,147.1199951171875,68200
2021-02-19,146.88999938964844,147.31500244140625,145.3300018310547,145.88999938964844,145.88999938964844,66100
2021-02-22,144.9499969482422,146.02999877929688,143.16000366210938,143.52000427246094,143.52000427246094,126100
2021-02-23,142.6999969482422,144.80999755859375,141.30999755859375,143.3800048828125,143.3800048828125,84700
2021-02-24,143.5,145.74000549316406,142.10000610351562,143.35000610351562,143.35000610351562,126200
2021-02-25,143.33999633789062,144.8699951171875,139.8699951171875,140.47000122070312,140.47000122070312,107100
2021-02-26,141.66000366210938,149.86000061035156,138.0399932861328,145.36000061035156,145.36000061035156,173600
2021-03-01,147.1300048828125,148.39999389648438,145.64999389648438,147.42999267578125,147.42999267578125,65400
2021-03-02,148.5800018310547,148.5800018310547,145.74000549316406,146.77999877929688,146.77999877929688,71000
2021-03-03,147.2100067138672,147.2100067138672,144.38999938964844,145.0800018310547,145.0800018310547,79200
2021-03-04,144.38999938964844,147.32000732421875,143.35000610351562,144.91000366210938,144.91000366210938,67700
2021-03-05,144.82000732421875,149.02000427246094,144.82000732421875,148.4499969482422,148.4499969482422,169900
2021-03-08,148.1300048828125,149.1300048828125,145.72999572753906,146.0500030517578,146.0500030517578,68900
2021-03-09,147.3800048828125,148.1300048828125,145.36000061035156,146.0800018310547,146.0800018310547,75300
2021-03-10,146.4199981689453,151.42999267578125,146.4199981689453,149.8699951171875,149.8699951171875,145800
2021-03-11,149.8699951171875,150.11000061035156,147.35000610351562,148.72000122070312,148.72000122070312,67200
2021-03-12,147.50999450683594,150.11000061035156,146.5,148.94000244140625,148.94000244140625,126000
2021-03-15,150.99000549316406,150.99000549316406,145.85000610351562,148.83999633789062,148.83999633789062,67100
2021-03-16,149.41000366210938,153.4199981689453,149.41000366210938,151.77000427246094,151.77000427246094,83500
2021-03-17,151.49000549316406,153.27000427246094,149.75999450683594,151.16000366210938,151.16000366210938,92600
2021-03-18,150.9499969482422,150.9499969482422,145.88999938964844,148.25,148.25,96200
2021-03-19,147.2899932861328,149.38999938964844,147.27999877929688,147.69000244140625,147.69000244140625,275000
2021-03-22,148.75999450683594,151.25,147.5500030517578,150.3699951171875,150.3699951171875,94400
2021-03-23,150.4499969482422,153.8800048828125,150.4499969482422,151.22000122070312,151.22000122070312,124200
2021-03-24,151.0,153.35000610351562,150.22999572753906,151.63999938964844,151.63999938964844,102000
2021-03-25,150.6199951171875,150.6199951171875,148.05999755859375,149.27000427246094,149.27000427246094,124500
2021-03-26,148.92999267578125,149.5500030517578,146.22999572753906,148.02000427246094,148.02000427246094,105300
2021-03-29,146.89999389648438,148.35000610351562,144.8300018310547,147.74000549316406,147.74000549316406,99600
2021-03-30,147.35000610351562,147.9499969482422,145.4499969482422,147.13999938964844,147.13999938964844,91200
2021-03-31,147.36000061035156,147.8699951171875,144.60000610351562,145.14999389648438,145.14999389648438,195700
2021-04-01,146.5500030517578,146.5500030517578,143.10000610351562,143.58999633789062,143.58999633789062,123200
2021-04-05,144.3699951171875,144.60000610351562,142.72999572753906,143.3000030517578,143.3000030517578,163300
2021-04-06,143.6699981689453,145.17999267578125,142.42999267578125,144.0500030517578,144.0500030517578,80000
2021-04-07,144.3699951171875,144.6199951171875,142.5,143.10000610351562,143.10000610351562,78700
2021-04-08,142.86000061035156,143.77000427246094,142.60000610351562,143.24000549316406,143.24000549316406,65000
2021-04-09,143.25,143.97000122070312,140.85400390625,143.5399932861328,143.5399932861328,154700
2021-04-12,143.25999450683594,145.97999572753906,142.4499969482422,145.63999938964844,145.63999938964844,144900
2021-04-13,145.2899932861328,147.72000122070312,145.27999877929688,146.33999633789062,146.33999633789062,109700
2021-04-14,147.1699981689453,147.1699981689453,144.6199951171875,144.8000030517578,144.8000030517578,84900
2021-04-15,145.92999267578125,148.5500030517578,145.6199951171875,148.50999450683594,148.50999450683594,95900
2021-04-16,148.8000030517578,150.92999267578125,148.14999389648438,150.3699951171875,150.3699951171875,114000
2021-04-19,150.0800018310547,152.17999267578125,150.02999877929688,150.7899932861328,150.7899932861328,66300
2021-04-20,150.02999877929688,152.91000366210938,150.02999877929688,152.8699951171875,152.8699951171875,87600
2021-04-21,152.7899932861328,155.17999267578125,152.25999450683594,154.1699981689453,154.1699981689453,55900
2021-04-22,154.0,155.27000427246094,153.49000549316406,154.9600067138672,154.9600067138672,69200
2021-04-23,155.05999755859375,155.5500030517578,153.30999755859375,154.86000061035156,154.86000061035156,59100
2021-04-26,155.38999938964844,155.38999938964844,153.3000030517578,153.35000610351562,153.35000610351562,57000
2021-04-27,152.6199951171875,153.92999267578125,152.6199951171875,152.9499969482422,152.9499969482422,50600
2021-04-28,153.42999267578125,153.86000061035156,152.6199951171875,153.08999633789062,153.08999633789062,38600
2021-04-29,154.14999389648438,156.89999389648438,154.14999389648438,156.69000244140625,156.69000244140625,52300
2021-04-30,156.47000122070312,158.08999633789062,154.22000122070312,157.6699981689453,157.6699981689453,109700
2021-05-03,158.41000366210938,159.30999755859375,157.52000427246094,157.8300018310547,157.8300018310547,65900
2021-05-04,157.8800048828125,158.4250030517578,155.77000427246094,156.52999877929688,156.52999877929688,73900
2021-05-05,156.60000610351562,158.08999633789062,155.85000610351562,157.10000610351562,157.10000610351562,53900
2021-05-06,156.02000427246094,159.47000122070312,156.02000427246094,157.5500030517578,157.5500030517578,89000
2021-05-07,160.3000030517578,161.77000427246094,159.2100067138672,161.64999389648438,161.64999389648438,91000
2021-05-10,162.42999267578125,163.24000549316406,160.9499969482422,160.9499969482422,160.9499969482422,99100
2021-05-11,160.4199981689453,161.0,159.2100067138672,160.35000610351562,160.35000610351562,67900
2021-05-12,159.61000061035156,159.97999572753906,157.75,158.17999267578125,158.17999267578125,78900
2021-05-13,158.16000366210938,160.89999389648438,158.16000366210938,158.19000244140625,158.19000244140625,66000
2021-05-14,159.50999450683594,162.77999877929688,158.99000549316406,161.99000549316406,161.99000549316406,81500
2021-05-17,162.99000549316406,163.0800018310547,158.13499450683594,158.8800048828125,158.8800048828125,61400
2021-05-18,158.67999267578125,159.27000427246094,157.07000732421875,157.07000732421875,157.07000732421875,68800
2021-05-19,155.5800018310547,156.38999938964844,154.57000732421875,156.38999938964844,156.38999938964844,36400
2021-05-20,156.30999755859375,161.07000732421875,155.33999633789062,160.47000122070312,160.47000122070312,47400
2021-05-21,161.1199951171875,161.5,159.90499877929688,160.33999633789062,160.33999633789062,51900
2021-05-24,161.5800018310547,163.8699951171875,160.99000549316406,162.8699951171875,162.8699951171875,40700
2021-05-25,162.91000366210938,163.39999389648438,161.9499969482422,162.13999938964844,162.13999938964844,117300
2021-05-26,162.08999633789062,163.02000427246094,161.1199951171875,161.75,161.75,83600
2021-05-27,161.0500030517578,162.4550018310547,160.97000122070312,162.35000610351562,162.35000610351562,195900
2021-05-28,163.33999633789062,163.77000427246094,161.68499755859375,162.05999755859375,162.05999755859375,74600
2021-06-01,163.0399932861328,164.0500030517578,159.7100067138672,159.8300018310547,159.8300018310547,72900
2021-06-02,159.99000549316406,159.99000549316406,157.72999572753906,158.11000061035156,158.11000061035156,92000
2021-06-03,156.9199981689453,157.1699981689453,154.39999389648438,156.4199981689453,156.4199981689453,119600
2021-06-04,156.85000610351562,158.50999450683594,156.6199951171875,158.3800048828125,158.3800048828125,81900
2021-06-07,158.44000244140625,158.74000549316406,157.1199951171875,157.42999267578125,157.42999267578125,85200
2021-06-08,157.89999389648438,157.91000366210938,154.3800048828125,155.69000244140625,155.69000244140625,77300
2021-06-09,156.61000061035156,156.67999267578125,155.26499938964844,155.7899932861328,155.7899932861328,72300
2021-06-10,155.5399932861328,158.4199981689453,155.5399932861328,157.42999267578125,157.42999267578125,61600
2021-06-11,157.6199951171875,158.56500244140625,157.3800048828125,158.39999389648438,158.39999389648438,43500
2021-06-14,158.08999633789062,159.05999755859375,157.33999633789062,159.02999877929688,159.02999877929688,91500
2021-06-15,159.16299438476562,159.59500122070312,156.92999267578125,156.97000122070312,156.97000122070312,80900
2021-06-16,157.6999969482422,161.0,154.72000122070312,155.57000732421875,155.57000732421875,68400
2021-06-17,154.83999633789062,158.72000122070312,154.83999633789062,157.36000061035156,157.36000061035156,81100
2021-06-18,156.6199951171875,157.3800048828125,155.1699981689453,156.61000061035156,156.61000061035156,131400
2021-06-21,157.74000549316406,158.75,156.72000122070312,158.1999969482422,158.1999969482422,85600
2021-06-22,158.10000610351562,161.75,158.10000610351562,161.1999969482422,161.1999969482422,72700
2021-06-23,161.10000610351562,161.61500549316406,159.5399932861328,160.39999389648438,160.39999389648438,56000
2021-06-24,160.82000732421875,163.7899932861328,160.82000732421875,163.75,163.75,46000
2021-06-25,163.8000030517578,167.8699951171875,163.8000030517578,167.63999938964844,167.63999938964844,95400
2021-06-28,166.9600067138672,168.3699951171875,166.9600067138672,167.91000366210938,167.91000366210938,31800
2021-06-29,168.22999572753906,168.25,167.1999969482422,167.2899932861328,167.2899932861328,48900
2021-06-30,167.41000366210938,168.41000366210938,166.85000610351562,168.1699981689453,168.1699981689453,95000
2021-07-01,168.22999572753906,169.36500549316406,168.08999633789062,168.97999572753906,168.97999572753906,50900
2021-07-02,169.74000549316406,170.97999572753906,169.02000427246094,170.77000427246094,170.77000427246094,43700
2021-07-06,170.16000366210938,170.38999938964844,169.02499389648438,170.0800018310547,170.0800018310547,88000
2021-07-07,171.13999938964844,172.72000122070312,170.50999450683594,172.3000030517578,172.3000030517578,93200
2021-07-08,169.27000427246094,172.1199951171875,169.27000427246094,171.72000122070312,171.72000122070312,54100
2021-07-09,172.10000610351562,173.39999389648438,171.5,172.6699981689453,172.6699981689453,55800
2021-07-12,172.52999877929688,172.52999877929688,166.47999572753906,168.2899932861328,168.2899932861328,63600
2021-07-13,168.2899932861328,168.89999389648438,166.6300048828125,166.82000732421875,166.82000732421875,58100
2021-07-14,167.4199981689453,167.57000732421875,165.2100067138672,165.3000030517578,165.3000030517578,48000
2021-07-15,165.22999572753906,166.25,164.32000732421875,165.30999755859375,165.30999755859375,63400
2021-07-16,165.32000732421875,168.44000244140625,165.32000732421875,167.02000427246094,167.02000427246094,46000
2021-07-19,165.49000549316406,168.05999755859375,165.49000549316406,166.49000549316406,166.49000549316406,103000
2021-07-20,166.6199951171875,170.52999877929688,166.6199951171875,169.05999755859375,169.05999755859375,139000
2021-07-21,170.02000427246094,170.02000427246094,168.05999755859375,168.8699951171875,168.8699951171875,33200
2021-07-22,168.3300018310547,169.64999389648438,168.05999755859375,169.4199981689453,169.4199981689453,41900
2021-07-23,169.60000610351562,171.7100067138672,169.3699951171875,171.17999267578125,171.17999267578125,33300
2021-07-26,170.72999572753906,172.0800018310547,170.72999572753906,171.6999969482422,171.6999969482422,25700
2021-07-27,172.30999755859375,172.52000427246094,170.0,170.63999938964844,170.63999938964844,45800
2021-07-28,170.22999572753906,170.6999969482422,168.8699951171875,169.8699951171875,169.8699951171875,32100
2021-07-29,169.74000549316406,170.6699981689453,167.27000427246094,167.52999877929688,167.52999877929688,34900
2021-07-30,167.24000549316406,173.77000427246094,167.24000549316406,171.6699981689453,171.6699981689453,105400
2021-08-02,171.6699981689453,173.22000122070312,170.89999389648438,172.92999267578125,172.92999267578125,69100
2021-08-03,172.6999969482422,175.25,172.32000732421875,175.00999450683594,175.00999450683594,101400
2021-08-04,175.41000366210938,176.2899932861328,174.34500122070312,175.72000122070312,175.72000122070312,70300
2021-08-05,176.67999267578125,178.1300048828125,176.05999755859375,177.1199951171875,177.1199951171875,90800
2021-08-06,177.92999267578125,178.60000610351562,175.75,176.05999755859375,176.05999755859375,61100
2021-08-09,175.4600067138672,176.0399932861328,174.5500030517578,174.75999450683594,174.75999450683594,46400
2021-08-10,174.27000427246094,175.05999755859375,173.6199951171875,174.4600067138672,174.4600067138672,74600
2021-08-11,175.11000061035156,177.00999450683594,174.8300018310547,176.6699981689453,176.6699981689453,67400
2021-08-12,176.3000030517578,177.72000122070312,176.0399932861328,177.35000610351562,177.35000610351562,58900
2021-08-13,177.57000732421875,178.21800231933594,176.74000549316406,176.97999572753906,176.97999572753906,52100
2021-08-16,176.39999389648438,179.10000610351562,176.0570068359375,178.6699981689453,178.6699981689453,68400
2021-08-17,178.47000122070312,180.2100067138672,178.47000122070312,179.77000427246094,179.77000427246094,73900
2021-08-18,179.39999389648438,180.38999938964844,178.33999633789062,178.35000610351562,178.35000610351562,58000
2021-08-19,177.5800018310547,180.1300048828125,177.5800018310547,179.49000549316406,179.49000549316406,100700
2021-08-20,180.10000610351562,182.17999267578125,179.69000244140625,181.44000244140625,181.44000244140625,96800
2021-08-23,181.05999755859375,183.50999450683594,181.05999755859375,182.27000427246094,182.27000427246094,61900
2021-08-24,182.99000549316406,182.99000549316406,181.47500610351562,181.82000732421875,181.82000732421875,56100
2021-08-25,182.1699981689453,183.47999572753906,181.33900451660156,182.8699951171875,182.8699951171875,68400
2021-08-26,182.02000427246094,183.52000427246094,181.99000549316406,182.0800018310547,182.0800018310547,84600
2021-08-27,182.24000549316406,185.75999450683594,182.24000549316406,184.97999572753906,184.97999572753906,92500
2021-08-30,185.75999450683594,187.17999267578125,184.57000732421875,185.77999877929688,185.77999877929688,105100
2021-08-31,186.16000366210938,187.0800018310547,185.5850067138672,185.77000427246094,185.77000427246094,146600
2021-09-01,185.64999389648438,188.75999450683594,185.64999389648438,186.97000122070312,186.97000122070312,148300
2021-09-02,187.52999877929688,188.39999389648438,186.74000549316406,187.10000610351562,187.10000610351562,94300
2021-09-03,186.4499969482422,186.94000244140625,185.15499877929688,185.30999755859375,185.30999755859375,84600
2021-09-07,184.88999938964844,184.88999938964844,182.1199951171875,182.7899932861328,182.7899932861328,141800
2021-09-08,182.1300048828125,183.5500030517578,182.1300048828125,182.63999938964844,182.63999938964844,61300
2021-09-09,182.35000610351562,183.13999938964844,179.82000732421875,179.82000732421875,179.82000732421875,109900
2021-09-10,180.32000732421875,180.6300048828125,178.66000366210938,178.97999572753906,178.97999572753906,68900
2021-09-13,179.6999969482422,183.30999755859375,179.6699981689453,180.5500030517578,180.5500030517578,113400
2021-09-14,183.78500366210938,183.78500366210938,172.60000610351562,172.94000244140625,172.94000244140625,246500
2021-09-15,173.3000030517578,174.83999633789062,172.27999877929688,172.66000366210938,172.66000366210938,241800
2021-09-16,172.86000061035156,172.87600708007812,171.02000427246094,172.0,172.0,192400
2021-09-17,171.3300018310547,172.58999633789062,170.9199981689453,171.4199981689453,171.4199981689453,248000
2021-09-20,169.35000610351562,172.02000427246094,168.92999267578125,169.6199951171875,169.6199951171875,220400
2021-09-21,170.3800048828125,172.0800018310547,169.52999877929688,170.0,170.0,187600
2021-09-22,171.74000549316406,173.29600524902344,171.3800048828125,171.5800018310547,171.5800018310547,160500
2021-09-23,172.14999389648438,173.67999267578125,170.72999572753906,170.74000549316406,170.74000549316406,127600
2021-09-24,169.91000366210938,170.9600067138672,169.0800018310547,169.86000061035156,169.86000061035156,95100
2021-09-27,169.19000244140625,169.77000427246094,168.35000610351562,169.08999633789062,169.08999633789062,120000
2021-09-28,168.8000030517578,169.01499938964844,167.6999969482422,168.05999755859375,168.05999755859375,96400
2021-09-29,168.8300018310547,171.52999877929688,168.77999877929688,169.1999969482422,169.1999969482422,90000
2021-09-30,169.82000732421875,171.4499969482422,168.02000427246094,168.35000610351562,168.35000610351562,196700
2021-10-01,169.13999938964844,172.67999267578125,169.13999938964844,171.9199981689453,171.9199981689453,105400
2021-10-04,171.02000427246094,173.5500030517578,170.52999877929688,173.27000427246094,173.27000427246094,107400
2021-10-05,173.41000366210938,175.02999877929688,173.24000549316406,174.27000427246094,174.27000427246094,144000
2021-10-06,173.1999969482422,174.1699981689453,172.5500030517578,173.89999389648438,173.89999389648438,105700
2021-10-07,174.57000732421875,177.1999969482422,174.11000061035156,174.3800048828125,174.3800048828125,89500
2021-10-08,172.38999938964844,172.38999938964844,165.4199981689453,165.47999572753906,165.47999572753906,170200
2021-10-11,165.02999877929688,166.52000427246094,163.41000366210938,163.41000366210938,163.41000366210938,134800
2021-10-12,164.1300048828125,164.47999572753906,161.49000549316406,163.19000244140625,163.19000244140625,135900
2021-10-13,162.92999267578125,164.32000732421875,162.68499755859375,163.91000366210938,163.91000366210938,91100
2021-10-14,165.41000366210938,167.0,165.27999877929688,166.0,166.0,156100
2021-10-15,166.22999572753906,167.9499969482422,165.13999938964844,165.14999389648438,165.14999389648438,116100
2021-10-18,164.36000061035156,165.85000610351562,163.0,165.80999755859375,165.80999755859375,86200
2021-10-19,166.9199981689453,170.42999267578125,166.22999572753906,170.00999450683594,170.00999450683594,103900
2021-10-20,170.75999450683594,173.2899932861328,170.0,172.60000610351562,172.60000610351562,141900
2021-10-21,172.38999938964844,174.52000427246094,171.9199981689453,172.82000732421875,172.82000732421875,102100
2021-10-22,172.77000427246094,174.17999267578125,171.7899932861328,173.1999969482422,173.1999969482422,144900
2021-10-25,174.0,174.0,171.1699981689453,172.5500030517578,172.5500030517578,146500
2021-10-26,173.47999572753906,173.89999389648438,171.72000122070312,172.1199951171875,172.1199951171875,89200
2021-10-27,171.72000122070312,172.0,169.5800018310547,169.5800018310547,169.5800018310547,90100
2021-10-28,168.3800048828125,169.6199951171875,164.4199981689453,168.92999267578125,168.92999267578125,123600
2021-10-29,163.97000122070312,163.97000122070312,158.7100067138672,160.77000427246094,160.77000427246094,216000
2021-11-01,161.32000732421875,162.49000549316406,160.6999969482422,161.57000732421875,161.57000732421875,117300
2021-11-02,162.0,163.8000030517578,161.2100067138672,162.5399932861328,162.5399932861328,131600
2021-11-03,162.63999938964844,167.02999877929688,162.63999938964844,166.9199981689453,166.9199981689453,121100
2021-11-04,167.32000732421875,167.63999938964844,163.52999877929688,165.5800018310547,165.5800018310547,187600
2021-11-05,166.44000244140625,169.42999267578125,166.44000244140625,166.94000244140625,166.94000244140625,131800
2021-11-08,167.02999877929688,168.4199981689453,165.00799560546875,167.3699951171875,167.3699951171875,131200
2021-11-09,167.4600067138672,169.27000427246094,165.72300720214844,167.63999938964844,167.63999938964844,137700
2021-11-10,167.47000122070312,169.25,167.1699981689453,167.5,167.5,131500
2021-11-11,167.32000732421875,167.60000610351562,164.8699951171875,165.0,165.0,119400
2021-11-12,165.22000122070312,166.47000122070312,164.25,165.72999572753906,165.72999572753906,158600
2021-11-15,166.77999877929688,168.1649932861328,165.92999267578125,167.13999938964844,167.13999938964844,147900
2021-11-16,167.3800048828125,168.0,166.19000244140625,166.2100067138672,166.2100067138672,156200
2021-11-17,167.1999969482422,168.24000549316406,166.1300048828125,166.75999450683594,166.75999450683594,147700
2021-11-18,166.39999389648438,168.58999633789062,163.6300048828125,163.8699951171875,163.8699951171875,140300
2021-11-19,164.1199951171875,165.22999572753906,162.72000122070312,162.8800048828125,162.8800048828125,168100
2021-11-22,162.8800048828125,163.69000244140625,158.2100067138672,158.3699951171875,158.3699951171875,213600
2021-11-23,158.3699951171875,161.90499877929688,158.30499267578125,160.25999450683594,160.25999450683594,199900
2021-11-24,160.3800048828125,160.3800048828125,158.8300018310547,159.0,159.0,129200
2021-11-26,157.75999450683594,159.9199981689453,156.7899932861328,157.61000061035156,157.61000061035156,91300
2021-11-29,157.3000030517578,158.27999877929688,155.61000061035156,156.33999633789062,156.33999633789062,159300
2021-11-30,155.83999633789062,157.0,150.77000427246094,151.5800018310547,151.5800018310547,335300
2021-12-01,152.91000366210938,154.27000427246094,148.33999633789062,148.49000549316406,148.49000549316406,283600
2021-12-02,148.8000030517578,154.50999450683594,148.8000030517578,153.99000549316406,153.99000549316406,495500
2021-12-03,154.50999450683594,156.9600067138672,153.63999938964844,156.42999267578125,156.42999267578125,360800
2021-12-06,157.7899932861328,159.25999450683594,157.1300048828125,158.0500030517578,158.0500030517578,232400
2021-12-07,159.1199951171875,159.25999450683594,151.77999877929688,155.1999969482422,155.1999969482422,304600
2021-12-08,155.05999755859375,156.35000610351562,151.9199981689453,152.8000030517578,152.8000030517578,286900
2021-12-09,151.88999938964844,152.44000244140625,146.1300048828125,147.91000366210938,147.91000366210938,239500
2021-12-10,148.88999938964844,148.97999572753906,146.5399932861328,147.3300018310547,147.3300018310547,248200
2021-12-13,147.5,148.61000061035156,145.49000549316406,147.2100067138672,147.2100067138672,246900
2021-12-14,145.9499969482422,150.8300018310547,145.9499969482422,149.0,149.0,297200
2021-12-15,148.33999633789062,149.0,146.91000366210938,148.2100067138672,148.2100067138672,251900
2021-12-16,149.25999450683594,152.00999450683594,148.72000122070312,150.8800048828125,150.8800048828125,324700
2021-12-17,150.97000122070312,154.75999450683594,150.75,153.92999267578125,153.92999267578125,514900
2021-12-20,153.25999450683594,155.24200439453125,152.52999877929688,153.86000061035156,153.86000061035156,411500
2021-12-21,154.08999633789062,156.32000732421875,154.08999633789062,155.61000061035156,155.61000061035156,258500
2021-12-22,154.97000122070312,155.72000122070312,154.22999572753906,154.64999389648438,154.64999389648438,157700
2021-12-23,154.47999572753906,158.07000732421875,154.47999572753906,157.50999450683594,157.50999450683594,180000
2021-12-27,157.57000732421875,159.7899932861328,156.22999572753906,159.22999572753906,159.22999572753906,170900
2021-12-28,159.11000061035156,161.83999633789062,159.11000061035156,160.72999572753906,160.72999572753906,169900
2021-12-29,160.69000244140625,161.60000610351562,160.1300048828125,161.16000366210938,161.16000366210938,165400
2021-12-30,161.02999877929688,164.0,161.02999877929688,161.3800048828125,161.3800048828125,165700
2021-12-31,161.3000030517578,162.55999755859375,160.61000061035156,160.89999389648438,160.89999389648438,216200
2022-01-03,160.5800018310547,161.19000244140625,158.32000732421875,160.58999633789062,160.58999633789062,239500
2022-01-04,161.3300018310547,161.4499969482422,156.1199951171875,157.32000732421875,157.32000732421875,230800
2022-01-05,157.5500030517578,159.36000061035156,152.94000244140625,153.1199951171875,153.1199951171875,247800
2022-01-06,152.75999450683594,154.9499969482422,152.24000549316406,153.6199951171875,153.6199951171875,194200
2022-01-07,152.9499969482422,153.74000549316406,148.60000610351562,148.80999755859375,148.80999755859375,372400
2022-01-10,148.17999267578125,149.9499969482422,146.25999450683594,146.97999572753906,146.97999572753906,265100
2022-01-11,146.5,149.42999267578125,146.5,149.24000549316406,149.24000549316406,171800
2022-01-12,149.0,151.52999877929688,148.8800048828125,149.42999267578125,149.42999267578125,330500
2022-01-13,150.00999450683594,150.25,148.1199951171875,149.0,149.0,260300
2022-01-14,148.64999389648438,148.72000122070312,145.02000427246094,147.25999450683594,147.25999450683594,227800
2022-01-18,145.77999877929688,145.77999877929688,141.3800048828125,141.8000030517578,141.8000030517578,134500
2022-01-19,142.0,142.63999938964844,137.94000244140625,142.0500030517578,142.0500030517578,207700
2022-01-20,142.8699951171875,144.24000549316406,140.10000610351562,140.2899932861328,140.2899932861328,184300
2022-01-21,140.24000549316406,141.49000549316406,139.35000610351562,140.32000732421875,140.32000732421875,271400
2022-01-24,139.38999938964844,141.86000061035156,137.13999938964844,141.22000122070312,141.22000122070312,254000
2022-01-25,140.3000030517578,140.44000244140625,137.1300048828125,138.5,138.5,210600
2022-01-26,138.92999267578125,140.85000610351562,135.10000610351562,136.39999389648438,136.39999389648438,266200
2022-01-27,136.5800018310547,139.89999389648438,135.75,137.7100067138672,137.7100067138672,241100
2022-01-28,138.63999938964844,145.7899932861328,137.3000030517578,145.77999877929688,145.77999877929688,168100
2022-01-31,145.27999877929688,146.7100067138672,144.77000427246094,146.35000610351562,146.35000610351562,150100
2022-02-01,147.50999450683594,147.88999938964844,143.5399932861328,147.8300018310547,147.8300018310547,172900
2022-02-02,147.47999572753906,148.67999267578125,146.10000610351562,148.35000610351562,148.35000610351562,209500
2022-02-03,147.02999877929688,150.3800048828125,146.7100067138672,148.92999267578125,148.92999267578125,159900
2022-02-04,147.89999389648438,150.22999572753906,146.41000366210938,149.35000610351562,149.35000610351562,89800
2022-02-07,149.6999969482422,150.43499755859375,148.42999267578125,148.88999938964844,148.88999938964844,82000
2022-02-08,148.7100067138672,150.43299865722656,148.67999267578125,148.9600067138672,148.9600067138672,83700
2022-02-09,150.3800048828125,151.89999389648438,148.75999450683594,151.88999938964844,151.88999938964844,110200
2022-02-10,150.39999389648438,151.50999450683594,149.30999755859375,150.10000610351562,150.10000610351562,265500
2022-02-11,150.58999633789062,151.7100067138672,148.82000732421875,149.25999450683594,149.25999450683594,193300
2022-02-14,149.1999969482422,150.32000732421875,148.0500030517578,149.2100067138672,149.2100067138672,94800
2022-02-15,149.6300048828125,151.63999938964844,149.6300048828125,150.4199981689453,150.4199981689453,100800
2022-02-16,149.49000549316406,151.13999938964844,148.69500732421875,150.63999938964844,150.63999938964844,57600
2022-02-17,150.14999389648438,150.14999389648438,145.50999450683594,146.3699951171875,146.3699951171875,94600
2022-02-18,146.63999938964844,146.9499969482422,144.6699981689453,145.67999267578125,145.67999267578125,75000
2022-02-22,145.02000427246094,145.8300018310547,143.49000549316406,144.16000366210938,144.16000366210938,103800
2022-02-23,145.0500030517578,145.0500030517578,138.30499267578125,138.3699951171875,138.3699951171875,126400
2022-02-24,136.00999450683594,141.50999450683594,135.1999969482422,141.4600067138672,141.4600067138672,193900
2022-02-25,142.19000244140625,145.6199951171875,141.74000549316406,145.16000366210938,145.16000366210938,125400
2022-02-28,144.38999938964844,146.77000427246094,143.4499969482422,144.80999755859375,144.80999755859375,279900
2022-03-01,143.8300018310547,144.97000122070312,141.36000061035156,141.77999877929688,141.77999877929688,155800
2022-03-02,141.50999450683594,142.0500030517578,135.44000244140625,135.57000732421875,135.57000732421875,183400
2022-03-03,136.1300048828125,138.4199981689453,134.00999450683594,135.13999938964844,135.13999938964844,235300
2022-03-04,134.10000610351562,134.6199951171875,131.32000732421875,131.77999877929688,131.77999877929688,200200
2022-03-07,131.4149932861328,133.64500427246094,128.82000732421875,131.63999938964844,131.63999938964844,184700
2022-03-08,131.63999938964844,133.97000122070312,129.9600067138672,131.8300018310547,131.8300018310547,246200
2022-03-09,134.35000610351562,136.25999450683594,133.80999755859375,134.2100067138672,134.2100067138672,97000
2022-03-10,131.5,135.32000732421875,131.2100067138672,135.2100067138672,135.2100067138672,133900
2022-03-11,135.75,137.8800048828125,135.08999633789062,135.27999877929688,135.27999877929688,185200
2022-03-14,135.89999389648438,138.02999877929688,133.0709991455078,133.69000244140625,133.69000244140625,344000
2022-03-15,134.57000732421875,135.86000061035156,133.67999267578125,135.10000610351562,135.10000610351562,284200
2022-03-16,135.61000061035156,136.32000732421875,132.27999877929688,136.08999633789062,136.08999633789062,245000
2022-03-17,135.3300018310547,138.30999755859375,133.8699951171875,138.16000366210938,138.16000366210938,319900
2022-03-18,137.64999389648438,138.13999938964844,135.16000366210938,137.1999969482422,137.1999969482422,549300
2022-03-21,137.97000122070312,137.97000122070312,134.6999969482422,136.16000366210938,136.16000366210938,281300
2022-03-22,136.6199951171875,138.17999267578125,135.8699951171875,137.72999572753906,137.72999572753906,353400
2022-03-23,137.32000732421875,137.97000122070312,135.41000366210938,135.5,135.5,232000
2022-03-24,136.02000427246094,137.16000366210938,134.55999755859375,134.77000427246094,134.77000427246094,187100
2022-03-25,134.49000549316406,135.24000549316406,132.42999267578125,133.64999389648438,133.64999389648438,311200
2022-03-28,133.25999450683594,135.19000244140625,132.88999938964844,135.10000610351562,135.10000610351562,268100
2022-03-29,136.4199981689453,137.16000366210938,135.9499969482422,136.6999969482422,136.6999969482422,199300
2022-03-30,136.63999938964844,137.0,135.3699951171875,136.47000122070312,136.47000122070312,142200
2022-03-31,136.47000122070312,136.47000122070312,130.97999572753906,131.05999755859375,131.05999755859375,367400
2022-04-01,131.07000732421875,134.35000610351562,131.07000732421875,133.94000244140625,133.94000244140625,299500
2022-04-04,133.58999633789062,134.9499969482422,133.02000427246094,134.38999938964844,134.38999938964844,190100
2022-04-05,133.8300018310547,136.2899932861328,132.9600067138672,133.67999267578125,133.67999267578125,135100
2022-04-06,133.1300048828125,135.3000030517578,132.52999877929688,134.72999572753906,134.72999572753906,292400
2022-04-07,134.22000122070312,134.22999572753906,130.5800018310547,132.63999938964844,132.63999938964844,139700
2022-04-08,131.58999633789062,134.5749969482422,131.58999633789062,134.00999450683594,134.00999450683594,122100
2022-04-11,133.52999877929688,137.1999969482422,133.5,134.4199981689453,134.4199981689453,134100
2022-04-12,134.52000427246094,136.41000366210938,132.33999633789062,132.5,132.5,196200
2022-04-13,132.4199981689453,135.27000427246094,132.3300018310547,135.02999877929688,135.02999877929688,150300
2022-04-14,135.27999877929688,136.13999938964844,133.30999755859375,133.58999633789062,133.58999633789062,162500
2022-04-18,132.97000122070312,133.26499938964844,128.63999938964844,128.91000366210938,128.91000366210938,140800
2022-04-19,129.39999389648438,135.2550048828125,129.39999389648438,134.5399932861328,134.5399932861328,187800
2022-04-20,134.5399932861328,134.5399932861328,130.77000427246094,130.9199981689453,130.9199981689453,197400
2022-04-21,131.47999572753906,132.1999969482422,126.1500015258789,126.43000030517578,126.43000030517578,234800
2022-04-22,125.56999969482422,126.02999877929688,123.47000122070312,124.04000091552734,124.04000091552734,244300
2022-04-25,124.08999633789062,124.86000061035156,120.84500122070312,123.05000305175781,123.05000305175781,234500
2022-04-26,122.23999786376953,122.23999786376953,118.45999908447266,118.52999877929688,118.52999877929688,232300
2022-04-27,118.55999755859375,119.81999969482422,117.25499725341797,117.68000030517578,117.68000030517578,307400
2022-04-28,119.1500015258789,119.1500015258789,110.47000122070312,113.55999755859375,113.55999755859375,446000
2022-04-29,113.44000244140625,113.44000244140625,104.86599731445312,107.66000366210938,107.66000366210938,525800
2022-05-02,108.38999938964844,109.9800033569336,105.9530029296875,108.47000122070312,108.47000122070312,304800
2022-05-03,108.12999725341797,108.93000030517578,103.30999755859375,105.66000366210938,105.66000366210938,330800
2022-05-04,105.81999969482422,109.66999816894531,104.41999816894531,109.0999984741211,109.0999984741211,321100
2022-05-05,108.80999755859375,110.88999938964844,107.69499969482422,108.66999816894531,108.66999816894531,575500
2022-05-06,109.26000213623047,110.94999694824219,107.13999938964844,109.75,109.75,557000
2022-05-09,109.75,113.11000061035156,108.11000061035156,109.98999786376953,109.98999786376953,418500
2022-05-10,109.98999786376953,112.50499725341797,108.9000015258789,110.62000274658203,110.62000274658203,506400
2022-05-11,110.62000274658203,111.94000244140625,106.75,106.94000244140625,106.94000244140625,378100
2022-05-12,106.58999633789062,110.76000213623047,105.9800033569336,110.4800033569336,110.4800033569336,339600
2022-05-13,110.98999786376953,113.44999694824219,109.43000030517578,112.58999633789062,112.58999633789062,282900
2022-05-16,112.45999908447266,113.04000091552734,109.73999786376953,111.05999755859375,111.05999755859375,192500
2022-05-17,111.86000061035156,114.33999633789062,110.06500244140625,113.7699966430664,113.7699966430664,400600
2022-05-18,112.29000091552734,114.70500183105469,111.51000213623047,112.44000244140625,112.44000244140625,206200
2022-05-19,111.44000244140625,114.54000091552734,111.44000244140625,113.54000091552734,113.54000091552734,219100
2022-05-20,114.47000122070312,115.4000015258789,111.37999725341797,113.66000366210938,113.66000366210938,215700
2022-05-23,114.98999786376953,114.98999786376953,111.66000366210938,113.7300033569336,113.7300033569336,175900
2022-05-24,113.37999725341797,114.62999725341797,112.3499984741211,114.47000122070312,114.47000122070312,257500
2022-05-25,113.79000091552734,116.66000366210938,113.79000091552734,116.16999816894531,116.16999816894531,304700
2022-05-26,116.98999786376953,121.16999816894531,115.68000030517578,120.12000274658203,120.12000274658203,491300
2022-05-27,120.80999755859375,122.62000274658203,120.68000030517578,121.45999908447266,121.45999908447266,307400
2022-05-31,120.45999908447266,123.08000183105469,119.7300033569336,122.01000213623047,122.01000213623047,1746600
2022-06-01,122.11000061035156,122.79000091552734,117.54000091552734,117.80000305175781,117.80000305175781,377800
2022-06-02,118.04000091552734,119.16999816894531,115.87000274658203,118.94999694824219,118.94999694824219,319000
2022-06-03,118.44999694824219,118.6500015258789,116.94000244140625,117.05000305175781,117.05000305175781,195400
2022-06-06,117.36000061035156,118.75,116.4000015258789,117.22000122070312,117.22000122070312,217000
2022-06-07,116.25,117.16000366210938,114.76000213623047,117.0,117.0,171800
2022-06-08,117.12999725341797,118.94000244140625,116.91000366210938,117.08999633789062,117.08999633789062,240600
2022-06-09,117.04000091552734,117.66999816894531,115.66000366210938,115.66000366210938,115.66000366210938,119900
2022-06-10,113.91999816894531,115.19999694824219,113.30999755859375,113.72000122070312,113.72000122070312,152100
2022-06-13,112.37999725341797,112.37999725341797,108.62999725341797,108.87999725341797,108.87999725341797,216600
2022-06-14,109.48999786376953,111.19000244140625,107.91000366210938,108.72000122070312,108.72000122070312,276200
2022-06-15,109.48999786376953,110.8499984741211,105.54000091552734,108.80000305175781,108.80000305175781,533500
2022-06-16,106.26000213623047,106.38999938964844,99.5199966430664,100.93000030517578,100.93000030517578,789200
2022-06-17,100.7699966430664,107.29000091552734,100.33000183105469,106.91999816894531,106.91999816894531,643500
2022-06-21,107.66000366210938,110.16999816894531,105.4000015258789,105.8499984741211,105.8499984741211,349200
2022-06-22,104.86000061035156,109.0199966430664,104.86000061035156,108.30999755859375,108.30999755859375,407800
2022-06-23,108.86000061035156,109.7699966430664,107.41999816894531,109.62000274658203,109.62000274658203,319400
2022-06-24,109.9800033569336,113.44999694824219,109.95999908447266,113.1500015258789,113.1500015258789,611900
2022-06-27,113.48999786376953,113.98999786376953,112.05999755859375,113.37000274658203,113.37000274658203,278400
2022-06-28,113.8499984741211,115.37999725341797,111.29000091552734,111.30999755859375,111.30999755859375,351800
2022-06-29,111.1500015258789,113.08999633789062,110.87999725341797,112.62999725341797,112.62999725341797,361500
2022-06-30,112.19999694824219,114.94999694824219,111.31999969482422,113.55000305175781,113.55000305175781,505200
2022-07-01,113.7300033569336,117.68000030517578,112.5999984741211,117.16000366210938,117.16000366210938,280000
2022-07-05,115.44000244140625,117.63999938964844,114.56999969482422,117.37999725341797,117.37999725341797,303000
2022-07-06,117.08000183105469,117.79000091552734,115.42500305175781,116.26000213623047,116.26000213623047,285100
2022-07-07,116.19999694824219,116.5,113.16999816894531,114.33000183105469,114.33000183105469,266600
2022-07-08,113.61000061035156,115.8499984741211,113.58000183105469,114.72000122070312,114.72000122070312,224900
2022-07-11,114.36000061035156,114.91999816894531,111.20999908447266,111.31999969482422,111.31999969482422,277100
2022-07-12,110.68000030517578,116.30000305175781,110.68000030517578,114.48999786376953,114.48999786376953,317900
2022-07-13,113.04000091552734,115.7300033569336,112.54000091552734,114.93000030517578,114.93000030517578,275700
2022-07-14,114.20999908447266,115.30000305175781,113.01000213623047,115.19999694824219,115.19999694824219,297600
2022-07-15,116.44000244140625,117.4800033569336,115.91999816894531,116.87000274658203,116.87000274658203,304300
2022-07-18,116.37000274658203,118.67500305175781,116.13999938964844,116.76000213623047,116.76000213623047,235400
2022-07-19,117.47000122070312,119.88999938964844,117.29000091552734,119.19999694824219,119.19999694824219,274700
2022-07-20,119.7699966430664,120.86000061035156,118.73999786376953,120.29000091552734,120.29000091552734,269500
2022-07-21,119.87000274658203,122.98999786376953,118.25,122.94999694824219,122.94999694824219,276600
2022-07-22,123.41000366210938,123.73999786376953,121.12000274658203,122.30999755859375,122.30999755859375,245700
2022-07-25,122.73999786376953,123.05000305175781,120.05999755859375,120.48999786376953,120.48999786376953,240100
2022-07-26,120.30000305175781,121.1500015258789,119.58000183105469,120.54000091552734,120.54000091552734,269400
2022-07-27,120.41999816894531,121.58999633789062,119.01000213623047,120.75,120.75,286800
2022-07-28,115.06999969482422,116.16000366210938,107.43000030517578,108.30000305175781,108.30000305175781,424900
2022-07-29,108.66000366210938,110.55500030517578,106.8499984741211,107.93000030517578,107.93000030517578,424800
2022-08-01,107.05000305175781,108.43000030517578,105.77999877929688,107.26000213623047,107.26000213623047,367100
2022-08-02,107.19000244140625,109.81999969482422,107.19000244140625,108.70999908447266,108.70999908447266,388500
2022-08-03,109.33999633789062,112.87000274658203,108.4749984741211,111.77999877929688,111.77999877929688,242500
2022-08-04,111.4800033569336,114.80999755859375,110.11000061035156,113.36000061035156,113.36000061035156,274600
2022-08-05,115.4000015258789,115.56999969482422,112.02999877929688,115.52999877929688,115.52999877929688,241100
2022-08-08,116.80999755859375,120.01000213623047,116.30000305175781,116.76000213623047,116.76000213623047,226400
2022-08-09,115.97000122070312,115.97000122070312,113.2699966430664,114.38999938964844,114.38999938964844,198600
2022-08-10,116.12999725341797,117.58000183105469,115.0999984741211,115.61000061035156,115.61000061035156,496000
2022-08-11,116.22000122070312,118.4800033569336,115.55500030517578,116.18000030517578,116.18000030517578,181500
2022-08-12,117.11000061035156,119.22000122070312,116.43000030517578,118.8499984741211,118.8499984741211,141500
2022-08-15,118.12000274658203,120.68000030517578,117.83999633789062,120.1500015258789,120.1500015258789,188700
2022-08-16,120.20999908447266,120.70999908447266,118.80000305175781,120.18000030517578,120.18000030517578,241400
2022-08-17,119.62999725341797,119.62999725341797,115.45999908447266,115.45999908447266,115.45999908447266,142000
2022-08-18,115.44000244140625,115.44000244140625,113.61000061035156,114.68000030517578,114.68000030517578,136600
2022-08-19,114.58999633789062,114.73999786376953,112.93000030517578,114.36000061035156,114.36000061035156,139200
2022-08-22,113.13999938964844,114.5999984741211,110.2699966430664,110.54000091552734,110.54000091552734,110500
2022-08-23,110.22000122070312,111.44999694824219,108.08999633789062,108.3499984741211,108.3499984741211,133000
2022-08-24,108.44999694824219,109.6500015258789,107.11000061035156,107.18000030517578,107.18000030517578,161400
2022-08-25,107.0999984741211,108.75,106.5,108.66999816894531,108.66999816894531,222600
2022-08-26,108.5999984741211,110.0,104.30999755859375,104.38999938964844,104.38999938964844,261600
2022-08-29,103.98999786376953,105.12000274658203,101.77999877929688,101.83000183105469,101.83000183105469,308100
2022-08-30,102.62999725341797,103.19999694824219,100.38999938964844,100.5,100.5,368900
2022-08-31,101.33999633789062,103.05999755859375,100.37000274658203,100.81999969482422,100.81999969482422,341000
2022-09-01,100.5199966430664,102.06999969482422,100.11000061035156,101.83999633789062,101.83999633789062,199000
2022-09-02,102.47000122070312,102.47000122070312,98.55000305175781,98.77999877929688,98.77999877929688,195800
2022-09-06,98.77999877929688,99.13999938964844,95.33000183105469,95.4800033569336,95.4800033569336,254300
2022-09-07,95.51000213623047,97.26000213623047,95.4800033569336,97.11000061035156,97.11000061035156,273700
2022-09-08,96.8499984741211,96.9000015258789,93.97000122070312,95.4000015258789,95.4000015258789,285900
2022-09-09,96.16999816894531,98.58000183105469,95.9000015258789,98.16999816894531,98.16999816894531,262300
2022-09-12,98.80000305175781,99.9000015258789,98.02999877929688,98.69000244140625,98.69000244140625,251400
2022-09-13,96.66000366210938,97.2300033569336,94.20999908447266,94.33000183105469,94.33000183105469,203800
2022-09-14,94.45999908447266,95.05999755859375,92.69999694824219,93.61000061035156,93.61000061035156,350700
2022-09-15,93.73999786376953,94.11499786376953,90.86000061035156,91.43000030517578,91.43000030517578,457900
2022-09-16,90.94999694824219,92.44000244140625,90.23999786376953,91.55000305175781,91.55000305175781,958900
2022-09-19,91.19000244140625,91.81999969482422,90.30000305175781,91.2300033569336,91.2300033569336,538500
2022-09-20,90.4800033569336,90.83000183105469,89.08999633789062,89.61000061035156,89.61000061035156,392000
2022-09-21,89.94000244140625,90.31500244140625,87.5,87.5999984741211,87.5999984741211,428900
2022-09-22,87.04000091552734,87.08999633789062,82.94000244140625,83.5,83.5,532700
2022-09-23,83.01000213623047,83.04000091552734,79.80999755859375,81.08000183105469,81.08000183105469,593500
2022-09-26,80.43000030517578,81.62000274658203,76.4800033569336,77.0,77.0,416600
2022-09-27,77.41999816894531,78.4800033569336,75.69000244140625,76.38999938964844,76.38999938964844,325700
2022-09-28,77.01000213623047,79.5999984741211,77.01000213623047,78.80000305175781,78.80000305175781,225900
2022-09-29,78.26000213623047,78.26000213623047,76.13999938964844,76.87000274658203,76.87000274658203,237300
2022-09-30,77.29000091552734,77.58499908447266,74.5199966430664,74.5999984741211,74.5999984741211,315000
2022-10-03,75.44000244140625,79.02999877929688,75.16000366210938,78.73999786376953,78.73999786376953,306100
2022-10-04,79.87000274658203,81.12000274658203,79.16000366210938,80.55999755859375,80.55999755859375,272700
2022-10-05,79.0,80.51000213623047,78.0199966430664,80.26000213623047,80.26000213623047,296800
2022-10-06,80.20999908447266,80.5199966430664,78.29000091552734,79.63999938964844,79.63999938964844,443600
2022-10-07,78.91000366210938,79.47000122070312,76.7699966430664,77.25,77.25,230200
2022-10-10,77.7300033569336,78.5,76.86000061035156,77.56999969482422,77.56999969482422,154500
2022-10-11,77.37999725341797,77.97000122070312,75.36000061035156,75.62000274658203,75.62000274658203,217800
2022-10-12,75.5,75.72000122070312,73.47000122070312,74.43000030517578,74.43000030517578,244900
2022-10-13,72.77999877929688,78.44000244140625,72.77999877929688,77.97000122070312,77.97000122070312,259600
2022-10-14,78.25,78.77999877929688,76.77999877929688,76.86000061035156,76.86000061035156,160600
2022-10-17,78.16000366210938,79.66000366210938,77.5999984741211,78.02999877929688,78.02999877929688,212000
2022-10-18,79.19000244140625,80.72000122070312,77.19999694824219,77.41999816894531,77.41999816894531,215600
2022-10-19,76.98999786376953,77.44000244140625,75.0199966430664,75.69000244140625,75.69000244140625,141800
2022-10-20,75.5,76.98999786376953,75.13999938964844,75.62000274658203,75.62000274658203,172300
2022-10-21,74.88999938964844,75.98999786376953,73.97000122070312,75.2699966430664,75.2699966430664,252100
2022-10-24,75.38999938964844,77.37000274658203,75.38999938964844,77.37000274658203,77.37000274658203,261400
2022-10-25,77.16999816894531,79.95999908447266,77.16999816894531,79.79000091552734,79.79000091552734,224300
2022-10-26,78.95999908447266,81.08999633789062,78.95999908447266,79.51000213623047,79.51000213623047,163500
2022-10-27,80.13999938964844,84.12999725341797,80.13999938964844,81.81999969482422,81.81999969482422,313800
2022-10-28,81.7300033569336,86.45999908447266,79.4800033569336,85.55999755859375,85.55999755859375,624700
2022-10-31,84.95999908447266,85.91000366210938,83.31999969482422,85.31999969482422,85.31999969482422,372100
2022-11-01,86.4800033569336,87.98999786376953,83.95999908447266,84.05000305175781,84.05000305175781,192600
2022-11-02,83.44999694824219,84.55999755859375,81.7699966430664,82.02999877929688,82.02999877929688,285000
2022-11-03,80.56999969482422,80.66999816894531,79.05999755859375,80.18000030517578,80.18000030517578,201300
2022-11-04,80.83999633789062,81.98999786376953,79.20999908447266,80.91000366210938,80.91000366210938,210400
2022-11-07,81.5,82.0510025024414,79.8499984741211,81.19999694824219,81.19999694824219,114700
2022-11-08,81.4000015258789,82.33499908447266,79.81999969482422,81.16000366210938,81.16000366210938,119400
2022-11-09,80.16000366210938,81.16999816894531,79.55999755859375,80.30000305175781,80.30000305175781,274600
2022-11-10,83.30999755859375,86.58000183105469,82.95999908447266,86.2699966430664,86.2699966430664,212500
2022-11-11,86.8499984741211,91.05000305175781,86.0999984741211,90.83999633789062,90.83999633789062,202300
2022-11-14,90.66000366210938,91.6500015258789,89.08000183105469,89.16000366210938,89.16000366210938,156200
2022-11-15,90.47000122070312,93.12000274658203,89.62999725341797,90.69000244140625,90.69000244140625,146800
2022-11-16,89.9800033569336,90.18000030517578,88.86000061035156,89.52999877929688,89.52999877929688,191300
2022-11-17,87.12000274658203,88.69499969482422,87.12000274658203,87.94000244140625,87.94000244140625,137200
2022-11-18,88.62000274658203,88.70500183105469,84.9749984741211,86.12000274658203,86.12000274658203,126200
2022-11-21,86.58000183105469,86.58000183105469,83.97000122070312,85.02999877929688,85.02999877929688,331700
2022-11-22,85.37000274658203,89.06999969482422,84.56999969482422,89.05999755859375,89.05999755859375,240200
2022-11-23,88.68000030517578,90.51000213623047,88.68000030517578,89.47000122070312,89.47000122070312,489000
2022-11-25,88.9000015258789,90.5199966430664,88.9000015258789,89.72000122070312,89.72000122070312,90900
2022-11-28,88.7699966430664,89.56999969482422,88.05000305175781,88.37999725341797,88.37999725341797,163600
2022-11-29,87.9000015258789,89.05999755859375,87.9000015258789,88.68000030517578,88.68000030517578,182500
2022-11-30,88.33999633789062,90.66999816894531,86.06999969482422,90.19999694824219,90.19999694824219,225600
2022-12-01,90.5199966430664,91.30000305175781,88.93000030517578,89.7300033569336,89.7300033569336,142300
2022-12-02,88.30999755859375,90.62000274658203,87.61000061035156,90.27999877929688,90.27999877929688,203500
2022-12-05,89.41999816894531,90.93000030517578,88.6500015258789,88.66000366210938,88.66000366210938,200200
2022-12-06,88.66999816894531,88.66999816894531,84.05000305175781,84.83999633789062,84.83999633789062,119400
2022-12-07,84.30000305175781,86.35099792480469,83.93000030517578,85.72000122070312,85.72000122070312,147400
2022-12-08,85.48999786376953,86.80000305175781,85.20999908447266,85.62000274658203,85.62000274658203,101200
2022-12-09,84.94000244140625,88.05500030517578,84.3499984741211,87.44000244140625,87.44000244140625,136100
2022-12-12,87.69999694824219,88.88999938964844,86.62000274658203,88.8499984741211,88.8499984741211,262900
2022-12-13,92.30999755859375,92.7699966430664,88.83999633789062,90.19999694824219,90.19999694824219,209900
2022-12-14,81.72000122070312,81.72000122070312,76.08000183105469,76.3499984741211,76.3499984741211,690000
2022-12-15,75.16000366210938,77.33000183105469,72.77999877929688,73.0999984741211,73.0999984741211,524000
2022-12-16,72.0199966430664,72.5999984741211,68.9000015258789,69.29000091552734,69.29000091552734,509600
2022-12-19,69.30000305175781,70.88500213623047,68.87000274658203,69.33000183105469,69.33000183105469,224000
2022-12-20,68.87000274658203,69.93000030517578,68.1500015258789,69.38999938964844,69.38999938964844,198400
2022-12-21,69.7699966430664,72.0999984741211,69.6050033569336,71.70999908447266,71.70999908447266,257100
2022-12-22,71.02999877929688,72.62000274658203,70.47699737548828,72.41000366210938,72.41000366210938,544100
2022-12-23,72.22000122070312,74.75,72.22000122070312,74.2699966430664,74.2699966430664,418200
2022-12-27,74.0,75.63500213623047,73.5,73.55000305175781,73.55000305175781,277200
2022-12-28,73.12000274658203,74.80000305175781,73.12000274658203,73.5199966430664,73.5199966430664,290600
2022-12-29,74.30000305175781,75.91999816894531,73.70999908447266,75.44999694824219,75.44999694824219,255400
2022-12-30,74.26000213623047,75.93000030517578,74.08999633789062,75.8499984741211,75.8499984741211,259600
2023-01-03,76.79000091552734,77.94999694824219,76.0199966430664,76.86000061035156,76.86000061035156,269600
2023-01-04,77.62000274658203,80.48600006103516,77.55000305175781,80.25,80.25,117400
2023-01-05,80.69999694824219,83.62999725341797,80.69999694824219,82.66000366210938,82.66000366210938,247000
2023-01-06,83.29000091552734,84.48999786376953,82.86000061035156,83.79000091552734,83.79000091552734,173800
2023-01-09,83.83999633789062,84.08000183105469,82.69000244140625,83.06999969482422,83.06999969482422,407900
2023-01-10,82.58000183105469,84.62999725341797,82.58000183105469,84.62999725341797,84.62999725341797,228700
2023-01-11,84.62999725341797,85.9800033569336,84.28500366210938,85.9800033569336,85.9800033569336,177500
2023-01-12,86.30999755859375,88.1500015258789,85.77300262451172,87.31999969482422,87.31999969482422,130700
2023-01-13,87.08999633789062,88.32499694824219,86.91999816894531,87.95999908447266,87.95999908447266,105600
2023-01-17,87.4800033569336,88.76000213623047,87.26000213623047,88.0999984741211,88.0999984741211,86100
2023-01-18,88.62999725341797,88.88999938964844,86.75,87.11000061035156,87.11000061035156,138800
2023-01-19,86.5999984741211,87.427001953125,85.61000061035156,87.04000091552734,87.04000091552734,118100
2023-01-20,87.66000366210938,91.19000244140625,87.16000366210938,90.88999938964844,90.88999938964844,104000
2023-01-23,90.91000366210938,92.22000122070312,90.08999633789062,91.45999908447266,91.45999908447266,118800
2023-01-24,91.18000030517578,92.12999725341797,90.16000366210938,90.37999725341797,90.37999725341797,253700
2023-01-25,89.41999816894531,93.19000244140625,89.38999938964844,92.47000122070312,92.47000122070312,175700
2023-01-26,93.18000030517578,95.02999877929688,92.44999694824219,94.8499984741211,94.8499984741211,243600
2023-01-27,93.94999694824219,94.5,91.58000183105469,91.72000122070312,91.72000122070312,221900
2023-01-30,91.30000305175781,91.88999938964844,90.37999725341797,90.76000213623047,90.76000213623047,119000
2023-01-31,91.1500015258789,91.1500015258789,89.08000183105469,89.62000274658203,89.62000274658203,200500
2023-02-01,88.97000122070312,93.87000274658203,88.97000122070312,93.47000122070312,93.47000122070312,133800
2023-02-02,94.70999908447266,97.05000305175781,93.98999786376953,96.80000305175781,96.80000305175781,124800
2023-02-03,95.27999877929688,95.7300033569336,93.59500122070312,94.19999694824219,94.19999694824219,171400
2023-02-06,93.19000244140625,94.62000274658203,91.4749984741211,93.93000030517578,93.93000030517578,124000
2023-02-07,93.33999633789062,94.16000366210938,92.22000122070312,93.88999938964844,93.88999938964844,99000
2023-02-08,93.88999938964844,94.12999725341797,92.9800033569336,93.45999908447266,93.45999908447266,92200
2023-02-09,94.0,95.53800201416016,91.13999938964844,91.22000122070312,91.22000122070312,215700
2023-02-10,90.36000061035156,92.69000244140625,90.36000061035156,92.36000061035156,92.36000061035156,137100
2023-02-13,92.63999938964844,93.5199966430664,92.29000091552734,92.9800033569336,92.9800033569336,95300
2023-02-14,92.83000183105469,93.83999633789062,91.41999816894531,92.58000183105469,92.58000183105469,109200
2023-02-15,92.41999816894531,94.58000183105469,91.9800033569336,94.43000030517578,94.43000030517578,108200
2023-02-16,92.9000015258789,95.23999786376953,92.79000091552734,94.52999877929688,94.52999877929688,219400
2023-02-17,94.98999786376953,94.98999786376953,91.1500015258789,92.73999786376953,92.73999786376953,157100
2023-02-21,92.37000274658203,92.37000274658203,88.69999694824219,88.76000213623047,88.76000213623047,272700
2023-02-22,88.51000213623047,90.66000366210938,88.51000213623047,90.01000213623047,90.01000213623047,173400
2023-02-23,90.0,90.56999969482422,88.6500015258789,90.30999755859375,90.30999755859375,181200
2023-02-24,88.61000061035156,88.62000274658203,87.69000244140625,88.4800033569336,88.4800033569336,97400
2023-02-27,89.18000030517578,89.80000305175781,88.05000305175781,88.56999969482422,88.56999969482422,68600
2023-02-28,88.27999877929688,89.05000305175781,86.27999877929688,86.7300033569336,86.7300033569336,180000
2023-03-01,86.33999633789062,87.5,84.94999694824219,85.25,85.25,142600
2023-03-02,84.63999938964844,85.7699966430664,84.55999755859375,85.37999725341797,85.37999725341797,79900
2023-03-03,85.8499984741211,87.19999694824219,85.8499984741211,87.06999969482422,87.06999969482422,61600
2023-03-06,87.56999969482422,88.19999694824219,86.43000030517578,86.94999694824219,86.94999694824219,122400
2023-03-07,87.08999633789062,87.08999633789062,83.0199966430664,83.33000183105469,83.33000183105469,92400
2023-03-08,83.25,83.97000122070312,82.26200103759766,82.75,82.75,88600
2023-03-09,82.37000274658203,82.63999938964844,80.19000244140625,80.26000213623047,80.26000213623047,129800
2023-03-10,80.1500015258789,80.1500015258789,76.05999755859375,76.66999816894531,76.66999816894531,222500
2023-03-13,75.68000030517578,78.31999969482422,75.12999725341797,77.27999877929688,77.27999877929688,175400
2023-03-14,78.7699966430664,78.80500030517578,76.7699966430664,77.36000061035156,77.36000061035156,138600
2023-03-15,75.4000015258789,79.0,75.4000015258789,78.33000183105469,78.33000183105469,128900
2023-03-16,77.6500015258789,79.52999877929688,77.13999938964844,79.19999694824219,79.19999694824219,406800
2023-03-17,78.19000244140625,79.88999938964844,77.69000244140625,79.05999755859375,79.05999755859375,542600
2023-03-20,79.11000061035156,80.30999755859375,78.84600067138672,78.94000244140625,78.94000244140625,199900
2023-03-21,79.44000244140625,80.66200256347656,79.44000244140625,80.08000183105469,80.08000183105469,151100
2023-03-22,80.16000366210938,80.18000030517578,77.66500091552734,77.70999908447266,77.70999908447266,125000
2023-03-23,77.91000366210938,79.5199966430664,77.41999816894531,78.04000091552734,78.04000091552734,141700
2023-03-24,77.48999786376953,78.76000213623047,76.80000305175781,78.68000030517578,78.68000030517578,158000
2023-03-27,79.4000015258789,80.0199966430664,78.94999694824219,79.58000183105469,79.58000183105469,106600
2023-03-28,79.30999755859375,80.45999908447266,78.66000366210938,78.9800033569336,78.9800033569336,106600
2023-03-29,79.91999816894531,80.19000244140625,79.26000213623047,79.83999633789062,79.83999633789062,76800
2023-03-30,80.6500015258789,80.8499984741211,79.46499633789062,80.08999633789062,80.08999633789062,79100
2023-03-31,80.30999755859375,82.19000244140625,80.22000122070312,82.12000274658203,82.12000274658203,240900
2023-04-03,82.0999984741211,82.3499984741211,80.8499984741211,81.41999816894531,81.41999816894531,130800
2023-04-04,81.30000305175781,81.4000015258789,77.93000030517578,79.87000274658203,79.87000274658203,202600
2023-04-05,79.11000061035156,81.52999877929688,78.98999786376953,80.68000030517578,80.68000030517578,126000
2023-04-06,80.37000274658203,81.26000213623047,80.01000213623047,80.61000061035156,80.61000061035156,88800
2023-04-10,80.5199966430664,81.76000213623047,79.72000122070312,81.12999725341797,81.12999725341797,221000
2023-04-11,81.11000061035156,82.68000030517578,81.11000061035156,82.4000015258789,82.4000015258789,93000
2023-04-12,83.04000091552734,83.2300033569336,78.6449966430664,78.91999816894531,78.91999816894531,144400
2023-04-13,79.05000305175781,80.69999694824219,79.05000305175781,80.12999725341797,80.12999725341797,143500
2023-04-14,79.80000305175781,80.04000091552734,77.6500015258789,78.11000061035156,78.11000061035156,105700
2023-04-17,78.27999877929688,79.27999877929688,78.1500015258789,79.26000213623047,79.26000213623047,81500
2023-04-18,79.75,80.08999633789062,77.69999694824219,78.43000030517578,78.43000030517578,119900
2023-04-19,77.68000030517578,78.76000213623047,77.34500122070312,78.20999908447266,78.20999908447266,120100
2023-04-20,77.36000061035156,77.36000061035156,75.91999816894531,76.54000091552734,76.54000091552734,81000
2023-04-21,77.0199966430664,77.19000244140625,75.76000213623047,75.81999969482422,75.81999969482422,74600
2023-04-24,75.73999786376953,75.73999786376953,74.30999755859375,75.44000244140625,75.44000244140625,107800
2023-04-25,74.73999786376953,75.3499984741211,74.20999908447266,74.41000366210938,74.41000366210938,155800
2023-04-26,74.2699966430664,75.0199966430664,73.44000244140625,74.26000213623047,74.26000213623047,200200
2023-04-27,74.91000366210938,80.05000305175781,74.91000366210938,79.63999938964844,79.63999938964844,198400
2023-04-28,79.06999969482422,85.11000061035156,79.06999969482422,84.52999877929688,84.52999877929688,182400
2023-05-01,83.91000366210938,85.83000183105469,83.45099639892578,83.79000091552734,83.79000091552734,148500
2023-05-02,83.04000091552734,83.04000091552734,80.91000366210938,81.29000091552734,81.29000091552734,144400
2023-05-03,79.2300033569336,82.81999969482422,79.2300033569336,81.0,81.0,226000
2023-05-04,80.86000061035156,81.55999755859375,78.80000305175781,78.9800033569336,78.9800033569336,162700
2023-05-05,79.69000244140625,79.95999908447266,78.66000366210938,79.77999877929688,79.77999877929688,164000
2023-05-08,79.80999755859375,80.18000030517578,78.69999694824219,79.70999908447266,79.70999908447266,147100
2023-05-09,79.3499984741211,79.3499984741211,76.73999786376953,76.93000030517578,76.93000030517578,102800
2023-05-10,78.0199966430664,78.0199966430664,75.93000030517578,77.12999725341797,77.12999725341797,95200
2023-05-11,77.18000030517578,77.87000274658203,76.76000213623047,77.7699966430664,77.7699966430664,87200
2023-05-12,78.16999816894531,78.16999816894531,75.94000244140625,76.51000213623047,76.51000213623047,100100
2023-05-15,77.08000183105469,77.52999877929688,76.37999725341797,77.52999877929688,77.52999877929688,298700
2023-05-16,77.36000061035156,77.54000091552734,75.74500274658203,75.83000183105469,75.83000183105469,106100
2023-05-17,75.79000091552734,77.2300033569336,75.63999938964844,76.45999908447266,76.45999908447266,161900
2023-05-18,76.66999816894531,78.0,75.5250015258789,77.83999633789062,77.83999633789062,136300
2023-05-19,78.43000030517578,78.43000030517578,76.77999877929688,77.20999908447266,77.20999908447266,199800
2023-05-22,77.63999938964844,78.43000030517578,77.46499633789062,77.58999633789062,77.58999633789062,104900
2023-05-23,77.33999633789062,77.87000274658203,76.27999877929688,76.33000183105469,76.33000183105469,92700
2023-05-24,75.91999816894531,76.02999877929688,74.9000015258789,75.2300033569336,75.2300033569336,86900
2023-05-25,75.23999786376953,75.5,72.552001953125,72.70999908447266,72.70999908447266,143400
2023-05-26,73.05999755859375,74.72000122070312,72.0999984741211,74.5999984741211,74.5999984741211,107600
2023-05-30,75.30999755859375,76.19999694824219,74.63999938964844,75.37000274658203,75.37000274658203,184200
2023-05-31,74.81999969482422,75.22000122070312,73.69999694824219,73.87000274658203,73.87000274658203,122800
2023-06-01,73.88999938964844,74.69000244140625,72.54000091552734,74.45999908447266,74.45999908447266,196600
2023-06-02,74.45999908447266,75.58000183105469,73.61000061035156,74.43000030517578,74.43000030517578,133200
2023-06-05,74.54000091552734,75.86000061035156,74.4000015258789,75.79000091552734,75.79000091552734,104300
2023-06-06,75.7300033569336,76.26000213623047,74.16999816894531,74.45999908447266,74.45999908447266,100500
2023-06-07,74.87000274658203,76.58999633789062,74.37999725341797,76.41999816894531,76.41999816894531,111800
2023-06-08,76.12000274658203,76.33000183105469,74.86000061035156,76.08000183105469,76.08000183105469,75500
2023-06-09,75.94999694824219,75.94999694824219,73.05999755859375,73.5999984741211,73.5999984741211,131200
2023-06-12,73.88999938964844,76.08000183105469,73.88999938964844,75.0,75.0,105300
2023-06-13,75.4800033569336,76.38999938964844,74.69000244140625,74.88999938964844,74.88999938964844,91900
2023-06-14,75.08999633789062,76.26000213623047,74.59500122070312,74.88999938964844,74.88999938964844,241300
2023-06-15,74.76000213623047,77.26000213623047,74.12999725341797,76.7699966430664,76.7699966430664,168700
2023-06-16,77.5199966430664,77.5199966430664,76.19000244140625,76.2699966430664,76.2699966430664,93600
2023-06-20,75.93000030517578,75.93000030517578,73.18000030517578,73.44000244140625,73.44000244140625,99600
2023-06-21,73.01000213623047,73.6510009765625,72.37000274658203,72.5999984741211,72.5999984741211,98400
2023-06-22,72.18000030517578,72.18000030517578,71.16999816894531,71.30000305175781,71.30000305175781,106700
2023-06-23,70.69999694824219,71.30000305175781,70.01000213623047,70.33999633789062,70.33999633789062,215900
2023-06-26,70.54000091552734,72.38999938964844,70.54000091552734,71.8499984741211,71.8499984741211,220100
2023-06-27,71.8499984741211,78.26000213623047,71.8499984741211,77.69000244140625,77.69000244140625,312000
2023-06-28,77.58000183105469,79.47000122070312,77.0,79.23999786376953,79.23999786376953,105800
2023-06-29,79.30000305175781,79.80999755859375,78.66000366210938,79.23999786376953,79.23999786376953,94200
2023-06-30,79.73999786376953,80.38999938964844,79.19000244140625,79.7300033569336,79.7300033569336,115400
2023-07-03,79.30999755859375,80.63500213623047,79.30999755859375,79.9000015258789,79.9000015258789,61600
2023-07-05,79.48999786376953,81.81999969482422,78.98999786376953,80.29000091552734,80.29000091552734,128000
2023-07-06,79.02999877929688,80.75,78.83000183105469,80.63999938964844,80.63999938964844,54500
2023-07-07,80.69000244140625,82.30999755859375,80.69000244140625,81.22000122070312,81.22000122070312,74300
2023-07-10,81.36000061035156,83.1500015258789,80.52999877929688,80.86000061035156,80.86000061035156,190300
2023-07-11,81.31999969482422,82.9000015258789,81.31999969482422,82.1500015258789,82.1500015258789,229200
2023-07-12,83.11000061035156,84.18000030517578,82.7300033569336,82.79000091552734,82.79000091552734,195200
2023-07-13,83.31999969482422,84.0199966430664,82.30000305175781,83.69000244140625,83.69000244140625,116700
2023-07-14,83.2699966430664,83.33000183105469,81.79000091552734,81.87000274658203,81.87000274658203,156400
2023-07-17,81.4000015258789,81.87999725341797,80.5999984741211,81.55999755859375,81.55999755859375,83500
2023-07-18,81.51000213623047,84.86000061035156,81.51000213623047,84.58000183105469,84.58000183105469,125800
2023-07-19,85.25,86.75,85.25,85.87000274658203,85.87000274658203,225300
2023-07-20,85.11000061035156,87.80999755859375,85.11000061035156,87.41000366210938,87.41000366210938,211900
2023-07-21,88.13999938964844,88.80999755859375,86.9749984741211,87.5999984741211,87.5999984741211,142100
2023-07-24,87.45999908447266,89.37999725341797,87.45999908447266,88.33999633789062,88.33999633789062,136000
2023-07-25,88.44000244140625,89.4800033569336,87.23999786376953,87.5,87.5,222100
2023-07-26,87.05999755859375,88.19999694824219,86.0,86.54000091552734,86.54000091552734,147500
2023-07-27,87.9800033569336,90.33000183105469,87.9800033569336,88.30999755859375,88.30999755859375,119600
2023-07-28,88.68000030517578,90.36000061035156,86.58999633789062,87.13999938964844,87.13999938964844,162600
2023-07-31,87.73999786376953,89.22000122070312,87.37999725341797,88.83000183105469,88.83000183105469,90400
2023-08-01,88.66000366210938,90.31999969482422,88.0999984741211,89.9000015258789,89.9000015258789,237900
2023-08-02,90.01000213623047,92.2699966430664,90.01000213623047,91.55000305175781,91.55000305175781,175100
2023-08-03,90.66999816894531,93.66999816894531,90.05000305175781,92.55999755859375,92.55999755859375,126800
2023-08-04,92.55999755859375,93.0,90.81999969482422,91.19000244140625,91.19000244140625,129300
2023-08-07,91.30000305175781,92.37999725341797,90.4000015258789,91.58000183105469,91.58000183105469,85200
2023-08-08,90.80999755859375,92.01000213623047,90.80999755859375,91.52999877929688,91.52999877929688,72300
2023-08-09,91.43000030517578,92.51499938964844,91.41000366210938,91.5999984741211,91.5999984741211,67100
2023-08-10,92.56999969482422,94.06500244140625,92.56999969482422,93.55999755859375,93.55999755859375,165400
2023-08-11,93.26000213623047,93.8499984741211,92.70999908447266,93.41000366210938,93.41000366210938,72700
2023-08-14,92.95999908447266,93.48999786376953,92.51000213623047,92.95999908447266,92.95999908447266,101800
2023-08-15,92.25,93.11000061035156,90.48999786376953,92.5999984741211,92.5999984741211,86500
2023-08-16,92.44000244140625,93.20999908447266,91.69000244140625,91.70999908447266,91.70999908447266,69300
2023-08-17,91.69999694824219,92.63999938964844,90.9800033569336,90.9800033569336,90.9800033569336,121000
2023-08-18,90.20999908447266,91.08000183105469,89.52999877929688,89.6500015258789,89.6500015258789,105900
2023-08-21,89.2699966430664,90.54000091552734,89.04000091552734,89.36000061035156,89.36000061035156,95700
2023-08-22,89.41999816894531,89.69000244140625,87.5199966430664,87.7699966430664,87.7699966430664,81100
2023-08-23,87.86000061035156,88.4000015258789,87.54000091552734,88.2300033569336,88.2300033569336,73200
2023-08-24,88.16999816894531,88.91999816894531,87.87000274658203,88.05000305175781,88.05000305175781,60300
2023-08-25,88.18000030517578,89.37000274658203,88.05000305175781,89.02999877929688,89.02999877929688,91300
2023-08-28,89.16000366210938,92.05500030517578,89.16000366210938,91.98999786376953,91.98999786376953,82600
2023-08-29,92.2699966430664,95.61000061035156,92.2699966430664,95.29000091552734,95.29000091552734,101000
2023-08-30,94.94999694824219,95.43000030517578,94.17500305175781,94.30999755859375,94.30999755859375,98700
2023-08-31,94.16999816894531,94.69999694824219,93.62999725341797,93.63999938964844,93.63999938964844,65200
2023-09-01,92.73999786376953,93.27999877929688,90.73999786376953,91.22000122070312,91.22000122070312,90300
2023-09-05,91.38999938964844,91.38999938964844,88.59500122070312,88.80999755859375,88.80999755859375,72800
2023-09-06,89.02999877929688,91.02999877929688,89.02999877929688,90.5199966430664,90.5199966430664,81400
2023-09-07,90.16000366210938,90.69000244140625,88.93000030517578,89.19000244140625,89.19000244140625,57400
2023-09-08,88.93000030517578,90.0999984741211,88.93000030517578,89.76000213623047,89.76000213623047,47900
2023-09-11,89.45999908447266,93.3499984741211,89.45999908447266,91.58000183105469,91.58000183105469,107800
2023-09-12,91.4000015258789,92.54000091552734,91.4000015258789,91.93000030517578,91.93000030517578,114600
2023-09-13,91.37000274658203,91.94000244140625,89.83000183105469,91.91999816894531,91.91999816894531,70100
2023-09-14,92.86000061035156,93.48999786376953,91.86000061035156,93.18000030517578,93.18000030517578,125900
2023-09-15,92.75,93.58000183105469,91.41000366210938,91.44000244140625,91.44000244140625,203300
2023-09-18,91.69999694824219,92.87000274658203,91.69999694824219,92.58000183105469,92.58000183105469,83500
2023-09-19,92.41999816894531,93.01000213623047,90.9000015258789,92.2699966430664,92.2699966430664,86000
2023-09-20,92.97000122070312,93.80000305175781,92.44000244140625,92.5199966430664,92.5199966430664,89400
2023-09-21,92.41999816894531,93.38999938964844,92.20999908447266,92.58000183105469,92.58000183105469,98000
2023-09-22,94.02999877929688,94.55000305175781,92.25499725341797,92.33000183105469,92.33000183105469,87800
2023-09-25,92.0999984741211,92.0999984741211,90.27999877929688,90.91000366210938,90.91000366210938,85700
2023-09-26,89.0199966430664,90.63500213623047,88.4000015258789,88.55000305175781,88.55000305175781,64800
2023-09-27,89.19000244140625,90.08999633789062,88.33000183105469,89.23999786376953,89.23999786376953,73100
2023-09-28,88.6500015258789,91.5,88.6500015258789,91.27999877929688,91.27999877929688,40000
2023-09-29,91.7300033569336,91.9000015258789,90.19999694824219,90.91000366210938,90.91000366210938,90100
2023-10-02,90.58000183105469,91.76000213623047,89.38999938964844,89.9000015258789,89.9000015258789,57400
2023-10-03,89.48999786376953,89.87999725341797,87.68000030517578,88.45999908447266,88.45999908447266,77500
2023-10-04,88.41999816894531,89.62999725341797,88.06999969482422,89.12999725341797,89.12999725341797,58800
2023-10-05,88.83000183105469,89.58999633789062,88.7300033569336,89.19999694824219,89.19999694824219,113400
2023-10-06,88.83000183105469,90.31999969482422,87.77999877929688,89.5199966430664,89.5199966430664,95700
2023-10-09,89.19999694824219,91.94000244140625,89.11000061035156,91.4000015258789,91.4000015258789,136600
2023-10-10,91.8499984741211,92.23999786376953,91.19999694824219,91.91000366210938,91.91000366210938,92700
2023-10-11,92.0199966430664,93.2249984741211,92.0199966430664,92.97000122070312,92.97000122070312,71600
2023-10-12,93.31999969482422,93.31999969482422,91.72000122070312,92.41000366210938,92.41000366210938,139500
2023-10-13,92.8499984741211,93.2300033569336,91.73999786376953,92.66000366210938,92.66000366210938,114900
2023-10-16,92.97000122070312,95.08000183105469,92.97000122070312,94.13999938964844,94.13999938964844,120200
2023-10-17,93.55999755859375,94.7300033569336,93.31999969482422,94.27999877929688,94.27999877929688,96400
2023-10-18,93.87000274658203,94.87999725341797,93.83999633789062,93.87999725341797,93.87999725341797,79000
2023-10-19,94.44000244140625,94.44000244140625,90.95999908447266,91.06999969482422,91.06999969482422,94400
2023-10-20,90.4800033569336,91.63999938964844,89.5999984741211,89.81999969482422,89.81999969482422,79200
2023-10-23,89.23999786376953,91.06999969482422,88.83999633789062,89.3499984741211,89.3499984741211,108000
2023-10-24,89.83999633789062,90.33000183105469,86.12000274658203,89.66999816894531,89.66999816894531,108900
2023-10-25,89.5,89.5,87.0999984741211,87.0999984741211,87.0999984741211,50400
2023-10-26,84.69999694824219,85.7300033569336,82.30999755859375,84.80999755859375,84.80999755859375,78800
2023-10-27,78.5999984741211,79.94000244140625,76.32499694824219,77.61000061035156,77.61000061035156,599000
2023-10-30,78.5,81.29000091552734,78.26000213623047,80.9800033569336,80.9800033569336,254000
2023-10-31,80.97000122070312,83.5,80.97000122070312,83.31999969482422,83.31999969482422,263200
2023-11-01,83.30000305175781,84.0199966430664,82.45999908447266,83.30000305175781,83.30000305175781,145800
2023-11-02,83.79000091552734,85.81999969482422,83.77999877929688,85.66000366210938,85.66000366210938,90700
2023-11-03,85.22000122070312,87.48999786376953,85.22000122070312,86.12000274658203,86.12000274658203,113000
2023-11-06,86.41000366210938,86.51000213623047,84.4000015258789,84.7699966430664,84.7699966430664,351000
2023-11-07,84.80000305175781,85.47000122070312,84.1500015258789,84.81999969482422,84.81999969482422,242700
2023-11-08,84.4800033569336,85.06999969482422,84.08000183105469,84.80999755859375,84.80999755859375,41092
