Date,Open,High,Low,Close,Adj Close,Volume
2021-11-05,24.770000457763672,26.860000610351562,24.0,26.459999084472656,26.459999084472656,1354200
2021-11-08,11.175999641418457,11.859999656677246,10.199999809265137,11.699999809265137,11.699999809265137,1819200
2021-11-09,10.800000190734863,10.899999618530273,8.579999923706055,9.109999656677246,9.109999656677246,896600
2021-11-10,9.010000228881836,9.300000190734863,8.413000106811523,8.600000381469727,8.600000381469727,345100
2021-11-11,9.270000457763672,9.5,8.989999771118164,9.390000343322754,9.390000343322754,218500
2021-11-12,9.899999618530273,10.109999656677246,9.520000457763672,10.0,10.0,208900
2021-11-15,10.979999542236328,11.289999961853027,10.37600040435791,10.989999771118164,10.989999771118164,546500
2021-11-16,11.25,11.25,10.149999618530273,10.390000343322754,10.390000343322754,287600
2021-11-17,10.319999694824219,10.5,9.8100004196167,10.279999732971191,10.279999732971191,127000
2021-11-18,10.579999923706055,10.579999923706055,9.649999618530273,10.149999618530273,10.149999618530273,52800
2021-11-19,9.800000190734863,10.140000343322754,9.5,9.800000190734863,9.800000190734863,52800
2021-11-22,10.199999809265137,10.199999809265137,9.032999992370605,9.369999885559082,9.369999885559082,128500
2021-11-23,9.600000381469727,10.0,9.029999732971191,10.0,10.0,146800
2021-11-24,10.180000305175781,10.220000267028809,9.640000343322754,10.149999618530273,10.149999618530273,129600
2021-11-26,9.899999618530273,9.958000183105469,9.295000076293945,9.850000381469727,9.850000381469727,114000
2021-11-29,10.100000381469727,10.350000381469727,9.5,9.779999732971191,9.779999732971191,128000
2021-11-30,9.899999618530273,9.920000076293945,9.28499984741211,9.739999771118164,9.739999771118164,158100
2021-12-01,9.6899995803833,9.899999618530273,8.609999656677246,8.75,8.75,191400
2021-12-02,9.149999618530273,9.149999618530273,8.640000343322754,8.84000015258789,8.84000015258789,71600
2021-12-03,8.75,8.989999771118164,7.800000190734863,8.119999885559082,8.119999885559082,152700
2021-12-06,8.199999809265137,8.449999809265137,7.800000190734863,8.050000190734863,8.050000190734863,43800
2021-12-07,8.100000381469727,8.329999923706055,8.050000190734863,8.199999809265137,8.199999809265137,37900
2021-12-08,8.550000190734863,9.210000038146973,8.550000190734863,8.600000381469727,8.600000381469727,152500
2021-12-09,9.319999694824219,9.800000190734863,9.112000465393066,9.699999809265137,9.699999809265137,164900
2021-12-10,10.0,10.0,9.050000190734863,9.930000305175781,9.930000305175781,562000
2021-12-13,10.0,10.3100004196167,9.020000457763672,9.5,9.5,145600
2021-12-14,9.369999885559082,9.510000228881836,8.8100004196167,8.869999885559082,8.869999885559082,63200
2021-12-15,8.640000343322754,9.1899995803833,8.5,9.149999618530273,9.149999618530273,45400
2021-12-16,9.300000190734863,9.649999618530273,8.949999809265137,8.949999809265137,8.949999809265137,56200
2021-12-17,9.029999732971191,9.199999809265137,9.029999732971191,9.050000190734863,9.050000190734863,19900
2021-12-20,8.869999885559082,9.399999618530273,8.869999885559082,9.0,9.0,59800
2021-12-21,8.930000305175781,9.380000114440918,8.930000305175781,9.210000038146973,9.210000038146973,22600
2021-12-22,9.210000038146973,9.59000015258789,9.210000038146973,9.479999542236328,9.479999542236328,14800
2021-12-23,10.100000381469727,10.5,9.619999885559082,10.4399995803833,10.4399995803833,136800
2021-12-27,11.399999618530273,11.5,10.710000038146973,10.819999694824219,10.819999694824219,322600
2021-12-28,11.229999542236328,11.229999542236328,10.619999885559082,10.789999961853027,10.789999961853027,102900
2021-12-29,10.899999618530273,10.899999618530273,10.300000190734863,10.390000343322754,10.390000343322754,34800
2021-12-30,10.539999961853027,11.0,10.289999961853027,10.5600004196167,10.5600004196167,17400
2021-12-31,10.319999694824219,10.890000343322754,10.050000190734863,10.390000343322754,10.390000343322754,68600
2022-01-03,10.779999732971191,11.0,10.399999618530273,10.550000190734863,10.550000190734863,106900
2022-01-04,10.699999809265137,10.75,10.100000381469727,10.390000343322754,10.390000343322754,43500
2022-01-05,18.209999084472656,18.68000030517578,14.038000106811523,15.210000038146973,15.210000038146973,20363200
2022-01-06,14.220000267028809,14.800000190734863,13.3100004196167,14.5,14.5,866900
2022-01-07,13.859999656677246,15.1899995803833,13.630000114440918,13.899999618530273,13.899999618530273,463500
2022-01-10,13.930000305175781,14.029999732971191,13.149999618530273,13.670000076293945,13.670000076293945,139600
2022-01-11,13.670000076293945,14.350000381469727,13.449999809265137,14.09000015258789,14.09000015258789,114100
2022-01-12,15.0,16.5,14.640000343322754,16.1200008392334,16.1200008392334,430500
2022-01-13,16.809999465942383,17.40999984741211,16.399999618530273,16.440000534057617,16.440000534057617,276600
2022-01-14,16.690000534057617,20.950000762939453,16.690000534057617,20.8700008392334,20.8700008392334,592100
2022-01-18,23.90999984741211,30.0,22.510000228881836,26.690000534057617,26.690000534057617,2437200
2022-01-19,26.18000030517578,26.75,23.354999542236328,24.59000015258789,24.59000015258789,426600
2022-01-20,23.11400032043457,25.40999984741211,22.041000366210938,23.75,23.75,264200
2022-01-21,22.8799991607666,27.94499969482422,22.6299991607666,27.760000228881836,27.760000228881836,517700
2022-01-24,23.93000030517578,24.649999618530273,21.31999969482422,21.5,21.5,407500
2022-01-25,22.010000228881836,22.190000534057617,18.520000457763672,20.25,20.25,422400
2022-01-26,15.399999618530273,15.96500015258789,14.430000305175781,14.5,14.5,2151000
2022-01-27,15.399999618530273,16.1200008392334,14.600000381469727,15.270000457763672,15.270000457763672,529300
2022-01-28,14.84000015258789,15.789999961853027,14.670999526977539,15.550000190734863,15.550000190734863,247900
2022-01-31,15.75,16.049999237060547,15.25,15.720000267028809,15.720000267028809,153900
2022-02-01,15.720000267028809,15.880000114440918,14.90999984741211,15.279999732971191,15.279999732971191,139300
2022-02-02,15.0,15.100000381469727,13.760000228881836,14.0600004196167,14.0600004196167,254700
2022-02-03,13.0,13.149999618530273,12.196000099182129,12.819999694824219,12.819999694824219,116900
2022-02-04,13.670000076293945,14.5600004196167,13.180000305175781,14.140000343322754,14.140000343322754,184100
2022-02-07,14.25,14.489999771118164,13.010000228881836,13.210000038146973,13.210000038146973,178700
2022-02-08,13.260000228881836,13.416999816894531,12.550000190734863,12.890000343322754,12.890000343322754,110900
2022-02-09,13.199999809265137,13.489999771118164,13.0,13.029999732971191,13.029999732971191,107500
2022-02-10,14.0600004196167,14.59000015258789,13.699999809265137,14.59000015258789,14.59000015258789,175400
2022-02-11,14.829999923706055,16.139999389648438,14.8100004196167,15.210000038146973,15.210000038146973,192500
2022-02-14,14.550000190734863,14.649999618530273,13.779999732971191,14.0,14.0,158100
2022-02-15,14.319999694824219,15.748000144958496,14.170000076293945,15.489999771118164,15.489999771118164,128300
2022-02-16,16.0,16.200000762939453,15.579999923706055,15.880000114440918,15.880000114440918,172700
2022-02-17,15.649999618530273,18.62700080871582,15.305000305175781,17.40999984741211,17.40999984741211,539400
2022-02-18,17.209999084472656,17.43000030517578,15.140000343322754,15.869999885559082,15.869999885559082,158400
2022-02-22,14.90999984741211,14.90999984741211,13.3100004196167,13.529999732971191,13.529999732971191,139500
2022-02-23,15.25,15.260000228881836,14.305000305175781,14.720000267028809,14.720000267028809,80100
2022-02-24,13.949999809265137,14.720000267028809,13.300000190734863,14.720000267028809,14.720000267028809,111100
2022-02-25,14.880000114440918,15.199999809265137,14.729999542236328,14.819999694824219,14.819999694824219,42600
2022-02-28,14.199999809265137,14.970000267028809,14.020000457763672,14.25,14.25,111600
2022-03-01,14.100000381469727,14.489999771118164,13.670000076293945,14.010000228881836,14.010000228881836,84800
2022-03-02,14.15999984741211,14.720000267028809,14.050000190734863,14.34000015258789,14.34000015258789,60700
2022-03-03,14.300000190734863,14.300000190734863,13.390000343322754,13.390000343322754,13.390000343322754,93400
2022-03-04,13.25,13.25,12.270000457763672,12.34000015258789,12.34000015258789,80500
2022-03-07,12.220000267028809,12.399999618530273,10.899999618530273,10.899999618530273,10.899999618530273,121400
2022-03-08,11.710000038146973,12.210000038146973,11.260000228881836,11.420000076293945,11.420000076293945,71100
2022-03-09,13.960000038146973,14.59000015258789,13.40999984741211,14.0,14.0,68700
2022-03-10,14.010000228881836,14.187999725341797,13.385000228881836,13.6899995803833,13.6899995803833,23800
2022-03-11,13.649999618530273,14.5,13.649999618530273,13.850000381469727,13.850000381469727,41900
2022-03-14,14.569999694824219,14.569999694824219,13.0,13.430000305175781,13.430000305175781,34900
2022-03-15,13.869999885559082,13.869999885559082,13.050000190734863,13.369999885559082,13.369999885559082,14400
2022-03-16,13.930000305175781,14.5,13.899999618530273,14.460000038146973,14.460000038146973,53400
2022-03-17,14.600000381469727,15.140000343322754,14.25,14.960000038146973,14.960000038146973,39600
2022-03-18,14.760000228881836,15.875,14.09000015258789,15.420000076293945,15.420000076293945,45800
2022-03-21,15.699999809265137,17.809999465942383,15.369999885559082,16.850000381469727,16.850000381469727,91900
2022-03-22,16.969999313354492,17.11199951171875,15.170000076293945,16.1200008392334,16.1200008392334,56100
2022-03-23,15.779999732971191,16.075000762939453,15.319999694824219,15.729999542236328,15.729999542236328,41800
2022-03-24,15.539999961853027,15.9399995803833,14.720000267028809,14.989999771118164,14.989999771118164,33600
2022-03-25,15.100000381469727,15.395000457763672,14.09000015258789,14.5600004196167,14.5600004196167,38000
2022-03-28,14.210000038146973,15.25,14.210000038146973,14.399999618530273,14.399999618530273,46500
2022-03-29,15.100000381469727,15.109999656677246,14.619999885559082,14.819999694824219,14.819999694824219,29900
2022-03-30,14.800000190734863,15.619999885559082,14.800000190734863,15.069999694824219,15.069999694824219,34800
2022-03-31,15.869999885559082,15.930000305175781,14.289999961853027,14.630000114440918,14.630000114440918,73000
2022-04-01,14.720000267028809,15.670000076293945,14.65999984741211,15.270000457763672,15.270000457763672,21000
2022-04-04,15.149999618530273,15.76200008392334,14.350000381469727,15.5,15.5,55200
2022-04-05,15.399999618530273,15.649999618530273,14.6899995803833,15.020000457763672,15.020000457763672,45500
2022-04-06,14.829999923706055,15.25,14.510000228881836,14.609999656677246,14.609999656677246,30300
2022-04-07,14.899999618530273,15.032999992370605,14.199999809265137,14.220000267028809,14.220000267028809,30600
2022-04-08,14.600000381469727,14.800000190734863,14.140000343322754,14.470000267028809,14.470000267028809,18900
2022-04-11,14.140000343322754,14.449999809265137,13.609999656677246,13.609999656677246,13.609999656677246,24200
2022-04-12,14.5,14.770000457763672,14.119999885559082,14.579999923706055,14.579999923706055,29700
2022-04-13,14.220000267028809,14.979999542236328,14.220000267028809,14.449999809265137,14.449999809265137,16600
2022-04-14,14.324999809265137,14.350000381469727,13.680000305175781,14.15999984741211,14.15999984741211,9700
2022-04-18,14.722999572753906,14.722999572753906,13.640000343322754,13.640000343322754,13.640000343322754,4000
2022-04-19,13.899999618530273,14.5,13.640000343322754,14.319999694824219,14.319999694824219,14100
2022-04-20,13.725000381469727,14.800000190734863,13.725000381469727,14.0,14.0,13400
2022-04-21,14.010000228881836,14.800000190734863,13.020000457763672,13.020000457763672,13.020000457763672,36600
2022-04-22,13.25,13.789999961853027,12.595000267028809,12.850000381469727,12.850000381469727,28400
2022-04-25,12.5,13.465999603271484,12.5,13.34000015258789,13.34000015258789,18000
2022-04-26,14.199999809265137,14.199999809265137,12.899999618530273,13.220000267028809,13.220000267028809,28200
2022-04-27,13.199999809265137,13.510000228881836,12.5,12.529999732971191,12.529999732971191,5400
2022-04-28,12.0600004196167,13.09000015258789,12.0600004196167,12.710000038146973,12.710000038146973,43700
2022-04-29,12.800000190734863,12.989999771118164,12.300000190734863,12.4399995803833,12.4399995803833,18300
2022-05-02,12.789999961853027,13.100000381469727,12.390000343322754,12.899999618530273,12.899999618530273,26800
2022-05-03,12.800000190734863,12.800000190734863,11.869999885559082,12.300000190734863,12.300000190734863,38500
2022-05-04,12.050000190734863,12.895000457763672,12.050000190734863,12.75,12.75,32600
2022-05-05,14.270000457763672,14.270000457763672,12.718999862670898,13.649999618530273,13.649999618530273,139300
2022-05-06,14.229999542236328,14.229999542236328,12.0,12.199999809265137,12.199999809265137,121300
2022-05-09,11.930000305175781,12.199999809265137,11.0,11.0,11.0,59400
2022-05-10,11.699999809265137,11.699999809265137,10.90999984741211,11.329999923706055,11.329999923706055,38100
2022-05-11,11.140000343322754,11.5649995803833,11.0,11.0,11.0,36100
2022-05-12,11.0,11.25,9.579999923706055,10.75,10.75,57600
2022-05-13,10.880000114440918,11.350000381469727,10.770000457763672,11.225000381469727,11.225000381469727,23300
2022-05-16,10.9399995803833,11.5,10.75,11.210000038146973,11.210000038146973,18400
2022-05-17,11.100000381469727,12.180000305175781,11.100000381469727,11.90999984741211,11.90999984741211,20000
2022-05-18,11.510000228881836,11.649999618530273,11.020000457763672,11.100000381469727,11.100000381469727,6300
2022-05-19,11.649999618530273,11.670000076293945,11.28499984741211,11.505999565124512,11.505999565124512,8100
2022-05-20,11.859999656677246,12.25,11.5,12.25,12.25,27700
2022-05-23,12.079999923706055,12.399999618530273,12.039999961853027,12.039999961853027,12.039999961853027,9400
2022-05-24,11.979999542236328,11.979999542236328,11.149999618530273,11.630000114440918,11.630000114440918,13500
2022-05-25,11.430000305175781,11.630000114440918,11.289999961853027,11.550000190734863,11.550000190734863,6800
2022-05-26,11.380000114440918,11.989999771118164,11.25,11.90999984741211,11.90999984741211,18600
2022-05-27,11.859999656677246,12.25,11.510000228881836,11.859999656677246,11.859999656677246,23000
2022-05-31,11.600000381469727,11.6899995803833,11.300000190734863,11.569999694824219,11.569999694824219,11900
2022-06-01,11.800000190734863,11.829999923706055,11.010000228881836,11.579999923706055,11.579999923706055,20900
2022-06-02,11.779999732971191,11.779999732971191,11.020000457763672,11.239999771118164,11.239999771118164,21900
2022-06-03,11.239999771118164,11.539999961853027,11.0600004196167,11.34000015258789,11.34000015258789,28400
2022-06-06,11.869999885559082,11.869999885559082,10.819999694824219,10.880000114440918,10.880000114440918,27300
2022-06-07,11.449999809265137,11.5,10.989999771118164,11.5,11.5,30200
2022-06-08,11.449999809265137,11.539999961853027,11.149999618530273,11.204999923706055,11.204999923706055,24700
2022-06-09,11.199999809265137,11.569999694824219,10.65999984741211,10.970000267028809,10.970000267028809,15200
2022-06-10,10.229999542236328,11.012999534606934,9.90999984741211,10.960000038146973,10.960000038146973,25100
2022-06-13,9.989999771118164,9.989999771118164,9.300000190734863,9.300000190734863,9.300000190734863,26300
2022-06-14,9.100000381469727,9.164999961853027,8.880000114440918,8.90999984741211,8.90999984741211,22100
2022-06-15,9.180000305175781,10.65999984741211,8.960000038146973,10.289999961853027,10.289999961853027,58300
2022-06-16,9.399999618530273,9.609999656677246,9.020000457763672,9.609999656677246,9.609999656677246,10300
2022-06-17,9.369999885559082,9.369999885559082,8.5600004196167,8.984999656677246,8.984999656677246,42400
2022-06-21,9.789999961853027,10.489999771118164,9.381999969482422,10.050000190734863,10.050000190734863,66000
2022-06-22,9.369999885559082,9.779999732971191,9.09000015258789,9.550000190734863,9.550000190734863,30100
2022-06-23,9.720000267028809,9.720000267028809,9.345000267028809,9.600000381469727,9.600000381469727,12000
2022-06-24,10.149999618530273,11.0,9.510000228881836,10.119999885559082,10.119999885559082,38600
2022-06-27,9.899999618530273,10.3100004196167,9.859999656677246,9.859999656677246,9.859999656677246,8000
2022-06-28,9.920000076293945,10.5,9.920000076293945,10.149999618530273,10.149999618530273,15300
2022-06-29,10.010000228881836,10.244999885559082,9.5,9.800000190734863,9.800000190734863,9500
2022-06-30,9.520000457763672,9.739999771118164,9.25,9.25,9.25,6000
2022-07-01,9.470000267028809,9.470000267028809,9.300000190734863,9.399999618530273,9.399999618530273,1900
2022-07-05,9.029999732971191,9.550000190734863,9.029999732971191,9.130000114440918,9.130000114440918,16000
2022-07-06,9.130000114440918,9.699999809265137,9.130000114440918,9.699999809265137,9.699999809265137,7000
2022-07-07,10.180000305175781,11.289999961853027,10.010000228881836,10.350000381469727,10.350000381469727,87700
2022-07-08,10.779999732971191,11.0600004196167,10.020000457763672,10.444999694824219,10.444999694824219,37800
2022-07-11,10.699999809265137,11.4399995803833,10.5,11.079999923706055,11.079999923706055,31200
2022-07-12,11.5600004196167,12.010000228881836,10.75,10.829999923706055,10.829999923706055,47400
2022-07-13,10.140000343322754,10.6899995803833,9.645000457763672,9.739999771118164,9.739999771118164,35100
2022-07-14,9.609999656677246,9.609999656677246,9.09000015258789,9.170000076293945,9.170000076293945,34100
2022-07-15,9.25,9.836999893188477,9.0,9.399999618530273,9.399999618530273,19000
2022-07-18,9.4399995803833,10.0600004196167,9.4399995803833,9.869999885559082,9.869999885559082,25500
2022-07-19,9.880000114440918,10.071999549865723,9.529999732971191,9.9399995803833,9.9399995803833,26600
2022-07-20,9.9399995803833,10.100000381469727,9.6899995803833,9.869999885559082,9.869999885559082,18000
2022-07-21,9.800000190734863,10.050000190734863,9.800000190734863,9.989999771118164,9.989999771118164,12600
2022-07-22,10.029999732971191,10.079999923706055,9.859999656677246,10.039999961853027,10.039999961853027,10700
2022-07-25,9.949999809265137,9.949999809265137,9.5,9.619999885559082,9.619999885559082,21900
2022-07-26,9.619999885559082,9.649999618530273,9.25,9.270000457763672,9.270000457763672,15600
2022-07-27,9.449999809265137,9.600000381469727,9.300000190734863,9.479999542236328,9.479999542236328,20100
2022-07-28,9.600000381469727,9.600000381469727,9.350000381469727,9.550000190734863,9.550000190734863,8000
2022-07-29,9.369999885559082,9.699000358581543,9.369999885559082,9.449999809265137,9.449999809265137,10500
2022-08-01,9.609999656677246,10.359999656677246,9.600000381469727,9.989999771118164,9.989999771118164,14100
2022-08-02,10.0,10.119999885559082,9.5,9.5600004196167,9.5600004196167,15700
2022-08-03,9.59000015258789,9.9399995803833,9.59000015258789,9.899999618530273,9.899999618530273,14600
2022-08-04,9.770000457763672,10.050000190734863,9.649999618530273,9.800999641418457,9.800999641418457,25800
2022-08-05,9.824000358581543,9.899999618530273,9.619999885559082,9.800000190734863,9.800000190734863,16500
2022-08-08,9.619999885559082,9.760000228881836,9.3100004196167,9.420000076293945,9.420000076293945,42400
2022-08-09,9.449999809265137,9.59000015258789,9.119999885559082,9.270000457763672,9.270000457763672,21400
2022-08-10,9.270000457763672,9.539999961853027,9.1899995803833,9.289999961853027,9.289999961853027,64000
2022-08-11,9.550000190734863,9.609999656677246,9.180000305175781,9.289999961853027,9.289999961853027,22300
2022-08-12,9.390000343322754,9.5,9.114999771118164,9.180000305175781,9.180000305175781,56200
2022-08-15,9.279999732971191,9.449999809265137,9.15999984741211,9.239999771118164,9.239999771118164,36400
2022-08-16,10.5,11.170000076293945,9.949999809265137,10.640000343322754,10.640000343322754,193400
2022-08-17,10.399999618530273,10.399999618530273,9.4399995803833,9.9399995803833,9.9399995803833,39200
2022-08-18,9.829999923706055,9.949999809265137,9.600000381469727,9.774999618530273,9.774999618530273,15700
2022-08-19,9.6899995803833,9.770000457763672,9.260000228881836,9.260000228881836,9.260000228881836,11400
2022-08-22,9.8100004196167,9.8100004196167,9.020000457763672,9.15999984741211,9.15999984741211,15000
2022-08-23,9.109999656677246,9.350000381469727,8.805000305175781,9.069999694824219,9.069999694824219,40500
2022-08-24,9.02299976348877,9.14900016784668,8.75,8.890999794006348,8.890999794006348,26100
2022-08-25,9.079999923706055,9.289999961853027,8.899999618530273,9.069999694824219,9.069999694824219,14500
2022-08-26,9.109999656677246,9.300000190734863,7.849999904632568,8.5600004196167,8.5600004196167,100200
2022-08-29,8.630000114440918,9.149999618530273,8.3100004196167,8.779999732971191,8.779999732971191,12900
2022-08-30,8.899999618530273,8.949999809265137,8.550000190734863,8.890000343322754,8.890000343322754,21600
2022-08-31,8.760000228881836,9.279999732971191,8.760000228881836,8.779999732971191,8.779999732971191,12900
2022-09-01,8.989999771118164,8.989999771118164,8.505000114440918,8.510000228881836,8.510000228881836,6600
2022-09-02,8.5600004196167,8.899999618530273,8.520000457763672,8.789999961853027,8.789999961853027,14400
2022-09-06,8.760000228881836,9.0,8.390000343322754,8.885000228881836,8.885000228881836,19700
2022-09-07,8.84000015258789,8.84000015258789,8.5,8.6899995803833,8.6899995803833,3800
2022-09-08,8.449999809265137,9.350000381469727,8.449999809265137,9.239999771118164,9.239999771118164,97400
2022-09-09,9.5,9.5,8.869999885559082,9.039999961853027,9.039999961853027,26500
2022-09-12,9.050000190734863,9.149999618530273,8.760000228881836,8.960000038146973,8.960000038146973,29000
2022-09-13,8.930000305175781,9.050000190734863,8.800000190734863,8.989999771118164,8.989999771118164,17600
2022-09-14,9.0,9.100000381469727,8.770000457763672,8.770000457763672,8.770000457763672,13600
2022-09-15,8.789999961853027,9.050000190734863,8.510000228881836,8.720999717712402,8.720999717712402,26600
2022-09-16,8.59000015258789,9.149999618530273,8.369999885559082,8.899999618530273,8.899999618530273,14600
2022-09-19,8.600000381469727,8.899999618530273,8.472000122070312,8.510000228881836,8.510000228881836,10700
2022-09-20,8.550000190734863,8.6899995803833,8.149999618530273,8.279999732971191,8.279999732971191,17000
2022-09-21,8.239999771118164,8.34000015258789,7.519999980926514,8.1899995803833,8.1899995803833,24400
2022-09-22,8.1899995803833,8.5,7.559000015258789,7.949999809265137,7.949999809265137,21300
2022-09-23,7.5,7.5,6.059999942779541,6.900000095367432,6.900000095367432,38900
2022-09-26,6.820000171661377,7.400000095367432,6.639999866485596,7.039999961853027,7.039999961853027,7100
2022-09-27,7.050000190734863,7.199999809265137,6.684000015258789,7.0,7.0,8100
2022-09-28,7.130000114440918,8.010000228881836,6.900000095367432,7.235000133514404,7.235000133514404,36500
2022-09-29,7.099999904632568,7.139999866485596,6.099999904632568,6.739999771118164,6.739999771118164,22200
2022-09-30,6.110000133514404,6.894999980926514,6.110000133514404,6.894999980926514,6.894999980926514,11200
2022-10-03,6.670000076293945,7.059999942779541,6.670000076293945,6.909999847412109,6.909999847412109,6600
2022-10-04,6.909999847412109,7.679999828338623,6.909999847412109,7.0,7.0,36900
2022-10-05,6.909999847412109,6.929999828338623,6.449999809265137,6.554999828338623,6.554999828338623,11000
2022-10-06,6.599999904632568,7.065000057220459,6.289999961853027,6.309999942779541,6.309999942779541,38300
2022-10-07,6.179999828338623,6.559999942779541,6.179999828338623,6.360000133514404,6.360000133514404,8900
2022-10-10,6.800000190734863,6.800000190734863,6.25,6.435999870300293,6.435999870300293,4900
2022-10-11,6.960000038146973,7.480000019073486,6.550000190734863,6.610000133514404,6.610000133514404,24500
2022-10-12,6.5,6.885000228881836,6.5,6.829999923706055,6.829999923706055,12200
2022-10-13,7.349999904632568,7.349999904632568,6.420000076293945,7.099999904632568,7.099999904632568,28400
2022-10-14,7.380000114440918,7.380000114440918,6.690999984741211,7.010000228881836,7.010000228881836,10700
2022-10-17,6.760000228881836,7.0,6.650000095367432,6.980000019073486,6.980000019073486,27200
2022-10-18,7.204999923706055,7.5,6.789999961853027,7.050000190734863,7.050000190734863,50600
2022-10-19,6.519999980926514,7.380000114440918,6.519999980926514,6.849999904632568,6.849999904632568,20800
2022-10-20,6.849999904632568,7.099999904632568,6.369999885559082,6.809999942779541,6.809999942779541,51300
2022-10-21,6.710000038146973,7.199999809265137,6.300000190734863,6.789999961853027,6.789999961853027,7700
2022-10-24,6.78000020980835,6.849999904632568,6.409999847412109,6.630000114440918,6.630000114440918,12800
2022-10-25,6.679999828338623,7.300000190734863,6.679999828338623,6.960000038146973,6.960000038146973,16300
2022-10-26,6.809999942779541,7.460000038146973,6.809999942779541,7.079999923706055,7.079999923706055,6900
2022-10-27,7.099999904632568,7.309999942779541,7.0,7.0,7.0,15200
2022-10-28,7.090000152587891,7.090000152587891,6.900000095367432,6.96999979019165,6.96999979019165,8600
2022-10-31,6.900000095367432,7.340000152587891,6.900000095367432,7.099999904632568,7.099999904632568,28400
2022-11-01,6.900000095367432,7.1539998054504395,6.900000095367432,7.150000095367432,7.150000095367432,7300
2022-11-02,7.159999847412109,7.250999927520752,7.090000152587891,7.090000152587891,7.090000152587891,5100
2022-11-03,7.5,7.5,7.110000133514404,7.110000133514404,7.110000133514404,2500
2022-11-04,7.099999904632568,7.110000133514404,6.699999809265137,7.039999961853027,7.039999961853027,9400
2022-11-07,6.949999809265137,7.710000038146973,6.949999809265137,7.449999809265137,7.449999809265137,26500
2022-11-08,7.400000095367432,7.724999904632568,6.817999839782715,7.199999809265137,7.199999809265137,16300
2022-11-09,6.909999847412109,7.28000020980835,6.699999809265137,7.0,7.0,8200
2022-11-10,7.03000020980835,7.789999961853027,7.03000020980835,7.25,7.25,23900
2022-11-11,7.25,7.539999961853027,7.25,7.53000020980835,7.53000020980835,2200
2022-11-14,7.329999923706055,7.900000095367432,7.329999923706055,7.860000133514404,7.860000133514404,15500
2022-11-15,7.869999885559082,8.0,7.699999809265137,7.809999942779541,7.809999942779541,8300
2022-11-16,7.679999828338623,8.289999961853027,7.679999828338623,8.220000267028809,8.220000267028809,11200
2022-11-17,8.300000190734863,9.149999618530273,8.289999961853027,8.920000076293945,8.920000076293945,18400
2022-11-18,9.199999809265137,9.61400032043457,8.850000381469727,9.375,9.375,44300
2022-11-21,9.390000343322754,9.399999618530273,9.0,9.0,9.0,10900
2022-11-22,9.15999984741211,9.25,8.359999656677246,9.199999809265137,9.199999809265137,20100
2022-11-23,9.199999809265137,9.210000038146973,8.420000076293945,9.140000343322754,9.140000343322754,14400
2022-11-25,8.949999809265137,9.0,8.720000267028809,8.75,8.75,5300
2022-11-28,8.710000038146973,9.0,8.710000038146973,9.0,9.0,5300
2022-11-29,9.119999885559082,9.119999885559082,8.649999618530273,8.829999923706055,8.829999923706055,13300
2022-11-30,8.670000076293945,8.9399995803833,7.75,8.772000312805176,8.772000312805176,11400
2022-12-01,8.670000076293945,9.0,8.029999732971191,8.600000381469727,8.600000381469727,35400
2022-12-02,8.399999618530273,9.029999732971191,8.199999809265137,8.270000457763672,8.270000457763672,21700
2022-12-05,7.820000171661377,8.489999771118164,7.570000171661377,7.800000190734863,7.800000190734863,31800
2022-12-06,8.600000381469727,8.95199966430664,8.0,8.579999923706055,8.579999923706055,85000
2022-12-07,8.770000457763672,8.770000457763672,7.940000057220459,8.5,8.5,28900
2022-12-08,8.350000381469727,8.470000267028809,7.570000171661377,8.130000114440918,8.130000114440918,36100
2022-12-09,8.130000114440918,8.149999618530273,7.900000095367432,7.900000095367432,7.900000095367432,10100
2022-12-12,7.900000095367432,8.015000343322754,7.449999809265137,7.829999923706055,7.829999923706055,12900
2022-12-13,7.820000171661377,7.900000095367432,7.360000133514404,7.5,7.5,13500
2022-12-14,7.5,7.71999979019165,7.078000068664551,7.349999904632568,7.349999904632568,25600
2022-12-15,7.400000095367432,7.630000114440918,7.070000171661377,7.630000114440918,7.630000114440918,6300
2022-12-16,7.449999809265137,7.519999980926514,7.0,7.079999923706055,7.079999923706055,17400
2022-12-19,7.0,8.039999961853027,7.0,7.400000095367432,7.400000095367432,17100
2022-12-20,7.5,7.820000171661377,7.388999938964844,7.820000171661377,7.820000171661377,4000
2022-12-21,7.630000114440918,8.211000442504883,7.349999904632568,7.570000171661377,7.570000171661377,8600
2022-12-22,7.5,7.5,6.4629998207092285,7.199999809265137,7.199999809265137,14700
2022-12-23,7.150000095367432,7.400000095367432,7.150000095367432,7.170000076293945,7.170000076293945,3200
2022-12-27,7.179999828338623,7.380000114440918,6.800000190734863,7.039999961853027,7.039999961853027,9800
2022-12-28,7.230000019073486,7.25,6.880000114440918,6.909999847412109,6.909999847412109,13900
2022-12-29,6.880000114440918,7.144999980926514,6.800000190734863,6.800000190734863,6.800000190734863,11400
2022-12-30,7.070000171661377,7.099999904632568,6.947000026702881,7.099999904632568,7.099999904632568,4200
2023-01-03,7.0,7.360000133514404,6.519999980926514,6.599999904632568,6.599999904632568,22600
2023-01-04,6.690000057220459,6.880000114440918,6.5,6.559999942779541,6.559999942779541,8700
2023-01-05,6.5,6.75,6.230000019073486,6.670000076293945,6.670000076293945,20300
2023-01-06,6.690000057220459,6.820000171661377,6.269999980926514,6.269999980926514,6.269999980926514,7900
2023-01-09,6.400000095367432,7.099999904632568,6.400000095367432,6.989999771118164,6.989999771118164,17900
2023-01-10,6.900000095367432,6.900000095367432,6.599999904632568,6.599999904632568,6.599999904632568,8000
2023-01-11,6.989999771118164,6.989999771118164,6.525000095367432,6.610000133514404,6.610000133514404,3900
2023-01-12,6.675000190734863,6.96999979019165,6.53000020980835,6.96999979019165,6.96999979019165,11100
2023-01-13,6.949999809265137,6.949999809265137,6.599999904632568,6.619999885559082,6.619999885559082,5500
2023-01-17,6.480000019073486,6.960000038146973,6.480000019073486,6.960000038146973,6.960000038146973,4900
2023-01-18,7.0,7.849999904632568,7.0,7.21999979019165,7.21999979019165,34800
2023-01-19,7.079999923706055,7.119999885559082,6.75,6.75,6.75,7800
2023-01-20,6.900000095367432,7.010000228881836,6.889999866485596,7.0,7.0,6400
2023-01-23,7.0,7.144999980926514,6.900000095367432,7.050000190734863,7.050000190734863,14900
2023-01-24,6.980000019073486,7.239999771118164,6.800000190734863,7.03000020980835,7.03000020980835,16200
2023-01-25,7.050000190734863,7.150000095367432,6.710000038146973,6.800000190734863,6.800000190734863,6900
2023-01-26,6.800000190734863,7.150000095367432,6.800000190734863,7.0,7.0,10400
2023-01-27,6.980000019073486,7.059999942779541,6.550000190734863,6.559999942779541,6.559999942779541,15400
2023-01-30,6.650000095367432,6.96999979019165,6.650000095367432,6.849999904632568,6.849999904632568,10000
2023-01-31,7.03000020980835,7.03000020980835,6.5,6.599999904632568,6.599999904632568,10400
2023-02-01,6.829999923706055,6.880000114440918,6.710000038146973,6.710000038146973,6.710000038146973,1600
2023-02-02,6.800000190734863,6.909999847412109,6.71999979019165,6.800000190734863,6.800000190734863,13600
2023-02-03,6.800000190734863,6.900000095367432,6.699999809265137,6.889999866485596,6.889999866485596,6600
2023-02-06,6.889999866485596,6.900000095367432,6.699999809265137,6.699999809265137,6.699999809265137,3800
2023-02-07,6.699999809265137,6.699999809265137,6.599999904632568,6.599999904632568,6.599999904632568,8100
2023-02-08,6.679999828338623,6.820000171661377,6.599999904632568,6.599999904632568,6.599999904632568,11200
2023-02-09,6.730000019073486,6.840000152587891,6.599999904632568,6.599999904632568,6.599999904632568,10100
2023-02-10,6.650000095367432,6.840000152587891,6.599999904632568,6.599999904632568,6.599999904632568,17200
2023-02-13,6.599999904632568,6.849999904632568,6.599999904632568,6.699999809265137,6.699999809265137,15200
2023-02-14,6.78000020980835,6.940000057220459,6.78000020980835,6.940000057220459,6.940000057220459,7100
2023-02-15,7.349999904632568,7.5,6.599999904632568,6.849999904632568,6.849999904632568,282300
2023-02-16,6.949999809265137,7.190000057220459,6.800000190734863,6.820000171661377,6.820000171661377,113200
2023-02-17,6.949999809265137,7.039999961853027,6.900000095367432,6.951000213623047,6.951000213623047,30800
2023-02-21,7.110000133514404,7.21999979019165,7.0,7.150000095367432,7.150000095367432,83100
2023-02-22,7.210000038146973,7.210000038146973,6.820000171661377,6.940000057220459,6.940000057220459,39800
2023-02-23,6.820000171661377,7.099999904632568,6.800000190734863,6.900000095367432,6.900000095367432,25100
2023-02-24,6.989999771118164,6.989999771118164,6.75,6.789999961853027,6.789999961853027,12900
2023-02-27,7.0,7.199999809265137,6.800000190734863,6.849999904632568,6.849999904632568,64600
2023-02-28,7.0,7.489999771118164,6.940000057220459,7.090000152587891,7.090000152587891,58500
2023-03-01,7.090000152587891,7.090000152587891,6.760000228881836,7.019999980926514,7.019999980926514,26800
2023-03-02,7.090000152587891,7.090000152587891,6.800000190734863,6.906000137329102,6.906000137329102,18700
2023-03-03,7.0,7.090000152587891,6.900000095367432,6.949999809265137,6.949999809265137,40800
2023-03-06,6.989999771118164,7.090000152587891,6.900000095367432,7.090000152587891,7.090000152587891,24500
2023-03-07,7.130000114440918,7.15500020980835,6.900000095367432,7.019999980926514,7.019999980926514,112600
2023-03-08,7.150000095367432,7.150000095367432,6.849999904632568,6.980000019073486,6.980000019073486,46300
2023-03-09,6.980000019073486,6.980000019073486,6.639999866485596,6.860000133514404,6.860000133514404,40200
2023-03-10,6.670000076293945,6.800000190734863,6.599999904632568,6.619999885559082,6.619999885559082,28000
2023-03-13,6.449999809265137,6.449999809265137,5.420000076293945,6.400000095367432,6.400000095367432,67700
2023-03-14,6.090000152587891,6.5,6.090000152587891,6.429999828338623,6.429999828338623,14500
2023-03-15,6.380000114440918,6.446000099182129,6.139999866485596,6.28000020980835,6.28000020980835,26500
2023-03-16,7.110000133514404,7.110000133514404,6.320000171661377,6.599999904632568,6.599999904632568,138100
2023-03-17,6.400000095367432,6.699999809265137,6.349999904632568,6.599999904632568,6.599999904632568,13100
2023-03-20,6.460000038146973,6.550000190734863,5.840000152587891,6.110000133514404,6.110000133514404,48900
2023-03-21,6.590000152587891,6.590000152587891,6.300000190734863,6.480000019073486,6.480000019073486,49700
2023-03-22,6.559999942779541,6.559999942779541,6.199999809265137,6.21999979019165,6.21999979019165,29900
2023-03-23,6.449999809265137,6.478000164031982,6.21999979019165,6.21999979019165,6.21999979019165,37900
2023-03-24,6.329999923706055,6.539999961853027,6.260000228881836,6.329999923706055,6.329999923706055,28700
2023-03-27,6.53000020980835,6.699999809265137,6.329999923706055,6.460000038146973,6.460000038146973,184900
2023-03-28,6.5,6.531000137329102,6.25,6.25,6.25,89500
2023-03-29,6.599999904632568,6.699999809265137,6.039999961853027,6.074999809265137,6.074999809265137,150800
2023-03-30,6.150000095367432,6.400000095367432,6.050000190734863,6.199999809265137,6.199999809265137,97700
2023-03-31,6.360000133514404,6.360000133514404,6.010000228881836,6.28000020980835,6.28000020980835,53100
2023-04-03,6.150000095367432,6.300000190734863,6.099999904632568,6.235000133514404,6.235000133514404,36700
2023-04-04,6.199999809265137,6.5,6.099999904632568,6.420000076293945,6.420000076293945,56000
2023-04-05,6.300000190734863,6.400000095367432,6.150000095367432,6.349999904632568,6.349999904632568,23300
2023-04-06,6.239999771118164,6.599999904632568,6.190000057220459,6.489999771118164,6.489999771118164,25900
2023-04-10,6.5,6.5,6.070000171661377,6.110000133514404,6.110000133514404,35800
2023-04-11,6.070000171661377,6.190000057220459,5.800000190734863,5.869999885559082,5.869999885559082,51800
2023-04-12,5.989999771118164,5.989999771118164,5.619999885559082,5.829999923706055,5.829999923706055,27500
2023-04-13,5.828000068664551,6.099999904632568,5.828000068664551,5.860000133514404,5.860000133514404,13800
2023-04-14,5.960000038146973,6.070000171661377,5.809999942779541,5.940000057220459,5.940000057220459,18800
2023-04-17,5.989999771118164,6.059999942779541,5.699999809265137,5.929999828338623,5.929999828338623,8200
2023-04-18,5.860000133514404,5.860000133514404,5.110000133514404,5.380000114440918,5.380000114440918,33900
2023-04-19,5.239999771118164,5.300000190734863,5.0,5.130000114440918,5.130000114440918,31200
2023-04-20,4.900000095367432,4.940000057220459,4.400000095367432,4.400000095367432,4.400000095367432,49400
2023-04-21,4.5,4.550000190734863,4.300000190734863,4.440000057220459,4.440000057220459,33200
2023-04-24,4.340000152587891,4.340000152587891,3.799999952316284,3.880000114440918,3.880000114440918,43000
2023-04-25,3.859999895095825,3.859999895095825,3.2039999961853027,3.4200000762939453,3.4200000762939453,56000
2023-04-26,3.200000047683716,3.4600000381469727,3.180000066757202,3.4600000381469727,3.4600000381469727,57000
2023-04-27,4.0,4.015999794006348,3.799999952316284,4.0,4.0,81900
2023-04-28,4.0,4.150000095367432,3.619999885559082,3.9700000286102295,3.9700000286102295,36200
2023-05-01,3.9000000953674316,4.130000114440918,3.700000047683716,3.7799999713897705,3.7799999713897705,7000
2023-05-02,3.7799999713897705,4.059999942779541,3.7799999713897705,3.990000009536743,3.990000009536743,13200
2023-05-03,4.099999904632568,5.849999904632568,4.099999904632568,5.46999979019165,5.46999979019165,211300
2023-05-04,5.0,5.453999996185303,4.760000228881836,4.869999885559082,4.869999885559082,67200
2023-05-05,5.090000152587891,5.199999809265137,4.880000114440918,5.03000020980835,5.03000020980835,86200
2023-05-08,5.170000076293945,5.170000076293945,5.019999980926514,5.039999961853027,5.039999961853027,15200
2023-05-09,5.050000190734863,5.151000022888184,4.559999942779541,4.630000114440918,4.630000114440918,32100
2023-05-10,4.949999809265137,5.300000190734863,4.801000118255615,5.170000076293945,5.170000076293945,46800
2023-05-11,5.639999866485596,5.639999866485596,5.199999809265137,5.25,5.25,55000
2023-05-12,5.21999979019165,5.445000171661377,5.059999942779541,5.190000057220459,5.190000057220459,29200
2023-05-15,5.179999828338623,5.5,5.119999885559082,5.489999771118164,5.489999771118164,23300
2023-05-16,5.46999979019165,5.46999979019165,5.255000114440918,5.369999885559082,5.369999885559082,21400
2023-05-17,5.21999979019165,5.329999923706055,5.0,5.329999923706055,5.329999923706055,19700
2023-05-18,5.329999923706055,5.329999923706055,4.809999942779541,5.170000076293945,5.170000076293945,28200
2023-05-19,5.050000190734863,5.199999809265137,4.940000057220459,5.010000228881836,5.010000228881836,18300
2023-05-22,5.090000152587891,5.199999809265137,4.960000038146973,5.119999885559082,5.119999885559082,19800
2023-05-23,5.159999847412109,5.159999847412109,4.760000228881836,4.849999904632568,4.849999904632568,25500
2023-05-24,5.150000095367432,5.25,4.900000095367432,5.25,5.25,41900
2023-05-25,5.369999885559082,5.369999885559082,4.960000038146973,5.170000076293945,5.170000076293945,26400
2023-05-26,5.380000114440918,5.380000114440918,5.03000020980835,5.230000019073486,5.230000019073486,24000
2023-05-30,5.360000133514404,5.360000133514404,5.039999961853027,5.159999847412109,5.159999847412109,25000
2023-05-31,5.25,5.489999771118164,5.090000152587891,5.489999771118164,5.489999771118164,70000
2023-06-01,5.5,5.900000095367432,5.5,5.651000022888184,5.651000022888184,54900
2023-06-02,5.840000152587891,6.0,5.650000095367432,5.789999961853027,5.789999961853027,38400
2023-06-05,5.75,5.800000190734863,5.369999885559082,5.380000114440918,5.380000114440918,27100
2023-06-06,5.400000095367432,5.40500020980835,5.0,5.010000228881836,5.010000228881836,33500
2023-06-07,5.010000228881836,5.25,5.0,5.03000020980835,5.03000020980835,35700
2023-06-08,5.059999942779541,5.151000022888184,5.0,5.0,5.0,11100
2023-06-09,5.010000228881836,5.210000038146973,4.908999919891357,4.96999979019165,4.96999979019165,16700
2023-06-12,4.900000095367432,5.15500020980835,4.889999866485596,4.989999771118164,4.989999771118164,10900
2023-06-13,5.130000114440918,5.199999809265137,4.949999809265137,4.96999979019165,4.96999979019165,27300
2023-06-14,4.949999809265137,5.099999904632568,4.949999809265137,4.989999771118164,4.989999771118164,13000
2023-06-15,4.909999847412109,5.059999942779541,4.900000095367432,4.900000095367432,4.900000095367432,10800
2023-06-16,4.800000190734863,5.0,4.5,4.855000019073486,4.855000019073486,57800
2023-06-20,4.960000038146973,5.0,4.541999816894531,4.559999942779541,4.559999942779541,19000
2023-06-21,4.619999885559082,4.800000190734863,4.571000099182129,4.630000114440918,4.630000114440918,14300
2023-06-22,4.610000133514404,4.800000190734863,4.449999809265137,4.510000228881836,4.510000228881836,22000
2023-06-23,4.400000095367432,4.670000076293945,4.400000095367432,4.489999771118164,4.489999771118164,13600
2023-06-26,4.800000190734863,4.800000190734863,4.550000190734863,4.639999866485596,4.639999866485596,20200
2023-06-27,4.510000228881836,4.800000190734863,4.429999828338623,4.440000057220459,4.440000057220459,20900
2023-06-28,4.489999771118164,4.820000171661377,4.489999771118164,4.820000171661377,4.820000171661377,13200
2023-06-29,4.920000076293945,4.920000076293945,4.619999885559082,4.677999973297119,4.677999973297119,15700
2023-06-30,4.639999866485596,4.800000190734863,4.630000114440918,4.78000020980835,4.78000020980835,4900
2023-07-03,4.75,4.949999809265137,4.650000095367432,4.900000095367432,4.900000095367432,17300
2023-07-05,4.900000095367432,4.900000095367432,4.420000076293945,4.690000057220459,4.690000057220459,17400
2023-07-06,4.519999980926514,4.61299991607666,4.449999809265137,4.599999904632568,4.599999904632568,19100
2023-07-07,4.539999961853027,4.599999904632568,4.460000038146973,4.550000190734863,4.550000190734863,6800
2023-07-10,4.4629998207092285,4.900000095367432,4.420000076293945,4.869999885559082,4.869999885559082,11600
2023-07-11,4.739999771118164,4.739999771118164,4.409999847412109,4.460000038146973,4.460000038146973,27300
2023-07-12,4.510000228881836,5.010000228881836,4.489999771118164,4.650000095367432,4.650000095367432,23700
2023-07-13,4.599999904632568,4.699999809265137,4.515999794006348,4.559999942779541,4.559999942779541,13300
2023-07-14,4.525000095367432,4.900000095367432,4.5,4.900000095367432,4.900000095367432,16100
2023-07-17,4.739999771118164,4.889999866485596,4.51200008392334,4.559999942779541,4.559999942779541,5900
2023-07-18,4.645999908447266,4.724999904632568,4.550000190734863,4.559999942779541,4.559999942779541,19600
2023-07-19,4.570000171661377,4.650000095367432,4.360000133514404,4.650000095367432,4.650000095367432,41400
2023-07-20,4.690000057220459,4.789999961853027,4.598999977111816,4.599999904632568,4.599999904632568,9700
2023-07-21,4.650000095367432,4.650000095367432,4.449999809265137,4.579999923706055,4.579999923706055,3000
2023-07-24,4.550000190734863,4.590000152587891,4.300000190734863,4.409999847412109,4.409999847412109,11900
2023-07-25,4.480000019073486,4.599999904632568,4.375,4.489999771118164,4.489999771118164,8400
2023-07-26,4.349999904632568,4.599999904632568,4.349999904632568,4.400000095367432,4.400000095367432,7000
2023-07-27,4.440000057220459,4.510000228881836,4.199999809265137,4.300000190734863,4.300000190734863,17100
2023-07-28,4.489999771118164,4.590000152587891,4.139999866485596,4.21999979019165,4.21999979019165,36100
2023-07-31,4.21999979019165,4.710000038146973,4.21999979019165,4.269999980926514,4.269999980926514,17800
2023-08-01,4.300000190734863,4.389999866485596,4.050000190734863,4.090000152587891,4.090000152587891,27500
2023-08-02,4.0,4.119999885559082,3.8499999046325684,4.110000133514404,4.110000133514404,36500
2023-08-03,4.070000171661377,4.150000095367432,3.7899999618530273,4.0,4.0,16000
2023-08-04,4.010000228881836,4.119999885559082,3.819999933242798,3.819999933242798,3.819999933242798,20000
2023-08-07,3.799999952316284,4.0,3.5999999046325684,3.6700000762939453,3.6700000762939453,25500
2023-08-08,3.609999895095825,3.940000057220459,3.5,3.6700000762939453,3.6700000762939453,16500
2023-08-09,3.6659998893737793,3.700000047683716,3.5,3.5199999809265137,3.5199999809265137,24500
2023-08-10,3.5,3.75,3.4000000953674316,3.505000114440918,3.505000114440918,16000
2023-08-11,3.4200000762939453,3.609999895095825,3.25,3.3499999046325684,3.3499999046325684,26200
2023-08-14,3.6500000953674316,3.6500000953674316,3.0,3.25,3.25,160700
2023-08-15,3.0999999046325684,3.5899999141693115,3.0,3.1489999294281006,3.1489999294281006,56100
2023-08-16,3.0999999046325684,3.2009999752044678,2.930000066757202,3.0299999713897705,3.0299999713897705,90800
2023-08-17,2.9700000286102295,3.0,2.8389999866485596,2.930000066757202,2.930000066757202,35800
2023-08-18,2.9110000133514404,3.109999895095825,2.890000104904175,2.9200000762939453,2.9200000762939453,55600
2023-08-21,2.9700000286102295,3.2200000286102295,2.880000114440918,3.140000104904175,3.140000104904175,28100
2023-08-22,3.25,3.2899999618530273,3.0999999046325684,3.2899999618530273,3.2899999618530273,23900
2023-08-23,3.2100000381469727,3.390000104904175,3.1500000953674316,3.36899995803833,3.36899995803833,21800
2023-08-24,3.2899999618530273,3.5999999046325684,3.25,3.259999990463257,3.259999990463257,21200
2023-08-25,3.309999942779541,3.4000000953674316,3.0899999141693115,3.109999895095825,3.109999895095825,40100
2023-08-28,3.109999895095825,3.259999990463257,2.884999990463257,2.890000104904175,2.890000104904175,29800
2023-08-29,3.0399999618530273,3.263000011444092,2.950000047683716,3.049999952316284,3.049999952316284,50700
2023-08-30,3.009999990463257,3.1549999713897705,2.9100000858306885,2.9749999046325684,2.9749999046325684,42600
2023-08-31,3.0,3.3499999046325684,2.8499999046325684,3.059999942779541,3.059999942779541,60200
2023-09-01,3.0,3.3399999141693115,3.0,3.069999933242798,3.069999933242798,47400
2023-09-05,3.069999933242798,3.3329999446868896,3.009999990463257,3.2300000190734863,3.2300000190734863,58500
2023-09-06,3.299999952316284,3.3499999046325684,3.049999952316284,3.200000047683716,3.200000047683716,105400
2023-09-07,3.2899999618530273,3.3499999046325684,3.0799999237060547,3.2699999809265137,3.2699999809265137,72100
2023-09-08,3.2200000286102295,3.4000000953674316,3.180000066757202,3.240000009536743,3.240000009536743,69400
2023-09-11,3.200000047683716,3.5,3.200000047683716,3.369999885559082,3.369999885559082,105500
2023-09-12,3.440000057220459,3.700000047683716,3.4000000953674316,3.6600000858306885,3.6600000858306885,87700
2023-09-13,3.990000009536743,4.380000114440918,3.7939999103546143,4.239999771118164,4.239999771118164,4600800
2023-09-14,3.9100000858306885,4.099999904632568,3.6500000953674316,3.950000047683716,3.950000047683716,341200
2023-09-15,3.5,3.75,3.259999990463257,3.5399999618530273,3.5399999618530273,183500
2023-09-18,3.4800000190734863,3.4800000190734863,3.0999999046325684,3.299999952316284,3.299999952316284,124200
2023-09-19,3.319999933242798,3.3299999237060547,2.950000047683716,3.109999895095825,3.109999895095825,65500
2023-09-20,3.140000104904175,3.3289999961853027,3.13100004196167,3.25,3.25,42700
2023-09-21,3.1600000858306885,3.2200000286102295,3.049999952316284,3.1500000953674316,3.1500000953674316,21800
2023-09-22,3.0999999046325684,3.259999990463257,3.049999952316284,3.130000114440918,3.130000114440918,25500
2023-09-25,3.059999942779541,3.3499999046325684,3.059999942779541,3.3399999141693115,3.3399999141693115,37300
2023-09-26,3.240000009536743,3.359999895095825,3.140000104904175,3.1500000953674316,3.1500000953674316,22800
2023-09-27,3.0399999618530273,3.240000009536743,3.0399999618530273,3.0999999046325684,3.0999999046325684,41800
2023-09-28,3.0999999046325684,3.2899999618530273,2.990000009536743,3.069999933242798,3.069999933242798,48900
2023-09-29,3.049999952316284,3.1500000953674316,2.9000000953674316,2.9200000762939453,2.9200000762939453,43800
2023-10-02,2.990000009536743,3.049999952316284,2.740000009536743,2.740000009536743,2.740000009536743,59200
2023-10-03,2.740000009536743,2.9200000762939453,2.740000009536743,2.869999885559082,2.869999885559082,22300
2023-10-04,2.9000000953674316,2.950000047683716,2.700000047683716,2.950000047683716,2.950000047683716,21500
2023-10-05,2.9000000953674316,3.009999990463257,2.7699999809265137,2.8299999237060547,2.8299999237060547,61400
2023-10-06,2.8499999046325684,2.9619998931884766,2.690000057220459,2.7899999618530273,2.7899999618530273,43800
2023-10-09,2.869999885559082,2.890000104904175,2.549999952316284,2.6600000858306885,2.6600000858306885,60300
2023-10-10,2.619999885559082,2.9000000953674316,2.4000000953674316,2.4000000953674316,2.4000000953674316,171000
2023-10-11,2.4100000858306885,2.5,2.4000000953674316,2.4000000953674316,2.4000000953674316,49200
2023-10-12,2.5899999141693115,2.5899999141693115,2.180000066757202,2.3499999046325684,2.3499999046325684,65600
2023-10-13,2.309999942779541,2.549999952316284,2.2799999713897705,2.319999933242798,2.319999933242798,33600
2023-10-16,2.4800000190734863,2.5,2.1500000953674316,2.309999942779541,2.309999942779541,65200
2023-10-17,2.200000047683716,2.4000000953674316,2.200000047683716,2.309999942779541,2.309999942779541,18700
2023-10-18,2.5,2.5899999141693115,2.2799999713897705,2.4000000953674316,2.4000000953674316,161200
2023-10-19,2.490000009536743,2.7149999141693115,2.3499999046325684,2.4000000953674316,2.4000000953674316,58100
2023-10-20,2.3499999046325684,2.619999885559082,2.3499999046325684,2.450000047683716,2.450000047683716,30000
2023-10-23,2.374000072479248,2.4700000286102295,2.25,2.299999952316284,2.299999952316284,32800
2023-10-24,2.2799999713897705,2.299999952316284,2.0999999046325684,2.1700000762939453,2.1700000762939453,55200
2023-10-25,2.359999895095825,2.359999895095825,2.049999952316284,2.069999933242798,2.069999933242798,70100
2023-10-26,2.059999942779541,2.119999885559082,1.9600000381469727,2.0399999618530273,2.0399999618530273,37700
2023-10-27,2.140000104904175,2.140000104904175,1.8700000047683716,1.9900000095367432,1.9900000095367432,34400
2023-10-30,2.109999895095825,2.109999895095825,1.899999976158142,2.069999933242798,2.069999933242798,25300
2023-10-31,2.0199999809265137,2.049999952316284,1.909999966621399,2.009999990463257,2.009999990463257,19400
2023-11-01,2.0199999809265137,2.0999999046325684,1.9620000123977661,2.0,2.0,30000
2023-11-02,2.0,2.190000057220459,2.0,2.1700000762939453,2.1700000762939453,21300
2023-11-03,2.190000057220459,2.4800000190734863,2.190000057220459,2.4600000381469727,2.4600000381469727,19700
2023-11-06,2.5799999237060547,2.8299999237060547,2.5199999809265137,2.75,2.75,74500
2023-11-07,2.8499999046325684,3.1700000762939453,2.799999952316284,3.119999885559082,3.119999885559082,98100
2023-11-08,3.190000057220459,3.3922998905181885,3.119999885559082,3.2611000537872314,3.2611000537872314,74708
