Date,Open,High,Low,Close,Adj Close,Volume
1998-07-22,11.106483459472656,12.546213150024414,10.900808334350586,12.340537071228027,6.689174652099609,1380329
1998-07-23,12.546213150024414,12.957564353942871,12.340537071228027,12.443374633789062,6.74491548538208,283335
1998-07-24,12.64905071258545,12.751888275146484,12.546213150024414,12.700469017028809,6.884276390075684,195089
1998-07-27,12.751888275146484,13.574590682983398,12.64905071258545,13.420333862304688,7.274477958679199,164336
1998-07-28,13.471753120422363,13.67742919921875,13.266077041625977,13.523172378540039,7.33022403717041,71107
1998-07-29,13.574590682983398,13.574590682983398,12.751888275146484,12.803306579589844,6.940018177032471,66488
1998-07-30,13.00898265838623,13.00898265838623,12.340537071228027,12.64905071258545,6.85640287399292,47891
1998-07-31,12.751888275146484,13.00898265838623,12.340537071228027,12.64905071258545,6.85640287399292,58466
1998-08-03,12.59763240814209,12.64905071258545,12.032024383544922,12.134861946105957,6.577687740325928,49593
1998-08-04,12.340537071228027,12.443374633789062,12.134861946105957,12.237698554992676,6.633429050445557,46919
1998-08-05,12.134861946105957,12.443374633789062,11.92918586730957,12.340537071228027,6.689174652099609,32819
1998-08-06,12.443374633789062,12.751888275146484,12.289117813110352,12.751888275146484,6.912147521972656,72201
1998-08-07,12.443374633789062,13.266077041625977,12.443374633789062,13.266077041625977,7.190863609313965,70742
1998-08-10,13.266077041625977,13.317496299743652,13.060401916503906,13.111821174621582,7.107250213623047,30874
1998-08-11,12.957564353942871,12.957564353942871,12.443374633789062,12.751888275146484,6.912147521972656,42664
1998-08-12,13.163240432739258,13.163240432739258,12.85472583770752,13.163240432739258,7.135120391845703,16774
1998-08-13,13.163240432739258,13.163240432739258,13.00898265838623,13.163240432739258,7.135120391845703,24675
1998-08-14,13.00898265838623,13.163240432739258,12.803306579589844,13.060401916503906,7.079376220703125,16166
1998-08-17,12.957564353942871,12.957564353942871,12.64905071258545,12.85472583770752,6.967889785766602,14343
1998-08-18,12.751888275146484,12.957564353942871,12.751888275146484,12.85472583770752,6.967889785766602,10575
1998-08-19,12.700469017028809,12.85472583770752,12.391956329345703,12.59763240814209,6.828531265258789,9724
1998-08-20,12.59763240814209,12.59763240814209,12.340537071228027,12.443374633789062,6.74491548538208,6564
1998-08-21,12.340537071228027,12.64905071258545,12.032024383544922,12.237698554992676,6.633429050445557,9359
1998-08-24,12.237698554992676,12.237698554992676,11.414997100830078,11.414997100830078,6.1874895095825195,30752
1998-08-25,11.517834663391113,11.620672225952148,11.414997100830078,11.517834663391113,6.243230819702148,37073
1998-08-26,11.569253921508789,11.826348304748535,11.106483459472656,11.312158584594727,6.13174295425415,51537
1998-08-27,11.312158584594727,11.312158584594727,11.106483459472656,11.209321022033691,6.0760016441345215,41570
1998-08-28,11.517834663391113,11.723509788513184,11.209321022033691,11.414997100830078,6.1874895095825195,20785
1998-08-31,11.209321022033691,11.517834663391113,11.106483459472656,11.106483459472656,6.0202531814575195,13249
1998-09-01,11.106483459472656,11.466416358947754,10.489457130432129,10.797969818115234,5.85302734375,53968
1998-09-02,10.6951322555542,11.620672225952148,10.6951322555542,11.414997100830078,6.1874895095825195,21028
1998-09-03,11.106483459472656,11.312158584594727,10.900808334350586,11.209321022033691,6.0760016441345215,25769
1998-09-04,11.106483459472656,11.414997100830078,11.106483459472656,11.312158584594727,6.13174295425415,17382
1998-09-08,11.312158584594727,11.312158584594727,11.003645896911621,11.106483459472656,6.0202531814575195,8752
1998-09-09,11.312158584594727,11.312158584594727,10.900808334350586,11.106483459472656,6.0202531814575195,8995
1998-09-10,10.900808334350586,11.106483459472656,10.797969818115234,10.797969818115234,5.85302734375,7293
1998-09-11,11.003645896911621,11.003645896911621,10.797969818115234,10.797969818115234,5.85302734375,1702
1998-09-14,11.826348304748535,11.826348304748535,10.283781051635742,10.900808334350586,5.90877103805542,93959
1998-09-15,10.900808334350586,10.900808334350586,10.6951322555542,10.900808334350586,5.90877103805542,4862
1998-09-16,10.900808334350586,10.900808334350586,10.386618614196777,10.386618614196777,5.630056381225586,21271
1998-09-17,10.592293739318848,11.414997100830078,10.283781051635742,10.900808334350586,5.90877103805542,8387
1998-09-18,11.106483459472656,11.106483459472656,10.797969818115234,10.797969818115234,5.86542272567749,4254
1998-09-21,10.900808334350586,11.106483459472656,10.900808334350586,11.106483459472656,6.0330095291137695,9359
1998-09-22,11.414997100830078,11.92918586730957,11.312158584594727,11.414997100830078,6.20059061050415,12884
1998-09-23,11.312158584594727,11.517834663391113,11.106483459472656,11.517834663391113,6.256452560424805,14586
1998-09-24,11.414997100830078,11.414997100830078,11.209321022033691,11.414997100830078,6.20059061050415,9724
1998-09-25,11.106483459472656,11.414997100830078,11.106483459472656,11.209321022033691,6.088865756988525,23581
1998-09-28,11.106483459472656,11.209321022033691,10.900808334350586,11.003645896911621,5.97714376449585,6321
1998-09-29,11.209321022033691,11.209321022033691,10.6951322555542,10.6951322555542,5.809563636779785,10575
1998-09-30,10.900808334350586,11.003645896911621,10.6951322555542,11.003645896911621,5.97714376449585,31725
1998-10-01,10.6951322555542,11.003645896911621,10.6951322555542,11.003645896911621,5.97714376449585,8630
1998-10-02,10.797969818115234,10.797969818115234,10.6951322555542,10.797969818115234,5.86542272567749,13492
1998-10-05,10.900808334350586,10.900808334350586,10.592293739318848,10.797969818115234,5.86542272567749,13127
1998-10-06,10.6951322555542,11.106483459472656,10.6951322555542,11.106483459472656,6.0330095291137695,15923
1998-10-07,11.106483459472656,11.106483459472656,10.18094253540039,10.489457130432129,5.697838306427002,32819
1998-10-08,10.283781051635742,10.540875434875488,9.666753768920898,9.76959228515625,5.306809902191162,12277
1998-10-09,9.76959228515625,10.489457130432129,9.358241081237793,9.872429847717285,5.362671375274658,18962
1998-10-12,10.489457130432129,10.489457130432129,9.975268363952637,10.18094253540039,5.530256271362305,5834
1998-10-13,9.975268363952637,10.078104972839355,9.872429847717285,10.078104972839355,5.474394798278809,11304
1998-10-14,9.76959228515625,10.078104972839355,9.76959228515625,9.923849105834961,5.390603065490723,11426
1998-10-15,10.078104972839355,10.078104972839355,9.872429847717285,9.975268363952637,5.418533802032471,18476
1998-10-16,10.078104972839355,10.078104972839355,9.923849105834961,9.975268363952637,5.418533802032471,51416
1998-10-19,9.975268363952637,9.975268363952637,9.872429847717285,9.975268363952637,5.418533802032471,11183
1998-10-20,10.02668571472168,10.18094253540039,9.872429847717285,9.872429847717285,5.362671375274658,15437
1998-10-21,10.386618614196777,10.797969818115234,10.078104972839355,10.6951322555542,5.809563636779785,50565
1998-10-22,10.489457130432129,10.592293739318848,10.335200309753418,10.335200309753418,5.614048004150391,1459
1998-10-23,10.797969818115234,10.797969818115234,10.335200309753418,10.489457130432129,5.697838306427002,16652
1998-10-26,10.335200309753418,10.643712997436523,10.335200309753418,10.438037872314453,5.669909477233887,4619
1998-10-27,10.6951322555542,10.797969818115234,10.18094253540039,10.592293739318848,5.7537007331848145,9481
1998-10-28,10.797969818115234,11.312158584594727,10.6951322555542,10.952226638793945,5.949211597442627,15558
1998-10-29,10.900808334350586,11.209321022033691,10.797969818115234,11.209321022033691,6.088865756988525,11669
1998-10-30,10.900808334350586,11.466416358947754,10.900808334350586,11.312158584594727,6.144730567932129,8752
1998-11-02,11.517834663391113,11.569253921508789,11.312158584594727,11.414997100830078,6.20059061050415,31968
1998-11-03,11.517834663391113,11.517834663391113,11.312158584594727,11.414997100830078,6.20059061050415,12155
1998-11-04,11.569253921508789,11.569253921508789,11.106483459472656,11.260740280151367,6.116799831390381,18233
1998-11-05,11.106483459472656,11.517834663391113,11.106483459472656,11.414997100830078,6.20059061050415,13371
1998-11-06,11.466416358947754,11.466416358947754,11.106483459472656,11.414997100830078,6.20059061050415,22001
1998-11-09,11.106483459472656,11.620672225952148,11.106483459472656,11.620672225952148,6.312310695648193,9724
1998-11-10,11.414997100830078,11.414997100830078,11.312158584594727,11.312158584594727,6.144730567932129,6199
1998-11-11,11.312158584594727,11.414997100830078,11.209321022033691,11.414997100830078,6.20059061050415,12641
1998-11-12,11.517834663391113,11.517834663391113,11.312158584594727,11.517834663391113,6.256452560424805,10696
1998-11-13,11.517834663391113,11.517834663391113,11.312158584594727,11.414997100830078,6.20059061050415,3039
1998-11-16,11.414997100830078,11.517834663391113,11.414997100830078,11.517834663391113,6.256452560424805,12520
1998-11-17,11.414997100830078,11.517834663391113,11.260740280151367,11.312158584594727,6.144730567932129,18719
1998-11-18,11.363577842712402,11.363577842712402,11.209321022033691,11.363577842712402,6.172659873962402,6807
1998-11-19,11.363577842712402,11.363577842712402,11.209321022033691,11.312158584594727,6.144730567932129,7658
1998-11-20,11.209321022033691,11.363577842712402,11.106483459472656,11.106483459472656,6.0330095291137695,4862
1998-11-23,11.363577842712402,11.363577842712402,11.106483459472656,11.209321022033691,6.088865756988525,8509
1998-11-24,11.209321022033691,11.312158584594727,11.106483459472656,11.106483459472656,6.0330095291137695,10210
1998-11-25,11.106483459472656,11.312158584594727,11.106483459472656,11.312158584594727,6.144730567932129,11912
1998-11-27,11.106483459472656,11.312158584594727,11.106483459472656,11.312158584594727,6.144730567932129,2553
1998-11-30,11.106483459472656,11.106483459472656,10.900808334350586,11.003645896911621,5.97714376449585,20056
1998-12-01,11.003645896911621,11.106483459472656,10.592293739318848,10.900808334350586,5.92128324508667,8022
1998-12-02,11.106483459472656,11.106483459472656,10.6951322555542,11.106483459472656,6.0330095291137695,3647
1998-12-03,10.6951322555542,11.209321022033691,10.6951322555542,10.900808334350586,5.92128324508667,28200
1998-12-04,11.106483459472656,11.312158584594727,11.106483459472656,11.106483459472656,6.0330095291137695,22487
1998-12-07,11.106483459472656,11.312158584594727,11.106483459472656,11.312158584594727,6.144730567932129,5470
1998-12-08,11.106483459472656,11.312158584594727,11.106483459472656,11.106483459472656,6.0330095291137695,11669
1998-12-09,11.209321022033691,11.312158584594727,11.209321022033691,11.312158584594727,6.144730567932129,12884
1998-12-10,11.003645896911621,11.517834663391113,10.900808334350586,10.900808334350586,5.92128324508667,51416
1998-12-11,11.312158584594727,11.312158584594727,11.003645896911621,11.209321022033691,6.088865756988525,5956
1998-12-14,11.312158584594727,11.312158584594727,10.900808334350586,11.209321022033691,6.088865756988525,7415
1998-12-15,11.106483459472656,11.106483459472656,11.106483459472656,11.106483459472656,6.0330095291137695,2309
1998-12-16,11.312158584594727,11.312158584594727,11.003645896911621,11.106483459472656,6.0330095291137695,3403
1998-12-17,11.003645896911621,11.312158584594727,11.003645896911621,11.312158584594727,6.144730567932129,3890
1998-12-18,11.106483459472656,11.106483459472656,11.003645896911621,11.106483459472656,6.0453200340271,4740
1998-12-21,11.106483459472656,11.209321022033691,10.797969818115234,11.106483459472656,6.0453200340271,13371
1998-12-22,10.900808334350586,11.106483459472656,10.6951322555542,10.6951322555542,5.821418285369873,18719
1998-12-23,11.003645896911621,11.003645896911621,10.6951322555542,10.6951322555542,5.821418285369873,2796
1998-12-24,10.6951322555542,10.6951322555542,10.386618614196777,10.386618614196777,5.653488636016846,9238
1998-12-28,10.6951322555542,10.6951322555542,10.283781051635742,10.283781051635742,5.597517490386963,34399
1998-12-29,10.386618614196777,10.797969818115234,10.386618614196777,10.6951322555542,5.821418285369873,15437
1998-12-30,10.6951322555542,10.797969818115234,10.6951322555542,10.6951322555542,5.821418285369873,3282
1998-12-31,10.797969818115234,10.797969818115234,10.592293739318848,10.592293739318848,5.765441417694092,8873
1999-01-04,10.592293739318848,10.6951322555542,10.489457130432129,10.6951322555542,5.821418285369873,6928
1999-01-05,10.592293739318848,10.6951322555542,10.283781051635742,10.6951322555542,5.821418285369873,11669
1999-01-06,10.6951322555542,10.6951322555542,10.540875434875488,10.592293739318848,5.765441417694092,11790
1999-01-07,10.592293739318848,10.592293739318848,10.540875434875488,10.592293739318848,5.765441417694092,7171
1999-01-08,10.540875434875488,10.6951322555542,10.438037872314453,10.438037872314453,5.6814775466918945,27835
1999-01-11,10.438037872314453,10.6951322555542,10.283781051635742,10.6951322555542,5.821418285369873,12155
1999-01-12,10.6951322555542,10.6951322555542,10.335200309753418,10.335200309753418,5.625504493713379,7293
1999-01-13,10.592293739318848,10.592293739318848,10.283781051635742,10.386618614196777,5.653488636016846,12884
1999-01-14,10.489457130432129,10.540875434875488,10.283781051635742,10.283781051635742,5.597517490386963,8995
1999-01-15,10.438037872314453,10.592293739318848,10.283781051635742,10.489457130432129,5.709465503692627,12641
1999-01-19,10.592293739318848,10.900808334350586,10.540875434875488,10.6951322555542,5.821418285369873,43637
1999-01-20,10.540875434875488,10.900808334350586,10.386618614196777,10.438037872314453,5.6814775466918945,21758
1999-01-21,10.900808334350586,10.900808334350586,10.386618614196777,10.6951322555542,5.821418285369873,15437
1999-01-22,10.592293739318848,10.6951322555542,10.283781051635742,10.489457130432129,5.709465503692627,18962
1999-01-25,10.283781051635742,10.592293739318848,10.283781051635742,10.283781051635742,5.597517490386963,6685
1999-01-26,10.283781051635742,10.592293739318848,10.283781051635742,10.489457130432129,5.709465503692627,14221
1999-01-27,10.386618614196777,10.386618614196777,10.386618614196777,10.386618614196777,5.653488636016846,4619
1999-01-28,10.283781051635742,10.592293739318848,10.232361793518066,10.232361793518066,5.569528579711914,20056
1999-01-29,10.386618614196777,10.386618614196777,10.078104972839355,10.078104972839355,5.485566139221191,20907
1999-02-01,10.078104972839355,10.283781051635742,10.078104972839355,10.078104972839355,5.485566139221191,19691
1999-02-02,10.078104972839355,10.078104972839355,9.76959228515625,9.76959228515625,5.317638874053955,30752
1999-02-03,10.078104972839355,10.078104972839355,9.82101058959961,9.975268363952637,5.429591178894043,3160
1999-02-04,10.078104972839355,10.078104972839355,9.872429847717285,10.078104972839355,5.485566139221191,2796
1999-02-05,10.078104972839355,10.18094253540039,9.872429847717285,9.872429847717285,5.3736138343811035,11304
1999-02-08,9.872429847717285,9.923849105834961,9.76959228515625,9.76959228515625,5.317638874053955,9116
1999-02-09,10.078104972839355,10.078104972839355,9.666753768920898,9.666753768920898,5.261664867401123,16166
1999-02-10,9.975268363952637,10.078104972839355,9.872429847717285,10.078104972839355,5.485566139221191,28443
1999-02-11,9.872429847717285,10.078104972839355,9.872429847717285,10.078104972839355,5.485566139221191,13492
1999-02-12,9.872429847717285,10.078104972839355,9.82101058959961,10.078104972839355,5.485566139221191,1580
1999-02-16,10.078104972839355,10.18094253540039,9.666753768920898,9.872429847717285,5.3736138343811035,16288
1999-02-17,9.872429847717285,9.872429847717285,9.666753768920898,9.666753768920898,5.261664867401123,22487
1999-02-18,9.615335464477539,9.872429847717285,9.358241081237793,9.872429847717285,5.3736138343811035,12155
1999-02-19,9.872429847717285,9.872429847717285,9.666753768920898,9.666753768920898,5.261664867401123,9846
1999-02-22,9.872429847717285,9.872429847717285,9.666753768920898,9.666753768920898,5.261664867401123,22852
1999-02-23,9.666753768920898,9.76959228515625,9.666753768920898,9.666753768920898,5.261664867401123,13978
1999-02-24,9.666753768920898,9.666753768920898,9.666753768920898,9.666753768920898,5.261664867401123,10818
1999-02-25,9.872429847717285,9.872429847717285,9.666753768920898,9.76959228515625,5.317638874053955,5348
1999-02-26,9.666753768920898,10.18094253540039,9.666753768920898,9.76959228515625,5.317638874053955,10818
1999-03-01,9.76959228515625,10.18094253540039,9.76959228515625,9.872429847717285,5.3736138343811035,16531
1999-03-02,9.872429847717285,9.872429847717285,9.76959228515625,9.76959228515625,5.317638874053955,4862
1999-03-03,9.718173027038574,9.872429847717285,9.718173027038574,9.872429847717285,5.3736138343811035,5834
1999-03-04,9.666753768920898,9.872429847717285,9.666753768920898,9.666753768920898,5.261664867401123,2674
1999-03-05,9.872429847717285,9.872429847717285,9.666753768920898,9.666753768920898,5.261664867401123,5348
1999-03-08,9.872429847717285,10.18094253540039,9.718173027038574,9.872429847717285,5.3736138343811035,12034
1999-03-09,10.18094253540039,10.18094253540039,9.872429847717285,9.872429847717285,5.3736138343811035,2066
1999-03-10,10.18094253540039,10.18094253540039,9.718173027038574,9.718173027038574,5.2896528244018555,5470
1999-03-11,9.718173027038574,9.975268363952637,9.666753768920898,9.666753768920898,5.261664867401123,7779
1999-03-12,9.666753768920898,10.078104972839355,9.666753768920898,10.078104972839355,5.485566139221191,10332
1999-03-15,9.76959228515625,9.76959228515625,9.666753768920898,9.666753768920898,5.261664867401123,1702
1999-03-16,9.666753768920898,9.666753768920898,9.358241081237793,9.358241081237793,5.093740940093994,3160
1999-03-17,9.358241081237793,9.666753768920898,9.358241081237793,9.666753768920898,5.261664867401123,4011
1999-03-18,9.255402565002441,9.461077690124512,9.255402565002441,9.409660339355469,5.1217241287231445,17260
1999-03-19,9.563916206359863,9.563916206359863,9.152565002441406,9.358241081237793,5.093740940093994,13857
1999-03-22,9.152565002441406,9.255402565002441,9.152565002441406,9.255402565002441,5.050196170806885,4619
1999-03-23,9.255402565002441,9.461077690124512,9.255402565002441,9.358241081237793,5.1063103675842285,26741
1999-03-24,9.461077690124512,9.461077690124512,9.152565002441406,9.255402565002441,5.050196170806885,4619
1999-03-25,9.255402565002441,9.409660339355469,9.255402565002441,9.409660339355469,5.134362697601318,3890
1999-03-26,9.409660339355469,9.461077690124512,9.255402565002441,9.255402565002441,5.050196170806885,6321
1999-03-29,9.358241081237793,9.461077690124512,9.255402565002441,9.255402565002441,5.050196170806885,17746
1999-03-30,9.255402565002441,9.255402565002441,9.255402565002441,9.255402565002441,5.050196170806885,2188
1999-03-31,9.255402565002441,9.358241081237793,9.049727439880371,9.049727439880371,4.9379706382751465,12884
1999-04-01,9.049727439880371,9.409660339355469,9.049727439880371,9.255402565002441,5.050196170806885,1945
1999-04-05,9.255402565002441,9.255402565002441,9.049727439880371,9.049727439880371,4.9379706382751465,7536
1999-04-06,8.94688892364502,9.049727439880371,8.8440523147583,8.94688892364502,4.881855487823486,29537
1999-04-07,8.94688892364502,9.10114574432373,8.8440523147583,9.049727439880371,4.9379706382751465,17260
1999-04-08,8.94688892364502,8.94688892364502,8.8440523147583,8.8440523147583,4.825742721557617,19691
1999-04-09,8.8440523147583,8.94688892364502,8.8440523147583,8.94688892364502,4.881855487823486,24067
1999-04-12,8.998308181762695,8.998308181762695,8.74121379852295,8.74121379852295,4.769629001617432,21393
1999-04-13,8.74121379852295,9.872429847717285,8.74121379852295,9.049727439880371,4.9379706382751465,49350
1999-04-14,9.255402565002441,9.461077690124512,8.8440523147583,9.049727439880371,4.9379706382751465,18597
1999-04-15,9.203984260559082,9.255402565002441,9.10114574432373,9.255402565002441,5.050196170806885,1216
1999-04-16,9.255402565002441,9.358241081237793,9.255402565002441,9.358241081237793,5.1063103675842285,18719
1999-04-19,9.306821823120117,9.306821823120117,9.255402565002441,9.255402565002441,5.050196170806885,3647
1999-04-20,9.358241081237793,9.358241081237793,9.049727439880371,9.049727439880371,4.9379706382751465,28929
1999-04-21,9.82101058959961,9.82101058959961,9.461077690124512,9.82101058959961,5.358819961547852,18111
1999-04-22,9.461077690124512,9.461077690124512,9.049727439880371,9.461077690124512,5.16241979598999,6928
1999-04-23,9.358241081237793,9.82101058959961,9.10114574432373,9.461077690124512,5.16241979598999,16288
1999-04-26,9.306821823120117,9.358241081237793,9.203984260559082,9.255402565002441,5.050196170806885,23945
1999-04-27,9.461077690124512,10.02668571472168,9.049727439880371,9.82101058959961,5.358819961547852,31725
1999-04-28,9.76959228515625,9.76959228515625,9.512496948242188,9.512496948242188,5.190479278564453,18111
1999-04-29,9.512496948242188,9.563916206359863,9.512496948242188,9.512496948242188,5.190479278564453,22365
1999-04-30,9.512496948242188,9.512496948242188,9.306821823120117,9.358241081237793,5.1063103675842285,1337
1999-05-03,9.461077690124512,9.461077690124512,8.8440523147583,8.8440523147583,4.825742721557617,13614
1999-05-04,9.049727439880371,9.461077690124512,8.94688892364502,9.049727439880371,4.9379706382751465,21879
1999-05-05,8.94688892364502,9.049727439880371,8.8440523147583,8.89547061920166,4.8537983894348145,31360
1999-05-06,8.8440523147583,9.049727439880371,8.8440523147583,8.8440523147583,4.825742721557617,5834
1999-05-07,8.8440523147583,8.94688892364502,8.74121379852295,8.8440523147583,4.825742721557617,14465
1999-05-10,8.8440523147583,9.049727439880371,8.8440523147583,8.8440523147583,4.825742721557617,35736
1999-05-11,8.8440523147583,9.049727439880371,8.8440523147583,8.89547061920166,4.8537983894348145,3282
1999-05-12,9.152565002441406,9.152565002441406,8.8440523147583,9.049727439880371,4.9379706382751465,9967
1999-05-13,8.998308181762695,9.255402565002441,8.998308181762695,9.049727439880371,4.9379706382751465,17746
1999-05-14,9.10114574432373,9.358241081237793,9.049727439880371,9.10114574432373,4.96602725982666,3282
1999-05-17,9.358241081237793,9.563916206359863,9.049727439880371,9.461077690124512,5.16241979598999,15802
1999-05-18,9.512496948242188,9.512496948242188,9.358241081237793,9.358241081237793,5.1063103675842285,8022
1999-05-19,9.306821823120117,9.306821823120117,9.152565002441406,9.255402565002441,5.050196170806885,9116
1999-05-20,9.255402565002441,9.255402565002441,9.049727439880371,9.255402565002441,5.050196170806885,7901
1999-05-21,9.049727439880371,9.255402565002441,9.049727439880371,9.255402565002441,5.050196170806885,8752
1999-05-24,9.461077690124512,9.461077690124512,9.358241081237793,9.358241081237793,5.1063103675842285,851
1999-05-25,9.049727439880371,9.358241081237793,9.049727439880371,9.358241081237793,5.1063103675842285,5470
1999-05-26,9.358241081237793,9.461077690124512,9.358241081237793,9.358241081237793,5.1063103675842285,3039
1999-05-27,9.358241081237793,9.358241081237793,9.049727439880371,9.049727439880371,4.9379706382751465,4619
1999-05-28,9.152565002441406,9.255402565002441,9.049727439880371,9.255402565002441,5.050196170806885,2796
1999-06-01,9.10114574432373,9.872429847717285,9.10114574432373,9.409660339355469,5.134362697601318,42543
1999-06-02,9.461077690124512,9.461077690124512,9.255402565002441,9.306821823120117,5.078254222869873,7050
1999-06-03,9.358241081237793,9.358241081237793,9.152565002441406,9.203984260559082,5.022141456604004,10089
1999-06-04,9.203984260559082,9.306821823120117,9.152565002441406,9.255402565002441,5.050196170806885,10940
1999-06-07,9.152565002441406,9.152565002441406,8.8440523147583,9.049727439880371,4.9379706382751465,27106
1999-06-08,9.10114574432373,9.409660339355469,9.049727439880371,9.409660339355469,5.134362697601318,10940
1999-06-09,9.409660339355469,9.563916206359863,9.049727439880371,9.049727439880371,4.9379706382751465,14951
1999-06-10,9.049727439880371,9.049727439880371,8.94688892364502,8.94688892364502,4.881855487823486,4862
1999-06-11,8.94688892364502,8.94688892364502,8.8440523147583,8.94688892364502,4.881855487823486,3403
1999-06-14,8.8440523147583,9.152565002441406,8.8440523147583,8.94688892364502,4.881855487823486,17382
1999-06-15,9.203984260559082,9.255402565002441,8.998308181762695,8.998308181762695,4.909912109375,15558
1999-06-16,9.10114574432373,9.76959228515625,9.049727439880371,9.76959228515625,5.330760955810547,17139
1999-06-17,9.82101058959961,9.82101058959961,9.563916206359863,9.76959228515625,5.330760955810547,6807
1999-06-18,9.76959228515625,9.82101058959961,9.666753768920898,9.82101058959961,5.371484279632568,16166
1999-06-21,9.461077690124512,9.975268363952637,9.461077690124512,9.666753768920898,5.287115573883057,7415
1999-06-22,9.76959228515625,9.975268363952637,9.358241081237793,9.358241081237793,5.118378162384033,5105
1999-06-23,9.76959228515625,9.975268363952637,9.358241081237793,9.872429847717285,5.399606227874756,11183
1999-06-24,9.718173027038574,9.82101058959961,9.409660339355469,9.82101058959961,5.371484279632568,5470
1999-06-25,9.563916206359863,9.872429847717285,9.563916206359863,9.872429847717285,5.399606227874756,3647
1999-06-28,9.718173027038574,9.79530143737793,9.718173027038574,9.718173027038574,5.315237998962402,5470
1999-06-29,10.078104972839355,10.078104972839355,9.718173027038574,9.76959228515625,5.34335994720459,21758
1999-06-30,9.666753768920898,9.666753768920898,9.461077690124512,9.563916206359863,5.230871677398682,92014
1999-07-01,9.563916206359863,9.615335464477539,9.461077690124512,9.512496948242188,5.2027482986450195,25526
1999-07-02,9.461077690124512,9.666753768920898,9.358241081237793,9.563916206359863,5.230871677398682,57129
1999-07-06,9.358241081237793,9.461077690124512,9.358241081237793,9.409660339355469,5.1464972496032715,7536
1999-07-07,9.486787796020508,9.563916206359863,9.409660339355469,9.512496948242188,5.2027482986450195,13978
1999-07-08,9.358241081237793,9.512496948242188,9.358241081237793,9.461077690124512,5.174622058868408,4376
1999-07-09,9.358241081237793,9.461077690124512,9.358241081237793,9.409660339355469,5.1464972496032715,22852
1999-07-12,9.306821823120117,9.409660339355469,9.152565002441406,9.409660339355469,5.1464972496032715,2309
1999-07-13,9.461077690124512,9.563916206359863,9.306821823120117,9.563916206359863,5.230871677398682,12520
1999-07-14,9.461077690124512,9.563916206359863,9.255402565002441,9.255402565002441,5.062132835388184,10089
1999-07-15,9.255402565002441,9.306821823120117,9.255402565002441,9.255402565002441,5.062132835388184,8995
1999-07-16,9.255402565002441,9.255402565002441,8.8440523147583,9.049727439880371,4.949641227722168,19570
1999-07-19,9.049727439880371,9.152565002441406,8.89547061920166,8.998308181762695,4.9215168952941895,92622
1999-07-20,9.152565002441406,9.152565002441406,8.94688892364502,9.049727439880371,4.949641227722168,8995
1999-07-21,8.792633056640625,8.998308181762695,8.74121379852295,8.998308181762695,4.9215168952941895,16288
1999-07-22,8.792633056640625,8.792633056640625,8.432700157165527,8.638376235961914,4.724658012390137,27835
1999-07-23,8.689794540405273,8.89547061920166,8.689794540405273,8.74121379852295,4.780902862548828,38775
1999-07-26,8.689794540405273,8.94688892364502,8.689794540405273,8.74121379852295,4.780902862548828,10818
1999-07-27,8.8440523147583,9.152565002441406,8.8440523147583,9.049727439880371,4.949641227722168,14951
1999-07-28,9.152565002441406,9.152565002441406,9.049727439880371,9.10114574432373,4.977764129638672,4133
1999-07-29,9.10114574432373,9.10114574432373,8.89547061920166,9.049727439880371,4.949641227722168,10332
1999-07-30,8.89547061920166,8.89547061920166,8.638376235961914,8.638376235961914,4.724658012390137,8022
1999-08-02,8.638376235961914,8.792633056640625,8.638376235961914,8.638376235961914,4.724658012390137,3647
1999-08-03,8.638376235961914,8.638376235961914,8.535537719726562,8.638376235961914,4.724658012390137,4619
1999-08-04,8.432700157165527,8.638376235961914,8.432700157165527,8.638376235961914,4.724658012390137,8387
1999-08-05,8.432700157165527,8.432700157165527,8.329862594604492,8.329862594604492,4.5559186935424805,1823
1999-08-06,8.638376235961914,8.638376235961914,8.329862594604492,8.586956977844238,4.696533203125,2796
1999-08-09,8.535537719726562,8.535537719726562,8.02134895324707,8.02134895324707,4.387180805206299,4497
1999-08-10,8.124187469482422,8.329862594604492,7.918510913848877,8.02134895324707,4.387180805206299,9359
1999-08-11,8.227025032043457,8.227025032043457,8.124187469482422,8.227025032043457,4.499673843383789,4376
1999-08-12,8.227025032043457,8.227025032043457,8.227025032043457,8.227025032043457,4.499673843383789,5713
1999-08-13,8.227025032043457,8.381280899047852,8.227025032043457,8.381280899047852,4.584039688110352,1459
1999-08-16,8.432700157165527,8.432700157165527,8.227025032043457,8.227025032043457,4.499673843383789,1945
1999-08-17,8.227025032043457,8.227025032043457,8.227025032043457,8.227025032043457,4.499673843383789,4862
1999-08-18,8.227025032043457,8.329862594604492,8.124187469482422,8.124187469482422,4.443427562713623,4133
1999-08-19,8.329862594604492,8.329862594604492,8.227025032043457,8.329862594604492,4.5559186935424805,18354
1999-08-20,8.329862594604492,8.329862594604492,8.227025032043457,8.227025032043457,4.499673843383789,2188
1999-08-23,8.227025032043457,8.432700157165527,8.227025032043457,8.278444290161133,4.527796268463135,25769
1999-08-24,8.278444290161133,8.278444290161133,8.124187469482422,8.124187469482422,4.443427562713623,10940
1999-08-25,8.124187469482422,8.124187469482422,7.918510913848877,7.918510913848877,4.330935478210449,59681
1999-08-26,7.918510913848877,8.124187469482422,7.815673828125,7.918510913848877,4.330935478210449,30631
1999-08-27,7.815673828125,7.969930171966553,7.6099982261657715,7.918510913848877,4.330935478210449,2066
1999-08-30,7.764255046844482,8.072768211364746,7.6099982261657715,7.815673828125,4.274689674377441,56035
1999-08-31,8.047059059143066,8.072768211364746,7.867092132568359,7.944221019744873,4.344996452331543,9602
1999-09-01,7.867092132568359,8.124187469482422,7.867092132568359,7.918510913848877,4.330935478210449,5834
1999-09-02,7.918510913848877,7.918510913848877,7.867092132568359,7.867092132568359,4.3028130531311035,1823
1999-09-03,8.02134895324707,8.02134895324707,7.867092132568359,7.867092132568359,4.3028130531311035,10210
1999-09-07,8.02134895324707,8.02134895324707,7.918510913848877,7.969930171966553,4.3590569496154785,8752
1999-09-08,7.969930171966553,8.02134895324707,7.918510913848877,8.02134895324707,4.387180805206299,2188
1999-09-09,7.918510913848877,8.02134895324707,7.815673828125,7.815673828125,4.274689674377441,17139
1999-09-10,8.02134895324707,8.02134895324707,7.815673828125,7.815673828125,4.274689674377441,7901
1999-09-13,7.815673828125,7.815673828125,7.712835788726807,7.712835788726807,4.218443393707275,31968
1999-09-14,7.6099982261657715,7.6099982261657715,7.6099982261657715,7.6099982261657715,4.162198066711426,1459
1999-09-15,7.6099982261657715,7.815673828125,7.6099982261657715,7.712835788726807,4.218443393707275,17625
1999-09-16,7.6099982261657715,7.635706901550293,7.455740928649902,7.455740928649902,4.077827453613281,17746
1999-09-17,7.404322147369385,7.815673828125,7.301484107971191,7.404322147369385,4.062257766723633,16288
1999-09-20,7.507160186767578,7.712835788726807,7.507160186767578,7.712835788726807,4.231516361236572,19205
1999-09-21,7.712835788726807,8.124187469482422,7.712835788726807,8.124187469482422,4.457199573516846,16288
1999-09-22,8.124187469482422,8.175605773925781,8.124187469482422,8.124187469482422,4.457199573516846,6078
1999-09-23,8.124187469482422,8.124187469482422,8.124187469482422,8.124187469482422,4.457199573516846,1823
1999-09-24,8.02134895324707,8.227025032043457,7.918510913848877,8.227025032043457,4.513621807098389,6078
1999-09-27,8.227025032043457,8.227025032043457,8.02134895324707,8.227025032043457,4.513621807098389,4497
1999-09-28,8.227025032043457,8.227025032043457,8.227025032043457,8.227025032043457,4.513621807098389,0
1999-09-29,8.124187469482422,8.175605773925781,8.02134895324707,8.175605773925781,4.485409736633301,12398
1999-09-30,8.098477363586426,8.175605773925781,8.047059059143066,8.175605773925781,4.485409736633301,4497
1999-10-01,8.124187469482422,8.124187469482422,8.124187469482422,8.124187469482422,4.457199573516846,4497
1999-10-04,8.047059059143066,8.201314926147461,8.047059059143066,8.175605773925781,4.485409736633301,10332
1999-10-05,8.175605773925781,8.175605773925781,8.02134895324707,8.02134895324707,4.400778293609619,4862
1999-10-06,8.02134895324707,8.175605773925781,7.918510913848877,7.918510913848877,4.344356536865234,24189
1999-10-07,8.175605773925781,8.175605773925781,7.918510913848877,8.175605773925781,4.485409736633301,1702
1999-10-08,7.918510913848877,7.918510913848877,7.918510913848877,7.918510913848877,4.344356536865234,486
1999-10-11,7.918510913848877,8.02134895324707,7.815673828125,7.918510913848877,4.344356536865234,3039
1999-10-12,7.918510913848877,7.918510913848877,7.507160186767578,7.6099982261657715,4.175095081329346,12763
1999-10-13,7.6099982261657715,7.764255046844482,7.455740928649902,7.764255046844482,4.2597270011901855,11790
1999-10-14,7.507160186767578,7.918510913848877,7.507160186767578,7.815673828125,4.287938594818115,18719
1999-10-15,7.712835788726807,7.764255046844482,7.507160186767578,7.764255046844482,4.2597270011901855,10089
1999-10-18,7.507160186767578,7.815673828125,7.507160186767578,7.712835788726807,4.231516361236572,12641
1999-10-19,7.918510913848877,7.918510913848877,7.6099982261657715,7.6099982261657715,4.175095081329346,6807
1999-10-20,7.6099982261657715,7.6099982261657715,7.507160186767578,7.507160186767578,4.11867618560791,2066
1999-10-21,7.712835788726807,7.764255046844482,7.6099982261657715,7.687126159667969,4.217414379119873,18233
1999-10-22,7.918510913848877,7.918510913848877,7.6099982261657715,7.764255046844482,4.2597270011901855,5348
1999-10-25,7.661417007446289,7.738544940948486,7.6099982261657715,7.6099982261657715,4.175095081329346,5470
1999-10-26,7.6099982261657715,7.815673828125,7.6099982261657715,7.815673828125,4.287938594818115,4984
1999-10-27,7.6099982261657715,7.712835788726807,7.6099982261657715,7.661417007446289,4.203308582305908,4376
1999-10-28,7.6099982261657715,7.712835788726807,7.6099982261657715,7.712835788726807,4.231516361236572,1337
1999-10-29,7.661417007446289,7.712835788726807,7.6099982261657715,7.712835788726807,4.231516361236572,14343
1999-11-01,7.687126159667969,7.712835788726807,7.6099982261657715,7.6099982261657715,4.175095081329346,20177
1999-11-02,7.712835788726807,7.712835788726807,7.6099982261657715,7.6099982261657715,4.175095081329346,30509
1999-11-03,7.712835788726807,7.712835788726807,7.6099982261657715,7.712835788726807,4.231516361236572,1337
1999-11-04,7.712835788726807,7.712835788726807,7.404322147369385,7.6099982261657715,4.175095081329346,9602
1999-11-05,7.404322147369385,7.661417007446289,7.404322147369385,7.404322147369385,4.062257766723633,24310
1999-11-08,7.404322147369385,7.6099982261657715,7.404322147369385,7.404322147369385,4.062257766723633,3160
1999-11-09,7.404322147369385,7.404322147369385,6.890132904052734,7.301484107971191,4.005835056304932,20056
1999-11-10,7.147227764129639,7.352902889251709,6.890132904052734,7.352902889251709,4.034046173095703,23095
1999-11-11,7.1986470222473145,7.352902889251709,6.992970943450928,7.1986470222473145,3.949416160583496,8630
1999-11-12,7.404322147369385,7.507160186767578,6.890132904052734,7.095808982849121,3.892995595932007,20421
1999-11-15,7.0443902015686035,7.250065803527832,7.0443902015686035,7.250065803527832,3.977627754211426,4497
1999-11-16,7.1986470222473145,7.507160186767578,7.095808982849121,7.301484107971191,4.005835056304932,7658
1999-11-17,7.0443902015686035,7.378612995147705,6.890132904052734,7.1986470222473145,3.949416160583496,19570
1999-11-18,6.992970943450928,7.1986470222473145,6.890132904052734,7.095808982849121,3.892995595932007,11183
1999-11-19,7.095808982849121,7.404322147369385,6.581620216369629,7.147227764129639,3.921205759048462,33426
1999-11-22,6.992970943450928,7.0443902015686035,6.890132904052734,7.0443902015686035,3.8647854328155518,3647
1999-11-23,6.890132904052734,7.0443902015686035,6.787294864654541,7.0443902015686035,3.8647854328155518,4619
1999-11-24,7.0443902015686035,7.0443902015686035,6.890132904052734,7.0443902015686035,3.8647854328155518,5227
1999-11-26,7.0443902015686035,7.0443902015686035,7.0443902015686035,7.0443902015686035,3.8647854328155518,0
1999-11-29,6.992970943450928,7.095808982849121,6.684457778930664,7.095808982849121,3.892995595932007,6928
1999-11-30,7.095808982849121,7.301484107971191,6.992970943450928,7.301484107971191,4.005835056304932,30995
1999-12-01,7.1986470222473145,7.250065803527832,7.1986470222473145,7.1986470222473145,3.949416160583496,11790
1999-12-02,7.404322147369385,7.6099982261657715,7.1986470222473145,7.404322147369385,4.062257766723633,34399
1999-12-03,7.404322147369385,7.404322147369385,7.1986470222473145,7.301484107971191,4.005835056304932,10210
1999-12-06,7.301484107971191,7.404322147369385,7.1986470222473145,7.1986470222473145,3.949416160583496,7171
1999-12-07,7.1986470222473145,7.378612995147705,7.1986470222473145,7.301484107971191,4.005835056304932,17625
1999-12-08,7.147227764129639,7.404322147369385,7.147227764129639,7.404322147369385,4.062257766723633,16652
1999-12-09,7.301484107971191,7.352902889251709,7.095808982849121,7.352902889251709,4.034046173095703,7536
1999-12-10,7.095808982849121,7.301484107971191,6.890132904052734,6.992970943450928,3.8365774154663086,15437
1999-12-13,6.992970943450928,7.0443902015686035,6.787294864654541,6.992970943450928,3.8365774154663086,50444
1999-12-14,6.94155216217041,6.94155216217041,6.787294864654541,6.838714122772217,3.7519450187683105,9481
1999-12-15,6.94155216217041,7.1986470222473145,6.581620216369629,7.1986470222473145,3.949416160583496,32576
1999-12-16,7.1986470222473145,7.1986470222473145,6.992970943450928,7.095808982849121,3.892995595932007,8995
1999-12-17,7.0443902015686035,7.1986470222473145,7.018680095672607,7.018680095672607,3.8654706478118896,19327
1999-12-20,7.018680095672607,7.404322147369385,7.018680095672607,7.404322147369385,4.077859878540039,69892
1999-12-21,7.404322147369385,7.404322147369385,6.890132904052734,6.890132904052734,3.794673204421997,23216
1999-12-22,7.147227764129639,7.147227764129639,6.787294864654541,6.94155216217041,3.822993755340576,44001
1999-12-23,7.0443902015686035,7.301484107971191,7.0443902015686035,7.1986470222473145,3.964585304260254,33791
1999-12-27,7.0443902015686035,7.404322147369385,6.890132904052734,7.301484107971191,4.021220684051514,35250
1999-12-28,7.455740928649902,7.455740928649902,7.095808982849121,7.095808982849121,3.907947540283203,48256
1999-12-29,7.095808982849121,7.404322147369385,6.838714122772217,7.095808982849121,3.907947540283203,30874
1999-12-30,7.070098876953125,7.095808982849121,6.684457778930664,6.890132904052734,3.794673204421997,55427
1999-12-31,6.787294864654541,7.095808982849121,6.684457778930664,7.0443902015686035,3.879628896713257,36951
2000-01-03,7.301484107971191,7.301484107971191,6.890132904052734,6.992970943450928,3.8513126373291016,19327
2000-01-04,6.992970943450928,7.301484107971191,6.581620216369629,7.0443902015686035,3.879628896713257,55792
2000-01-05,6.992970943450928,7.378612995147705,6.684457778930664,7.378612995147705,4.063699245452881,8265
2000-01-06,6.992970943450928,7.378612995147705,6.992970943450928,7.378612995147705,4.063699245452881,3403
2000-01-07,6.890132904052734,7.507160186767578,6.890132904052734,7.378612995147705,4.063699245452881,16531
2000-01-10,7.455740928649902,7.6099982261657715,7.250065803527832,7.6099982261657715,4.191130638122559,12034
2000-01-11,7.455740928649902,7.455740928649902,7.095808982849121,7.095808982849121,3.907947540283203,56764
2000-01-12,7.301484107971191,7.455740928649902,7.095808982849121,7.404322147369385,4.077859878540039,15680
2000-01-13,7.147227764129639,7.352902889251709,7.147227764129639,7.352902889251709,4.0495405197143555,2674
2000-01-14,7.352902889251709,7.352902889251709,7.095808982849121,7.147227764129639,3.9362664222717285,2674
2000-01-18,7.3271942138671875,7.404322147369385,7.095808982849121,7.404322147369385,4.077859878540039,20299
2000-01-19,7.507160186767578,8.175605773925781,6.992970943450928,7.6099982261657715,4.191130638122559,17989
2000-01-20,7.661417007446289,8.124187469482422,7.661417007446289,8.072768211364746,4.445998191833496,6564
2000-01-21,8.02134895324707,8.047059059143066,7.815673828125,8.02134895324707,4.4176812171936035,3403
2000-01-24,8.02134895324707,8.02134895324707,7.6099982261657715,8.02134895324707,4.4176812171936035,3890
2000-01-25,7.6099982261657715,7.6099982261657715,7.455740928649902,7.4685959815979,4.11325740814209,3403
2000-01-26,7.430031776428223,7.507160186767578,7.301484107971191,7.404322147369385,4.077859878540039,19083
2000-01-27,7.352902889251709,7.507160186767578,7.095808982849121,7.301484107971191,4.021220684051514,6078
2000-01-28,7.095808982849121,7.1986470222473145,7.095808982849121,7.1986470222473145,3.964585304260254,486
2000-01-31,7.095808982849121,7.250065803527832,7.0443902015686035,7.095808982849121,3.907947540283203,10210
2000-02-01,6.992970943450928,7.1986470222473145,6.787294864654541,6.787294864654541,3.738037586212158,20421
2000-02-02,6.890132904052734,7.455740928649902,6.890132904052734,7.404322147369385,4.077859878540039,11912
2000-02-03,7.404322147369385,7.404322147369385,6.992970943450928,7.1986470222473145,3.964585304260254,30995
2000-02-04,7.1986470222473145,7.455740928649902,7.1986470222473145,7.455740928649902,4.106178283691406,10940
2000-02-07,7.352902889251709,7.507160186767578,7.147227764129639,7.301484107971191,4.021220684051514,12155
2000-02-08,7.172936916351318,7.455740928649902,7.172936916351318,7.3271942138671875,4.035380840301514,5713
2000-02-09,7.455740928649902,7.507160186767578,7.301484107971191,7.455740928649902,4.106178283691406,7901
2000-02-10,7.301484107971191,7.404322147369385,7.1986470222473145,7.404322147369385,4.077859878540039,3890
2000-02-11,7.404322147369385,7.404322147369385,7.172936916351318,7.275774955749512,4.007065773010254,20177
2000-02-14,7.224356174468994,7.3271942138671875,7.172936916351318,7.1986470222473145,3.964585304260254,5470
2000-02-15,7.404322147369385,7.661417007446289,7.172936916351318,7.404322147369385,4.077859878540039,23702
2000-02-16,7.301484107971191,7.404322147369385,7.1986470222473145,7.404322147369385,4.077859878540039,3282
2000-02-17,7.1986470222473145,7.404322147369385,7.1986470222473145,7.404322147369385,4.077859878540039,3647
2000-02-18,7.404322147369385,7.404322147369385,7.1986470222473145,7.404322147369385,4.077859878540039,8995
2000-02-22,7.455740928649902,7.507160186767578,7.095808982849121,7.301484107971191,4.021220684051514,26741
2000-02-23,7.1986470222473145,7.1986470222473145,7.095808982849121,7.095808982849121,3.907947540283203,1702
2000-02-24,7.095808982849121,7.1986470222473145,7.0443902015686035,7.1986470222473145,3.964585304260254,2796
2000-02-25,7.095808982849121,7.1986470222473145,6.992970943450928,7.1986470222473145,3.964585304260254,5956
2000-02-28,6.992970943450928,7.095808982849121,6.787294864654541,7.095808982849121,3.907947540283203,7658
2000-02-29,6.73587703704834,7.095808982849121,6.73587703704834,7.095808982849121,3.907947540283203,2796
2000-03-01,7.1986470222473145,7.1986470222473145,6.787294864654541,6.890132904052734,3.794673204421997,3890
2000-03-02,6.581620216369629,7.095808982849121,6.581620216369629,7.0443902015686035,3.879628896713257,34399
2000-03-03,6.684457778930664,7.0443902015686035,6.684457778930664,6.864424228668213,3.7805159091949463,6928
2000-03-06,6.684457778930664,7.095808982849121,6.684457778930664,7.0443902015686035,3.879628896713257,1337
2000-03-07,6.992970943450928,6.992970943450928,6.864424228668213,6.864424228668213,3.7805159091949463,9724
2000-03-08,6.6330389976501465,6.838714122772217,6.6330389976501465,6.838714122772217,3.766355276107788,7415
2000-03-09,6.992970943450928,6.992970943450928,6.6330389976501465,6.73587703704834,3.709718942642212,4133
2000-03-10,6.684457778930664,6.73587703704834,6.6330389976501465,6.6330389976501465,3.6530823707580566,8144
2000-03-13,6.6330389976501465,6.890132904052734,6.581620216369629,6.787294864654541,3.738037586212158,24310
2000-03-14,6.838714122772217,6.992970943450928,6.813004970550537,6.838714122772217,3.766355276107788,16652
2000-03-15,6.838714122772217,7.0443902015686035,6.813004970550537,7.0443902015686035,3.879628896713257,14343
2000-03-16,6.890132904052734,7.1986470222473145,6.787294864654541,7.095808982849121,3.907947540283203,7658
2000-03-17,7.0443902015686035,7.1986470222473145,6.73587703704834,7.1986470222473145,3.964585304260254,29537
2000-03-20,6.967261791229248,6.992970943450928,6.890132904052734,6.890132904052734,3.809913396835327,12034
2000-03-21,6.787294864654541,6.787294864654541,6.73587703704834,6.73587703704834,3.7246181964874268,4740
2000-03-22,6.73587703704834,6.813004970550537,6.118850231170654,6.4787821769714355,3.582456588745117,30752
2000-03-23,6.530200958251953,6.581620216369629,6.273106098175049,6.581620216369629,3.639320135116577,5834
2000-03-24,6.555910110473633,6.73587703704834,6.4787821769714355,6.6330389976501465,3.6677541732788086,44852
2000-03-27,6.6330389976501465,6.787294864654541,6.6330389976501465,6.787294864654541,3.7530486583709717,2188
2000-03-28,6.6330389976501465,6.6330389976501465,6.375944137573242,6.581620216369629,3.639320135116577,7536
2000-03-29,6.375944137573242,6.684457778930664,6.375944137573242,6.684457778930664,3.6961846351623535,4376
2000-03-30,6.73587703704834,6.787294864654541,6.581620216369629,6.581620216369629,3.639320135116577,2188
2000-03-31,6.581620216369629,6.684457778930664,6.375944137573242,6.684457778930664,3.6961846351623535,20664
2000-04-03,6.581620216369629,6.838714122772217,6.581620216369629,6.581620216369629,3.639320135116577,12763
2000-04-04,6.684457778930664,6.684457778930664,6.273106098175049,6.684457778930664,3.6961846351623535,11912
2000-04-05,6.40165376663208,7.095808982849121,6.40165376663208,6.992970943450928,3.8667778968811035,8995
2000-04-06,6.581620216369629,6.890132904052734,6.4787821769714355,6.890132904052734,3.809913396835327,14829
2000-04-07,6.992970943450928,6.992970943450928,6.4787821769714355,6.787294864654541,3.7530486583709717,11061
2000-04-10,6.530200958251953,6.684457778930664,6.4787821769714355,6.684457778930664,3.6961846351623535,11183
2000-04-11,6.4787821769714355,6.581620216369629,6.273106098175049,6.581620216369629,3.639320135116577,9846
2000-04-12,6.273106098175049,6.581620216369629,6.273106098175049,6.581620216369629,3.639320135116577,851
2000-04-13,6.273106098175049,6.568765163421631,6.273106098175049,6.273106098175049,3.468726873397827,18476
2000-04-14,6.581620216369629,6.581620216369629,6.170269012451172,6.375944137573242,3.525592088699341,36101
2000-04-17,6.375944137573242,6.375944137573242,6.118850231170654,6.273106098175049,3.468726873397827,30995
2000-04-18,6.273106098175049,6.581620216369629,6.170269012451172,6.581620216369629,3.639320135116577,20907
2000-04-19,6.170269012451172,6.555910110473633,6.170269012451172,6.4787821769714355,3.582456588745117,6199
2000-04-20,6.221686840057373,6.530200958251953,6.221686840057373,6.375944137573242,3.525592088699341,5227
2000-04-24,6.273106098175049,6.4787821769714355,6.273106098175049,6.273106098175049,3.468726873397827,1702
2000-04-25,6.4787821769714355,6.4787821769714355,6.170269012451172,6.375944137573242,3.525592088699341,12763
2000-04-26,6.42736291885376,6.42736291885376,6.118850231170654,6.221686840057373,3.440295934677124,20177
2000-04-27,6.170269012451172,6.221686840057373,6.170269012451172,6.221686840057373,3.440295934677124,1702
2000-04-28,6.118850231170654,6.4787821769714355,6.118850231170654,6.4659271240234375,3.575348138809204,5470
2000-05-01,6.530200958251953,6.530200958251953,6.0674309730529785,6.170269012451172,3.411863088607788,41935
2000-05-02,6.0674309730529785,6.221686840057373,6.0674309730529785,6.0674309730529785,3.354999542236328,9116
2000-05-03,6.144558906555176,6.144558906555176,5.964592933654785,5.990302085876465,3.3123512268066406,35857
2000-05-04,5.990302085876465,6.0674309730529785,5.758916854858398,5.913174152374268,3.269704818725586,47648
2000-05-05,5.707498073577881,5.733208179473877,5.681788921356201,5.707498073577881,3.1559722423553467,23338
2000-05-08,5.733208179473877,5.964592933654785,5.707498073577881,5.758916854858398,3.1844043731689453,14343
2000-05-09,5.964592933654785,5.964592933654785,5.553242206573486,5.553242206573486,3.0706772804260254,22244
2000-05-10,5.681788921356201,5.681788921356201,5.3475661277771,5.604660987854004,3.0991110801696777,16045
2000-05-11,5.630370140075684,5.733208179473877,5.450404167175293,5.733208179473877,3.1701903343200684,21514
2000-05-12,5.758916854858398,5.913174152374268,5.707498073577881,5.707498073577881,3.1559722423553467,10210
2000-05-15,5.758916854858398,5.758916854858398,5.3475661277771,5.3475661277771,2.9569482803344727,13857
2000-05-16,5.5018229484558105,5.733208179473877,5.5018229484558105,5.553242206573486,3.0706772804260254,21150
2000-05-17,5.514678001403809,5.553242206573486,5.514678001403809,5.553242206573486,3.0706772804260254,608
2000-05-18,5.553242206573486,5.7846269607543945,5.553242206573486,5.758916854858398,3.1844043731689453,8509
2000-05-19,5.758916854858398,5.758916854858398,5.720353126525879,5.720353126525879,3.1630804538726807,14708
2000-05-22,5.758916854858398,5.758916854858398,5.681788921356201,5.681788921356201,3.141756772994995,5713
2000-05-23,5.681788921356201,5.887465000152588,5.681788921356201,5.681788921356201,3.141756772994995,8387
2000-05-24,5.758916854858398,5.758916854858398,5.591805934906006,5.707498073577881,3.1559722423553467,6321
2000-05-25,5.681788921356201,5.681788921356201,5.553242206573486,5.6560797691345215,3.1275413036346436,11547
2000-05-26,5.450404167175293,5.964592933654785,5.450404167175293,5.758916854858398,3.1844043731689453,6685
2000-05-30,5.450404167175293,5.5018229484558105,5.450404167175293,5.4761128425598145,3.0280282497406006,5227
2000-05-31,5.553242206573486,5.553242206573486,5.296146869659424,5.373276233673096,2.9711649417877197,48377
2000-06-01,5.3475661277771,5.3475661277771,5.244728088378906,5.3475661277771,2.9569482803344727,119606
2000-06-02,5.3475661277771,5.4761128425598145,5.244728088378906,5.4761128425598145,3.0280282497406006,18597
2000-06-05,5.5018229484558105,5.5018229484558105,5.244728088378906,5.244728088378906,2.9000840187072754,21271
2000-06-06,5.5018229484558105,5.5018229484558105,5.296146869659424,5.3475661277771,2.9569482803344727,8387
2000-06-07,5.3475661277771,5.681788921356201,5.3475661277771,5.450404167175293,3.0138132572174072,38896
2000-06-08,5.450404167175293,5.450404167175293,5.3475661277771,5.373276233673096,2.9711649417877197,7415
2000-06-09,5.450404167175293,5.758916854858398,5.3475661277771,5.591805934906006,3.092000961303711,37924
2000-06-12,5.83604621887207,5.83604621887207,5.630370140075684,5.630370140075684,3.1133246421813965,17139
2000-06-13,5.6560797691345215,5.6560797691345215,5.32185697555542,5.3475661277771,2.9569482803344727,8144
2000-06-14,5.373276233673096,5.553242206573486,5.32185697555542,5.398984909057617,2.9853813648223877,10575
2000-06-15,5.398984909057617,5.398984909057617,5.244728088378906,5.244728088378906,2.9000840187072754,12034
2000-06-16,5.3475661277771,5.398984909057617,5.3475661277771,5.3475661277771,2.973273754119873,14708
2000-06-19,5.3475661277771,5.3475661277771,5.090472221374512,5.3475661277771,2.973273754119873,31725
2000-06-20,5.3475661277771,5.964592933654785,5.141890048980713,5.964592933654785,3.3163421154022217,26133
2000-06-21,5.6560797691345215,5.707498073577881,5.450404167175293,5.707498073577881,3.173396110534668,3768
2000-06-22,5.6560797691345215,5.861754894256592,5.553242206573486,5.6560797691345215,3.1448075771331787,32454
2000-06-23,5.6560797691345215,5.6560797691345215,5.553242206573486,5.630370140075684,3.1305136680603027,3160
2000-06-26,5.553242206573486,5.578950881958008,5.553242206573486,5.578950881958008,3.1019232273101807,2553
2000-06-27,5.591805934906006,5.861754894256592,5.578950881958008,5.604660987854004,3.1162185668945312,12641
2000-06-28,5.578950881958008,5.810336112976074,5.578950881958008,5.604660987854004,3.1162185668945312,19934
2000-06-29,5.810336112976074,5.964592933654785,4.730538845062256,5.83604621887207,3.2448678016662598,49593
2000-06-30,5.553242206573486,9.049727439880371,4.936214923858643,8.278444290161133,4.602855205535889,183420
2000-07-03,7.1986470222473145,7.250065803527832,6.581620216369629,7.095808982849121,3.945302963256836,38896
2000-07-05,6.992970943450928,7.1986470222473145,6.273106098175049,6.530200958251953,3.630824089050293,29172
2000-07-06,6.453073024749756,6.530200958251953,6.375944137573242,6.42736291885376,3.573643922805786,25404
2000-07-07,6.375944137573242,6.375944137573242,5.861754894256592,6.273106098175049,3.487875461578369,6928
2000-07-10,6.298816204071045,6.375944137573242,6.221686840057373,6.375944137573242,3.5450563430786133,1459
2000-07-11,6.324524879455566,6.787294864654541,6.221686840057373,6.221686840057373,3.4592885971069336,24796
2000-07-12,6.221686840057373,6.581620216369629,6.221686840057373,6.581620216369629,3.659412384033203,6685
2000-07-13,6.530200958251953,6.530200958251953,6.170269012451172,6.40165376663208,3.5593504905700684,13006
2000-07-14,6.375944137573242,6.375944137573242,6.170269012451172,6.170269012451172,3.4306998252868652,1094
2000-07-17,6.247396945953369,6.247396945953369,5.861754894256592,6.016012191772461,3.3449320793151855,8144
2000-07-18,5.964592933654785,6.375944137573242,5.964592933654785,6.375944137573242,3.5450563430786133,18719
2000-07-19,6.0674309730529785,6.170269012451172,6.0674309730529785,6.118850231170654,3.402111053466797,15437
2000-07-20,6.118850231170654,6.273106098175049,6.118850231170654,6.118850231170654,3.402111053466797,6442
2000-07-21,6.375944137573242,6.375944137573242,6.0674309730529785,6.0674309730529785,3.373521566390991,15923
2000-07-24,6.273106098175049,6.273106098175049,6.170269012451172,6.170269012451172,3.4306998252868652,33670
2000-07-25,6.273106098175049,6.324524879455566,6.273106098175049,6.324524879455566,3.5164661407470703,11790
2000-07-26,6.4787821769714355,6.4787821769714355,6.42736291885376,6.42736291885376,3.573643922805786,4376
2000-07-27,6.324524879455566,6.992970943450928,6.324524879455566,6.992970943450928,3.8881263732910156,16288
2000-07-28,6.9158430099487305,6.992970943450928,6.890132904052734,6.94155216217041,3.859534502029419,57615
2000-07-31,6.890132904052734,6.890132904052734,6.890132904052734,6.890132904052734,3.8309457302093506,10575
2000-08-01,6.992970943450928,6.992970943450928,6.890132904052734,6.890132904052734,3.8309457302093506,4984
2000-08-02,6.890132904052734,7.0443902015686035,6.890132904052734,7.0443902015686035,3.9167139530181885,22122
2000-08-03,6.967261791229248,6.967261791229248,6.890132904052734,6.890132904052734,3.8309457302093506,9481
2000-08-04,6.684457778930664,6.73587703704834,6.581620216369629,6.73587703704834,3.7451798915863037,2188
2000-08-07,6.4787821769714355,6.581620216369629,6.273106098175049,6.581620216369629,3.659412384033203,3403
2000-08-08,6.4787821769714355,6.4787821769714355,6.375944137573242,6.375944137573242,3.5450563430786133,1580
2000-08-09,6.42736291885376,6.4787821769714355,6.0674309730529785,6.4787821769714355,3.602234125137329,7536
2000-08-10,6.0674309730529785,6.0674309730529785,5.758916854858398,5.758916854858398,3.2019851207733154,36344
2000-08-11,6.118850231170654,6.4787821769714355,5.758916854858398,6.4787821769714355,3.602234125137329,7658
2000-08-14,5.964592933654785,6.273106098175049,5.758916854858398,6.273106098175049,3.487875461578369,851
2000-08-15,5.758916854858398,5.861754894256592,5.758916854858398,5.861754894256592,3.2591633796691895,1823
2000-08-16,5.861754894256592,6.144558906555176,5.861754894256592,6.144558906555176,3.4164037704467773,6807
2000-08-17,6.170269012451172,6.170269012451172,5.964592933654785,6.170269012451172,3.4306998252868652,1702
2000-08-18,5.964592933654785,6.170269012451172,5.758916854858398,6.170269012451172,3.4306998252868652,5713
2000-08-21,5.964592933654785,5.964592933654785,5.964592933654785,5.964592933654785,3.3163421154022217,851
2000-08-22,5.964592933654785,5.964592933654785,5.6560797691345215,5.964592933654785,3.3163421154022217,15923
2000-08-23,5.964592933654785,6.118850231170654,5.810336112976074,6.0674309730529785,3.373521566390991,8265
2000-08-24,5.810336112976074,5.810336112976074,5.553242206573486,5.758916854858398,3.2019851207733154,23459
2000-08-25,5.758916854858398,6.0674309730529785,5.6560797691345215,6.016012191772461,3.3449320793151855,6078
2000-08-28,5.861754894256592,6.016012191772461,5.6560797691345215,6.016012191772461,3.3449320793151855,4497
2000-08-29,5.758916854858398,5.758916854858398,5.141890048980713,5.604660987854004,3.1162185668945312,16652
2000-08-30,5.6560797691345215,5.758916854858398,5.450404167175293,5.553242206573486,3.0876293182373047,5591
2000-08-31,5.630370140075684,5.630370140075684,5.450404167175293,5.630370140075684,3.1305136680603027,9481
2000-09-01,5.450404167175293,5.746063232421875,5.3475661277771,5.6560797691345215,3.1448075771331787,11790
2000-09-05,5.758916854858398,5.758916854858398,5.5018229484558105,5.604660987854004,3.1162185668945312,9359
2000-09-06,5.360421180725098,5.733208179473877,5.3475661277771,5.733208179473877,3.1876907348632812,15194
2000-09-07,5.6560797691345215,5.6560797691345215,5.553242206573486,5.6560797691345215,3.1448075771331787,2309
2000-09-08,5.578950881958008,5.6560797691345215,5.5018229484558105,5.6560797691345215,3.1448075771331787,1945
2000-09-11,5.6560797691345215,5.758916854858398,5.5018229484558105,5.758916854858398,3.2019851207733154,9359
2000-09-12,5.758916854858398,5.758916854858398,5.3475661277771,5.6560797691345215,3.1448075771331787,15194
2000-09-13,5.540387153625488,5.6560797691345215,5.540387153625488,5.6560797691345215,3.1448075771331787,851
2000-09-14,5.3475661277771,5.6560797691345215,5.3475661277771,5.5018229484558105,3.0590405464172363,2917
2000-09-15,5.553242206573486,5.758916854858398,5.398984909057617,5.6560797691345215,3.1448075771331787,22244
2000-09-18,5.861754894256592,5.861754894256592,5.553242206573486,5.6560797691345215,3.1613614559173584,7415
2000-09-19,5.758916854858398,5.758916854858398,5.758916854858398,5.758916854858398,3.2188401222229004,122
2000-09-20,5.758916854858398,5.861754894256592,5.6560797691345215,5.6560797691345215,3.1613614559173584,2309
2000-09-21,5.810336112976074,5.861754894256592,5.553242206573486,5.553242206573486,3.103882074356079,102103
2000-09-22,5.810336112976074,5.810336112976074,5.553242206573486,5.6560797691345215,3.1613614559173584,1702
2000-09-25,5.6560797691345215,5.861754894256592,5.450404167175293,5.861754894256592,3.2763192653656006,17017
2000-09-26,5.964592933654785,5.964592933654785,5.964592933654785,5.964592933654785,3.333799123764038,243
2000-09-27,5.964592933654785,6.273106098175049,5.964592933654785,6.273106098175049,3.5062355995178223,5713
2000-09-28,5.861754894256592,5.861754894256592,5.4761128425598145,5.733208179473877,3.204470157623291,8265
2000-09-29,5.758916854858398,5.758916854858398,5.733208179473877,5.758916854858398,3.2188401222229004,31725
2000-10-02,5.758916854858398,5.758916854858398,5.4761128425598145,5.707498073577881,3.1900997161865234,2309
2000-10-03,5.758916854858398,5.758916854858398,5.758916854858398,5.758916854858398,3.2188401222229004,2066
2000-10-04,5.604660987854004,5.604660987854004,5.578950881958008,5.604660987854004,3.1326217651367188,3039
2000-10-05,5.578950881958008,5.578950881958008,5.578950881958008,5.578950881958008,3.1182518005371094,729
2000-10-06,5.6560797691345215,5.758916854858398,5.4761128425598145,5.4761128425598145,3.0607717037200928,5105
2000-10-09,5.707498073577881,5.707498073577881,5.398984909057617,5.398984909057617,3.0176634788513184,5470
2000-10-10,5.398984909057617,5.398984909057617,5.3475661277771,5.3475661277771,2.988924980163574,9846
2000-10-11,5.3475661277771,5.5018229484558105,5.3475661277771,5.5018229484558105,3.0751423835754395,8022
2000-10-12,5.4761128425598145,5.6560797691345215,5.373276233673096,5.373276233673096,3.003293514251709,6078
2000-10-13,5.3475661277771,5.3475661277771,5.3475661277771,5.3475661277771,2.988924980163574,365
2000-10-16,5.270438194274902,5.553242206573486,5.244728088378906,5.5018229484558105,3.0751423835754395,6928
2000-10-17,5.450404167175293,5.553242206573486,5.3475661277771,5.3475661277771,2.988924980163574,6928
2000-10-18,5.3475661277771,5.3475661277771,5.3475661277771,5.3475661277771,2.988924980163574,365
2000-10-19,5.3475661277771,5.3475661277771,5.3475661277771,5.3475661277771,2.988924980163574,7415
2000-10-20,5.141890048980713,5.52753210067749,5.141890048980713,5.219018936157227,2.917074203491211,8630
2000-10-23,5.3475661277771,5.553242206573486,5.3475661277771,5.553242206573486,3.103882074356079,3890
2000-10-24,5.373276233673096,5.373276233673096,5.373276233673096,5.373276233673096,3.003293514251709,608
2000-10-25,5.373276233673096,5.6560797691345215,5.3475661277771,5.450404167175293,3.046403408050537,4497
2000-10-26,5.6560797691345215,5.6560797691345215,5.6560797691345215,5.6560797691345215,3.1613614559173584,1216
2000-10-27,5.463259220123291,5.553242206573486,5.1933088302612305,5.373276233673096,3.003293514251709,21879
2000-10-30,5.1933088302612305,5.604660987854004,5.167600154876709,5.4761128425598145,3.0607717037200928,11547
2000-10-31,5.3475661277771,5.398984909057617,5.244728088378906,5.3475661277771,2.988924980163574,4497
2000-11-01,5.450404167175293,5.5018229484558105,5.296146869659424,5.296146869659424,2.9601831436157227,18111
2000-11-02,5.296146869659424,5.5018229484558105,5.296146869659424,5.3475661277771,2.988924980163574,4862
2000-11-03,5.5018229484558105,5.733208179473877,5.141890048980713,5.141890048980713,2.873964786529541,22487
2000-11-06,5.1933088302612305,5.5018229484558105,5.1933088302612305,5.1933088302612305,2.9027035236358643,11790
2000-11-07,5.373276233673096,5.373276233673096,5.244728088378906,5.296146869659424,2.9601831436157227,5470
2000-11-08,5.398984909057617,5.398984909057617,5.244728088378906,5.244728088378906,2.9314451217651367,1580
2000-11-09,5.296146869659424,5.32185697555542,5.141890048980713,5.141890048980713,2.873964786529541,5591
2000-11-10,5.141890048980713,5.296146869659424,5.141890048980713,5.296146869659424,2.9601831436157227,8509
2000-11-13,5.167600154876709,5.32185697555542,5.167600154876709,5.244728088378906,2.9314451217651367,4254
2000-11-14,5.219018936157227,5.296146869659424,5.141890048980713,5.141890048980713,2.873964786529541,5227
2000-11-15,5.296146869659424,5.3475661277771,5.141890048980713,5.3475661277771,2.988924980163574,6685
2000-11-16,5.3475661277771,5.3475661277771,5.1933088302612305,5.244728088378906,2.9314451217651367,5591
2000-11-17,5.3475661277771,5.450404167175293,5.244728088378906,5.450404167175293,3.046403408050537,5956
2000-11-20,5.296146869659424,5.296146869659424,5.244728088378906,5.244728088378906,2.9314451217651367,8144
2000-11-21,5.244728088378906,5.450404167175293,5.244728088378906,5.244728088378906,2.9314451217651367,3525
2000-11-22,5.398984909057617,5.398984909057617,5.296146869659424,5.296146869659424,2.9601831436157227,7293
2000-11-24,5.257583141326904,5.553242206573486,5.257583141326904,5.296146869659424,2.9601831436157227,7171
2000-11-27,5.296146869659424,5.5018229484558105,5.296146869659424,5.450404167175293,3.046403408050537,6321
2000-11-28,5.296146869659424,5.3475661277771,5.244728088378906,5.244728088378906,2.9314451217651367,4376
2000-11-29,5.244728088378906,5.244728088378906,5.244728088378906,5.244728088378906,2.9314451217651367,3525
2000-11-30,5.244728088378906,5.3475661277771,5.141890048980713,5.141890048980713,2.873964786529541,18719
2000-12-01,5.141890048980713,5.141890048980713,5.141890048980713,5.141890048980713,2.873964786529541,17503
2000-12-04,5.141890048980713,5.244728088378906,5.141890048980713,5.141890048980713,2.873964786529541,15437
2000-12-05,5.244728088378906,5.450404167175293,5.141890048980713,5.141890048980713,2.873964786529541,10818
2000-12-06,5.141890048980713,5.398984909057617,4.961924076080322,5.141890048980713,2.873964786529541,12277
2000-12-07,5.000487804412842,5.000487804412842,4.833376884460449,4.936214923858643,2.7590062618255615,48499
2000-12-08,4.987634181976318,4.987634181976318,4.833376884460449,4.936214923858643,2.7590062618255615,16166
2000-12-11,4.936214923858643,5.1933088302612305,4.833376884460449,5.141890048980713,2.873964786529541,37438
2000-12-12,5.244728088378906,5.244728088378906,4.936214923858643,5.244728088378906,2.9314451217651367,56035
2000-12-13,5.167600154876709,5.450404167175293,5.039052963256836,5.141890048980713,2.873964786529541,20421
2000-12-14,5.141890048980713,5.141890048980713,4.936214923858643,4.936214923858643,2.7590062618255615,26498
2000-12-15,4.936214923858643,4.936214923858643,4.730538845062256,4.730538845062256,2.663578748703003,22001
2000-12-18,4.730538845062256,4.884796142578125,4.730538845062256,4.730538845062256,2.663578748703003,9481
2000-12-19,4.756248950958252,4.936214923858643,4.730538845062256,4.730538845062256,2.663578748703003,14465
2000-12-20,4.859086036682129,4.859086036682129,4.679120063781738,4.730538845062256,2.663578748703003,34763
2000-12-21,4.781958103179932,4.936214923858643,4.679120063781738,4.730538845062256,2.663578748703003,32332
2000-12-22,4.884796142578125,4.884796142578125,4.6277008056640625,4.6277008056640625,2.6056764125823975,6928
2000-12-26,4.6277008056640625,4.884796142578125,4.524864196777344,4.679120063781738,2.6346280574798584,34277
2000-12-27,4.833376884460449,4.936214923858643,4.679120063781738,4.833376884460449,2.7214839458465576,69892
2000-12-28,4.936214923858643,4.936214923858643,4.730538845062256,4.936214923858643,2.779388427734375,54090
2000-12-29,4.936214923858643,5.090472221374512,4.833376884460449,5.090472221374512,2.8662447929382324,89947
2001-01-02,4.961924076080322,5.3475661277771,4.961924076080322,5.3475661277771,3.011004686355591,5713
2001-01-03,5.296146869659424,5.964592933654785,5.296146869659424,5.964592933654785,3.358427047729492,19691
2001-01-04,6.0674309730529785,6.555910110473633,5.964592933654785,6.170269012451172,3.4742369651794434,26376
2001-01-05,5.758916854858398,5.913174152374268,5.758916854858398,5.758916854858398,3.242619752883911,4254
2001-01-08,5.758916854858398,5.758916854858398,5.6560797691345215,5.6560797691345215,3.184715509414673,8630
2001-01-09,5.6560797691345215,5.6560797691345215,5.450404167175293,5.450404167175293,3.0689079761505127,3647
2001-01-10,5.6560797691345215,5.6560797691345215,5.3475661277771,5.3475661277771,3.011004686355591,365
2001-01-11,5.553242206573486,6.0674309730529785,5.5018229484558105,5.758916854858398,3.242619752883911,13249
2001-01-12,5.5018229484558105,5.5018229484558105,5.244728088378906,5.3475661277771,3.011004686355591,9724
2001-01-16,5.373276233673096,5.913174152374268,5.3475661277771,5.373276233673096,3.0254807472229004,4619
2001-01-17,5.591805934906006,5.681788921356201,5.591805934906006,5.604660987854004,3.1557631492614746,4011
2001-01-18,5.604660987854004,5.604660987854004,5.398984909057617,5.398984909057617,3.0399556159973145,15437
2001-01-19,5.450404167175293,5.604660987854004,5.3475661277771,5.3475661277771,3.011004686355591,7415
2001-01-22,5.553242206573486,5.758916854858398,5.450404167175293,5.604660987854004,3.1557631492614746,4133
2001-01-23,5.604660987854004,5.604660987854004,5.604660987854004,5.604660987854004,3.1557631492614746,0
2001-01-24,5.4761128425598145,5.553242206573486,5.450404167175293,5.553242206573486,3.126812219619751,608
2001-01-25,5.56609582901001,5.758916854858398,5.553242206573486,5.553242206573486,3.126812219619751,1702
2001-01-26,5.5018229484558105,5.6560797691345215,5.450404167175293,5.604660987854004,3.1557631492614746,6564
2001-01-29,5.6175150871276855,5.964592933654785,5.4761128425598145,5.964592933654785,3.358427047729492,6321
2001-01-30,5.861754894256592,6.375944137573242,5.861754894256592,6.0674309730529785,3.4163331985473633,3403
2001-01-31,5.964592933654785,6.375944137573242,5.964592933654785,6.375944137573242,3.59004282951355,4497
2001-02-01,5.964592933654785,6.016012191772461,5.861754894256592,6.016012191772461,3.3873798847198486,5591
2001-02-02,5.964592933654785,6.0674309730529785,5.964592933654785,6.0674309730529785,3.4163331985473633,4619
2001-02-05,6.157413959503174,6.157413959503174,6.016012191772461,6.0674309730529785,3.4163331985473633,2309
2001-02-06,6.0674309730529785,6.170269012451172,6.0674309730529785,6.170269012451172,3.4742369651794434,5470
2001-02-07,6.0674309730529785,6.0674309730529785,6.0674309730529785,6.0674309730529785,3.4163331985473633,3647
2001-02-08,6.170269012451172,6.324524879455566,6.170269012451172,6.170269012451172,3.4742369651794434,1094
2001-02-09,6.08028507232666,6.08028507232666,6.0674309730529785,6.0674309730529785,3.4163331985473633,1945
2001-02-12,6.967261791229248,7.352902889251709,6.684457778930664,6.967261791229248,3.922992467880249,46311
2001-02-13,7.018680095672607,7.1986470222473145,7.018680095672607,7.1986470222473145,4.053275108337402,11547
2001-02-14,7.1986470222473145,7.301484107971191,7.095808982849121,7.1986470222473145,4.053275108337402,17625
2001-02-15,7.301484107971191,7.301484107971191,7.0443902015686035,7.1986470222473145,4.053275108337402,19327
2001-02-16,6.992970943450928,7.224356174468994,6.94155216217041,7.224356174468994,4.067749977111816,486
2001-02-20,6.992970943450928,7.1986470222473145,6.992970943450928,7.1986470222473145,4.053275108337402,11547
2001-02-21,7.095808982849121,7.095808982849121,7.095808982849121,7.095808982849121,3.995370626449585,3039
2001-02-22,6.992970943450928,7.095808982849121,6.992970943450928,6.992970943450928,3.9374680519104004,23095
2001-02-23,6.890132904052734,7.0443902015686035,6.890132904052734,7.0443902015686035,3.966418743133545,23824
2001-02-26,7.1986470222473145,7.1986470222473145,7.1986470222473145,7.1986470222473145,4.053275108337402,486
2001-02-27,7.1986470222473145,7.352902889251709,7.1986470222473145,7.301484107971191,4.111177444458008,19205
2001-02-28,7.404322147369385,7.404322147369385,7.301484107971191,7.404322147369385,4.169082164764404,9967
2001-03-01,7.481451034545898,7.661417007446289,7.481451034545898,7.558578968048096,4.255938529968262,10089
2001-03-02,7.532869815826416,7.712835788726807,7.455740928649902,7.558578968048096,4.255938529968262,14829
2001-03-05,7.430031776428223,7.6099982261657715,7.301484107971191,7.3271942138671875,4.125655651092529,47405
2001-03-06,7.404322147369385,7.404322147369385,7.147227764129639,7.352902889251709,4.140129089355469,26012
2001-03-07,7.301484107971191,7.404322147369385,7.301484107971191,7.404322147369385,4.169082164764404,13006
2001-03-08,7.455740928649902,7.481451034545898,7.3271942138671875,7.3271942138671875,4.125655651092529,2188
2001-03-09,7.352902889251709,7.404322147369385,7.301484107971191,7.352902889251709,4.140129089355469,6321
2001-03-12,7.352902889251709,7.378612995147705,7.301484107971191,7.378612995147705,4.154608249664307,5834
2001-03-13,7.275774955749512,7.6099982261657715,7.1986470222473145,7.507160186767578,4.226986408233643,15802
2001-03-14,7.507160186767578,7.661417007446289,7.1986470222473145,7.404322147369385,4.169082164764404,12641
2001-03-15,7.481451034545898,7.481451034545898,6.992970943450928,7.095808982849121,3.995370626449585,13371
2001-03-16,7.095808982849121,7.121518135070801,6.992970943450928,7.0443902015686035,3.9867568016052246,4133
2001-03-19,7.095808982849121,7.301484107971191,7.095808982849121,7.147227764129639,4.044957637786865,5956
2001-03-20,7.16008186340332,7.1986470222473145,7.095808982849121,7.147227764129639,4.044957637786865,9602
2001-03-21,7.095808982849121,7.095808982849121,7.095808982849121,7.095808982849121,4.0158586502075195,122
2001-03-22,7.1986470222473145,7.1986470222473145,7.095808982849121,7.095808982849121,4.0158586502075195,851
2001-03-23,7.0443902015686035,7.0443902015686035,7.0443902015686035,7.0443902015686035,3.9867568016052246,608
2001-03-26,7.1986470222473145,7.1986470222473145,7.1986470222473145,7.1986470222473145,4.074058532714844,608
2001-03-27,7.301484107971191,7.301484107971191,7.0443902015686035,7.0443902015686035,3.9867568016052246,1823
2001-03-28,6.992970943450928,6.992970943450928,6.890132904052734,6.890132904052734,3.8994557857513428,7901
2001-03-29,6.890132904052734,6.890132904052734,6.890132904052734,6.890132904052734,3.8994557857513428,0
2001-03-30,6.890132904052734,6.992970943450928,6.890132904052734,6.94155216217041,3.9285547733306885,3525
2001-04-02,6.94155216217041,6.992970943450928,6.787294864654541,6.787294864654541,3.841254949569702,6564
2001-04-03,6.992970943450928,6.992970943450928,6.992970943450928,6.992970943450928,3.9576566219329834,122
2001-04-04,6.73587703704834,6.73587703704834,6.684457778930664,6.684457778930664,3.783052921295166,1580
2001-04-05,6.73587703704834,6.73587703704834,6.684457778930664,6.684457778930664,3.783052921295166,2674
2001-04-06,6.684457778930664,6.7615861892700195,6.684457778930664,6.7615861892700195,3.826704978942871,729
2001-04-09,6.787294864654541,6.910700798034668,6.7790679931640625,6.787294864654541,3.841254949569702,3890
2001-04-10,6.754386901855469,6.754386901855469,6.680344104766846,6.713252067565918,3.7993507385253906,2553
2001-04-11,6.713252067565918,6.74616003036499,6.688570976257324,6.74616003036499,3.8179731369018555,1823
2001-04-12,6.74616003036499,6.74616003036499,6.74616003036499,6.74616003036499,3.8179731369018555,0
2001-04-16,6.680344104766846,6.828431129455566,6.680344104766846,6.828431129455566,3.864536762237549,2066
2001-04-17,6.828431129455566,6.828431129455566,6.828431129455566,6.828431129455566,3.864536762237549,3403
2001-04-18,6.869565963745117,6.992970943450928,6.836658000946045,6.836658000946045,3.8691906929016113,8144
2001-04-19,6.836658000946045,7.0916948318481445,6.836658000946045,7.0916948318481445,4.013530731201172,11061
2001-04-20,7.0916948318481445,7.1986470222473145,7.0916948318481445,7.1986470222473145,4.074058532714844,8265
2001-04-23,7.297370910644531,7.297370910644531,7.02587890625,7.289144039154053,4.12527322769165,1702
2001-04-24,7.10814905166626,7.10814905166626,6.992970943450928,7.02587890625,3.9762814044952393,7658
2001-04-25,7.02587890625,7.02587890625,7.02587890625,7.02587890625,3.9762814044952393,0
2001-04-26,6.951836109161377,6.951836109161377,6.894247055053711,6.910700798034668,3.9110965728759766,2553
2001-04-27,6.992970943450928,6.992970943450928,6.992970943450928,6.992970943450928,3.9576566219329834,243
2001-04-30,6.951836109161377,7.050559997558594,6.951836109161377,7.050559997558594,3.9902496337890625,1337
2001-05-01,7.050559997558594,7.050559997558594,7.050559997558594,7.050559997558594,3.9902496337890625,0
2001-05-02,6.951836109161377,6.951836109161377,6.951836109161377,6.951836109161377,3.9343762397766113,2553
2001-05-03,7.0752410888671875,7.10814905166626,7.0341057777404785,7.10814905166626,4.022841930389404,5470
2001-05-04,7.042333126068115,7.042333126068115,7.042333126068115,7.042333126068115,3.9855918884277344,2796
2001-05-07,7.10814905166626,7.10814905166626,7.0752410888671875,7.10814905166626,4.022841930389404,2674
2001-05-08,7.1986470222473145,7.1986470222473145,7.10814905166626,7.182192802429199,4.06474494934082,7171
2001-05-09,7.157512187957764,7.157512187957764,6.992970943450928,7.157512187957764,4.050778865814209,8265
2001-05-10,7.0916948318481445,7.0916948318481445,7.0916948318481445,7.0916948318481445,4.013530731201172,972
2001-05-11,7.0916948318481445,7.0916948318481445,7.0916948318481445,7.0916948318481445,4.013530731201172,122
2001-05-14,7.050559997558594,7.0916948318481445,7.050559997558594,7.0916948318481445,4.013530731201172,729
2001-05-15,7.050559997558594,7.157512187957764,7.0341057777404785,7.0341057777404785,3.9809365272521973,12155
2001-05-16,7.0752410888671875,7.141057014465332,7.0752410888671875,7.141057014465332,4.041464328765869,1580
2001-05-17,7.157512187957764,7.404322147369385,7.157512187957764,7.404322147369385,4.190460681915283,17382
2001-05-18,7.470138072967529,7.659359931945801,7.470138072967529,7.486592769622803,4.237020969390869,12034
2001-05-21,7.659359931945801,8.02134895324707,7.659359931945801,8.02134895324707,4.539665222167969,22365
2001-05-22,7.9802141189575195,7.9802141189575195,7.963759899139404,7.971986770629883,4.511730670928955,3039
2001-05-23,7.848581790924072,7.971986770629883,7.79099178314209,7.9226250648498535,4.483792781829834,9359
2001-05-24,7.930851936340332,8.046030044555664,7.930851936340332,7.930851936340332,4.488447666168213,1094
2001-05-25,8.087164878845215,8.638376235961914,8.087164878845215,8.227025032043457,4.656067848205566,22608
2001-05-29,8.144755363464355,8.268159866333008,8.144755363464355,8.268159866333008,4.679347038269043,729
2001-05-30,8.144755363464355,8.144755363464355,7.667586803436279,8.062483787536621,4.562945365905762,4740
2001-05-31,8.062483787536621,8.136527061462402,7.782764911651611,8.136527061462402,4.604849815368652,3282
2001-06-01,8.136527061462402,8.136527061462402,7.823901176452637,8.120073318481445,4.595539093017578,4254
2001-06-04,7.971986770629883,8.103618621826172,7.971986770629883,8.103618621826172,4.5862250328063965,1580
2001-06-05,7.963759899139404,8.062483787536621,7.963759899139404,8.062483787536621,4.562945365905762,1945
2001-06-06,8.062483787536621,8.062483787536621,7.9802141189575195,7.9802141189575195,4.516385078430176,4376
2001-06-07,8.103618621826172,8.136527061462402,8.103618621826172,8.136527061462402,4.604849815368652,3039
2001-06-08,8.02134895324707,8.02134895324707,8.02134895324707,8.02134895324707,4.539665222167969,122
2001-06-11,8.136527061462402,8.35042953491211,8.136527061462402,8.268159866333008,4.679347038269043,12884
2001-06-12,8.268159866333008,8.292840957641602,8.202343940734863,8.202343940734863,4.642099380493164,8752
2001-06-13,8.227025032043457,8.432700157165527,8.194116592407227,8.432700157165527,4.772468090057373,5956
2001-06-14,8.0542573928833,8.934549331665039,8.0542573928833,8.934549331665039,5.056487560272217,9238
2001-06-15,8.679511070251465,9.855976104736328,8.597241401672363,9.78193187713623,5.558585166931152,30631
2001-06-18,9.304764747619629,9.304764747619629,8.2105712890625,8.58078670501709,4.876032829284668,23095
2001-06-19,8.819371223449707,8.819371223449707,8.21879768371582,8.21879768371582,4.6703338623046875,6321
2001-06-20,8.38333797454834,8.556105613708496,8.2105712890625,8.506744384765625,4.833958625793457,3403
2001-06-21,8.2105712890625,8.432700157165527,8.2105712890625,8.432700157165527,4.7918829917907715,851
2001-06-22,8.35042953491211,8.473834991455078,8.309294700622559,8.473834991455078,4.815256118774414,4497
2001-06-25,8.531425476074219,9.444623947143555,8.391565322875977,9.17313289642334,5.2126312255859375,33305
2001-06-26,9.461077690124512,11.024212837219238,8.885187149047852,10.843218803405762,6.161659240722656,90191
2001-06-27,10.20151138305664,10.744494438171387,9.666753768920898,10.316688537597656,5.862459659576416,89826
2001-06-28,10.448321342468262,10.744494438171387,9.666753768920898,10.086332321166992,5.731557846069336,46919
2001-06-29,10.127467155456543,10.6951322555542,9.823067665100098,10.6951322555542,6.077509880065918,72201
2001-07-02,10.538819313049316,10.621088981628418,9.296538352966309,9.913564682006836,5.6333818435668945,45703
2001-07-03,9.97115421295166,9.97115421295166,9.263629913330078,9.263629913330078,5.264059543609619,4497
2001-07-05,9.049727439880371,9.855976104736328,8.959230422973633,8.959230422973633,5.091081619262695,8873
2001-07-06,8.959230422973633,8.959230422973633,8.498517036437988,8.802915573120117,5.002257347106934,13492
2001-07-09,8.934549331665039,9.864203453063965,8.909868240356445,9.296538352966309,5.2827606201171875,10453
2001-07-10,9.255402565002441,9.526894569396973,8.687738418579102,9.518668174743652,5.40898323059082,12155
2001-07-11,9.222495079040527,10.086332321166992,9.222495079040527,10.078104972839355,5.7268853187561035,11669
2001-07-12,10.078104972839355,10.53059196472168,9.70788860321045,9.74079704284668,5.535208225250244,12398
2001-07-13,9.74079704284668,10.160375595092773,9.74079704284668,10.160375595092773,5.773634910583496,4254
2001-07-16,10.226192474365234,10.283781051635742,9.880657196044922,9.880657196044922,5.61468505859375,12884
2001-07-17,10.366050720214844,10.390731811523438,9.452851295471191,9.839522361755371,5.591306686401367,13127
2001-07-18,9.855976104736328,10.078104972839355,9.773704528808594,10.036970138549805,5.703512191772461,13614
2001-07-19,9.888883590698242,10.135693550109863,9.888883590698242,10.135693550109863,5.7596116065979,2309
2001-07-20,10.004061698913574,10.70335865020752,10.004061698913574,10.036970138549805,5.703512191772461,18233
2001-07-23,10.036970138549805,10.036970138549805,9.831295013427734,9.839522361755371,5.591306686401367,4740
2001-07-24,9.93001937866211,9.954700469970703,9.543349266052246,9.946473121643066,5.652084827423096,31239
2001-07-25,10.053423881530762,10.217965126037598,9.831295013427734,10.217965126037598,5.806359767913818,5834
2001-07-26,10.036970138549805,10.448321342468262,9.831295013427734,10.448321342468262,5.937260627746582,13614
2001-07-27,10.20151138305664,10.6951322555542,10.036970138549805,10.57172679901123,6.007384777069092,74997
2001-07-30,10.769174575805664,10.769174575805664,10.653997421264648,10.6951322555542,6.077509880065918,28564
2001-07-31,10.6951322555542,10.719813346862793,10.612861633300781,10.653997421264648,6.054134368896484,20542
2001-08-01,10.6951322555542,10.73626708984375,10.612861633300781,10.73626708984375,6.100883483886719,31239
2001-08-02,10.73626708984375,10.769174575805664,10.653997421264648,10.769174575805664,6.119585990905762,16409
2001-08-03,10.73626708984375,10.826765060424805,10.629316329956055,10.7774019241333,6.124260425567627,14100
2001-08-06,10.73626708984375,11.065347671508789,10.711585998535156,11.024212837219238,6.2645111083984375,48620
2001-08-07,11.073575019836426,11.476699829101562,10.859672546386719,11.476699829101562,6.521636009216309,16288
2001-08-08,11.353294372558594,11.55897045135498,10.53059196472168,10.97485065460205,6.236459732055664,8752
2001-08-09,10.7774019241333,10.810311317443848,10.283781051635742,10.6951322555542,6.077509880065918,44366
2001-08-10,10.612861633300781,10.7774019241333,10.119239807128906,10.621088981628418,6.035437107086182,26133
2001-08-13,10.859672546386719,11.073575019836426,10.522364616394043,11.073575019836426,6.2925615310668945,5227
2001-08-14,10.711585998535156,11.048893928527832,10.70335865020752,10.941943168640137,6.217761039733887,19083
2001-08-15,10.70335865020752,10.941943168640137,10.70335865020752,10.7774019241333,6.124260425567627,11790
2001-08-16,11.065347671508789,11.188754081726074,10.900808334350586,11.188754081726074,6.3580121994018555,8509
2001-08-17,10.818537712097168,11.188754081726074,10.818537712097168,10.859672546386719,6.171009063720703,4740
2001-08-20,11.271023750305176,11.435564041137695,10.867899894714355,11.435564041137695,6.498260974884033,17017
2001-08-21,11.147619247436523,11.517834663391113,11.065347671508789,11.517834663391113,6.545012474060059,130424
2001-08-22,11.49315357208252,11.92918586730957,11.402655601501465,11.550743103027344,6.563710689544678,49106
2001-08-23,11.55897045135498,12.184224128723145,11.55897045135498,11.88805103302002,6.755388259887695,11912
2001-08-24,11.846916198730469,12.167770385742188,11.476699829101562,11.534289360046387,6.554360866546631,10940
2001-08-27,11.723509788513184,12.192450523376465,11.435564041137695,11.591877937316895,6.587090492248535,17625
2001-08-28,11.600105285644531,11.608331680297852,11.600105285644531,11.608331680297852,6.596436500549316,486
2001-08-29,11.600105285644531,11.814007759094238,11.443791389465332,11.443791389465332,6.502937316894531,25161
2001-08-30,11.443791389465332,11.937413215637207,11.443791389465332,11.937413215637207,6.783435344696045,8509
2001-08-31,11.92095947265625,12.134861946105957,11.476699829101562,11.5671968460083,6.573062896728516,5227
2001-09-04,11.764644622802734,11.764644622802734,10.760948181152344,11.106483459472656,6.311258316040039,9116
2001-09-05,11.09825611114502,11.09825611114502,10.185056686401367,10.621088981628418,6.035437107086182,13127
2001-09-06,10.826765060424805,10.900808334350586,10.440093994140625,10.489457130432129,5.960636615753174,14221
2001-09-07,10.49768352508545,10.53059196472168,10.292008399963379,10.292008399963379,5.848433017730713,11061
2001-09-10,10.283781051635742,10.645770072937012,10.217965126037598,10.645770072937012,6.049459934234619,23702
2001-09-17,10.152149200439453,10.670451164245605,10.094558715820312,10.316688537597656,5.862459659576416,12398
2001-09-18,10.3002347946167,10.89258098602295,10.176830291748047,10.760948181152344,6.114909648895264,7050
2001-09-19,10.481229782104492,10.96662425994873,10.020516395568848,10.464775085449219,5.946608543395996,18840
2001-09-20,10.283781051635742,10.283781051635742,10.078104972839355,10.111013412475586,5.745586395263672,6807
2001-09-21,9.543349266052246,9.773704528808594,8.967456817626953,9.049727439880371,5.160986423492432,34277
2001-09-24,9.057953834533691,10.078104972839355,9.057953834533691,9.699662208557129,5.531635761260986,22244
2001-09-25,9.33767318725586,9.913564682006836,9.33767318725586,9.57625675201416,5.461262226104736,12398
2001-09-26,9.699662208557129,9.880657196044922,9.329445838928223,9.477533340454102,5.4049577713012695,5713
2001-09-27,9.78193187713623,10.234418869018555,9.666753768920898,10.234418869018555,5.836606025695801,5470
2001-09-28,10.234418869018555,11.015986442565918,10.234418869018555,10.900808334350586,6.2166428565979,21028
2001-10-01,10.909034729003906,11.353294372558594,10.70335865020752,11.090028762817383,6.324553489685059,13371
2001-10-02,10.6951322555542,11.353294372558594,10.390731811523438,10.818537712097168,6.1697235107421875,10453
2001-10-03,11.024212837219238,11.509608268737793,10.645770072937012,11.509608268737793,6.563836574554443,8752
2001-10-04,11.476699829101562,11.476699829101562,11.081802368164062,11.427336692810059,6.516916751861572,30145
2001-10-05,11.427336692810059,11.427336692810059,11.015986442565918,11.353294372558594,6.4746928215026855,6442
2001-10-08,11.238116264343262,11.238116264343262,10.448321342468262,10.662223815917969,6.080580711364746,3890
2001-10-09,10.662223815917969,10.686904907226562,10.316688537597656,10.686904907226562,6.094655513763428,3403
2001-10-10,10.6951322555542,10.6951322555542,10.283781051635742,10.637542724609375,6.066504955291748,5470
2001-10-11,10.645770072937012,10.6951322555542,10.547045707702637,10.6951322555542,6.099348545074463,4376
2001-10-12,10.49768352508545,10.588180541992188,10.094558715820312,10.448321342468262,5.95859432220459,11426
2001-10-15,10.094558715820312,10.555273056030273,10.094558715820312,10.555273056030273,6.019585132598877,1580
2001-10-16,10.645770072937012,10.983078002929688,10.645770072937012,10.983078002929688,6.2635602951049805,3890
2001-10-17,10.612861633300781,10.859672546386719,10.604635238647461,10.818537712097168,6.1697235107421875,3403
2001-10-18,10.810311317443848,10.851446151733398,10.57172679901123,10.57172679901123,6.028970718383789,4984
2001-10-19,10.859672546386719,10.859672546386719,10.547045707702637,10.621088981628418,6.057121276855469,6928
2001-10-22,10.629316329956055,11.106483459472656,10.629316329956055,10.900808334350586,6.2166428565979,4133
2001-10-23,11.106483459472656,11.106483459472656,10.653997421264648,10.859672546386719,6.193179607391357,1094
2001-10-24,10.859672546386719,10.900808334350586,10.859672546386719,10.900808334350586,6.2166428565979,7171
2001-10-25,10.900808334350586,10.900808334350586,10.366050720214844,10.464775085449219,5.96797513961792,6685
2001-10-26,11.065347671508789,11.065347671508789,10.20151138305664,10.20151138305664,5.817838191986084,7171
2001-10-29,10.036970138549805,10.49768352508545,10.036970138549805,10.242646217346191,5.841296672821045,8630
2001-10-30,10.036970138549805,10.423640251159668,10.036970138549805,10.398959159851074,5.930438995361328,4254
2001-10-31,10.045196533203125,10.423640251159668,10.036970138549805,10.061651229858398,5.738077640533447,4497
2001-11-01,10.069877624511719,10.752720832824707,10.069877624511719,10.489457130432129,5.982052803039551,7901
2001-11-02,10.612861633300781,10.991305351257324,10.242646217346191,10.242646217346191,5.841296672821045,3890
2001-11-05,10.415412902832031,10.415412902832031,10.415412902832031,10.415412902832031,5.939825534820557,972
2001-11-06,10.662223815917969,10.752720832824707,10.37427806854248,10.752720832824707,6.132189750671387,4862
2001-11-07,10.752720832824707,10.7774019241333,10.390731811523438,10.464775085449219,5.96797513961792,4376
2001-11-08,10.250872611999512,10.6951322555542,10.20151138305664,10.448321342468262,5.95859432220459,10210
2001-11-09,10.407185554504395,10.407185554504395,10.407185554504395,10.407185554504395,5.935132026672363,2796
2001-11-12,10.407185554504395,10.686904907226562,10.407185554504395,10.448321342468262,5.95859432220459,4619
2001-11-13,10.547045707702637,11.024212837219238,10.53059196472168,11.024212837219238,6.287019729614258,19570
2001-11-14,11.106483459472656,11.106483459472656,10.111013412475586,10.489457130432129,5.982052803039551,7293
2001-11-15,10.489457130432129,10.489457130432129,10.119239807128906,10.489457130432129,5.982052803039551,4984
2001-11-16,10.119239807128906,10.505910873413086,10.119239807128906,10.473003387451172,5.972667694091797,6442
2001-11-19,10.086332321166992,10.57172679901123,10.086332321166992,10.57172679901123,6.028970718383789,3647
2001-11-20,10.209737777709961,10.56350040435791,10.143921852111816,10.185056686401367,5.808454513549805,13614
2001-11-21,10.20151138305664,10.473003387451172,10.20151138305664,10.448321342468262,5.95859432220459,1459
2001-11-23,10.250872611999512,10.547045707702637,10.250872611999512,10.547045707702637,6.014892101287842,972
2001-11-26,10.547045707702637,11.09825611114502,10.292008399963379,11.090028762817383,6.324553489685059,16288
2001-11-27,10.941943168640137,10.941943168640137,10.489457130432129,10.884353637695312,6.207257270812988,11426
2001-11-28,10.6951322555542,10.876127243041992,10.489457130432129,10.579954147338867,6.033663749694824,5956
2001-11-29,10.489457130432129,10.810311317443848,10.407185554504395,10.6951322555542,6.099348545074463,19327
2001-11-30,10.6951322555542,10.6951322555542,10.119239807128906,10.3002347946167,5.874139308929443,22852
2001-12-03,10.308462142944336,10.324915885925293,10.160375595092773,10.160375595092773,5.79437780380249,2553
2001-12-04,10.160375595092773,10.686904907226562,10.078104972839355,10.686904907226562,6.094655513763428,4376
2001-12-05,10.217965126037598,10.678677558898926,9.954700469970703,10.662223815917969,6.080580711364746,6564
2001-12-06,10.662223815917969,10.662223815917969,10.316688537597656,10.366050720214844,5.9116716384887695,2674
2001-12-07,10.448321342468262,10.662223815917969,9.93824577331543,10.283781051635742,5.864755630493164,4133
2001-12-10,10.637542724609375,10.637542724609375,9.954700469970703,9.954700469970703,5.677084922790527,1702
2001-12-11,10.160375595092773,10.448321342468262,10.061651229858398,10.448321342468262,5.95859432220459,5470
2001-12-12,10.448321342468262,10.53059196472168,10.061651229858398,10.53059196472168,6.005511283874512,3039
2001-12-13,10.308462142944336,10.308462142944336,9.962926864624023,9.962926864624023,5.6817779541015625,1094
2001-12-14,10.382505416870117,10.431866645812988,10.382505416870117,10.431866645812988,5.949210166931152,1823
2001-12-17,10.56350040435791,11.106483459472656,10.547045707702637,10.843218803405762,6.183798789978027,16531
2001-12-18,10.834992408752441,11.476699829101562,10.604635238647461,11.312158584594727,6.451229572296143,17017
2001-12-19,10.711585998535156,10.983078002929688,10.596407890319824,10.604635238647461,6.047739028930664,5470
2001-12-20,10.909034729003906,10.909034729003906,10.481229782104492,10.481229782104492,5.997833251953125,6928
2001-12-21,10.728039741516113,11.312158584594727,10.382505416870117,11.312158584594727,6.473325252532959,34885
2001-12-24,11.303932189941406,11.303932189941406,10.390731811523438,11.229888916015625,6.426251411437988,5470
2001-12-26,11.032440185546875,11.312158584594727,11.024212837219238,11.312158584594727,6.473325252532959,7658
2001-12-27,11.229888916015625,11.229888916015625,10.950169563293457,11.221661567687988,6.421542167663574,3768
2001-12-28,10.909034729003906,11.28747844696045,10.547045707702637,10.97485065460205,6.2803053855896,11061
2001-12-31,10.73626708984375,11.09825611114502,10.645770072937012,11.09825611114502,6.350924491882324,4133
2002-01-02,10.760948181152344,10.760948181152344,10.514138221740723,10.752720832824707,6.15319299697876,8509
2002-01-03,10.752720832824707,11.122937202453613,10.73626708984375,11.106483459472656,6.355630397796631,15315
2002-01-04,11.238116264343262,11.238116264343262,10.686904907226562,10.834992408752441,6.200272560119629,7536
2002-01-07,11.09825611114502,11.106483459472656,10.283781051635742,10.283781051635742,5.884842872619629,15315
2002-01-08,10.398959159851074,11.28747844696045,10.37427806854248,11.28747844696045,6.459204196929932,40112
2002-01-09,10.555273056030273,11.312158584594727,10.555273056030273,10.9337158203125,6.256764888763428,7171
2002-01-10,10.9337158203125,11.188754081726074,10.843218803405762,11.188754081726074,6.402712345123291,2431
2002-01-11,11.09825611114502,11.271023750305176,10.489457130432129,10.489457130432129,6.0025434494018555,17017
2002-01-14,10.596407890319824,10.596407890319824,10.489457130432129,10.489457130432129,6.0025434494018555,3525
2002-01-15,10.505910873413086,10.859672546386719,10.407185554504395,10.859672546386719,6.21439266204834,5713
2002-01-16,10.950169563293457,10.950169563293457,10.283781051635742,10.283781051635742,5.884842872619629,6199
2002-01-17,10.292008399963379,10.7774019241333,10.292008399963379,10.7774019241333,6.1673173904418945,6807
2002-01-18,10.7774019241333,10.7774019241333,10.20151138305664,10.242646217346191,5.861304759979248,6685
2002-01-22,10.283781051635742,10.489457130432129,10.078104972839355,10.10278606414795,5.781270503997803,27106
2002-01-23,10.119239807128906,10.547045707702637,10.119239807128906,10.456547737121582,5.983709812164307,6442
2002-01-24,10.324915885925293,10.324915885925293,10.119239807128906,10.160375595092773,5.814225196838379,2066
2002-01-25,10.407185554504395,10.464775085449219,10.152149200439453,10.152149200439453,5.8095197677612305,12884
2002-01-28,10.086332321166992,10.464775085449219,10.078104972839355,10.20151138305664,5.837764739990234,6928
2002-01-29,10.20151138305664,10.308462142944336,10.185056686401367,10.308462142944336,5.8989691734313965,5956
2002-01-30,10.16860294342041,10.283781051635742,10.152149200439453,10.283781051635742,5.884842872619629,5227
2002-01-31,10.267327308654785,10.423640251159668,10.267327308654785,10.283781051635742,5.884842872619629,14465
2002-02-01,10.473003387451172,10.6951322555542,10.283781051635742,10.324915885925293,5.908383846282959,6078
2002-02-04,10.3002347946167,10.505910873413086,10.283781051635742,10.283781051635742,5.884842872619629,11790
2002-02-05,10.283781051635742,10.283781051635742,9.97938060760498,10.086332321166992,5.771853446960449,11061
2002-02-06,10.135693550109863,10.366050720214844,10.069877624511719,10.086332321166992,5.771853446960449,3647
2002-02-07,10.349596977233887,10.390731811523438,10.086332321166992,10.390731811523438,5.946047306060791,8387
2002-02-08,10.053423881530762,10.489457130432129,10.053423881530762,10.456547737121582,5.983709812164307,4740
2002-02-11,10.283781051635742,10.538819313049316,10.283781051635742,10.538819313049316,6.030788421630859,2188
2002-02-12,10.135693550109863,10.6951322555542,9.962926864624023,10.481229782104492,5.997833251953125,14100
2002-02-13,10.6951322555542,10.867899894714355,10.53059196472168,10.6951322555542,6.120238780975342,6807
2002-02-14,10.653997421264648,10.6951322555542,10.53059196472168,10.53059196472168,6.026082515716553,4862
2002-02-15,10.514138221740723,10.662223815917969,10.127467155456543,10.127467155456543,5.79539680480957,4376
2002-02-19,10.259099960327148,10.259099960327148,10.069877624511719,10.135693550109863,5.80010461807251,8144
2002-02-20,10.119239807128906,10.653997421264648,10.119239807128906,10.653997421264648,6.0966973304748535,14829
2002-02-21,10.645770072937012,10.645770072937012,10.143921852111816,10.143921852111816,5.804811000823975,11790
2002-02-22,10.160375595092773,10.481229782104492,10.160375595092773,10.366050720214844,5.931920528411865,10818
2002-02-25,10.275553703308105,10.473003387451172,10.209737777709961,10.473003387451172,5.9931254386901855,5713
2002-02-26,10.119239807128906,10.637542724609375,10.119239807128906,10.234418869018555,5.856597423553467,5470
2002-02-27,10.20151138305664,10.20151138305664,10.078104972839355,10.078104972839355,5.767148017883301,4133
2002-02-28,10.069877624511719,10.160375595092773,10.069877624511719,10.10278606414795,5.781270503997803,2796
2002-03-01,10.111013412475586,10.53059196472168,10.111013412475586,10.324915885925293,5.908383846282959,11790
2002-03-04,10.209737777709961,10.324915885925293,9.872429847717285,9.872429847717285,5.6494526863098145,31117
2002-03-05,10.160375595092773,10.209737777709961,9.790159225463867,9.913564682006836,5.672987461090088,4497
2002-03-06,10.036970138549805,10.193284034729004,9.905338287353516,10.111013412475586,5.785980701446533,4133
2002-03-07,10.036970138549805,10.176830291748047,9.995835304260254,9.995835304260254,5.720068454742432,5227
2002-03-08,9.995835304260254,10.16860294342041,9.995835304260254,10.16860294342041,5.818936824798584,1702
2002-03-11,10.069877624511719,10.10278606414795,10.036970138549805,10.069877624511719,5.762441635131836,5470
2002-03-12,10.012289047241211,10.086332321166992,9.97115421295166,9.987607955932617,5.715362548828125,5227
2002-03-13,10.20151138305664,10.20151138305664,9.97115421295166,10.143921852111816,5.804811000823975,1823
2002-03-14,10.012289047241211,10.069877624511719,9.913564682006836,10.061651229858398,5.7577314376831055,2431
2002-03-15,9.97938060760498,9.97938060760498,9.798385620117188,9.888883590698242,5.658866882324219,28078
2002-03-18,9.905338287353516,9.995835304260254,9.847748756408691,9.954700469970703,5.696529865264893,13492
2002-03-19,9.946473121643066,9.946473121643066,9.921792030334473,9.93001937866211,5.682404041290283,729
2002-03-20,9.831295013427734,9.831295013427734,9.666753768920898,9.666753768920898,5.531753063201904,2553
2002-03-21,9.847748756408691,9.905338287353516,9.625618934631348,9.872429847717285,5.6494526863098145,8630
2002-03-22,9.666753768920898,9.872429847717285,9.551575660705566,9.831295013427734,5.646615982055664,5105
2002-03-25,9.683208465576172,9.732569694519043,9.304764747619629,9.543349266052246,5.4812331199646,14708
2002-03-26,9.37880802154541,9.592711448669434,9.362354278564453,9.387035369873047,5.391454219818115,14829
2002-03-27,9.592711448669434,9.625618934631348,9.34589958190918,9.57625675201416,5.500133037567139,6685
2002-03-28,9.37880802154541,9.37880802154541,8.679511070251465,8.679511070251465,4.9850873947143555,18233
2002-04-01,8.687738418579102,8.8440523147583,8.679511070251465,8.687738418579102,4.989811897277832,10940
2002-04-02,8.835824966430664,9.008591651916504,8.687738418579102,8.761780738830566,5.032341003417969,10453
2002-04-03,8.720645904541016,9.20604133605957,8.720645904541016,9.164905548095703,5.2638750076293945,5956
2002-04-04,9.20604133605957,9.230722427368164,8.992137908935547,9.20604133605957,5.287499904632568,3890
2002-04-05,8.926321983337402,9.271857261657715,8.926321983337402,8.967456817626953,5.150470733642578,2066
2002-04-08,9.296538352966309,9.419942855834961,9.296538352966309,9.33767318725586,5.36310338973999,1459
2002-04-09,9.049727439880371,9.189586639404297,8.687738418579102,8.78646183013916,5.046513557434082,7536
2002-04-10,9.049727439880371,9.855976104736328,9.049727439880371,9.773704528808594,5.613540172576904,13978
2002-04-11,9.773704528808594,9.773704528808594,8.720645904541016,8.720645904541016,5.008714199066162,14465
2002-04-12,8.761780738830566,10.078104972839355,8.761780738830566,10.078104972839355,5.7883710861206055,26255
2002-04-15,9.674981117248535,9.946473121643066,9.17313289642334,9.666753768920898,5.552112579345703,34277
2002-04-16,9.469305038452148,10.036970138549805,9.461077690124512,9.806612968444824,5.632439613342285,33426
2002-04-17,9.995835304260254,9.995835304260254,9.70788860321045,9.913564682006836,5.693865776062012,13371
2002-04-18,10.036970138549805,10.036970138549805,9.502214431762695,9.872429847717285,5.670244216918945,14465
2002-04-19,9.872429847717285,10.111013412475586,9.70788860321045,9.70788860321045,5.575737476348877,16531
2002-04-22,10.078104972839355,10.078104972839355,9.78193187713623,10.012289047241211,5.750570774078369,10575
2002-04-23,10.036970138549805,10.036970138549805,9.559803009033203,9.559803009033203,5.490684986114502,24918
2002-04-24,9.617391586303711,9.872429847717285,9.60916519165039,9.724343299865723,5.585187911987305,9846
2002-04-25,9.872429847717285,9.872429847717285,9.551575660705566,9.872429847717285,5.670244216918945,3647
2002-04-26,9.617391586303711,9.872429847717285,9.60916519165039,9.60916519165039,5.5190348625183105,15680
2002-04-29,9.855976104736328,9.872429847717285,9.56803035736084,9.872429847717285,5.670244216918945,19813
2002-04-30,9.905338287353516,9.905338287353516,9.625618934631348,9.666753768920898,5.552112579345703,16896
2002-05-01,9.913564682006836,9.913564682006836,9.625618934631348,9.650300025939941,5.542661190032959,20542
2002-05-02,9.625618934631348,9.855976104736328,9.543349266052246,9.543349266052246,5.4812331199646,38045
2002-05-03,9.650300025939941,9.855976104736328,9.650300025939941,9.683208465576172,5.561563968658447,26741
2002-05-06,9.600937843322754,9.798385620117188,9.452851295471191,9.452851295471191,5.429254055023193,34156
2002-05-07,9.666753768920898,9.78193187713623,9.33767318725586,9.70788860321045,5.575737476348877,2674
2002-05-08,9.716115951538086,9.814841270446777,9.452851295471191,9.790159225463867,5.62299108505249,26620
2002-05-09,9.78193187713623,9.97115421295166,9.666753768920898,9.666753768920898,5.552112579345703,14829
2002-05-10,9.798385620117188,10.012289047241211,9.674981117248535,9.790159225463867,5.62299108505249,59317
2002-05-13,9.461077690124512,9.954700469970703,9.461077690124512,9.946473121643066,5.7127685546875,18233
2002-05-14,9.790159225463867,9.954700469970703,9.790159225463867,9.872429847717285,5.670244216918945,11061
2002-05-15,9.872429847717285,9.995835304260254,9.855976104736328,9.855976104736328,5.660791397094727,27592
2002-05-16,9.954700469970703,10.036970138549805,9.78193187713623,9.880657196044922,5.674967288970947,34277
2002-05-17,9.954700469970703,9.954700469970703,9.757250785827637,9.897110939025879,5.684416770935059,3890
2002-05-20,9.255402565002441,9.864203453063965,9.247176170349121,9.543349266052246,5.4812331199646,23338
2002-05-21,9.74079704284668,9.880657196044922,9.592711448669434,9.790159225463867,5.62299108505249,21393
2002-05-22,9.674981117248535,9.872429847717285,9.53512191772461,9.872429847717285,5.670244216918945,13127
2002-05-23,9.872429847717285,9.913564682006836,9.650300025939941,9.905338287353516,5.689143657684326,5591
2002-05-24,9.592711448669434,9.683208465576172,9.526894569396973,9.526894569396973,5.471780776977539,16531
2002-05-28,9.510440826416016,9.60916519165039,9.395261764526367,9.436396598815918,5.419807434082031,28929
2002-05-29,9.436396598815918,9.724343299865723,9.329445838928223,9.41171646118164,5.405630588531494,7415
2002-05-30,9.41171646118164,9.70788860321045,9.329445838928223,9.699662208557129,5.5710129737854,13735
2002-05-31,9.543349266052246,9.749024391174316,9.419942855834961,9.419942855834961,5.410356521606445,15923
2002-06-03,9.683208465576172,9.749024391174316,9.37880802154541,9.56803035736084,5.495408058166504,19570
2002-06-04,9.419942855834961,9.749024391174316,9.419942855834961,9.749024391174316,5.599363803863525,4133
2002-06-05,9.806612968444824,9.806612968444824,9.444623947143555,9.716115951538086,5.580463886260986,2553
2002-06-06,9.518668174743652,9.699662208557129,9.41171646118164,9.461077690124512,5.433979034423828,14951
2002-06-07,9.452851295471191,9.461077690124512,9.37880802154541,9.37880802154541,5.3867316246032715,1459
2002-06-10,9.674981117248535,9.683208465576172,9.436396598815918,9.436396598815918,5.419807434082031,2553
2002-06-11,9.461077690124512,9.683208465576172,9.461077690124512,9.510440826416016,5.462332725524902,4011
2002-06-12,9.510440826416016,9.633846282958984,9.461077690124512,9.633846282958984,5.533212184906006,3403
2002-06-13,9.461077690124512,9.461077690124512,9.33767318725586,9.33767318725586,5.36310338973999,12277
2002-06-14,9.33767318725586,9.33767318725586,9.255402565002441,9.255402565002441,5.315852642059326,3039
2002-06-17,9.370580673217773,9.666753768920898,9.17313289642334,9.625618934631348,5.52848482131958,12277
2002-06-18,9.699662208557129,9.699662208557129,9.090862274169922,9.477533340454102,5.443432807922363,6199
2002-06-19,9.477533340454102,9.831295013427734,9.477533340454102,9.600937843322754,5.514310359954834,17503
2002-06-20,9.633846282958984,10.078104972839355,9.502214431762695,9.625618934631348,5.52848482131958,41084
2002-06-21,9.551575660705566,9.790159225463867,9.53512191772461,9.749024391174316,5.625810146331787,27835
2002-06-24,9.78193187713623,9.831295013427734,9.716115951538086,9.831295013427734,5.673285007476807,17625
2002-06-25,9.864203453063965,10.242646217346191,9.526894569396973,10.16860294342041,5.8679327964782715,28686
2002-06-26,9.995835304260254,10.086332321166992,9.370580673217773,9.995835304260254,5.768235206604004,18354
2002-06-27,9.987607955932617,10.407185554504395,9.831295013427734,10.407185554504395,6.005610466003418,11547
2002-06-28,10.448321342468262,10.96662425994873,9.255402565002441,9.699662208557129,5.597326755523682,102832
2002-07-01,9.33767318725586,10.719813346862793,9.33767318725586,9.839522361755371,5.678033351898193,27592
2002-07-02,9.502214431762695,10.728039741516113,9.502214431762695,10.20151138305664,5.8869218826293945,8509
2002-07-03,10.431866645812988,10.637542724609375,10.193284034729004,10.193284034729004,5.882174968719482,4254
2002-07-05,10.209737777709961,10.629316329956055,9.666753768920898,10.407185554504395,6.005610466003418,12277
2002-07-08,10.10278606414795,10.57172679901123,9.716115951538086,9.716115951538086,5.606821060180664,19934
2002-07-09,9.674981117248535,10.6951322555542,9.674981117248535,10.645770072937012,6.143289566040039,45703
2002-07-10,10.867899894714355,10.876127243041992,10.538819313049316,10.834992408752441,6.252483367919922,30752
2002-07-11,10.670451164245605,10.686904907226562,10.464775085449219,10.612861633300781,6.124299049377441,11061
2002-07-12,10.645770072937012,10.645770072937012,10.283781051635742,10.604635238647461,6.119554042816162,5591
2002-07-15,10.629316329956055,10.629316329956055,10.127467155456543,10.407185554504395,6.005610466003418,13614
2002-07-16,10.440093994140625,10.49768352508545,10.10278606414795,10.283781051635742,5.934397220611572,35736
2002-07-17,10.33314323425293,10.6951322555542,10.094558715820312,10.6951322555542,6.171773910522461,12520
2002-07-18,10.37427806854248,10.670451164245605,10.16860294342041,10.20151138305664,5.8869218826293945,4376
2002-07-19,10.20151138305664,10.440093994140625,10.10278606414795,10.127467155456543,5.8441972732543945,13735
2002-07-22,10.036970138549805,10.078104972839355,9.716115951538086,9.724343299865723,5.611566543579102,11426
2002-07-23,10.061651229858398,10.061651229858398,9.041500091552734,9.099088668823242,5.250755786895752,8873
2002-07-24,8.967456817626953,9.905338287353516,8.654829978942871,9.905338287353516,5.716014385223389,8387
2002-07-25,9.905338287353516,10.119239807128906,9.403489112854004,9.946473121643066,5.73975133895874,11304
2002-07-26,9.954700469970703,9.954700469970703,9.666753768920898,9.905338287353516,5.716014385223389,7415
2002-07-29,9.60916519165039,9.872429847717285,9.584484100341797,9.584484100341797,5.530858039855957,23216
2002-07-30,9.749024391174316,9.749024391174316,9.33767318725586,9.625618934631348,5.554596424102783,10089
2002-07-31,9.666753768920898,9.666753768920898,9.419942855834961,9.428170204162598,5.4406561851501465,7901
2002-08-01,9.362354278564453,9.600937843322754,9.222495079040527,9.255402565002441,5.3409600257873535,7779
2002-08-02,9.17313289642334,9.17313289642334,9.025046348571777,9.033272743225098,5.212774753570557,3525
2002-08-05,9.70788860321045,9.70788860321045,9.082634925842285,9.082634925842285,5.241261005401611,25769
2002-08-06,9.271857261657715,9.280083656311035,9.082634925842285,9.280083656311035,5.355200290679932,13978
2002-08-07,9.181360244750977,9.485759735107422,8.967456817626953,9.477533340454102,5.469141960144043,8995
2002-08-08,9.263629913330078,9.625618934631348,9.263629913330078,9.625618934631348,5.554596424102783,3039
2002-08-09,9.14022445678711,9.57625675201416,9.131997108459473,9.255402565002441,5.3409600257873535,6321
2002-08-12,9.485759735107422,9.790159225463867,9.304764747619629,9.790159225463867,5.649548053741455,4862
2002-08-13,9.329445838928223,9.33767318725586,9.21426773071289,9.238948822021484,5.3314642906188965,2431
2002-08-14,9.33767318725586,9.650300025939941,9.33767318725586,9.650300025939941,5.568840503692627,4133
2002-08-15,9.21426773071289,9.60916519165039,9.21426773071289,9.60916519165039,5.545102119445801,3160
2002-08-16,9.428170204162598,9.60916519165039,9.428170204162598,9.452851295471191,5.454897403717041,729
2002-08-19,9.21426773071289,9.452851295471191,9.131997108459473,9.41171646118164,5.431161880493164,14100
2002-08-20,9.395261764526367,9.683208465576172,9.17313289642334,9.428170204162598,5.4406561851501465,14465
2002-08-21,9.461077690124512,9.732569694519043,9.461077690124512,9.732569694519043,5.616316318511963,6078
2002-08-22,9.773704528808594,9.790159225463867,9.436396598815918,9.790159225463867,5.649548053741455,1459
2002-08-23,9.485759735107422,9.70788860321045,9.296538352966309,9.650300025939941,5.568840503692627,6321
2002-08-26,9.74079704284668,10.596407890319824,9.461077690124512,10.37427806854248,5.9866228103637695,19083
2002-08-27,10.423640251159668,10.653997421264648,10.193284034729004,10.209737777709961,5.891672611236572,14100
2002-08-28,10.20151138305664,10.324915885925293,9.872429847717285,9.872429847717285,5.697024345397949,4984
2002-08-29,9.872429847717285,10.283781051635742,9.872429847717285,10.283781051635742,5.934397220611572,6078
2002-08-30,9.888883590698242,10.078104972839355,9.888883590698242,10.078104972839355,5.815709590911865,4497
2002-09-03,10.119239807128906,10.119239807128906,9.584484100341797,9.814841270446777,5.66378927230835,9238
2002-09-04,10.020516395568848,10.020516395568848,9.584484100341797,10.012289047241211,5.777731418609619,4011
2002-09-05,9.329445838928223,10.078104972839355,9.255402565002441,9.749024391174316,5.625810146331787,10818
2002-09-06,10.053423881530762,10.415412902832031,9.823067665100098,10.226192474365234,5.901165962219238,14829
2002-09-09,10.34136962890625,10.34136962890625,9.477533340454102,10.061651229858398,5.806219100952148,2309
2002-09-10,10.193284034729004,10.209737777709961,9.773704528808594,10.209737777709961,5.891672611236572,12641
2002-09-11,9.93824577331543,10.193284034729004,9.831295013427734,10.185056686401367,5.87742805480957,1945
2002-09-12,10.176830291748047,10.176830291748047,9.814841270446777,9.823067665100098,5.6685380935668945,2917
2002-09-13,9.814841270446777,9.814841270446777,9.543349266052246,9.691434860229492,5.5925774574279785,5591
2002-09-16,9.872429847717285,10.53059196472168,9.477533340454102,9.477533340454102,5.469141960144043,8995
2002-09-17,9.469305038452148,9.823067665100098,9.255402565002441,9.280083656311035,5.355200290679932,8265
2002-09-18,9.280083656311035,9.436396598815918,9.074407577514648,9.099088668823242,5.250755786895752,12155
2002-09-19,9.37880802154541,9.444623947143555,9.082634925842285,9.082634925842285,5.241261005401611,8752
2002-09-20,9.436396598815918,9.625618934631348,9.115543365478516,9.329445838928223,5.410641670227051,40233
2002-09-23,9.14022445678711,9.148451805114746,9.14022445678711,9.14022445678711,5.300899982452393,1945
2002-09-24,9.304764747619629,9.354126930236816,9.222495079040527,9.288311004638672,5.386785507202148,6321
2002-09-25,9.164905548095703,9.790159225463867,8.876959800720215,9.790159225463867,5.677834987640381,15680
2002-09-26,9.255402565002441,9.584484100341797,9.090862274169922,9.57625675201416,5.553778648376465,11912
2002-09-27,9.296538352966309,9.485759735107422,8.589014053344727,8.589014053344727,4.981227397918701,29051
2002-09-30,9.461077690124512,9.502214431762695,8.638376235961914,9.255402565002441,5.367701530456543,10940
2002-10-01,9.17313289642334,9.461077690124512,9.066181182861328,9.461077690124512,5.486979961395264,9116
2002-10-02,9.461077690124512,9.461077690124512,9.107316017150879,9.115543365478516,5.286590099334717,3160
2002-10-03,9.107316017150879,9.370580673217773,9.074407577514648,9.17313289642334,5.319985389709473,3768
2002-10-04,9.263629913330078,9.33767318725586,9.074407577514648,9.082634925842285,5.267502784729004,7293
2002-10-07,9.329445838928223,9.329445838928223,8.268159866333008,8.638376235961914,5.009853839874268,65273
2002-10-08,8.679511070251465,9.329445838928223,8.432700157165527,9.20604133605957,5.339073181152344,27835
2002-10-09,9.255402565002441,9.255402565002441,8.967456817626953,9.01681900024414,5.22933292388916,12398
2002-10-10,9.107316017150879,9.255402565002441,9.008591651916504,9.049727439880371,5.24841833114624,5470
2002-10-11,8.992137908935547,9.255402565002441,8.992137908935547,9.131997108459473,5.296130657196045,6685
2002-10-14,9.123769760131836,9.131997108459473,8.638376235961914,8.638376235961914,5.009853839874268,5470
2002-10-15,8.959230422973633,9.074407577514648,8.589014053344727,8.638376235961914,5.009853839874268,17017
2002-10-16,8.638376235961914,8.638376235961914,8.317522048950195,8.457381248474121,4.904884338378906,9724
2002-10-17,8.58078670501709,8.8440523147583,8.457381248474121,8.638376235961914,5.009853839874268,6321
2002-10-18,8.802915573120117,8.959230422973633,8.523198127746582,8.959230422973633,5.195932388305664,22487
2002-10-21,9.025046348571777,9.049727439880371,8.671283721923828,9.01681900024414,5.22933292388916,5591
2002-10-22,8.860506057739258,9.01681900024414,8.835824966430664,9.008591651916504,5.224562168121338,8509
2002-10-23,8.860506057739258,9.21426773071289,8.860506057739258,9.21426773071289,5.343845367431641,18840
2002-10-24,8.94277572631836,9.21426773071289,8.8440523147583,8.97568416595459,5.205476760864258,5956
2002-10-25,8.901640892028809,9.296538352966309,8.901640892028809,9.288311004638672,5.386785507202148,10332
2002-10-28,9.238948822021484,9.296538352966309,9.049727439880371,9.049727439880371,5.24841833114624,14465
2002-10-29,9.17313289642334,9.461077690124512,9.17313289642334,9.452851295471191,5.482209205627441,7415
2002-10-30,9.452851295471191,9.559803009033203,9.288311004638672,9.559803009033203,5.54423713684082,4011
2002-10-31,9.543349266052246,9.872429847717285,9.543349266052246,9.60916519165039,5.5728654861450195,11426
2002-11-01,9.60916519165039,9.855976104736328,8.8440523147583,9.855976104736328,5.716004371643066,24189
2002-11-04,9.329445838928223,9.798385620117188,9.074407577514648,9.765478134155273,5.6635212898254395,5591
2002-11-05,9.798385620117188,9.872429847717285,9.716115951538086,9.74079704284668,5.649206161499023,8265
2002-11-06,9.74079704284668,9.855976104736328,9.600937843322754,9.847748756408691,5.711235523223877,15315
2002-11-07,9.855976104736328,9.855976104736328,9.600937843322754,9.600937843322754,5.568093776702881,1945
2002-11-08,9.33767318725586,9.855976104736328,9.33767318725586,9.855976104736328,5.716004371643066,3525
2002-11-11,9.428170204162598,9.847748756408691,9.428170204162598,9.773704528808594,5.66829252243042,4254
2002-11-12,9.477533340454102,9.855976104736328,9.21426773071289,9.847748756408691,5.711235523223877,11547
2002-11-13,9.749024391174316,9.790159225463867,9.57625675201416,9.699662208557129,5.625351428985596,4984
2002-11-14,9.765478134155273,10.078104972839355,9.592711448669434,10.053423881530762,5.830513954162598,12277
2002-11-15,10.045196533203125,10.061651229858398,9.584484100341797,10.020516395568848,5.811429023742676,6928
2002-11-18,10.020516395568848,10.020516395568848,9.57625675201416,9.642072677612305,5.591952323913574,4619
2002-11-19,9.954700469970703,9.954700469970703,9.469305038452148,9.469305038452148,5.491753578186035,8995
2002-11-20,9.773704528808594,9.790159225463867,9.485759735107422,9.790159225463867,5.677834987640381,6199
2002-11-21,9.78193187713623,9.864203453063965,9.716115951538086,9.864203453063965,5.7207770347595215,7415
2002-11-22,9.749024391174316,10.020516395568848,9.510440826416016,9.658527374267578,5.60149621963501,7293
2002-11-25,9.584484100341797,10.078104972839355,9.526894569396973,10.078104972839355,5.8448286056518555,4011
2002-11-26,9.872429847717285,9.872429847717285,9.600937843322754,9.625618934631348,5.582406997680664,4497
2002-11-27,9.625618934631348,9.872429847717285,9.625618934631348,9.872429847717285,5.725548267364502,8995
2002-11-29,9.872429847717285,10.078104972839355,9.872429847717285,10.078104972839355,5.8448286056518555,4740
2002-12-02,9.880657196044922,10.069877624511719,9.600937843322754,9.724343299865723,5.639662265777588,19691
2002-12-03,9.855976104736328,9.872429847717285,9.790159225463867,9.814841270446777,5.692147254943848,1823
2002-12-04,9.814841270446777,9.847748756408691,9.674981117248535,9.716115951538086,5.634893894195557,2917
2002-12-05,9.847748756408691,9.847748756408691,9.625618934631348,9.732569694519043,5.644436359405518,1459
2002-12-06,9.724343299865723,9.814841270446777,9.469305038452148,9.469305038452148,5.491753578186035,8387
2002-12-09,9.78193187713623,9.78193187713623,9.592711448669434,9.70788860321045,5.630122184753418,4740
2002-12-10,9.37880802154541,9.699662208557129,9.37880802154541,9.699662208557129,5.625351428985596,2553
2002-12-11,9.70788860321045,9.70788860321045,9.461077690124512,9.691434860229492,5.620579242706299,1216
2002-12-12,9.70788860321045,9.74079704284668,9.70788860321045,9.74079704284668,5.649206161499023,6807
2002-12-13,9.790159225463867,9.798385620117188,9.543349266052246,9.600937843322754,5.568093776702881,20907
2002-12-16,9.469305038452148,9.872429847717285,9.469305038452148,9.872429847717285,5.725548267364502,23338
2002-12-17,9.839522361755371,9.872429847717285,9.790159225463867,9.831295013427734,5.701690196990967,16288
2002-12-18,9.831295013427734,9.872429847717285,9.790159225463867,9.806612968444824,5.687376499176025,14708
2002-12-19,9.798385620117188,9.872429847717285,9.798385620117188,9.864203453063965,5.7207770347595215,8387
2002-12-20,9.872429847717285,9.872429847717285,9.461077690124512,9.864203453063965,5.747135639190674,21393
2002-12-23,9.831295013427734,10.012289047241211,9.617391586303711,10.004061698913574,5.828625679016113,7901
2002-12-24,9.954700469970703,10.020516395568848,9.732569694519043,9.732569694519043,5.670445442199707,7293
2002-12-26,9.74079704284668,9.74079704284668,9.74079704284668,9.74079704284668,5.675238132476807,1216
2002-12-27,9.74079704284668,9.946473121643066,9.642072677612305,9.847748756408691,5.737552165985107,6199
2002-12-30,9.683208465576172,9.855976104736328,9.57625675201416,9.625618934631348,5.6081342697143555,8387
2002-12-31,9.296538352966309,9.839522361755371,9.090862274169922,9.271857261657715,5.402022361755371,28200
2003-01-02,9.34589958190918,9.864203453063965,9.34589958190918,9.831295013427734,5.727963447570801,10575
2003-01-03,9.699662208557129,9.864203453063965,9.502214431762695,9.526894569396973,5.55061674118042,8387
2003-01-06,9.60916519165039,9.724343299865723,9.304764747619629,9.716115951538086,5.660860538482666,18354
2003-01-07,9.510440826416016,9.732569694519043,9.461077690124512,9.461077690124512,5.51226806640625,4984
2003-01-08,9.650300025939941,9.658527374267578,9.312992095947266,9.329445838928223,5.435576915740967,8387
2003-01-09,8.8440523147583,9.485759735107422,8.8440523147583,9.37880802154541,5.464337348937988,11061
2003-01-10,9.444623947143555,9.452851295471191,9.17313289642334,9.37880802154541,5.464337348937988,1945
2003-01-13,9.247176170349121,9.304764747619629,9.17313289642334,9.304764747619629,5.421195030212402,1094
2003-01-14,9.452851295471191,9.452851295471191,9.21426773071289,9.37880802154541,5.464337348937988,10089
2003-01-15,9.461077690124512,9.461077690124512,9.057953834533691,9.099088668823242,5.301362991333008,10818
2003-01-16,9.090862274169922,9.716115951538086,9.082634925842285,9.716115951538086,5.660860538482666,36465
2003-01-17,9.757250785827637,9.765478134155273,9.17313289642334,9.34589958190918,5.445160388946533,12155
2003-01-21,9.288311004638672,9.765478134155273,9.288311004638672,9.485759735107422,5.5266499519348145,10818
2003-01-22,9.387035369873047,9.584484100341797,9.387035369873047,9.477533340454102,5.521857261657715,2917
2003-01-23,9.600937843322754,9.650300025939941,9.469305038452148,9.469305038452148,5.517064571380615,4862
2003-01-24,9.600937843322754,9.600937843322754,9.37880802154541,9.37880802154541,5.464337348937988,8630
2003-01-27,9.37880802154541,9.37880802154541,9.34589958190918,9.34589958190918,5.445160388946533,1337
2003-01-28,9.502214431762695,9.502214431762695,9.33767318725586,9.502214431762695,5.536233901977539,4133
2003-01-29,9.34589958190918,9.485759735107422,9.34589958190918,9.485759735107422,5.5266499519348145,1094
2003-01-30,9.485759735107422,9.485759735107422,9.255402565002441,9.263629913330078,5.397228717803955,11426
2003-01-31,9.049727439880371,9.510440826416016,9.049727439880371,9.452851295471191,5.50747537612915,5348
2003-02-03,9.41171646118164,9.419942855834961,9.21426773071289,9.21426773071289,5.368470191955566,8509
2003-02-04,9.461077690124512,9.749024391174316,8.852278709411621,8.992137908935547,5.239052772521973,36344
2003-02-05,9.115543365478516,9.255402565002441,8.885187149047852,8.885187149047852,5.176738262176514,7779
2003-02-06,8.852278709411621,9.107316017150879,8.852278709411621,9.049727439880371,5.272603511810303,6928
2003-02-07,9.107316017150879,9.115543365478516,8.926321983337402,8.926321983337402,5.2007060050964355,5105
2003-02-10,9.082634925842285,9.082634925842285,8.860506057739258,8.94277572631836,5.210290908813477,7415
2003-02-11,8.885187149047852,9.131997108459473,8.885187149047852,9.066181182861328,5.282192230224609,11669
2003-02-12,9.057953834533691,9.082634925842285,8.97568416595459,9.01681900024414,5.253429889678955,9967
2003-02-13,9.01681900024414,9.099088668823242,9.008591651916504,9.099088668823242,5.301362991333008,5470
2003-02-14,9.123769760131836,9.321219444274902,9.057953834533691,9.057953834533691,5.277397155761719,2553
2003-02-18,9.123769760131836,9.296538352966309,9.123769760131836,9.296538352966309,5.416402816772461,3525
2003-02-19,9.37880802154541,9.461077690124512,9.131997108459473,9.164905548095703,5.339710712432861,7050
2003-02-20,9.33767318725586,9.41171646118164,9.304764747619629,9.304764747619629,5.421195030212402,2309
2003-02-21,9.131997108459473,9.461077690124512,9.131997108459473,9.444623947143555,5.502681255340576,13127
2003-02-24,9.452851295471191,9.617391586303711,9.452851295471191,9.485759735107422,5.5266499519348145,3403
2003-02-25,9.526894569396973,9.625618934631348,9.510440826416016,9.625618934631348,5.6081342697143555,2431
2003-02-26,9.469305038452148,9.691434860229492,9.461077690124512,9.60916519165039,5.598547458648682,6078
2003-02-27,9.469305038452148,9.625618934631348,9.461077690124512,9.477533340454102,5.521857261657715,7901
2003-02-28,9.625618934631348,9.724343299865723,9.461077690124512,9.461077690124512,5.51226806640625,9359
2003-03-03,9.839522361755371,9.847748756408691,9.633846282958984,9.773704528808594,5.694411277770996,11061
2003-03-04,9.798385620117188,9.806612968444824,9.600937843322754,9.600937843322754,5.593753814697266,6928
2003-03-05,9.847748756408691,9.913564682006836,9.74079704284668,9.855976104736328,5.742347240447998,15558
2003-03-06,9.691434860229492,9.946473121643066,9.691434860229492,9.855976104736328,5.742347240447998,5591
2003-03-07,9.93824577331543,9.93824577331543,9.757250785827637,9.757250785827637,5.6848273277282715,4254
2003-03-10,9.765478134155273,9.765478134155273,9.625618934631348,9.642072677612305,5.617718696594238,6442
2003-03-11,9.625618934631348,9.814841270446777,9.625618934631348,9.666753768920898,5.6321001052856445,6807
2003-03-12,9.642072677612305,9.765478134155273,9.625618934631348,9.765478134155273,5.689619541168213,3890
2003-03-13,9.773704528808594,9.872429847717285,9.765478134155273,9.806612968444824,5.713587284088135,3403
2003-03-14,9.814841270446777,9.872429847717285,9.699662208557129,9.765478134155273,5.689619541168213,17746
2003-03-17,9.847748756408691,10.020516395568848,9.831295013427734,9.954700469970703,5.799866199493408,14465
2003-03-18,9.888883590698242,9.888883590698242,9.757250785827637,9.814841270446777,5.718379020690918,4619
2003-03-19,9.823067665100098,10.036970138549805,9.823067665100098,9.839522361755371,5.73275899887085,7536
2003-03-20,9.658527374267578,9.946473121643066,9.625618934631348,9.946473121643066,5.795071125030518,7536
2003-03-21,9.93824577331543,9.93824577331543,9.263629913330078,9.551575660705566,5.590424060821533,14465
2003-03-24,9.551575660705566,9.74079704284668,9.21426773071289,9.551575660705566,5.590424060821533,4862
2003-03-25,9.56803035736084,9.683208465576172,9.452851295471191,9.683208465576172,5.6674652099609375,9238
2003-03-26,9.625618934631348,9.625618934631348,9.477533340454102,9.477533340454102,5.547092437744141,3160
2003-03-27,9.461077690124512,9.485759735107422,9.461077690124512,9.477533340454102,5.547092437744141,1337
2003-03-28,9.502214431762695,9.872429847717285,9.469305038452148,9.469305038452148,5.5422773361206055,9116
2003-03-31,9.469305038452148,9.625618934631348,9.452851295471191,9.461077690124512,5.5374579429626465,6321
2003-04-01,9.461077690124512,9.617391586303711,9.461077690124512,9.617391586303711,5.6289472579956055,2796
2003-04-02,9.617391586303711,9.872429847717285,9.559803009033203,9.559803009033203,5.595242977142334,8144
2003-04-03,9.642072677612305,9.773704528808594,9.600937843322754,9.600937843322754,5.619316577911377,2431
2003-04-04,9.625618934631348,9.625618934631348,9.510440826416016,9.543349266052246,5.585610389709473,4740
2003-04-07,9.60916519165039,9.70788860321045,9.60916519165039,9.666753768920898,5.657840251922607,4984
2003-04-08,9.666753768920898,9.806612968444824,9.600937843322754,9.806612968444824,5.739698886871338,1216
2003-04-09,9.831295013427734,9.855976104736328,9.510440826416016,9.526894569396973,5.57598352432251,4376
2003-04-10,9.625618934631348,10.505910873413086,9.625618934631348,10.415412902832031,6.096020221710205,34399
2003-04-11,10.464775085449219,10.686904907226562,10.324915885925293,10.653997421264648,6.235662937164307,15194
2003-04-14,10.670451164245605,10.6951322555542,10.481229782104492,10.6951322555542,6.259736061096191,24432
2003-04-15,10.629316329956055,10.686904907226562,10.473003387451172,10.612861633300781,6.21158504486084,8873
2003-04-16,10.464775085449219,10.612861633300781,10.464775085449219,10.514138221740723,6.153802394866943,7171
2003-04-17,10.744494438171387,10.900808334350586,10.505910873413086,10.6951322555542,6.259736061096191,19448
2003-04-21,10.818537712097168,11.065347671508789,10.547045707702637,10.834992408752441,6.341598033905029,28929
2003-04-22,11.057121276855469,11.057121276855469,10.7774019241333,11.057121276855469,6.471604824066162,24918
2003-04-23,10.760948181152344,11.065347671508789,10.56350040435791,10.662223815917969,6.240477085113525,17017
2003-04-24,10.728039741516113,10.917262077331543,10.555273056030273,10.555273056030273,6.177878379821777,6928
2003-04-25,10.555273056030273,10.769174575805664,10.448321342468262,10.489457130432129,6.13935661315918,8873
2003-04-28,10.57172679901123,10.859672546386719,10.57172679901123,10.818537712097168,6.331964015960693,7901
2003-04-29,10.448321342468262,10.884353637695312,10.448321342468262,10.802083015441895,6.322336196899414,6685
2003-04-30,10.810311317443848,10.859672546386719,10.637542724609375,10.744494438171387,6.28863000869751,11547
2003-05-01,10.810311317443848,10.826765060424805,10.686904907226562,10.826765060424805,6.336780071258545,10575
2003-05-02,10.6951322555542,10.89258098602295,10.6951322555542,10.7774019241333,6.307889938354492,6685
2003-05-05,10.785629272460938,10.983078002929688,10.752720832824707,10.752720832824707,6.2934393882751465,17625
2003-05-06,10.89258098602295,11.032440185546875,10.760948181152344,10.999531745910645,6.4378981590271,20299
2003-05-07,11.015986442565918,11.221661567687988,10.802083015441895,10.802083015441895,6.322336196899414,5470
2003-05-08,10.97485065460205,11.081802368164062,10.97485065460205,11.024212837219238,6.452341556549072,3403
2003-05-09,11.073575019836426,11.073575019836426,10.92548942565918,11.015986442565918,6.4475297927856445,6442
2003-05-12,11.024212837219238,11.073575019836426,10.999531745910645,11.048893928527832,6.46679162979126,2431
2003-05-13,11.007759094238281,11.081802368164062,10.950169563293457,11.024212837219238,6.452341556549072,8873
2003-05-14,11.024212837219238,11.221661567687988,10.958396911621094,11.032440185546875,6.457159519195557,17503
2003-05-15,11.303932189941406,11.312158584594727,11.032440185546875,11.262797355651855,6.591983795166016,10332
2003-05-16,10.909034729003906,11.29570484161377,10.909034729003906,11.29570484161377,6.6112446784973145,10575
2003-05-19,11.262797355651855,11.29570484161377,11.024212837219238,11.065347671508789,6.476419925689697,10332
2003-05-20,10.999531745910645,11.271023750305176,10.802083015441895,11.147619247436523,6.524572372436523,7415
2003-05-21,11.188754081726074,11.29570484161377,10.909034729003906,11.114709854125977,6.505312919616699,5105
2003-05-22,11.122937202453613,11.29570484161377,11.024212837219238,11.238116264343262,6.577542781829834,16166
2003-05-23,11.188754081726074,11.312158584594727,11.188754081726074,11.246342658996582,6.58236026763916,2796
2003-05-27,11.312158584594727,11.501380920410156,11.229888916015625,11.501380920410156,6.731623649597168,6442
2003-05-28,11.501380920410156,12.32408332824707,11.501380920410156,11.995001792907715,7.02053689956665,18233
2003-05-29,12.027910232543945,12.134861946105957,11.674147605895996,11.674147605895996,6.8327460289001465,17746
2003-05-30,11.92918586730957,12.134861946105957,11.600105285644531,11.715283393859863,6.856818199157715,14829
2003-06-02,11.715283393859863,12.134861946105957,11.69882869720459,11.863369941711426,6.9434919357299805,11790
2003-06-03,11.937413215637207,12.52153205871582,11.92918586730957,12.282947540283203,7.189064979553223,18962
2003-06-04,12.29117488861084,12.825931549072266,12.003229141235352,12.134861946105957,7.102395057678223,42664
2003-06-05,12.842386245727539,12.842386245727539,12.143089294433594,12.48039722442627,7.304631233215332,12277
2003-06-06,12.019682884216309,12.661391258239746,11.9620943069458,12.307628631591797,7.203514099121094,8752
2003-06-09,12.15954303741455,12.208905220031738,12.044363975524902,12.077272415161133,7.068686485290527,5956
2003-06-10,12.167770385742188,12.381671905517578,12.167770385742188,12.217131614685059,7.150545120239258,3768
2003-06-11,12.15954303741455,12.348764419555664,12.15954303741455,12.282947540283203,7.189064979553223,11426
2003-06-12,12.282947540283203,12.340537071228027,12.09372615814209,12.217131614685059,7.150545120239258,13006
2003-06-13,12.299402236938477,12.422806739807129,11.772871971130371,11.830462455749512,6.924231052398682,7658
2003-06-16,11.9620943069458,12.09372615814209,11.73173713684082,12.011455535888672,7.030162811279297,14708
2003-06-17,12.09372615814209,12.422806739807129,11.822235107421875,12.217131614685059,7.150545120239258,26620
2003-06-18,12.33230972290039,12.33230972290039,12.044363975524902,12.225358963012695,7.155358791351318,7415
2003-06-19,12.003229141235352,12.217131614685059,12.003229141235352,12.011455535888672,7.030162811279297,9359
2003-06-20,12.09372615814209,12.15954303741455,11.937413215637207,11.937413215637207,7.018553256988525,3890
2003-06-23,11.937413215637207,11.953866958618164,11.517834663391113,11.517834663391113,6.7718682289123535,8752
2003-06-24,11.665921211242676,11.92095947265625,11.377975463867188,11.838688850402832,6.960511684417725,13978
2003-06-25,11.838688850402832,11.978548049926758,11.633012771606445,11.797553062438965,6.936326503753662,9602
2003-06-26,11.649467468261719,11.789325714111328,11.402655601501465,11.756418228149414,6.9121413230896,14221
2003-06-27,11.896278381347656,11.896278381347656,11.46847152709961,11.600105285644531,6.820239067077637,5834
2003-06-30,11.715283393859863,12.217131614685059,11.410882949829102,11.838688850402832,6.960511684417725,34763
2003-07-01,11.55897045135498,12.052591323852539,11.52606201171875,11.756418228149414,6.9121413230896,7415
2003-07-02,12.044363975524902,12.044363975524902,11.69060230255127,11.756418228149414,6.9121413230896,14221
2003-07-03,11.723509788513184,11.937413215637207,11.723509788513184,11.904504776000977,6.999204635620117,2431
2003-07-07,11.9620943069458,12.200677871704102,11.9620943069458,12.200677871704102,7.173343658447266,13127
2003-07-08,12.266493797302246,12.299402236938477,12.217131614685059,12.250040054321289,7.202365398406982,9238
2003-07-09,12.184224128723145,12.33230972290039,12.175996780395508,12.29117488861084,7.2265496253967285,15558
2003-07-10,12.389899253845215,12.743660926818848,12.389899253845215,12.595575332641602,7.40552282333374,44974
2003-07-11,12.735433578491211,13.533455848693848,12.72720718383789,13.278417587280273,7.806997776031494,19570
2003-07-14,13.278417587280273,13.574590682983398,12.801251411437988,13.179694175720215,7.748951435089111,19570
2003-07-15,13.410050392150879,13.558136940002441,12.88352108001709,13.47586727142334,7.923087120056152,16409
2003-07-16,13.467639923095703,13.467639923095703,12.916428565979004,12.965790748596191,7.623192310333252,21393
2003-07-17,13.541683197021484,13.541683197021484,12.472169876098633,12.916428565979004,7.594162464141846,25647
2003-07-18,12.365218162536621,13.031606674194336,12.365218162536621,12.834158897399902,7.545795440673828,4376
2003-07-21,12.949337005615234,12.949337005615234,12.208905220031738,12.439261436462402,7.313614845275879,15558
2003-07-22,12.356990814208984,12.743660926818848,12.356990814208984,12.48039722442627,7.337808132171631,14465
2003-07-23,12.628482818603516,12.669617652893066,12.33230972290039,12.398125648498535,7.289429187774658,20177
2003-07-24,12.496850967407227,12.784795761108398,12.398125648498535,12.735433578491211,7.487749099731445,7658
2003-07-25,12.825931549072266,13.187920570373535,12.546213150024414,13.187920570373535,7.753788471221924,24553
2003-07-28,13.05628776550293,14.932049751281738,13.05628776550293,14.150483131408691,8.319723129272461,43515
2003-07-29,14.364384651184082,14.430200576782227,13.780265808105469,14.257433891296387,8.382603645324707,22608
2003-07-30,14.232752799987793,14.397293090820312,13.928353309631348,14.150483131408691,8.319723129272461,40841
2003-07-31,13.961260795593262,14.109347343444824,13.722677230834961,13.953034400939941,8.203636169433594,14829
2003-08-01,13.969488143920898,13.977714538574219,13.294872283935547,13.936579704284668,8.19395923614502,21150
2003-08-04,13.640406608581543,13.977714538574219,13.385369300842285,13.854310035705566,8.145587921142578,16531
2003-08-05,13.393595695495605,13.747358322143555,13.393595695495605,13.492321014404297,7.932758331298828,7658
2003-08-06,13.45941162109375,13.558136940002441,13.327779769897461,13.45941162109375,7.9134087562561035,15315
2003-08-07,13.45118522644043,13.829628944396973,13.45118522644043,13.591045379638672,7.990806579589844,17260
2003-08-08,13.780265808105469,13.780265808105469,13.45118522644043,13.607499122619629,8.000478744506836,5834
2003-08-11,13.45941162109375,13.755584716796875,13.45941162109375,13.640406608581543,8.019826889038086,6564
2003-08-12,13.68154239654541,13.755584716796875,13.599271774291992,13.747358322143555,8.082706451416016,2188
2003-08-13,13.640406608581543,13.985941886901855,13.574590682983398,13.985941886901855,8.222981452941895,17017
2003-08-14,13.977714538574219,13.977714538574219,13.697996139526367,13.944807052612305,8.198799133300781,3282
2003-08-15,13.83785629272461,13.985941886901855,13.697996139526367,13.730903625488281,8.073033332824707,2796
2003-08-18,13.591045379638672,13.985941886901855,13.591045379638672,13.821401596069336,8.126239776611328,11547
2003-08-19,13.928353309631348,13.953034400939941,13.788493156433105,13.903672218322754,8.174607276916504,21758
2003-08-20,13.903672218322754,14.027076721191406,13.862537384033203,13.985941886901855,8.222981452941895,15558
2003-08-21,13.944807052612305,14.594741821289062,13.944807052612305,14.142255783081055,8.314887046813965,19448
2003-08-22,14.059985160827637,14.315023422241211,13.83785629272461,13.887218475341797,8.164937019348145,9359
2003-08-25,14.076438903808594,14.216299057006836,13.541683197021484,13.673315048217773,8.039175033569336,11426
2003-08-26,13.591045379638672,14.224526405334473,13.51700210571289,13.994169235229492,8.227819442749023,10453
2003-08-27,13.985941886901855,14.537153244018555,13.985941886901855,14.47133731842041,8.508369445800781,5105
2003-08-28,14.2080717086792,14.923823356628418,14.2080717086792,14.693466186523438,8.638968467712402,25526
2003-08-29,14.751054763793945,14.767509460449219,14.24098014831543,14.389065742492676,8.459999084472656,8630
2003-09-02,14.67701244354248,14.80041790008545,14.224526405334473,14.709919929504395,8.648639678955078,13492
2003-09-03,14.463109970092773,14.808645248413086,14.28211498260498,14.734601020812988,8.663153648376465,8509
2003-09-04,14.726373672485352,14.808645248413086,14.487791061401367,14.808645248413086,8.706685066223145,4376
2003-09-05,14.808645248413086,14.808645248413086,14.6029691696167,14.64410400390625,8.609949111938477,14343
2003-09-08,14.80041790008545,14.932049751281738,14.61119556427002,14.932049751281738,8.779244422912598,18233
2003-09-09,15.055455207824707,15.310493469238281,14.6029691696167,14.742828369140625,8.667990684509277,13978
2003-09-10,14.619422912597656,14.973184585571289,14.232752799987793,14.273887634277344,8.392278671264648,23945
2003-09-11,14.47956371307373,14.64410400390625,14.224526405334473,14.45488166809082,8.498695373535156,4984
2003-09-12,14.45488166809082,14.6029691696167,14.28211498260498,14.6029691696167,8.585762977600098,5591
2003-09-15,14.890914916992188,15.00609302520752,14.627650260925293,14.890914916992188,8.755058288574219,6564
2003-09-16,14.635876655578613,14.83332633972168,14.635876655578613,14.808645248413086,8.706685066223145,7415
2003-09-17,14.64410400390625,14.87446117401123,14.40552043914795,14.808645248413086,8.706685066223145,6199
2003-09-18,14.907368659973145,15.00609302520752,14.693466186523438,14.997865676879883,8.817936897277832,17503
2003-09-19,14.899142265319824,15.59843921661377,14.808645248413086,15.59843921661377,9.204371452331543,39018
2003-09-22,14.742828369140625,16.001562118530273,14.742828369140625,15.187088012695312,8.96163558959961,8752
2003-09-23,15.656027793884277,16.001562118530273,15.425670623779297,15.623120307922363,9.218931198120117,10332
2003-09-24,15.392763137817383,16.322416305541992,15.145953178405762,15.145953178405762,8.937366485595703,24553
2003-09-25,15.228222846984863,15.705389976501465,14.981411933898926,15.524395942687988,9.160679817199707,28929
2003-09-26,15.524395942687988,16.199012756347656,15.499714851379395,15.721843719482422,9.27718734741211,29658
2003-09-29,15.46680736541748,15.878157615661621,15.46680736541748,15.861703872680664,9.359713554382324,9481
2003-09-30,15.861703872680664,16.026243209838867,15.557304382324219,15.730071067810059,9.282041549682617,21150
2003-10-01,15.705389976501465,15.911066055297852,15.631346702575684,15.911066055297852,9.38884449005127,14343
2003-10-02,15.919293403625488,16.04269790649414,15.820569038391113,15.96865463256836,9.422829627990723,9724
2003-10-03,15.894612312316895,16.199012756347656,15.894612312316895,16.04269790649414,9.46651554107666,25404
2003-10-06,16.05092430114746,16.05092430114746,15.894612312316895,16.04269790649414,9.46651554107666,7658
2003-10-07,15.845250129699707,16.338871002197266,15.845250129699707,16.314189910888672,9.626716613769531,12884
2003-10-08,16.199012756347656,16.35532569885254,15.812341690063477,15.935747146606445,9.403406143188477,9967
2003-10-09,15.762978553771973,16.338871002197266,15.762978553771973,16.16610336303711,9.539339065551758,7658
2003-10-10,16.199012756347656,16.77490234375,15.804115295410156,16.43759536743164,9.69953727722168,19448
2003-10-13,16.659725189208984,17.103984832763672,16.264827728271484,16.89008140563965,9.966546058654785,11304
2003-10-14,16.89008140563965,17.252071380615234,16.256601333618164,16.37177848815918,9.660697937011719,18476
2003-10-15,16.404687881469727,17.194482803344727,16.338871002197266,16.528093338012695,9.752938270568848,41692
2003-10-16,16.82426643371582,16.82426643371582,16.067378997802734,16.396459579467773,9.675265312194824,16774
2003-10-17,16.5034122467041,16.5034122467041,15.927519798278809,15.985109329223633,9.432535171508789,17625
2003-10-20,15.985109329223633,16.207239151000977,15.44212532043457,15.581985473632812,9.194659233093262,13006
2003-10-21,15.46680736541748,15.943973541259766,15.384535789489746,15.565530776977539,9.18494987487793,13006
2003-10-22,15.746524810791016,15.746524810791016,15.113043785095215,15.113043785095215,8.91794490814209,14951
2003-10-23,15.129499435424805,15.787659645080566,15.104817390441895,15.335173606872559,9.049016952514648,7901
2003-10-24,15.458580017089844,15.458580017089844,14.890914916992188,15.2364501953125,8.990764617919922,12155
2003-10-27,15.0801362991333,15.63957405090332,15.0801362991333,15.623120307922363,9.218931198120117,15923
2003-10-28,15.4750337600708,16.273054122924805,15.425670623779297,16.24014663696289,9.583028793334961,20664
2003-10-29,16.24014663696289,16.45404815673828,16.026243209838867,16.43759536743164,9.69953727722168,16896
2003-10-30,16.43759536743164,16.45404815673828,16.133195877075195,16.43759536743164,9.69953727722168,9359
2003-10-31,16.14965057373047,16.470504760742188,16.14965057373047,16.380006790161133,9.665555953979492,9359
2003-11-03,16.470504760742188,16.64327049255371,16.37177848815918,16.618589401245117,9.806339263916016,25647
2003-11-04,16.618589401245117,16.63504409790039,16.43759536743164,16.56100082397461,9.772356986999512,5227
2003-11-05,16.380006790161133,16.618589401245117,16.37177848815918,16.618589401245117,9.806339263916016,7779
2003-11-06,16.610363006591797,16.618589401245117,16.30596351623535,16.486957550048828,9.728665351867676,6078
2003-11-07,15.886384963989258,16.593908309936523,15.886384963989258,16.396459579467773,9.675265312194824,17260
2003-11-10,16.2977352142334,16.55277442932129,16.22369384765625,16.248374938964844,9.587882995605469,9116
2003-11-11,16.24014663696289,16.338871002197266,16.05092430114746,16.190784454345703,9.553897857666016,3890
2003-11-12,16.330644607543945,16.56922721862793,16.207239151000977,16.536319732666016,9.757794380187988,13492
2003-11-13,16.429367065429688,16.610363006591797,15.631346702575684,16.215465545654297,9.568462371826172,142822
2003-11-14,16.44582176208496,16.45404815673828,15.878157615661621,15.96865463256836,9.422829627990723,7050
2003-11-17,15.96865463256836,16.36355209350586,15.960428237915039,16.001562118530273,9.442244529724121,12884
2003-11-18,16.37177848815918,16.380006790161133,15.647801399230957,15.820569038391113,9.335444450378418,18111
2003-11-19,15.853476524353027,15.976881980895996,14.989639282226562,15.664255142211914,9.243204116821289,28443
2003-11-20,15.664255142211914,15.664255142211914,15.269357681274414,15.302266120910645,9.029603958129883,12398
2003-11-21,15.540849685668945,15.993335723876953,15.433897972106934,15.77120590209961,9.306316375732422,18233
2003-11-24,15.754752159118652,16.330644607543945,15.754752159118652,16.322416305541992,9.631572723388672,28686
2003-11-25,16.30596351623535,16.585681915283203,16.273054122924805,16.347097396850586,9.646136283874512,21879
2003-11-26,16.528093338012695,16.528093338012695,16.207239151000977,16.511638641357422,9.743231773376465,12884
2003-11-28,16.314189910888672,16.511638641357422,16.05092430114746,16.207239151000977,9.685708045959473,4497
2003-12-01,16.273054122924805,16.45404815673828,16.248374938964844,16.37177848815918,9.78403377532959,12277
2003-12-02,16.37177848815918,16.536319732666016,16.35532569885254,16.43759536743164,9.823370933532715,11669
2003-12-03,16.30596351623535,16.314189910888672,15.804115295410156,15.804115295410156,9.444794654846191,13857
2003-12-04,15.886384963989258,15.96865463256836,15.549077033996582,15.943973541259766,9.528373718261719,17503
2003-12-05,15.565530776977539,15.935747146606445,15.4750337600708,15.63957405090332,9.346458435058594,9967
2003-12-08,15.721843719482422,16.03447151184082,15.631346702575684,15.878157615661621,9.489045143127441,10453
2003-12-09,15.491488456726074,15.8699312210083,15.491488456726074,15.804115295410156,9.444794654846191,8509
2003-12-10,15.804115295410156,16.04269790649414,15.63957405090332,15.804115295410156,9.444794654846191,9724
2003-12-11,15.886384963989258,15.976881980895996,15.8699312210083,15.960428237915039,9.53820514678955,8144
2003-12-12,15.79588794708252,16.04269790649414,15.713617324829102,16.04269790649414,9.587373733520508,17260
2003-12-15,15.919293403625488,16.429367065429688,15.82879638671875,15.83702278137207,9.464459419250488,9967
2003-12-16,15.647801399230957,15.993335723876953,15.129499435424805,15.935747146606445,9.523458480834961,22852
2003-12-17,16.94767189025879,16.94767189025879,15.680708885192871,15.787659645080566,9.467215538024902,13006
2003-12-18,15.754752159118652,16.281282424926758,15.549077033996582,15.688936233520508,9.408014297485352,21028
2003-12-19,16.289508819580078,16.35532569885254,15.738298416137695,16.001562118530273,9.595489501953125,11426
2003-12-22,15.845250129699707,16.009790420532227,15.762978553771973,15.820569038391113,9.48695182800293,7779
2003-12-23,15.861703872680664,15.952200889587402,15.787659645080566,15.812341690063477,9.482015609741211,8022
2003-12-24,15.861703872680664,15.861703872680664,15.746524810791016,15.79588794708252,9.472148895263672,1094
2003-12-26,15.79588794708252,15.820569038391113,15.77120590209961,15.820569038391113,9.48695182800293,2309
2003-12-29,15.820569038391113,16.059152603149414,15.762978553771973,16.04269790649414,9.620152473449707,9238
2003-12-30,15.927519798278809,16.15787696838379,15.927519798278809,16.1085147857666,9.659624099731445,7779
2003-12-31,16.15787696838379,16.15787696838379,15.77120590209961,16.075605392456055,9.639885902404785,14951
2004-01-02,16.092060089111328,16.15787696838379,15.985109329223633,16.10028648376465,9.654685020446777,4254
2004-01-05,16.16610336303711,16.16610336303711,15.952200889587402,16.009790420532227,9.600420951843262,1459
2004-01-06,16.16610336303711,16.330644607543945,16.16610336303711,16.330644607543945,9.792820930480957,5227
2004-01-07,16.330644607543945,16.43759536743164,16.009790420532227,16.412914276123047,9.842158317565918,14343
2004-01-08,16.412914276123047,16.45404815673828,16.264827728271484,16.273054122924805,9.75828742980957,37559
2004-01-09,15.878157615661621,16.421140670776367,15.878157615661621,16.256601333618164,9.748421669006348,6442
2004-01-12,16.37177848815918,16.412914276123047,16.16610336303711,16.396459579467773,9.832286834716797,6199
2004-01-13,16.30596351623535,16.462276458740234,16.30596351623535,16.462276458740234,9.871757507324219,12641
2004-01-14,16.256601333618164,16.43759536743164,16.256601333618164,16.43759536743164,9.85695743560791,17260
2004-01-15,16.43759536743164,16.49518585205078,16.256601333618164,16.49518585205078,9.891491889953613,29051
2004-01-16,16.528093338012695,16.528093338012695,16.289508819580078,16.412914276123047,9.842158317565918,17139
2004-01-20,16.412914276123047,16.429367065429688,15.919293403625488,16.347097396850586,9.802687644958496,22001
2004-01-21,16.412914276123047,16.44582176208496,16.215465545654297,16.412914276123047,9.842158317565918,9846
2004-01-22,16.45404815673828,16.49518585205078,16.256601333618164,16.380006790161133,9.822426795959473,15923
2004-01-23,16.338871002197266,16.536319732666016,16.289508819580078,16.36355209350586,9.812557220458984,9359
2004-01-26,16.536319732666016,16.536319732666016,16.412914276123047,16.45404815673828,9.866822242736816,6928
2004-01-27,16.45404815673828,16.45404815673828,16.347097396850586,16.404687881469727,9.837220191955566,10818
2004-01-28,16.45404815673828,16.536319732666016,16.289508819580078,16.388233184814453,9.82735538482666,12763
2004-01-29,16.36355209350586,16.388233184814453,16.116741180419922,16.248374938964844,9.743488311767578,7901
2004-01-30,16.37177848815918,16.49518585205078,16.289508819580078,16.49518585205078,9.891491889953613,13006
2004-02-02,16.322416305541992,16.388233184814453,16.133195877075195,16.380006790161133,9.822426795959473,3282
2004-02-03,16.264827728271484,16.44582176208496,16.264827728271484,16.388233184814453,9.82735538482666,1337
2004-02-04,16.289508819580078,16.396459579467773,16.009790420532227,16.388233184814453,9.82735538482666,12763
2004-02-05,16.404687881469727,16.412914276123047,16.30596351623535,16.388233184814453,9.82735538482666,2917
2004-02-06,16.1085147857666,16.36355209350586,16.04269790649414,16.314189910888672,9.782954216003418,4862
2004-02-09,16.22369384765625,16.22369384765625,16.190784454345703,16.190784454345703,9.70895767211914,1945
2004-02-10,16.35532569885254,16.45404815673828,16.23192024230957,16.45404815673828,9.866822242736816,6078
2004-02-11,16.330644607543945,16.45404815673828,16.330644607543945,16.347097396850586,9.802687644958496,9116
2004-02-12,16.380006790161133,16.404687881469727,16.281282424926758,16.281282424926758,9.763224601745605,4740
2004-02-13,16.396459579467773,16.421140670776367,15.77120590209961,15.77120590209961,9.457353591918945,39504
2004-02-17,16.03447151184082,16.199012756347656,15.4750337600708,15.573758125305176,9.338945388793945,16652
2004-02-18,15.79588794708252,15.861703872680664,15.631346702575684,15.861703872680664,9.511617660522461,2674
2004-02-19,15.861703872680664,15.861703872680664,15.697162628173828,15.713617324829102,9.422816276550293,18962
2004-02-20,15.779433250427246,15.952200889587402,15.664255142211914,15.853476524353027,9.506685256958008,10818
2004-02-23,15.79588794708252,15.83702278137207,15.252903938293457,15.252903938293457,9.146546363830566,15923
2004-02-24,15.285812377929688,15.623120307922363,15.285812377929688,15.573758125305176,9.338945388793945,5348
2004-02-25,15.359854698181152,15.557304382324219,15.318719863891602,15.549077033996582,9.32414436340332,11183
2004-02-26,15.540849685668945,15.549077033996582,15.400989532470703,15.549077033996582,9.32414436340332,14708
2004-02-27,15.507942199707031,15.779433250427246,15.507942199707031,15.779433250427246,9.462285995483398,9602
2004-03-01,15.79588794708252,16.018016815185547,15.779433250427246,15.952200889587402,9.565889358520508,5105
2004-03-02,15.804115295410156,15.804115295410156,15.557304382324219,15.557304382324219,9.329081535339355,3525
2004-03-03,15.507942199707031,15.614892959594727,15.285812377929688,15.581985473632812,9.34388256072998,2188
2004-03-04,15.45035171508789,15.483261108398438,15.310493469238281,15.483261108398438,9.284683227539062,3403
2004-03-05,15.27758502960205,15.499714851379395,15.24467658996582,15.351628303527832,9.205744743347168,4619
2004-03-08,15.483261108398438,15.656027793884277,15.44212532043457,15.44212532043457,9.260014533996582,2674
2004-03-09,15.384535789489746,15.433897972106934,15.252903938293457,15.27758502960205,9.161347389221191,3647
2004-03-10,15.40921688079834,15.540849685668945,15.27758502960205,15.27758502960205,9.161347389221191,7171
2004-03-11,15.252903938293457,15.516168594360352,15.219996452331543,15.219996452331543,9.126814842224121,7901
2004-03-12,15.219996452331543,15.631346702575684,15.022546768188477,15.631346702575684,9.373479843139648,8265
2004-03-15,15.507942199707031,15.507942199707031,15.063681602478027,15.252903938293457,9.146546363830566,21879
2004-03-16,15.219996452331543,15.343400955200195,15.022546768188477,15.261131286621094,9.15147876739502,11183
2004-03-17,15.261131286621094,15.705389976501465,15.261131286621094,15.45035171508789,9.298027038574219,8995
2004-03-18,15.557304382324219,15.59843921661377,15.24467658996582,15.573758125305176,9.372292518615723,7779
2004-03-19,15.565530776977539,15.614892959594727,15.285812377929688,15.417444229125977,9.278223991394043,11790
2004-03-22,15.376309394836426,15.59843921661377,15.04722785949707,15.088362693786621,9.080182075500488,14343
2004-03-23,15.088362693786621,15.713617324829102,15.088362693786621,15.680708885192871,9.436656951904297,13006
2004-03-24,15.581985473632812,15.664255142211914,15.359854698181152,15.46680736541748,9.307930946350098,8509
2004-03-25,15.46680736541748,16.04269790649414,15.46680736541748,15.812341690063477,9.515870094299316,9846
2004-03-26,16.266061782836914,16.378360748291016,16.12784767150879,16.257423400878906,9.783724784851074,11345
2004-03-29,16.300615310668945,16.99168586730957,16.300615310668945,16.99168586730957,10.225602149963379,16091
2004-03-30,16.844833374023438,16.844833374023438,16.542490005493164,16.784364700317383,10.100833892822266,10650
2004-03-31,16.74981117248535,16.83619499206543,16.611597061157227,16.818918228149414,10.121633529663086,11229
2004-04-01,16.79300308227539,16.939855575561523,16.697980880737305,16.939855575561523,10.194411277770996,14007
2004-04-02,16.939855575561523,17.000324249267578,16.922578811645508,16.983047485351562,10.220406532287598,15396
2004-04-05,16.965770721435547,16.99168586730957,16.931217193603516,16.983047485351562,10.220406532287598,13776
2004-04-06,16.99168586730957,17.294029235839844,16.974409103393555,17.164453506469727,10.32957649230957,34729
2004-04-07,17.14717674255371,17.294029235839844,17.086708068847656,17.181730270385742,10.339972496032715,7177
2004-04-08,17.164453506469727,17.285390853881836,17.043516159057617,17.103984832763672,10.29318904876709,4631
2004-04-12,16.741172790527344,17.216283798217773,16.741172790527344,17.19036865234375,10.345173835754395,1621
2004-04-13,17.14717674255371,17.14717674255371,16.689342498779297,16.741172790527344,10.074844360351562,10187
2004-04-14,16.706619262695312,16.862110137939453,16.48202133178711,16.646150588989258,10.017660140991211,7062
2004-04-15,16.60295867919922,16.83619499206543,16.28333854675293,16.490659713745117,9.924088478088379,9377
2004-04-16,16.577043533325195,16.767087936401367,16.43882942199707,16.71525764465332,10.059250831604004,12039
2004-04-19,16.60295867919922,16.905302047729492,16.60295867919922,16.862110137939453,10.147624015808105,12618
2004-04-20,16.844833374023438,16.844833374023438,16.551128387451172,16.551128387451172,9.96047592163086,5904
2004-04-21,16.430191040039062,16.810279846191406,15.989633560180664,16.75844955444336,10.085243225097656,16670
2004-04-22,16.551128387451172,17.242198944091797,16.551128387451172,17.242198944091797,10.376365661621094,4515
2004-04-23,17.22492218017578,17.22492218017578,16.888025283813477,17.15581512451172,10.324379920959473,2315
2004-04-26,17.23356056213379,17.23356056213379,16.551128387451172,16.8016414642334,10.111236572265625,10882
2004-04-27,16.862110137939453,17.22492218017578,16.533851623535156,16.844833374023438,10.137228965759277,18059
2004-04-28,16.87938690185547,16.87938690185547,16.59432029724121,16.60295867919922,9.991667747497559,4167
2004-04-29,16.775726318359375,16.939855575561523,16.551128387451172,16.628873825073242,10.007262229919434,5094
2004-04-30,16.628873825073242,16.905302047729492,16.19695472717285,16.19695472717285,9.747334480285645,7640
2004-05-03,16.171039581298828,16.4733829498291,16.153762817382812,16.214231491088867,9.757731437683105,7525
2004-05-04,16.31789207458496,16.31789207458496,15.462693214416504,15.670014381408691,9.430224418640137,13776
2004-05-05,15.790950775146484,15.963719367980957,15.566353797912598,15.747758865356445,9.47700309753418,4862
2004-05-06,15.816865921020508,15.816865921020508,15.445416450500488,15.523161888122559,9.341846466064453,9377
2004-05-07,15.549077033996582,15.670014381408691,15.549077033996582,15.566353797912598,9.367840766906738,10882
2004-05-10,15.790950775146484,15.790950775146484,15.255372047424316,15.33311653137207,9.227474212646484,6830
2004-05-11,15.341755867004395,15.419501304626465,15.33311653137207,15.350394248962402,9.237872123718262,6135
2004-05-12,15.384947776794434,15.462693214416504,15.117157936096191,15.462693214416504,9.305461883544922,6946
2004-05-13,15.376309394836426,15.462693214416504,15.289924621582031,15.315840721130371,9.217082977294922,38549
2004-05-14,15.264010429382324,15.445416450500488,15.16034984588623,15.20354175567627,9.149497985839844,9493
2004-05-17,15.117157936096191,15.186264991760254,14.512472152709961,14.840729713439941,8.931159973144531,14818
2004-05-18,14.80617618560791,15.099881172180176,14.6852388381958,15.073966026306152,9.07152271270752,5094
2004-05-19,15.00485897064209,15.445416450500488,15.00485897064209,15.272648811340332,9.191088676452637,23731
2004-05-20,15.445416450500488,15.462693214416504,15.117157936096191,15.33311653137207,9.227474212646484,12271
2004-05-21,15.402223587036133,15.549077033996582,14.88392162322998,15.33311653137207,9.227474212646484,17480
2004-05-24,15.289924621582031,15.419501304626465,15.073966026306152,15.117157936096191,9.097511291503906,10187
2004-05-25,15.33311653137207,15.540437698364258,15.255372047424316,15.514522552490234,9.336647033691406,15744
2004-05-26,15.549077033996582,16.145124435424805,15.497246742248535,16.136486053466797,9.710947036743164,13081
2004-05-27,15.980996131896973,16.145124435424805,15.963719367980957,15.963719367980957,9.606973648071289,6367
2004-05-28,16.067378997802734,16.628873825073242,16.05010223388672,16.24014663696289,9.77332592010498,23500
2004-06-01,16.697980880737305,16.965770721435547,16.222869873046875,16.542490005493164,9.955280303955078,25931
2004-06-02,16.663427352905273,16.9139404296875,16.456106185913086,16.577043533325195,9.97607421875,7062
2004-06-03,16.48202133178711,16.48202133178711,16.231508255004883,16.231508255004883,9.768131256103516,6714
2004-06-04,15.670014381408691,16.741172790527344,15.670014381408691,16.551128387451172,9.96047592163086,5904
2004-06-07,16.732534408569336,16.818918228149414,16.577043533325195,16.654788970947266,10.022857666015625,4746
2004-06-08,16.965770721435547,16.965770721435547,16.60295867919922,16.611597061157227,9.996867179870605,3589
2004-06-09,16.51657485961914,16.83619499206543,16.412914276123047,16.430191040039062,9.88769817352295,18869
2004-06-10,16.59432029724121,16.83619499206543,16.551128387451172,16.810279846191406,10.116434097290039,25699
2004-06-14,16.9139404296875,16.9139404296875,16.28333854675293,16.28333854675293,9.79931926727295,17017
2004-06-15,16.300615310668945,16.628873825073242,16.291976928710938,16.533851623535156,9.950081825256348,14355
2004-06-16,16.59432029724121,16.741172790527344,16.266061782836914,16.43882942199707,9.932859420776367,9840
2004-06-17,16.611597061157227,16.611597061157227,16.20559310913086,16.32653045654297,9.864998817443848,3010
2004-06-18,16.31789207458496,16.585681915283203,16.076017379760742,16.585681915283203,10.021590232849121,27436
2004-06-21,16.39563751220703,16.447467803955078,15.88597297668457,16.378360748291016,9.896321296691895,4399
2004-06-22,16.490659713745117,16.784364700317383,16.08465576171875,16.784364700317383,10.141633987426758,9840
2004-06-23,16.784364700317383,17.259475708007812,16.646150588989258,17.052154541015625,10.303444862365723,16901
2004-06-24,17.06943130493164,17.250837326049805,16.87938690185547,17.19036865234375,10.38696002960205,20258
2004-06-25,17.181730270385742,17.561817169189453,16.922578811645508,17.54454231262207,10.600959777832031,27436
2004-06-28,16.628873825073242,17.38041114807129,16.60295867919922,17.276752471923828,10.439155578613281,23847
2004-06-29,17.3544979095459,17.44951820373535,17.03487777709961,17.22492218017578,10.407835006713867,19217
2004-06-30,17.043516159057617,17.484073638916016,17.043516159057617,17.440881729125977,10.538328170776367,5441
2004-07-01,17.363136291503906,17.49271011352539,16.965770721435547,17.164453506469727,10.371301651000977,10303
2004-07-02,17.164453506469727,17.38041114807129,17.103984832763672,17.19036865234375,10.38696002960205,1621
2004-07-06,17.613649368286133,17.62228775024414,16.628873825073242,16.68070411682129,10.078999519348145,10303
2004-07-07,16.862110137939453,16.931217193603516,16.447467803955078,16.87074851989746,10.193833351135254,7409
2004-07-08,16.810279846191406,16.810279846191406,16.171039581298828,16.171039581298828,9.771047592163086,7525
2004-07-09,16.20559310913086,16.361083984375,16.05010223388672,16.32653045654297,9.864998817443848,3820
2004-07-12,16.093294143676758,16.447467803955078,16.067378997802734,16.08465576171875,9.718850135803223,6714
2004-07-13,16.076017379760742,16.412914276123047,16.076017379760742,16.386999130249023,9.901537895202637,2894
2004-07-14,16.2487850189209,16.257423400878906,16.067378997802734,16.153762817382812,9.760607719421387,3473
2004-07-15,16.24014663696289,16.24014663696289,16.11920928955078,16.136486053466797,9.750170707702637,2894
2004-07-16,16.136486053466797,16.412914276123047,16.136486053466797,16.2487850189209,9.818024635314941,10997
2004-07-19,16.2487850189209,16.28333854675293,15.747758865356445,15.747758865356445,9.51528263092041,18522
2004-07-20,15.825505256652832,16.784364700317383,15.773674964904785,16.533851623535156,9.99027156829834,72236
2004-07-21,16.499298095703125,16.654788970947266,16.343807220458984,16.507936477661133,9.974611282348633,12155
2004-07-22,16.52521324157715,16.67206573486328,16.24014663696289,16.24014663696289,9.812804222106934,6251
2004-07-23,16.343807220458984,16.499298095703125,16.343807220458984,16.412914276123047,9.917195320129395,14586
2004-07-26,16.620235443115234,16.905302047729492,16.447467803955078,16.646150588989258,10.058123588562012,6020
2004-07-27,16.430191040039062,16.905302047729492,16.430191040039062,16.905302047729492,10.214714050292969,3589
2004-07-28,16.447467803955078,16.905302047729492,16.447467803955078,16.818918228149414,10.162516593933105,18290
2004-07-29,16.63751220703125,17.38041114807129,16.63751220703125,17.38041114807129,10.501785278320312,13197
2004-07-30,17.751863479614258,17.751863479614258,16.965770721435547,17.38905143737793,10.507009506225586,29982
2004-08-02,17.44951820373535,17.44951820373535,17.043516159057617,17.406328201293945,10.517446517944336,18869
2004-08-03,17.311304092407227,17.613649368286133,17.173091888427734,17.363136291503906,10.491352081298828,17364
2004-08-04,17.682756423950195,17.700031280517578,17.397689819335938,17.50998878479004,10.580081939697266,17596
2004-08-05,17.26811408996582,17.682756423950195,17.164453506469727,17.319944381713867,10.465249061584473,8335
2004-08-06,17.803693771362305,17.803693771362305,17.15581512451172,17.30266761779785,10.45481014251709,12502
2004-08-09,17.242198944091797,17.605009078979492,17.103984832763672,17.30266761779785,10.45481014251709,4515
2004-08-10,17.199007034301758,17.76913833618164,16.888025283813477,17.76913833618164,10.736668586730957,8914
2004-08-11,17.77777862548828,17.77777862548828,17.26811408996582,17.682756423950195,10.68447494506836,3704
2004-08-12,16.888025283813477,17.786415100097656,16.83619499206543,17.561817169189453,10.611398696899414,6946
2004-08-13,17.319944381713867,17.700031280517578,17.319944381713867,17.50998878479004,10.580081939697266,4862
2004-08-16,17.475435256958008,18.14059066772461,17.475435256958008,18.13195037841797,10.955893516540527,23847
2004-08-17,18.149227142333984,18.572507858276367,17.717309951782227,18.270164489746094,11.039405822753906,28130
2004-08-18,18.745275497436523,19.064895629882812,18.468847274780273,18.943958282470703,11.446533203125,37160
2004-08-19,19.185832977294922,19.185832977294922,18.8316593170166,18.987150192260742,11.47263240814209,23037
2004-08-20,18.987150192260742,19.462261199951172,18.87485122680664,19.462261199951172,11.759709358215332,14007
2004-08-23,19.22902488708496,19.66094398498535,18.736637115478516,18.736637115478516,11.32126235961914,16901
2004-08-24,19.332685470581055,19.410430908203125,18.75391387939453,19.004426956176758,11.483065605163574,9493
2004-08-25,19.3845157623291,19.43634605407715,19.07353401184082,19.42770767211914,11.738822937011719,6830
2004-08-26,19.42770767211914,19.42770767211914,18.79710578918457,18.926681518554688,11.436097145080566,16901
2004-08-27,18.848936080932617,19.090810775756836,18.848936080932617,19.082172393798828,11.530044555664062,4167
2004-08-30,18.96123504638672,19.064895629882812,18.736637115478516,18.736637115478516,11.32126235961914,10419
2004-08-31,18.805744171142578,19.021703720092773,18.693445205688477,19.004426956176758,11.483065605163574,6483
2004-09-01,19.42770767211914,19.842350006103516,18.632976531982422,18.91804313659668,11.430868148803711,26162
2004-09-02,18.6070613861084,19.177194595336914,18.14059066772461,19.125364303588867,11.55613899230957,64480
2004-09-03,19.11672592163086,19.203109741210938,18.486125946044922,18.805744171142578,11.363015174865723,9377
2004-09-07,19.03898048400879,19.177194595336914,18.866212844848633,19.082172393798828,11.530044555664062,41327
2004-09-08,18.978511810302734,19.177194595336914,18.788467407226562,19.013065338134766,11.488286972045898,6020
2004-09-09,18.99578857421875,19.177194595336914,18.943958282470703,19.125364303588867,11.55613899230957,10650
2004-09-10,19.021703720092773,19.59183692932129,18.857574462890625,19.59183692932129,11.837994575500488,12039
2004-09-13,19.86826515197754,20.274267196655273,19.004426956176758,20.092863082885742,12.140732765197754,17017
2004-09-14,20.161970138549805,20.161970138549805,19.479537963867188,19.911457061767578,12.031121253967285,26047
2004-09-15,20.015117645263672,20.291545867919922,19.635028839111328,19.954648971557617,12.097637176513672,17017
2004-09-16,19.954648971557617,20.386566162109375,19.954648971557617,20.386566162109375,12.359492301940918,10997
2004-09-17,21.103553771972656,21.103553771972656,20.092863082885742,20.429758071899414,12.385675430297852,29288
2004-09-20,20.57661247253418,20.775293350219727,19.954648971557617,20.17924690246582,12.233799934387207,15396
2004-09-21,19.773242950439453,20.65435791015625,19.565921783447266,20.54205894470215,12.453758239746094,5209
2004-09-22,20.53342056274414,20.550695419311523,19.98920249938965,20.274267196655273,12.291402816772461,8566
2004-09-23,20.274267196655273,20.516143798828125,19.78188133239746,19.78188133239746,11.992890357971191,19332
2004-09-24,19.721412658691406,19.928733825683594,19.358600616455078,19.358600616455078,11.736273765563965,10187
2004-09-27,19.289493560791016,19.31540870666504,18.788467407226562,18.788467407226562,11.390631675720215,10534
2004-09-28,18.76255226135254,19.358600616455078,18.710721969604492,19.358600616455078,11.736273765563965,16323
2004-09-29,19.609113693237305,19.98920249938965,19.23766326904297,19.86826515197754,12.045266151428223,9377
2004-09-30,19.7127742767334,20.161970138549805,19.453622817993164,20.041032791137695,12.150016784667969,16438
2004-10-01,20.21380043029785,20.53342056274414,19.842350006103516,20.239715576171875,12.270462036132812,19795
2004-10-04,20.24835205078125,20.68027114868164,20.084224700927734,20.118778228759766,12.197136878967285,8798
2004-10-05,20.516143798828125,20.645719528198242,20.14469337463379,20.611164093017578,12.495654106140137,7062
2004-10-06,20.30018424987793,21.060361862182617,20.30018424987793,21.060361862182617,12.767980575561523,12271
2004-10-07,20.386566162109375,20.904869079589844,20.369291305541992,20.732101440429688,12.568970680236816,79645
2004-10-08,20.395206451416016,21.094913482666016,20.395206451416016,20.84440040588379,12.637055397033691,9493
2004-10-11,21.060361862182617,21.060361862182617,20.714826583862305,20.904869079589844,12.673711776733398,3473
2004-10-12,21.12946891784668,21.12946891784668,20.783933639526367,21.094913482666016,12.78892707824707,5672
2004-10-13,21.23312759399414,21.23312759399414,20.352014541625977,20.56797218322754,12.469464302062988,46537
2004-10-14,20.308822631835938,20.352014541625977,19.695497512817383,19.730051040649414,11.96147632598877,11345
2004-10-15,20.05830955505371,20.84440040588379,19.66958236694336,20.818485260009766,12.621342658996582,7756
2004-10-18,20.85304069519043,21.164020538330078,20.85304069519043,21.164020538330078,12.830822944641113,14123
2004-10-19,21.449087142944336,21.449087142944336,21.259042739868164,21.293596267700195,12.909380912780762,36002
2004-10-20,21.66504669189453,21.66504669189453,21.12946891784668,21.59593963623047,13.092676162719727,11576
2004-10-21,21.38861846923828,21.59593963623047,21.379980087280273,21.59593963623047,13.092676162719727,4862
2004-10-22,22.096965789794922,22.252456665039062,22.01922035217285,22.02785873413086,13.354538917541504,50357
2004-10-25,22.02785873413086,22.57207679748535,22.02785873413086,22.546161651611328,13.668755531311035,38896
2004-10-26,22.45977783203125,23.003995895385742,22.442501068115234,22.96080207824707,13.920135498046875,33340
2004-10-27,22.952165603637695,24.77486228942871,22.822589874267578,24.77486228942871,15.019915580749512,30561
2004-10-28,24.14426040649414,25.871936798095703,24.14426040649414,25.284526824951172,15.328910827636719,68763
2004-10-29,25.13767433166504,25.284526824951172,23.91102409362793,24.057876586914062,14.585243225097656,74204
2004-11-01,24.42068862915039,24.42068862915039,23.4359130859375,23.5482120513916,14.276254653930664,12387
2004-11-02,23.75553321838379,24.412050247192383,23.738256454467773,24.03196144104004,14.569528579711914,10997
2004-11-03,23.695064544677734,24.455242156982422,23.695064544677734,24.437965393066406,14.815667152404785,11113
2004-11-04,23.798725128173828,24.29975128173828,23.55685043334961,23.816003799438477,14.438605308532715,46421
2004-11-05,23.582765579223633,24.247920989990234,23.219955444335938,23.625957489013672,14.323396682739258,21185
2004-11-08,23.23723030090332,23.816003799438477,23.116294860839844,23.185401916503906,14.056294441223145,16786
2004-11-09,22.57207679748535,23.28042221069336,22.57207679748535,23.13357162475586,14.024885177612305,19680
2004-11-10,22.91761016845703,23.064464569091797,22.183349609375,22.796674728393555,13.820632934570312,24079
2004-11-11,22.278371810913086,23.09037971496582,22.26109504699707,23.04718780517578,13.972505569458008,12155
2004-11-12,23.470468521118164,23.470468521118164,22.252456665039062,23.194040298461914,14.06153678894043,18522
2004-11-15,22.90033531188965,23.211315155029297,22.33884048461914,23.01263427734375,13.951554298400879,8335
2004-11-16,23.142208099365234,23.142208099365234,22.053773880004883,22.30428695678711,13.522124290466309,9956
2004-11-17,22.49433135986328,22.952165603637695,22.399309158325195,22.563438415527344,13.67923355102539,6946
2004-11-18,22.364755630493164,22.589353561401367,22.14879608154297,22.407947540283203,13.584961891174316,7177
2004-11-19,22.131519317626953,22.278371810913086,21.760068893432617,21.820537567138672,13.228846549987793,8103
2004-11-22,22.33884048461914,22.546161651611328,22.001943588256836,22.546161651611328,13.668755531311035,24310
2004-11-23,22.53752326965332,22.710290908813477,22.191987991333008,22.597991943359375,13.700175285339355,14586
2004-11-24,22.546161651611328,23.23723030090332,22.546161651611328,23.23723030090332,14.087726593017578,8798
2004-11-26,23.297700881958008,23.738256454467773,23.297700881958008,23.738256454467773,14.391470909118652,3473
2004-11-29,23.971492767333984,25.33635711669922,23.720979690551758,24.18745231628418,14.663796424865723,31372
2004-11-30,24.18745231628418,24.532987594604492,23.772811889648438,23.971492767333984,14.532876014709473,11113
2004-12-01,24.334304809570312,25.465932846069336,24.334304809570312,24.904438018798828,15.098479270935059,35192
2004-12-02,25.232696533203125,25.232696533203125,24.161537170410156,24.878522872924805,15.08276653289795,15628
2004-12-03,24.89579963684082,24.904438018798828,24.282474517822266,24.291112899780273,14.726648330688477,7062
2004-12-06,24.22200584411621,24.766223907470703,23.764171600341797,24.37749671936035,14.779009819030762,15512
2004-12-07,24.368858337402344,24.636648178100586,22.53752326965332,23.12493324279785,14.019636154174805,28246
2004-12-08,23.349529266357422,23.88511085510254,23.05582618713379,23.36680793762207,14.166279792785645,20258
2004-12-09,23.75553321838379,23.75553321838379,22.839866638183594,23.3236141204834,14.140090942382812,10303
2004-12-10,23.3236141204834,23.8764705657959,23.219955444335938,23.23723030090332,14.087726593017578,14470
2004-12-13,23.271785736083984,23.39272117614746,22.883058547973633,23.3236141204834,14.140090942382812,17249
2004-12-14,23.28042221069336,23.28042221069336,23.064464569091797,23.064464569091797,13.98298168182373,7062
2004-12-15,23.3236141204834,23.3236141204834,22.90033531188965,23.219955444335938,14.117959976196289,14702
2004-12-16,23.23723030090332,23.28042221069336,22.70165252685547,22.822589874267578,13.876360893249512,14470
2004-12-17,22.788036346435547,22.805313110351562,22.485692977905273,22.744844436645508,13.829094886779785,16901
2004-12-20,23.202678680419922,23.202678680419922,22.589353561401367,22.89169692993164,13.918376922607422,13081
2004-12-21,22.839866638183594,22.89169692993164,22.606630325317383,22.744844436645508,13.829094886779785,8914
2004-12-22,22.50296974182129,22.839866638183594,22.50296974182129,22.727567672729492,13.818583488464355,9377
2004-12-23,22.865781784057617,23.064464569091797,22.77075958251953,22.84850311279297,13.89211654663086,11808
2004-12-27,22.93488883972168,22.93488883972168,22.520246505737305,22.649822235107422,13.771318435668945,7062
2004-12-28,22.684375762939453,23.021272659301758,22.546161651611328,22.805313110351562,13.865850448608398,14818
2004-12-29,22.97808074951172,22.97808074951172,22.675737380981445,22.675737380981445,13.787068367004395,17249
2004-12-30,22.597991943359375,22.718929290771484,22.511608123779297,22.511608123779297,13.687274932861328,12502
2004-12-31,22.468416213989258,22.468416213989258,22.157434463500977,22.200626373291016,13.498199462890625,10650
2005-01-03,22.036497116088867,22.520246505737305,21.66504669189453,22.34747886657715,13.587482452392578,13776
2005-01-04,22.38203239440918,22.485692977905273,21.90692138671875,22.45977783203125,13.655763626098633,13428
2005-01-05,22.45977783203125,22.727567672729492,22.0710506439209,22.0710506439209,13.419417381286621,14007
2005-01-06,21.889644622802734,22.0710506439209,21.881006240844727,21.924198150634766,13.330131530761719,13081
2005-01-07,22.330202102661133,22.330202102661133,21.405895233154297,21.79462242126465,13.251344680786133,34266
2005-01-10,21.310874938964844,21.976028442382812,21.19857406616211,21.43181037902832,13.030750274658203,10071
2005-01-11,21.423171997070312,21.58730125427246,20.775293350219727,21.103553771972656,12.83116626739502,20606
2005-01-12,21.11219024658203,21.570024490356445,20.818485260009766,21.267681121826172,12.930962562561035,11924
2005-01-13,20.973976135253906,21.379980087280273,20.948062896728516,20.95669937133789,12.74188232421875,10534
2005-01-14,21.379980087280273,21.59593963623047,21.12946891784668,21.302234649658203,12.951967239379883,18638
2005-01-18,21.259042739868164,21.59593963623047,21.259042739868164,21.59593963623047,13.130546569824219,5904
2005-01-19,21.59593963623047,22.183349609375,20.783933639526367,20.80120849609375,12.647342681884766,83233
2005-01-20,20.740741729736328,21.164020538330078,20.740741729736328,20.818485260009766,12.657845497131348,15396
2005-01-21,21.12946891784668,21.803260803222656,20.878955841064453,21.15538215637207,12.862677574157715,19564
2005-01-24,21.12082862854004,23.099016189575195,21.12082862854004,22.85714340209961,13.89736270904541,24079
2005-01-25,23.142208099365234,23.3236141204834,22.166072845458984,22.166072845458984,13.477190017700195,16207
2005-01-26,22.710290908813477,23.530935287475586,22.399309158325195,23.505020141601562,14.291278839111328,9608
2005-01-27,23.539575576782227,23.591405868530273,23.496383666992188,23.496383666992188,14.286031723022461,2894
2005-01-28,23.349529266357422,23.418636322021484,22.805313110351562,22.97808074951172,13.970898628234863,4167
2005-01-31,23.3236141204834,23.539575576782227,22.97808074951172,23.539575576782227,14.312289237976074,6946
2005-02-01,22.805313110351562,23.55685043334961,22.554800033569336,23.40999984741211,14.233509063720703,23731
2005-02-02,23.574127197265625,23.574127197265625,23.021272659301758,23.185401916503906,14.09694766998291,8566
2005-02-03,22.90033531188965,23.150848388671875,22.632545471191406,23.13357162475586,14.065445899963379,6714
2005-02-04,23.1767635345459,23.211315155029297,22.943527221679688,23.05582618713379,14.018166542053223,4399
2005-02-07,23.314977645874023,23.56549072265625,23.314977645874023,23.4013614654541,14.228264808654785,810
2005-02-08,23.487743377685547,23.5482120513916,23.39272117614746,23.505020141601562,14.291278839111328,5094
2005-02-09,23.09037971496582,24.06651496887207,22.45977783203125,22.45977783203125,13.655763626098633,4862
2005-02-10,22.589353561401367,23.05582618713379,22.45977783203125,22.97808074951172,13.970898628234863,5325
2005-02-11,23.107656478881836,23.427276611328125,23.09037971496582,23.09037971496582,14.039179801940918,14470
2005-02-14,23.194040298461914,23.427276611328125,22.90033531188965,23.064464569091797,14.023422241210938,12039
2005-02-15,22.649822235107422,23.064464569091797,22.45977783203125,22.563438415527344,13.71879768371582,10882
2005-02-16,23.021272659301758,23.021272659301758,22.45977783203125,22.57207679748535,13.724048614501953,10187
2005-02-17,22.50296974182129,22.675737380981445,21.86372947692871,22.166072845458984,13.477190017700195,7293
2005-02-18,22.649822235107422,22.649822235107422,21.604578018188477,21.621854782104492,13.146305084228516,7177
2005-02-22,21.181297302246094,21.95011329650879,21.04308319091797,21.04308319091797,12.79439926147461,16091
2005-02-23,20.75801658630371,21.35406494140625,20.75801658630371,21.07763671875,12.815414428710938,11692
2005-02-24,21.561386108398438,21.79462242126465,21.164020538330078,21.79462242126465,13.251344680786133,5904
2005-02-25,22.321563720703125,22.667098999023438,22.088327407836914,22.667098999023438,13.781820297241211,3704
2005-02-28,22.41658592224121,22.57207679748535,22.30428695678711,22.50296974182129,13.682027816772461,7177
2005-03-01,22.252456665039062,22.675737380981445,22.252456665039062,22.485692977905273,13.671525001525879,22805
2005-03-02,22.33884048461914,22.53752326965332,21.457725524902344,21.457725524902344,13.046507835388184,14239
2005-03-03,22.001943588256836,22.001943588256836,21.164020538330078,21.483640670776367,13.062265396118164,25931
2005-03-04,21.146743774414062,21.146743774414062,20.032394409179688,21.11219024658203,12.836421966552734,71657
2005-03-07,20.870315551757812,21.267681121826172,20.870315551757812,21.15538215637207,12.862677574157715,10997
2005-03-08,21.250404357910156,21.284957885742188,20.861677169799805,20.991254806518555,12.76289176940918,15744
2005-03-09,20.982614517211914,20.982614517211914,20.282907485961914,20.878955841064453,12.694604873657227,12271
2005-03-10,20.973976135253906,20.982614517211914,20.559335708618164,20.57661247253418,12.510785102844238,13081
2005-03-11,20.68027114868164,20.930784225463867,20.57661247253418,20.75801658630371,12.621075630187988,10419
2005-03-14,21.103553771972656,21.103553771972656,20.714826583862305,20.792570114135742,12.64208698272705,10187
2005-03-15,20.559335708618164,20.904869079589844,20.559335708618164,20.732101440429688,12.605324745178223,9493
2005-03-16,20.939422607421875,20.939422607421875,20.645719528198242,20.72346305847168,12.64062786102295,15628
2005-03-17,20.662994384765625,20.95669937133789,20.559335708618164,20.95669937133789,12.782889366149902,6946
2005-03-18,20.99989128112793,20.99989128112793,20.732101440429688,20.84440040588379,12.714393615722656,36812
2005-03-21,21.1899356842041,21.1899356842041,20.662994384765625,20.887592315673828,12.740739822387695,7409
2005-03-22,21.723356246948242,21.723356246948242,20.435373306274414,20.544218063354492,12.531291961669922,16538
2005-03-23,20.798185348510742,20.907028198242188,20.299320220947266,20.58049964904785,12.553421974182129,5072
2005-03-24,20.861677169799805,20.907028198242188,20.34467124938965,20.39002227783203,12.437235832214355,9151
2005-03-28,20.75283432006836,20.780044555664062,20.05442237854004,20.25396728515625,12.354247093200684,21830
2005-03-29,20.32653045654297,20.335601806640625,19.98185920715332,20.13605308532715,12.282326698303223,9482
2005-03-30,20.535146713256836,20.535146713256836,19.900226593017578,20.317459106445312,12.392976760864258,42998
2005-03-31,20.37188148498535,20.40816307067871,19.72789192199707,20.15419578552246,12.293394088745117,7277
2005-04-01,19.564626693725586,20.42630386352539,19.083900451660156,19.891155242919922,12.132941246032715,38367
2005-04-04,19.392290115356445,20.13605308532715,19.392290115356445,20.009069442749023,12.20487117767334,13340
2005-04-05,19.818593978881836,20.13605308532715,19.24716567993164,20.126983642578125,12.276796340942383,10143
2005-04-06,20.37188148498535,20.37188148498535,19.53741455078125,19.936508178710938,12.160609245300293,12899
2005-04-07,19.736961364746094,20.13605308532715,19.60997772216797,19.65532875061035,11.989104270935059,2315
2005-04-08,19.59183692932129,20.063491821289062,19.256235122680664,19.446712493896484,11.861849784851074,13671
2005-04-11,19.600906372070312,19.600906372070312,19.038549423217773,19.047618865966797,11.618412971496582,35942
2005-04-12,19.047618865966797,19.047618865966797,18.185941696166992,18.37641716003418,11.209002494812012,21058
2005-04-13,18.503400802612305,18.503400802612305,18.2403621673584,18.267574310302734,11.14261245727539,13892
2005-04-14,18.167800903320312,18.367347717285156,18.158729553222656,18.312925338745117,11.170276641845703,17640
2005-04-15,18.575963973999023,18.83900260925293,18.195011138916016,18.503400802612305,11.286458969116211,12348
2005-04-18,18.276643753051758,19.201814651489258,18.08616828918457,19.201814651489258,11.712472915649414,11687
2005-04-19,19.346939086914062,19.346939086914062,18.78458023071289,19.14739227294922,11.67927360534668,16427
2005-04-20,18.621315002441406,19.138322830200195,18.39455795288086,19.002267837524414,11.590757369995117,21719
2005-04-21,19.410430908203125,19.410430908203125,18.85714340209961,19.274375915527344,11.756729125976562,12789
2005-04-22,19.60997772216797,19.60997772216797,18.612245559692383,19.174602508544922,11.69587230682373,6395
2005-04-25,19.600906372070312,19.600906372070312,18.612245559692383,19.183673858642578,11.70140552520752,15545
2005-04-26,19.274375915527344,19.274375915527344,18.28571319580078,19.14739227294922,11.67927360534668,20617
2005-04-27,18.85714340209961,19.219955444335938,18.385488510131836,19.020408630371094,11.601819038391113,14994
2005-04-28,18.85714340209961,19.14739227294922,18.41269874572754,18.675737380981445,11.391578674316406,14663
2005-04-29,18.63038444519043,19.21088409423828,18.28571319580078,19.1655330657959,11.690336227416992,23924
2005-05-02,18.875282287597656,19.755102157592773,18.34013557434082,19.755102157592773,12.049960136413574,22932
2005-05-03,19.22902488708496,20.489795684814453,19.1655330657959,19.292516708374023,11.767790794372559,10915
2005-05-04,19.62811851501465,20.009069442749023,19.410430908203125,19.873016357421875,12.121878623962402,14884
2005-05-05,20.217687606811523,20.25396728515625,19.492063522338867,19.96371841430664,12.17720890045166,9702
2005-05-06,20.045351028442383,20.643991470336914,19.800453186035156,20.317459106445312,12.392976760864258,5843
2005-05-09,20.417234420776367,20.44444465637207,20.063491821289062,20.44444465637207,12.470436096191406,8269
2005-05-10,20.44444465637207,20.526077270507812,19.927438735961914,20.163265228271484,12.298924446105957,9592
2005-05-11,20.607709884643555,20.607709884643555,20.126983642578125,20.562358856201172,12.542359352111816,9151
2005-05-12,20.634920120239258,20.653060913085938,20.17233657836914,20.17233657836914,12.304461479187012,12899
2005-05-13,20.281179428100586,20.498865127563477,19.664398193359375,20.063491821289062,12.23806381225586,6395
2005-05-16,20.498865127563477,20.716552734375,20.045351028442383,20.716552734375,12.636409759521484,7277
2005-05-17,20.208616256713867,20.879819869995117,19.854875564575195,20.671201705932617,12.608745574951172,3749
2005-05-18,21.115646362304688,21.62358283996582,21.04308319091797,21.405895233154297,13.056885719299316,13120
2005-05-19,21.823129653930664,21.850339889526367,20.997732162475586,21.224489212036133,12.946234703063965,19514
2005-05-20,21.36961555480957,21.396825790405273,20.625850677490234,21.06122398376465,12.84664535522461,7056
2005-05-23,21.17913818359375,21.17913818359375,20.44444465637207,21.08843421936035,12.863250732421875,21609
2005-05-24,21.224489212036133,21.224489212036133,20.85260772705078,21.034013748168945,12.830053329467773,7166
2005-05-25,20.68027114868164,20.988662719726562,20.453514099121094,20.607709884643555,12.570022583007812,10033
2005-05-26,20.997732162475586,20.997732162475586,20.725624084472656,20.897958755493164,12.747061729431152,4741
2005-05-27,20.879819869995117,21.079364776611328,20.879819869995117,20.907028198242188,12.752593994140625,3528
2005-05-31,20.988662719726562,21.17913818359375,20.507936477661133,20.698413848876953,12.625349044799805,5733
2005-06-01,20.507936477661133,21.08843421936035,20.507936477661133,20.979591369628906,12.796854972839355,10364
2005-06-02,20.090702056884766,21.08843421936035,20.090702056884766,20.961450576782227,12.785794258117676,7497
2005-06-03,21.106576919555664,21.106576919555664,20.335601806640625,20.934240341186523,12.769194602966309,5402
2005-06-06,20.825397491455078,21.079364776611328,20.417234420776367,20.861677169799805,12.724930763244629,37265
2005-06-07,21.260770797729492,21.750566482543945,21.224489212036133,21.56916046142578,13.156473159790039,26681
2005-06-08,21.19727897644043,21.732425689697266,21.14285659790039,21.14285659790039,12.896444320678711,5733
2005-06-09,20.87074851989746,21.333332061767578,20.87074851989746,21.269840240478516,12.97390365600586,7387
2005-06-10,21.650793075561523,21.71428680419922,21.35147476196289,21.50566864013672,13.11774730682373,4851
2005-06-13,21.052154541015625,21.405895233154297,19.84580421447754,20.181406021118164,12.309989929199219,31862
2005-06-14,20.916099548339844,20.916099548339844,20.081632614135742,20.507936477661133,12.509156227111816,22271
2005-06-15,20.244897842407227,20.671201705932617,20.090702056884766,20.58049964904785,12.602472305297852,18081
2005-06-16,20.362812042236328,20.562358856201172,20.226757049560547,20.51700782775879,12.563593864440918,12789
2005-06-17,18.058956146240234,20.671201705932617,18.058956146240234,20.671201705932617,12.658012390136719,58653
2005-06-20,20.009069442749023,20.73469352722168,19.96371841430664,20.009069442749023,12.252559661865234,19184
2005-06-21,20.0,20.145124435424805,19.464853286743164,19.582765579223633,11.9915132522583,23153
2005-06-22,19.301586151123047,19.94557762145996,19.301586151123047,19.94557762145996,12.21367359161377,12789
2005-06-23,19.564626693725586,19.637187957763672,19.274375915527344,19.455781936645508,11.913751602172852,12017
2005-06-24,19.274375915527344,19.582765579223633,18.294784545898438,18.467119216918945,11.308342933654785,121385
2005-06-27,18.204082489013672,18.53061294555664,17.578231811523438,18.349206924438477,11.236145973205566,20507
2005-06-28,18.485261917114258,19.102041244506836,18.14059066772461,18.97505760192871,11.619378089904785,12017
2005-06-29,19.047618865966797,19.954648971557617,18.585033416748047,19.918367385864258,12.197015762329102,27783
2005-06-30,19.773242950439453,19.94557762145996,19.501134872436523,19.69161033630371,12.058162689208984,15325
2005-07-01,19.84580421447754,20.17233657836914,19.51927375793457,19.755102157592773,12.097044944763184,20837
2005-07-05,19.501134872436523,19.682540893554688,19.138322830200195,19.53741455078125,11.963740348815918,43218
2005-07-06,19.201814651489258,19.501134872436523,19.201814651489258,19.24716567993164,11.786006927490234,5954
2005-07-07,19.102041244506836,19.501134872436523,18.829931259155273,19.464853286743164,11.919306755065918,13781
2005-07-08,19.501134872436523,19.954648971557617,19.22902488708496,19.918367385864258,12.197015762329102,42005
2005-07-11,20.15419578552246,21.19727897644043,20.15419578552246,21.170068740844727,12.963494300842285,18081
2005-07-12,20.743764877319336,20.75283432006836,19.4013614654541,19.954648971557617,12.219234466552734,25909
2005-07-13,19.637187957763672,19.637187957763672,19.038549423217773,19.092971801757812,11.691585540771484,21940
2005-07-14,19.383220672607422,19.383220672607422,18.80272102355957,18.829931259155273,11.530512809753418,14443
2005-07-15,18.82086181640625,19.292516708374023,18.793651580810547,19.26530647277832,11.797117233276367,7166
2005-07-18,19.174602508544922,19.21088409423828,18.666667938232422,18.76643943786621,11.491630554199219,3638
2005-07-19,19.1927433013916,19.22902488708496,18.829931259155273,19.201814651489258,11.758237838745117,3749
2005-07-20,18.775510787963867,19.464853286743164,18.775510787963867,19.392290115356445,11.874876022338867,20066
2005-07-21,19.392290115356445,19.392290115356445,18.902494430541992,19.047618865966797,11.663810729980469,7277
2005-07-22,19.446712493896484,19.455781936645508,18.95691680908203,19.4013614654541,11.880431175231934,6946
2005-07-25,19.455781936645508,19.53741455078125,18.82086181640625,18.884353637695312,11.56383991241455,12899
2005-07-26,18.829931259155273,19.51927375793457,18.829931259155273,19.455781936645508,11.913751602172852,4741
2005-07-27,19.328798294067383,19.48299217224121,19.0748291015625,19.437641143798828,11.902643203735352,4190
2005-07-28,19.755102157592773,19.94557762145996,19.437641143798828,19.94557762145996,12.21367359161377,7387
2005-07-29,20.081632614135742,20.226757049560547,19.582765579223633,19.70975112915039,12.069269180297852,11246
2005-08-01,20.099773406982422,20.099773406982422,19.528345108032227,19.854875564575195,12.1581392288208,8930
2005-08-02,19.82766342163086,19.954648971557617,19.55555534362793,19.664398193359375,12.041499137878418,11797
2005-08-03,19.546485900878906,19.646259307861328,19.22902488708496,19.446712493896484,11.908198356628418,9151
2005-08-04,19.238094329833984,19.936508178710938,19.183673858642578,19.201814651489258,11.758237838745117,6505
2005-08-05,19.22902488708496,19.22902488708496,18.693878173828125,18.721088409423828,11.4638671875,20727
2005-08-08,18.97505760192871,19.274375915527344,18.902494430541992,19.1655330657959,11.736015319824219,8269
2005-08-09,19.328798294067383,19.57369613647461,19.029478073120117,19.501134872436523,11.941524505615234,122267
2005-08-10,19.310657501220703,19.809524536132812,19.174602508544922,19.619047164916992,12.013731956481934,11687
2005-08-11,19.374149322509766,19.900226593017578,19.328798294067383,19.900226593017578,12.185909271240234,18522
2005-08-12,19.55555534362793,19.873016357421875,19.428571701049805,19.600906372070312,12.0026216506958,23263
2005-08-15,19.48299217224121,20.045351028442383,19.365079879760742,20.045351028442383,12.2747802734375,15325
2005-08-16,19.69161033630371,20.05442237854004,19.546485900878906,19.546485900878906,11.969292640686035,16758
2005-08-17,19.546485900878906,20.045351028442383,19.510204315185547,19.764171600341797,12.102596282958984,8269
2005-08-18,19.60997772216797,19.94557762145996,19.274375915527344,19.84580421447754,12.152581214904785,9261
2005-08-19,20.027210235595703,20.027210235595703,19.292516708374023,19.854875564575195,12.1581392288208,3749
2005-08-22,19.55555534362793,20.081632614135742,19.55555534362793,20.081632614135742,12.296992301940918,127449
2005-08-23,20.181406021118164,20.181406021118164,19.72789192199707,19.94557762145996,12.21367359161377,17861
2005-08-24,19.86394691467285,20.217687606811523,19.82766342163086,20.126983642578125,12.324766159057617,12128
2005-08-25,19.873016357421875,20.181406021118164,19.873016357421875,20.090702056884766,12.302541732788086,3528
2005-08-26,20.099773406982422,20.17233657836914,19.891155242919922,20.03628158569336,12.269225120544434,11466
2005-08-29,19.954648971557617,20.226757049560547,19.954648971557617,20.226757049560547,12.385856628417969,115542
2005-08-30,20.226757049560547,20.399093627929688,20.090702056884766,20.090702056884766,12.302541732788086,4300
2005-08-31,20.226757049560547,20.526077270507812,20.126983642578125,20.526077270507812,12.5691499710083,9371
2005-09-01,20.181406021118164,20.861677169799805,20.13605308532715,20.816326141357422,12.746885299682617,12679
2005-09-02,20.507936477661133,20.988662719726562,20.244897842407227,20.861677169799805,12.774651527404785,9261
2005-09-06,20.861677169799805,21.224489212036133,20.616779327392578,21.21541976928711,12.991265296936035,18853
2005-09-07,21.21541976928711,21.278911590576172,21.006803512573242,21.260770797729492,13.019042015075684,12348
2005-09-08,20.85260772705078,21.278911590576172,20.634920120239258,20.843536376953125,12.763545989990234,11687
2005-09-09,20.498865127563477,21.052154541015625,20.498865127563477,20.907028198242188,12.802423477172852,5072
2005-09-12,20.707483291625977,21.188209533691406,20.46258544921875,20.988662719726562,12.852413177490234,17530
2005-09-13,21.124717712402344,21.124717712402344,20.399093627929688,20.662132263183594,12.652459144592285,114550
2005-09-14,20.498865127563477,20.73469352722168,20.208616256713867,20.40816307067871,12.545405387878418,23373
2005-09-15,20.77097511291504,20.77097511291504,20.48072624206543,20.498865127563477,12.60116195678711,9592
2005-09-16,20.625850677490234,20.68027114868164,20.417234420776367,20.5986385345459,12.662497520446777,64055
2005-09-19,20.399093627929688,20.399093627929688,20.090702056884766,20.226757049560547,12.433887481689453,6615
2005-09-20,20.108844757080078,20.453514099121094,20.108844757080078,20.217687606811523,12.428316116333008,11797
2005-09-21,20.13605308532715,20.13605308532715,19.546485900878906,19.664398193359375,12.08819580078125,26350
2005-09-22,19.72789192199707,19.84580421447754,19.24716567993164,19.60997772216797,12.054739952087402,148066
2005-09-23,19.637187957763672,19.637187957763672,19.337867736816406,19.59183692932129,12.043586730957031,13451
2005-09-26,19.736961364746094,19.736961364746094,19.047618865966797,19.31972885131836,11.87631893157959,16758
2005-09-27,19.455781936645508,19.455781936645508,19.05668830871582,19.083900451660156,11.731342315673828,10143
2005-09-28,19.047618865966797,19.22902488708496,18.39455795288086,18.85714340209961,11.591955184936523,17089
2005-09-29,18.70294761657715,19.238094329833984,18.657596588134766,18.97505760192871,11.664441108703613,13561
2005-09-30,19.120180130004883,19.120180130004883,18.757369995117188,18.97505760192871,11.664441108703613,5402
2005-10-03,18.83900260925293,19.1927433013916,18.83900260925293,19.038549423217773,11.70346736907959,11356
2005-10-04,18.82086181640625,19.21088409423828,18.82086181640625,19.120180130004883,11.753653526306152,32193
2005-10-05,18.82086181640625,19.047618865966797,18.49433135986328,18.49433135986328,11.368926048278809,13451
2005-10-06,19.047618865966797,19.047618865966797,18.4489803314209,18.68480682373047,11.4860200881958,20727
2005-10-07,18.621315002441406,18.929704666137695,18.621315002441406,18.82086181640625,11.56965446472168,3749
2005-10-10,18.82086181640625,18.85714340209961,18.712017059326172,18.811790466308594,11.564075469970703,9371
2005-10-11,18.82086181640625,18.993196487426758,18.32199478149414,18.485261917114258,11.363350868225098,14774
2005-10-12,18.331066131591797,18.80272102355957,18.32199478149414,18.349206924438477,11.279716491699219,5402
2005-10-13,18.349206924438477,18.70294761657715,18.349206924438477,18.53061294555664,11.391228675842285,5072
2005-10-14,18.74829864501953,18.74829864501953,18.539682388305664,18.63038444519043,11.452564239501953,40021
2005-10-17,18.367347717285156,18.984127044677734,17.977323532104492,18.22222137451172,11.201650619506836,13671
2005-10-18,18.34013557434082,18.34013557434082,17.96825408935547,18.131519317626953,11.14590072631836,17530
2005-10-19,17.91383171081543,18.485261917114258,17.868480682373047,18.113378524780273,11.134743690490723,20727
2005-10-20,17.91383171081543,18.131519317626953,17.841270446777344,17.91383171081543,11.012083053588867,10915
2005-10-21,17.687074661254883,18.276643753051758,17.687074661254883,17.687074661254883,10.872685432434082,35831
2005-10-24,17.6417236328125,18.004535675048828,17.578231811523438,17.832199096679688,10.961899757385254,10253
2005-10-25,17.687074661254883,17.941043853759766,17.514738082885742,17.67800521850586,10.867107391357422,6725
2005-10-26,17.460317611694336,17.768707275390625,17.35147476196289,17.36961555480957,10.67753791809082,27011
2005-10-27,17.333332061767578,18.04988670349121,17.333332061767578,17.77777862548828,10.928445816040039,395577
2005-10-28,17.995464324951172,18.104307174682617,17.723356246948242,18.095237731933594,11.1235933303833,14333
2005-10-31,18.14059066772461,18.594104766845703,18.104307174682617,18.594104766845703,11.430258750915527,12238
2005-11-01,18.49433135986328,18.893423080444336,18.158729553222656,18.249433517456055,11.218379974365234,18522
2005-11-02,18.14059066772461,18.575963973999023,17.98639488220215,18.54875373840332,11.402379989624023,17309
2005-11-03,18.585033416748047,18.585033416748047,18.28571319580078,18.367347717285156,11.290863037109375,4079
2005-11-04,18.294784545898438,18.303855895996094,18.176870346069336,18.303855895996094,11.251832008361816,3197
2005-11-07,18.185941696166992,19.24716567993164,18.185941696166992,19.1927433013916,11.798258781433105,28004
2005-11-08,18.97505760192871,19.120180130004883,18.730159759521484,18.965986251831055,11.658865928649902,3749
2005-11-09,18.920635223388672,19.473922729492188,18.920635223388672,19.083900451660156,11.731342315673828,25688
2005-11-10,19.256235122680664,19.501134872436523,18.829931259155273,19.473922729492188,11.971104621887207,15986
2005-11-11,19.256235122680664,19.501134872436523,19.1655330657959,19.383220672607422,11.91534423828125,6284
2005-11-14,19.564626693725586,19.582765579223633,19.156463623046875,19.1927433013916,11.798258781433105,16427
2005-11-15,19.183673858642578,19.528345108032227,18.902494430541992,19.020408630371094,11.6923189163208,8269
2005-11-16,19.047618865966797,19.219955444335938,18.83900260925293,18.97505760192871,11.664441108703613,6505
2005-11-17,18.97505760192871,19.455781936645508,18.97505760192871,19.4013614654541,11.926501274108887,3859
2005-11-18,19.501134872436523,19.501134872436523,19.274375915527344,19.410430908203125,11.932079315185547,11797
2005-11-21,19.410430908203125,19.410430908203125,18.902494430541992,19.24716567993164,11.83171272277832,16868
2005-11-22,18.97505760192871,19.1655330657959,18.965986251831055,19.138322830200195,11.764801979064941,3969
2005-11-23,19.138322830200195,19.138322830200195,19.120180130004883,19.138322830200195,11.764801979064941,551
2005-11-25,19.002267837524414,19.002267837524414,19.002267837524414,19.002267837524414,11.681168556213379,331
2005-11-28,18.91156578063965,19.274375915527344,18.83900260925293,18.848072052001953,11.586377143859863,15986
2005-11-29,19.047618865966797,19.047618865966797,18.54875373840332,18.712017059326172,11.502742767333984,9151
2005-11-30,18.575963973999023,18.811790466308594,18.521541595458984,18.63038444519043,11.452564239501953,18743
2005-12-01,18.848072052001953,19.492063522338867,18.730159759521484,19.337867736816406,11.887471199035645,13230
2005-12-02,19.092971801757812,19.72789192199707,19.083900451660156,19.646259307861328,12.077042579650879,5072
2005-12-05,19.664398193359375,19.954648971557617,19.346939086914062,19.94557762145996,12.261038780212402,5954
2005-12-06,20.045351028442383,20.40816307067871,19.383220672607422,20.190475463867188,12.411584854125977,13781
2005-12-07,20.045351028442383,20.208616256713867,19.818593978881836,19.909297943115234,12.238741874694824,9592
2005-12-08,19.736961364746094,20.39002227783203,19.72789192199707,20.027210235595703,12.311223030090332,5072
2005-12-09,20.15419578552246,20.37188148498535,19.736961364746094,20.17233657836914,12.400440216064453,10364
2005-12-12,19.954648971557617,20.27210807800293,19.782312393188477,20.181406021118164,12.406015396118164,12679
2005-12-13,20.045351028442383,20.317459106445312,20.045351028442383,20.281179428100586,12.4673490524292,2536
2005-12-14,20.090702056884766,20.843536376953125,20.090702056884766,20.544218063354492,12.678946495056152,18743
2005-12-15,20.380952835083008,20.653060913085938,20.05442237854004,20.335601806640625,12.55019474029541,14774
2005-12-16,20.39002227783203,20.40816307067871,20.15419578552246,20.27210807800293,12.511006355285645,46746
2005-12-19,20.108844757080078,20.27210807800293,19.809524536132812,19.954648971557617,12.31509017944336,11246
2005-12-20,19.700679779052734,20.181406021118164,19.546485900878906,19.764171600341797,12.197532653808594,6836
2005-12-21,19.637187957763672,20.235828399658203,19.501134872436523,19.764171600341797,12.197532653808594,3418
2005-12-22,20.17233657836914,20.226757049560547,19.69161033630371,19.773242950439453,12.203132629394531,5072
2005-12-23,19.60997772216797,20.063491821289062,19.60997772216797,20.05442237854004,12.376663208007812,2756
2005-12-27,19.954648971557617,20.30838966369629,19.873016357421875,20.17233657836914,12.449438095092773,6284
2005-12-28,20.27210807800293,20.780044555664062,19.800453186035156,20.39002227783203,12.583783149719238,15876
2005-12-29,20.625850677490234,20.625850677490234,19.96371841430664,19.96371841430664,12.320686340332031,23483
2005-12-30,19.96371841430664,20.217687606811523,19.428571701049805,19.455781936645508,12.007205963134766,12569
2006-01-03,19.356008529663086,19.501134872436523,18.95691680908203,19.501134872436523,12.035196304321289,13010
2006-01-04,19.31972885131836,19.891155242919922,19.201814651489258,19.546485900878906,12.063187599182129,37044
2006-01-05,19.26530647277832,19.410430908203125,18.866212844848633,19.120180130004883,11.800087928771973,10915
2006-01-06,19.219955444335938,19.909297943115234,18.82086181640625,19.582765579223633,12.085579872131348,9151
2006-01-09,19.428571701049805,19.84580421447754,19.292516708374023,19.619047164916992,12.107965469360352,10915
2006-01-10,19.410430908203125,19.664398193359375,19.31972885131836,19.510204315185547,12.040796279907227,5402
2006-01-11,19.328798294067383,19.328798294067383,18.49433135986328,18.920635223388672,11.676941871643066,39800
2006-01-12,19.083900451660156,19.083900451660156,18.403627395629883,18.53061294555664,11.436237335205078,8710
2006-01-13,18.3582763671875,18.739229202270508,18.213151931762695,18.68480682373047,11.531401634216309,4190
2006-01-17,18.4489803314209,18.85714340209961,18.312925338745117,18.666667938232422,11.52020263671875,6946
2006-01-18,18.3582763671875,18.539682388305664,18.3582763671875,18.403627395629883,11.357872009277344,5072
2006-01-19,18.28571319580078,19.174602508544922,18.28571319580078,19.0748291015625,11.772102355957031,15104
2006-01-20,19.22902488708496,19.22902488708496,18.467119216918945,18.757369995117188,11.576183319091797,350926
2006-01-23,19.038549423217773,19.038549423217773,18.176870346069336,18.76643943786621,11.581778526306152,13892
2006-01-24,18.49433135986328,19.020408630371094,18.458049774169922,19.002267837524414,11.72732162475586,8269
2006-01-25,19.002267837524414,19.002267837524414,18.51247215270996,18.730159759521484,11.559388160705566,23704
2006-01-26,18.965986251831055,18.965986251831055,18.68480682373047,18.757369995117188,11.576183319091797,21168
2006-01-27,18.793651580810547,18.80272102355957,18.594104766845703,18.775510787963867,11.587380409240723,10694
2006-01-30,18.37641716003418,18.91156578063965,18.37641716003418,18.485261917114258,11.408249855041504,4851
2006-01-31,18.54875373840332,18.775510787963867,18.458049774169922,18.76643943786621,11.581778526306152,20066
2006-02-01,19.047618865966797,19.047618865966797,18.41269874572754,18.485261917114258,11.408249855041504,7277
2006-02-02,18.458049774169922,18.458049774169922,17.705215454101562,17.941043853759766,11.072381019592285,20286
2006-02-03,17.741497039794922,18.176870346069336,17.396825790405273,17.941043853759766,11.072381019592285,15545
2006-02-06,17.786848068237305,18.3582763671875,17.732425689697266,18.022676467895508,11.122760772705078,7607
2006-02-07,17.85940933227539,18.131519317626953,17.632652282714844,17.814058303833008,10.994012832641602,7387
2006-02-08,17.7596378326416,18.08616828918457,17.378684997558594,17.5510196685791,10.831680297851562,10364
2006-02-09,17.414966583251953,17.650793075561523,17.405895233154297,17.405895233154297,10.74211311340332,5513
2006-02-10,17.414966583251953,17.723356246948242,17.414966583251953,17.632652282714844,10.88205337524414,6064
2006-02-13,17.750566482543945,17.750566482543945,17.287982940673828,17.333332061767578,10.697331428527832,10143
2006-02-14,17.36961555480957,17.868480682373047,17.278911590576172,17.741497039794922,10.949234008789062,9592
2006-02-15,17.904762268066406,18.639455795288086,17.814058303833008,18.639455795288086,11.50341510772705,30760
2006-02-16,18.485261917114258,18.712017059326172,18.439908981323242,18.539682388305664,11.441841125488281,7497
2006-02-17,18.68480682373047,18.793651580810547,18.349206924438477,18.385488510131836,11.346673965454102,5954
2006-02-21,18.2403621673584,18.78458023071289,18.149660110473633,18.64852523803711,11.509010314941406,22381
2006-02-22,18.739229202270508,19.183673858642578,18.739229202270508,19.05668830871582,11.760908126831055,4741
2006-02-23,18.85714340209961,19.1655330657959,18.693878173828125,18.848072052001953,11.632160186767578,8159
2006-02-24,18.97505760192871,19.410430908203125,18.693878173828125,18.902494430541992,11.665743827819824,9812
2006-02-27,18.14059066772461,18.485261917114258,18.14059066772461,18.303855895996094,11.296292304992676,47187
2006-02-28,18.41269874572754,18.41269874572754,18.14059066772461,18.14059066772461,11.195533752441406,10694
2006-03-01,18.63038444519043,18.63038444519043,18.14059066772461,18.467119216918945,11.397055625915527,42336
2006-03-02,18.312925338745117,18.902494430541992,18.312925338745117,18.403627395629883,11.357872009277344,6725
2006-03-03,18.14059066772461,18.965986251831055,18.14059066772461,18.793651580810547,11.598572731018066,6946
2006-03-06,18.730159759521484,18.74829864501953,18.04988670349121,18.14059066772461,11.195533752441406,16427
2006-03-07,17.959184646606445,18.213151931762695,17.91383171081543,18.04988670349121,11.139554023742676,19845
2006-03-08,18.040815353393555,18.367347717285156,17.93197250366211,18.131519317626953,11.18993854522705,5513
2006-03-09,18.022676467895508,18.231292724609375,17.886621475219727,17.886621475219727,11.038796424865723,7277
2006-03-10,17.959184646606445,18.113378524780273,17.795917510986328,17.941043853759766,11.072381019592285,12789
2006-03-13,18.12244987487793,18.176870346069336,17.841270446777344,17.941043853759766,11.072381019592285,20066
2006-03-14,17.768707275390625,18.367347717285156,17.768707275390625,18.28571319580078,11.28509521484375,41785
2006-03-15,18.195011138916016,18.594104766845703,18.195011138916016,18.34013557434082,11.36830997467041,7277
2006-03-16,18.249433517456055,18.594104766845703,18.249433517456055,18.39455795288086,11.40204906463623,2315
2006-03-17,18.485261917114258,18.811790466308594,18.3582763671875,18.64852523803711,11.559467315673828,61079
2006-03-20,18.521541595458984,18.848072052001953,18.37641716003418,18.594104766845703,11.52573299407959,9592
2006-03-21,17.342403411865234,17.895692825317383,17.124717712402344,17.342403411865234,10.74985122680664,27011
2006-03-22,18.342857360839844,18.39047622680664,18.14285659790039,18.28571319580078,11.334573745727539,22680
2006-03-23,18.27618980407715,18.380952835083008,18.200000762939453,18.266666412353516,11.322771072387695,6825
2006-03-24,18.238094329833984,18.571428298950195,18.209524154663086,18.571428298950195,11.511675834655762,6405
2006-03-27,18.571428298950195,18.809524536132812,18.571428298950195,18.666667938232422,11.570708274841309,6300
2006-03-28,18.75238037109375,18.9714298248291,18.628570556640625,18.628570556640625,11.547099113464355,12705
2006-03-29,18.885713577270508,19.047618865966797,18.71428680419922,19.047618865966797,11.806848526000977,17325
2006-03-30,18.847618103027344,19.133333206176758,18.75238037109375,19.133333206176758,11.859973907470703,7245
2006-03-31,19.009523391723633,19.36190414428711,18.85714340209961,19.352380752563477,11.995757102966309,14385
2006-04-03,19.333332061767578,19.333332061767578,18.83809471130371,19.200000762939453,11.901301383972168,29085
2006-04-04,19.076190948486328,19.238094329833984,18.790475845336914,18.904762268066406,11.718300819396973,20160
2006-04-05,18.895238876342773,19.076190948486328,18.742856979370117,18.742856979370117,11.617936134338379,7245
2006-04-06,18.71428680419922,19.0,18.571428298950195,18.72381019592285,11.606134414672852,7245
2006-04-07,18.666667938232422,18.990476608276367,18.171428680419922,18.27618980407715,11.32867431640625,10290
2006-04-10,18.27618980407715,18.542856216430664,18.190475463867188,18.40952491760254,11.4113187789917,7770
2006-04-11,18.40952491760254,18.60952377319336,18.104761123657227,18.190475463867188,11.275540351867676,9765
2006-04-12,18.104761123657227,18.24761962890625,18.104761123657227,18.104761123657227,11.22240924835205,4830
2006-04-13,18.095237731933594,18.438095092773438,18.095237731933594,18.438095092773438,11.42902946472168,1470
2006-04-17,18.200000762939453,18.238094329833984,17.961904525756836,18.047618865966797,11.186990737915039,9135
2006-04-18,18.114286422729492,18.704761505126953,18.0,18.59047508239746,11.52348518371582,10605
2006-04-19,18.504762649536133,18.94285774230957,18.504762649536133,18.94285774230957,11.74190902709961,9765
2006-04-20,18.809524536132812,19.038095474243164,18.628570556640625,18.790475845336914,11.647457122802734,3465
2006-04-21,19.27618980407715,19.619047164916992,19.066667556762695,19.504762649536133,12.0902099609375,44415
2006-04-24,19.371429443359375,19.685714721679688,19.08571434020996,19.180952072143555,11.889495849609375,47670
2006-04-25,19.14285659790039,19.504762649536133,19.14285659790039,19.504762649536133,12.0902099609375,41055
2006-04-26,19.371429443359375,19.742856979370117,19.371429443359375,19.742856979370117,12.237798690795898,10185
2006-04-27,19.647619247436523,19.952381134033203,19.514286041259766,19.819047927856445,12.285028457641602,26775
2006-04-28,19.647619247436523,19.809524536132812,19.619047164916992,19.75238037109375,12.243704795837402,19320
2006-05-01,19.628570556640625,19.895238876342773,19.5238094329834,19.647619247436523,12.178767204284668,93765
2006-05-02,19.742856979370117,19.78095245361328,19.571428298950195,19.78095245361328,12.261414527893066,35070
2006-05-03,19.676189422607422,19.761905670166016,19.60952377319336,19.628570556640625,12.166955947875977,24465
2006-05-04,19.619047164916992,19.733333587646484,19.238094329833984,19.438095092773438,12.048890113830566,25095
2006-05-05,19.399999618530273,19.495237350463867,19.21904754638672,19.27618980407715,11.948528289794922,8190
2006-05-08,19.428571701049805,19.428571701049805,18.59047508239746,18.666667938232422,11.570708274841309,26880
2006-05-09,18.876190185546875,18.876190185546875,18.60952377319336,18.619047164916992,11.541197776794434,9660
2006-05-10,18.53333282470703,18.53333282470703,18.238094329833984,18.371429443359375,11.387701034545898,30450
2006-05-11,18.342857360839844,18.399999618530273,17.847618103027344,17.866666793823242,11.074822425842285,28770
2006-05-12,17.71428680419922,17.9714298248291,17.504762649536133,17.876190185546875,11.080728530883789,13440
2006-05-15,17.71428680419922,18.0285701751709,17.59047508239746,17.828571319580078,11.051210403442383,10605
2006-05-16,17.94285774230957,18.095237731933594,17.5238094329834,17.542856216430664,10.874109268188477,10395
2006-05-17,17.44761848449707,17.819047927856445,17.428571701049805,17.495237350463867,10.84459114074707,14280
2006-05-18,17.4761905670166,17.94285774230957,17.4761905670166,17.647619247436523,10.939043998718262,13545
2006-05-19,17.514286041259766,18.46666717529297,17.457143783569336,18.238094329833984,11.305057525634766,24045
2006-05-22,18.238094329833984,18.600000381469727,17.72381019592285,18.600000381469727,11.529387474060059,27195
2006-05-23,18.55238151550293,18.809524536132812,18.171428680419922,18.295238494873047,11.34047794342041,23205
2006-05-24,18.28571319580078,18.83809471130371,18.095237731933594,18.809524536132812,11.659261703491211,17115
2006-05-25,18.819047927856445,19.209524154663086,18.799999237060547,19.209524154663086,11.907204627990723,13860
2006-05-26,19.095237731933594,19.4761905670166,19.076190948486328,19.200000762939453,11.901301383972168,12600
2006-05-30,18.9714298248291,19.399999618530273,18.71428680419922,18.9714298248291,11.759621620178223,21945
2006-05-31,18.885713577270508,19.514286041259766,18.885713577270508,19.495237350463867,12.084310531616211,30660
2006-06-01,19.5238094329834,19.847618103027344,19.05714225769043,19.847618103027344,12.302735328674316,36960
2006-06-02,20.0,20.0,19.428571701049805,19.685714721679688,12.20238208770752,21000
2006-06-05,19.5238094329834,19.9809513092041,18.704761505126953,18.923809051513672,11.730107307434082,21000
2006-06-06,18.790475845336914,19.0285701751709,18.40952491760254,18.961904525756836,11.753713607788086,13020
2006-06-07,19.076190948486328,19.647619247436523,19.066667556762695,19.08571434020996,11.830458641052246,7665
2006-06-08,18.952381134033203,20.28571319580078,18.352380752563477,20.16190528869629,12.497549057006836,20580
2006-06-09,20.21904754638672,20.238094329833984,19.600000381469727,19.94285774230957,12.361773490905762,15750
2006-06-12,19.0,19.94285774230957,18.799999237060547,19.761905670166016,12.249601364135742,11340
2006-06-13,19.580951690673828,20.200000762939453,19.580951690673828,19.933332443237305,12.355867385864258,16485
2006-06-14,19.561904907226562,19.799999237060547,19.457143783569336,19.628570556640625,12.224782943725586,11130
2006-06-15,19.847618103027344,19.847618103027344,19.009523391723633,19.133333206176758,11.916345596313477,44310
2006-06-16,19.038095474243164,19.266666412353516,18.619047164916992,19.21904754638672,11.96972942352295,108045
2006-06-19,19.266666412353516,19.266666412353516,18.066667556762695,18.53333282470703,11.5426607131958,35175
2006-06-20,18.399999618530273,18.676189422607422,18.399999618530273,18.419048309326172,11.47148323059082,10815
2006-06-21,18.571428298950195,18.75238037109375,18.24761962890625,18.24761962890625,11.364720344543457,20265
2006-06-22,18.14285659790039,18.21904754638672,17.990476608276367,18.08571434020996,11.263880729675293,9345
2006-06-23,18.0,18.428571701049805,17.9809513092041,18.0,11.210498809814453,16170
2006-06-26,18.114286422729492,18.657142639160156,18.114286422729492,18.495237350463867,11.51893138885498,38430
2006-06-27,19.038095474243164,19.047618865966797,18.0,18.009523391723633,11.2164306640625,19530
2006-06-28,18.0,18.371429443359375,18.0,18.314285278320312,11.406238555908203,11760
2006-06-29,18.542856216430664,19.257143020629883,18.542856216430664,19.047618865966797,11.862959861755371,25305
2006-06-30,18.961904525756836,19.619047164916992,18.4761905670166,19.619047164916992,12.218850135803223,161595
2006-07-03,19.333332061767578,19.600000381469727,19.333332061767578,19.53333282470703,12.165461540222168,2835
2006-07-05,19.295238494873047,19.952381134033203,19.16190528869629,19.933332443237305,12.414587020874023,25410
2006-07-06,19.85714340209961,20.066667556762695,19.761905670166016,19.799999237060547,12.331546783447266,22575
2006-07-07,20.0285701751709,20.0285701751709,19.123809814453125,19.209524154663086,11.963793754577637,17220
2006-07-10,19.123809814453125,19.22857093811035,18.91428565979004,19.05714225769043,11.868889808654785,36540
2006-07-11,18.895238876342773,19.27618980407715,18.571428298950195,19.076190948486328,11.880751609802246,27090
2006-07-12,19.171428680419922,19.314285278320312,18.600000381469727,18.628570556640625,11.601973533630371,5250
2006-07-13,18.685714721679688,18.72381019592285,18.28571319580078,18.28571319580078,11.388442993164062,10185
2006-07-14,18.171428680419922,18.485713958740234,18.114286422729492,18.171428680419922,11.317262649536133,8820
2006-07-17,18.095237731933594,18.399999618530273,18.0,18.333332061767578,11.41810131072998,11550
2006-07-18,18.438095092773438,18.866666793823242,18.16190528869629,18.866666793823242,11.750263214111328,9240
2006-07-19,18.799999237060547,19.71428680419922,18.799999237060547,19.619047164916992,12.218850135803223,13860
2006-07-20,19.75238037109375,19.75238037109375,19.08571434020996,19.333332061767578,12.04090404510498,11550
2006-07-21,19.371429443359375,19.371429443359375,18.419048309326172,19.21904754638672,11.96972942352295,18795
2006-07-24,19.257143020629883,19.78095245361328,19.257143020629883,19.78095245361328,12.319685935974121,19740
2006-07-25,19.847618103027344,19.9809513092041,19.60952377319336,19.9809513092041,12.444247245788574,34440
2006-07-26,19.809524536132812,20.314285278320312,19.30476188659668,20.14285659790039,12.545082092285156,17115
2006-07-27,20.257143020629883,20.314285278320312,19.847618103027344,19.94285774230957,12.42052173614502,9135
2006-07-28,20.457143783569336,20.63809585571289,19.9809513092041,20.114286422729492,12.527286529541016,51555
2006-07-31,20.14285659790039,20.14285659790039,19.628570556640625,19.799999237060547,12.331546783447266,11235
2006-08-01,19.53333282470703,20.190475463867188,19.323810577392578,19.828571319580078,12.349344253540039,20265
2006-08-02,19.790475845336914,19.990476608276367,19.342857360839844,19.63809585571289,12.230713844299316,7980
2006-08-03,19.5238094329834,20.295238494873047,19.380952835083008,20.238094329833984,12.60439395904541,25620
2006-08-04,20.238094329833984,20.333332061767578,19.59047508239746,19.9809513092041,12.444247245788574,28980
2006-08-07,19.809524536132812,20.047618865966797,19.371429443359375,19.71428680419922,12.27816390991211,29505
2006-08-08,19.46666717529297,20.133333206176758,19.066667556762695,19.095237731933594,11.892616271972656,26250
2006-08-09,19.380952835083008,19.895238876342773,18.828571319580078,18.885713577270508,11.762124061584473,21735
2006-08-10,18.77142906188965,19.495237350463867,18.40952491760254,19.352380752563477,12.052767753601074,21525
2006-08-11,19.16190528869629,19.46666717529297,18.990476608276367,19.46666717529297,12.12394905090332,14490
2006-08-14,19.561904907226562,19.91428565979004,19.352380752563477,19.5238094329834,12.159533500671387,11970
2006-08-15,19.819047927856445,20.0,19.666667938232422,19.9809513092041,12.444247245788574,16065
2006-08-16,20.0,20.0,19.495237350463867,19.961904525756836,12.432385444641113,11130
2006-08-17,19.828571319580078,19.990476608276367,19.561904907226562,19.990476608276367,12.450178146362305,9135
2006-08-18,20.095237731933594,20.152381896972656,19.685714721679688,19.961904525756836,12.432385444641113,7035
2006-08-21,19.847618103027344,19.923809051513672,19.380952835083008,19.799999237060547,12.331546783447266,32235
2006-08-22,19.704761505126953,19.923809051513672,19.704761505126953,19.866666793823242,12.37307071685791,21840
2006-08-23,19.91428565979004,19.923809051513672,19.657142639160156,19.78095245361328,12.319685935974121,8295
2006-08-24,19.91428565979004,19.91428565979004,19.580951690673828,19.904762268066406,12.396791458129883,15855
2006-08-25,19.799999237060547,19.809524536132812,19.342857360839844,19.352380752563477,12.052767753601074,16590
2006-08-28,19.399999618530273,19.619047164916992,19.114286422729492,19.352380752563477,12.052767753601074,8715
2006-08-29,19.238094329833984,20.047618865966797,19.14285659790039,19.85714340209961,12.367134094238281,14490
2006-08-30,19.9809513092041,20.561904907226562,19.9809513092041,20.485713958740234,12.75861644744873,4410
2006-08-31,20.619047164916992,20.77142906188965,20.53333282470703,20.71428680419922,12.900970458984375,11445
2006-09-01,20.628570556640625,20.933332443237305,20.628570556640625,20.83809471130371,12.978076934814453,6195
2006-09-05,20.885713577270508,20.961904525756836,20.704761505126953,20.876190185546875,13.001805305480957,10710
2006-09-06,20.761905670166016,20.809524536132812,20.46666717529297,20.46666717529297,12.74675178527832,6405
2006-09-07,20.333332061767578,20.647619247436523,19.9809513092041,20.209524154663086,12.586603164672852,17955
2006-09-08,19.904762268066406,20.190475463867188,19.799999237060547,19.952381134033203,12.42645263671875,11550
2006-09-11,19.895238876342773,20.114286422729492,19.75238037109375,20.095237731933594,12.515421867370605,4515
2006-09-12,20.047618865966797,20.9714298248291,20.047618865966797,20.933332443237305,13.037394523620605,11865
2006-09-13,20.94285774230957,20.94285774230957,20.59047508239746,20.904762268066406,13.078508377075195,8820
2006-09-14,20.72381019592285,20.828571319580078,20.60952377319336,20.828571319580078,13.030841827392578,6615
2006-09-15,20.933332443237305,20.94285774230957,20.647619247436523,20.790475845336914,13.007007598876953,41790
2006-09-18,20.628570556640625,20.904762268066406,20.504762649536133,20.809524536132812,13.0189208984375,8190
2006-09-19,20.923809051513672,20.923809051513672,20.504762649536133,20.85714340209961,13.048712730407715,8715
2006-09-20,20.952381134033203,21.038095474243164,20.600000381469727,21.038095474243164,13.161919593811035,15225
2006-09-21,21.095237731933594,21.095237731933594,20.457143783569336,20.561904907226562,12.864007949829102,33495
2006-09-22,20.40952491760254,20.53333282470703,20.095237731933594,20.21904754638672,12.649506568908691,3885
2006-09-25,20.190475463867188,20.580951690673828,20.104761123657227,20.561904907226562,12.864007949829102,19845
2006-09-26,20.561904907226562,20.59047508239746,20.190475463867188,20.561904907226562,12.864007949829102,20685
2006-09-27,20.4761905670166,20.55238151550293,20.190475463867188,20.495237350463867,12.822298049926758,8505
2006-09-28,20.600000381469727,20.600000381469727,20.190475463867188,20.46666717529297,12.804424285888672,13860
2006-09-29,20.36190414428711,20.571428298950195,20.114286422729492,20.14285659790039,12.60184383392334,12810
2006-10-02,20.133333206176758,20.266666412353516,19.9714298248291,19.9809513092041,12.500555038452148,5460
2006-10-03,20.0,20.314285278320312,19.809524536132812,19.91428565979004,12.458845138549805,7455
2006-10-04,19.847618103027344,20.371429443359375,19.78095245361328,20.371429443359375,12.744841575622559,10710
2006-10-05,20.30476188659668,20.571428298950195,20.28571319580078,20.428571701049805,12.780591011047363,25830
2006-10-06,20.419048309326172,20.44761848449707,20.209524154663086,20.209524154663086,12.643549919128418,6300
2006-10-09,20.257143020629883,20.352380752563477,19.885713577270508,20.352380752563477,12.732925415039062,7665
2006-10-10,20.30476188659668,20.342857360839844,19.9809513092041,20.209524154663086,12.643549919128418,18165
2006-10-11,20.0190486907959,20.08571434020996,19.733333587646484,19.733333587646484,12.345632553100586,15540
2006-10-12,19.952381134033203,20.0,19.600000381469727,19.9809513092041,12.500555038452148,34335
2006-10-13,20.047618865966797,20.16190528869629,19.933332443237305,19.9714298248291,12.49459171295166,23835
2006-10-16,19.9714298248291,19.9714298248291,19.85714340209961,19.904762268066406,12.452884674072266,11550
2006-10-17,19.799999237060547,19.819047927856445,19.676189422607422,19.71428680419922,12.333715438842773,13440
2006-10-18,19.666667938232422,20.342857360839844,19.666667938232422,20.133333206176758,12.595884323120117,11445
2006-10-19,20.009523391723633,20.46666717529297,20.009523391723633,20.266666412353516,12.679296493530273,14595
2006-10-20,20.190475463867188,20.190475463867188,19.83809471130371,19.961904525756836,12.488633155822754,24570
2006-10-23,19.77142906188965,20.257143020629883,19.542856216430664,19.647619247436523,12.29200553894043,21735
2006-10-24,19.666667938232422,19.704761505126953,19.46666717529297,19.5238094329834,12.214550971984863,8505
2006-10-25,19.71428680419922,19.75238037109375,19.619047164916992,19.685714721679688,12.315842628479004,12285
2006-10-26,19.60952377319336,20.0,19.495237350463867,20.0,12.512468338012695,9765
2006-10-27,19.990476608276367,20.27618980407715,19.809524536132812,20.180952072143555,12.625675201416016,19320
2006-10-30,20.0190486907959,20.561904907226562,20.009523391723633,20.485713958740234,12.81634521484375,9660
2006-10-31,20.571428298950195,20.571428298950195,20.209524154663086,20.36190414428711,12.738885879516602,19110
2006-11-01,20.371429443359375,20.40952491760254,19.809524536132812,19.83809471130371,12.411173820495605,28140
2006-11-02,19.72381019592285,20.27618980407715,19.657142639160156,19.923809051513672,12.464798927307129,10710
2006-11-03,20.038095474243164,20.21904754638672,19.75238037109375,20.21904754638672,12.649506568908691,12075
2006-11-06,20.28571319580078,20.504762649536133,19.9714298248291,20.30476188659668,12.703134536743164,36015
2006-11-07,20.190475463867188,20.72381019592285,20.171428680419922,20.485713958740234,12.81634521484375,15750
2006-11-08,20.333332061767578,20.761905670166016,20.323810577392578,20.761905670166016,12.989139556884766,12285
2006-11-09,20.77142906188965,20.77142906188965,20.380952835083008,20.63809585571289,12.911674499511719,10080
2006-11-10,20.742856979370117,20.828571319580078,20.580951690673828,20.828571319580078,13.030841827392578,6825
2006-11-13,20.895238876342773,20.9714298248291,20.790475845336914,20.952381134033203,13.108295440673828,10710
2006-11-14,20.904762268066406,21.333332061767578,20.790475845336914,21.333332061767578,13.34662914276123,13545
2006-11-15,21.30476188659668,21.961904525756836,21.190475463867188,21.75238037109375,13.608795166015625,60900
2006-11-16,21.77142906188965,21.9714298248291,21.666667938232422,21.923809051513672,13.716048240661621,23520
2006-11-17,21.904762268066406,22.171428680419922,21.4761905670166,22.14285659790039,13.853089332580566,314265
2006-11-20,22.047618865966797,22.647619247436523,21.799999237060547,22.647619247436523,14.168874740600586,21210
2006-11-21,22.5238094329834,23.171428680419922,22.5238094329834,23.066667556762695,14.431044578552246,14280
2006-11-22,23.190475463867188,23.190475463867188,23.009523391723633,23.180952072143555,14.502547264099121,5250
2006-11-24,23.076190948486328,23.46666717529297,22.9714298248291,23.457143783569336,14.675333976745605,5040
2006-11-27,23.323810577392578,23.495237350463867,22.828571319580078,23.0285701751709,14.407210350036621,28665
2006-11-28,22.83809471130371,23.171428680419922,22.809524536132812,23.08571434020996,14.442959785461426,9450
2006-11-29,23.27618980407715,23.742856979370117,23.27618980407715,23.71428680419922,14.83621597290039,14595
2006-11-30,23.60952377319336,23.876190185546875,23.561904907226562,23.69523811340332,14.82429027557373,65205
2006-12-01,23.619047164916992,23.628570556640625,22.923809051513672,23.619047164916992,14.776623725891113,25935
2006-12-04,23.619047164916992,23.77142906188965,23.457143783569336,23.77142906188965,14.871956825256348,34125
2006-12-05,23.28571319580078,24.066667556762695,23.28571319580078,23.819047927856445,14.901751518249512,44625
2006-12-06,23.600000381469727,23.876190185546875,23.257143020629883,23.85714340209961,14.925591468811035,21420
2006-12-07,23.809524536132812,24.257143020629883,23.485713958740234,23.961904525756836,14.991125106811523,30660
2006-12-08,23.819047927856445,24.076190948486328,23.666667938232422,23.866666793823242,14.931539535522461,19635
2006-12-11,23.5238094329834,23.78095245361328,23.438095092773438,23.742856979370117,14.854080200195312,14910
2006-12-12,23.799999237060547,23.799999237060547,23.542856216430664,23.657142639160156,14.800461769104004,8610
2006-12-13,23.55238151550293,24.05714225769043,23.5238094329834,24.047618865966797,15.104951858520508,13860
2006-12-14,24.047618865966797,24.05714225769043,23.94285774230957,24.0,15.075039863586426,19005
2006-12-15,24.047618865966797,24.05714225769043,23.542856216430664,23.9714298248291,15.057095527648926,38010
2006-12-18,23.666667938232422,24.047618865966797,23.14285659790039,23.257143020629883,14.60843276977539,27930
2006-12-19,23.180952072143555,23.85714340209961,23.038095474243164,23.83809471130371,14.97334098815918,31185
2006-12-20,23.69523811340332,23.819047927856445,23.352380752563477,23.77142906188965,14.931466102600098,27615
2006-12-21,23.799999237060547,23.799999237060547,23.352380752563477,23.542856216430664,14.787899017333984,9030
2006-12-22,23.342857360839844,23.5238094329834,23.342857360839844,23.5238094329834,14.775936126708984,5040
2006-12-26,23.733333587646484,23.75238037109375,23.647619247436523,23.69523811340332,14.883610725402832,10920
2006-12-27,23.761905670166016,23.809524536132812,23.657142639160156,23.71428680419922,14.895583152770996,29505
2006-12-28,23.59047508239746,24.0285701751709,23.380952835083008,24.009523391723633,15.081025123596191,9135
2006-12-29,24.0,24.047618865966797,23.790475845336914,23.895238876342773,15.009236335754395,16800
2007-01-03,23.828571319580078,24.095237731933594,23.342857360839844,23.94285774230957,15.039152145385742,33075
2007-01-04,23.866666793823242,24.0190486907959,23.704761505126953,23.704761505126953,14.889598846435547,27930
2007-01-05,23.571428298950195,23.666667938232422,22.990476608276367,23.14285659790039,14.536651611328125,31710
2007-01-08,23.076190948486328,23.266666412353516,22.39047622680664,22.5238094329834,14.147808074951172,58590
2007-01-09,22.438095092773438,22.923809051513672,22.438095092773438,22.83809471130371,14.345211029052734,11760
2007-01-10,22.628570556640625,23.009523391723633,22.628570556640625,22.923809051513672,14.39905834197998,9765
2007-01-11,22.876190185546875,23.39047622680664,22.876190185546875,23.0190486907959,14.45887565612793,14595
2007-01-12,23.0,23.5238094329834,23.0,23.40952491760254,14.70414924621582,13440
2007-01-16,23.55238151550293,23.809524536132812,22.83809471130371,23.038095474243164,14.470847129821777,14700
2007-01-17,22.85714340209961,23.22857093811035,22.371429443359375,22.380952835083008,14.058075904846191,17325
2007-01-18,22.266666412353516,22.619047164916992,21.71428680419922,21.904762268066406,13.758971214294434,26670
2007-01-19,22.60952377319336,22.60952377319336,21.71428680419922,22.009523391723633,13.824766159057617,28875
2007-01-22,21.761905670166016,22.485713958740234,21.685714721679688,21.704761505126953,13.633338928222656,21945
2007-01-23,22.16190528869629,22.16190528869629,21.904762268066406,22.076190948486328,13.86665153503418,9450
2007-01-24,22.095237731933594,22.561904907226562,22.095237731933594,22.55238151550293,14.165752410888672,11655
2007-01-25,22.485713958740234,22.83809471130371,21.819047927856445,21.933332443237305,13.776912689208984,12810
2007-01-26,21.83809471130371,22.209524154663086,21.600000381469727,22.209524154663086,13.95040225982666,20370
2007-01-29,22.076190948486328,22.55238151550293,22.076190948486328,22.28571319580078,13.998250007629395,7980
2007-01-30,22.180952072143555,22.399999618530273,22.14285659790039,22.399999618530273,14.070039749145508,18480
2007-01-31,22.323810577392578,22.809524536132812,22.200000762939453,22.580951690673828,14.18370246887207,12285
2007-02-01,22.847618103027344,22.85714340209961,22.666667938232422,22.85714340209961,14.357185363769531,6510
2007-02-02,22.961904525756836,23.095237731933594,22.885713577270508,23.076190948486328,14.494768142700195,10500
2007-02-05,23.05714225769043,23.238094329833984,23.0285701751709,23.114286422729492,14.518698692321777,15855
2007-02-06,23.22857093811035,23.333332061767578,23.133333206176758,23.323810577392578,14.650307655334473,8610
2007-02-07,23.28571319580078,23.333332061767578,22.9714298248291,23.180952072143555,14.560578346252441,10290
2007-02-08,23.323810577392578,23.323810577392578,23.133333206176758,23.238094329833984,14.596466064453125,26145
2007-02-09,23.27618980407715,23.27618980407715,22.59047508239746,22.866666793823242,14.363155364990234,6720
2007-02-12,22.990476608276367,23.114286422729492,22.580951690673828,22.742856979370117,14.285398483276367,5880
2007-02-13,22.600000381469727,22.904762268066406,22.600000381469727,22.704761505126953,14.261463165283203,8400
2007-02-14,22.704761505126953,22.75238037109375,22.200000762939453,22.428571701049805,14.087987899780273,11760
2007-02-15,22.59047508239746,22.666667938232422,22.0285701751709,22.295238494873047,14.004236221313477,13545
2007-02-16,22.295238494873047,22.314285278320312,21.847618103027344,22.076190948486328,13.86665153503418,13755
2007-02-20,21.923809051513672,22.742856979370117,21.828571319580078,22.504762649536133,14.13584041595459,10080
2007-02-21,22.333332061767578,22.733333587646484,22.333332061767578,22.55238151550293,14.165752410888672,7875
2007-02-22,22.419048309326172,22.619047164916992,22.24761962890625,22.55238151550293,14.165752410888672,19005
2007-02-23,22.4761905670166,22.60952377319336,22.27618980407715,22.44761848449707,14.099946975708008,11865
2007-02-26,22.428571701049805,22.428571701049805,21.542856216430664,21.71428680419922,13.639327049255371,14280
2007-02-27,21.514286041259766,21.733333587646484,20.133333206176758,20.22857093811035,12.70610523223877,23205
2007-02-28,20.133333206176758,20.952381134033203,20.104761123657227,20.828571319580078,13.08298397064209,18900
2007-03-01,20.28571319580078,21.190475463867188,20.104761123657227,20.961904525756836,13.166728019714355,14700
2007-03-02,20.819047927856445,20.866666793823242,20.190475463867188,20.428571701049805,12.831733703613281,27195
2007-03-05,20.238094329833984,20.94285774230957,19.85714340209961,20.009523391723633,12.56851577758789,15015
2007-03-06,20.27618980407715,20.923809051513672,20.238094329833984,20.676189422607422,12.987271308898926,8925
2007-03-07,20.59047508239746,20.676189422607422,20.009523391723633,20.40952491760254,12.819769859313965,16170
2007-03-08,20.53333282470703,20.619047164916992,20.114286422729492,20.371429443359375,12.795841217041016,10080
2007-03-09,20.60952377319336,20.60952377319336,20.009523391723633,20.399999618530273,12.813783645629883,13545
2007-03-12,20.40952491760254,20.799999237060547,20.40952491760254,20.799999237060547,13.065037727355957,6930
2007-03-13,20.69523811340332,20.961904525756836,20.16190528869629,20.16190528869629,12.664233207702637,21315
2007-03-14,20.0190486907959,20.4761905670166,19.561904907226562,20.333332061767578,12.831920623779297,7665
2007-03-15,20.36190414428711,21.200000762939453,20.36190414428711,21.0285701751709,13.270661354064941,12915
2007-03-16,21.08571434020996,21.08571434020996,20.60952377319336,20.60952377319336,13.006217956542969,46200
2007-03-19,20.704761505126953,21.104761123657227,20.333332061767578,20.457143783569336,12.910048484802246,20370
2007-03-20,20.46666717529297,21.08571434020996,20.46666717529297,20.952381134033203,13.222582817077637,8085
2007-03-21,21.149999618530273,22.170000076293945,20.84000015258789,22.170000076293945,13.990999221801758,17900
2007-03-22,22.350000381469727,23.09000015258789,22.329999923706055,23.079999923706055,14.565278053283691,15800
2007-03-23,23.1299991607666,23.350000381469727,22.809999465942383,23.1200008392334,14.590526580810547,8900
2007-03-26,23.030000686645508,23.110000610351562,22.959999084472656,23.079999923706055,14.565278053283691,23400
2007-03-27,22.920000076293945,23.049999237060547,22.690000534057617,22.760000228881836,14.36333179473877,13200
2007-03-28,22.600000381469727,22.729999542236328,22.25,22.25,14.041483879089355,4700
2007-03-29,22.670000076293945,22.979999542236328,22.200000762939453,22.280000686645508,14.06041431427002,8900
2007-03-30,22.389999389648438,23.049999237060547,22.350000381469727,22.610000610351562,14.268671035766602,16200
2007-04-02,22.610000610351562,22.610000610351562,21.989999771118164,22.40999984741211,14.142454147338867,12900
2007-04-03,22.450000762939453,22.90999984741211,22.31999969482422,22.440000534057617,14.161388397216797,25200
2007-04-04,22.34000015258789,22.3700008392334,22.190000534057617,22.360000610351562,14.110899925231934,4300
2007-04-05,22.350000381469727,22.350000381469727,22.200000762939453,22.270000457763672,14.054102897644043,5900
2007-04-09,22.25,22.420000076293945,21.760000228881836,22.260000228881836,14.047796249389648,18500
2007-04-10,22.260000228881836,22.260000228881836,21.75,21.8799991607666,13.80798053741455,7600
2007-04-11,22.010000228881836,22.010000228881836,20.299999237060547,20.510000228881836,12.943411827087402,76900
2007-04-12,20.3799991607666,20.6299991607666,20.239999771118164,20.549999237060547,12.968648910522461,21300
2007-04-13,20.450000762939453,20.450000762939453,19.889999389648438,20.350000381469727,12.842440605163574,20400
2007-04-16,20.420000076293945,20.760000228881836,20.420000076293945,20.690000534057617,13.056999206542969,13700
2007-04-17,20.329999923706055,20.709999084472656,20.219999313354492,20.270000457763672,12.791953086853027,7600
2007-04-18,20.280000686645508,20.510000228881836,20.100000381469727,20.260000228881836,12.78564167022705,7300
2007-04-19,19.950000762939453,19.950000762939453,19.200000762939453,19.459999084472656,12.280780792236328,13400
2007-04-20,19.780000686645508,19.780000686645508,19.280000686645508,19.479999542236328,12.293396949768066,23800
2007-04-23,19.610000610351562,19.670000076293945,19.1299991607666,19.299999237060547,12.179801940917969,20300
2007-04-24,19.350000381469727,19.389999389648438,18.84000015258789,19.020000457763672,12.003103256225586,20400
2007-04-25,19.200000762939453,19.600000381469727,19.200000762939453,19.549999237060547,12.337571144104004,13400
2007-04-26,19.450000762939453,19.719999313354492,19.139999389648438,19.25,12.148247718811035,10300
2007-04-27,19.690000534057617,19.700000762939453,19.030000686645508,19.09000015258789,12.047283172607422,8600
2007-04-30,19.290000915527344,19.290000915527344,18.260000228881836,18.290000915527344,11.542414665222168,26200
2007-05-01,18.18000030517578,18.34000015258789,17.979999542236328,18.260000228881836,11.523479461669922,10500
2007-05-02,18.350000381469727,18.899999618530273,18.149999618530273,18.81999969482422,11.876885414123535,8300
2007-05-03,18.950000762939453,18.950000762939453,18.56999969482422,18.6200008392334,11.750672340393066,7000
2007-05-04,18.6200008392334,18.8799991607666,17.979999542236328,18.43000030517578,11.630772590637207,10400
2007-05-07,18.540000915527344,18.549999237060547,18.040000915527344,18.139999389648438,11.447751998901367,5500
2007-05-08,18.010000228881836,18.1299991607666,17.809999465942383,17.969999313354492,11.340471267700195,15400
2007-05-09,17.780000686645508,18.200000762939453,17.780000686645508,18.1200008392334,11.43513011932373,8700
2007-05-10,17.940000534057617,18.059999465942383,17.270000457763672,17.459999084472656,11.0186185836792,27400
2007-05-11,17.31999969482422,18.309999465942383,17.31999969482422,17.920000076293945,11.308917045593262,214400
2007-05-14,17.75,17.809999465942383,17.450000762939453,17.6299991607666,11.125904083251953,24000
2007-05-15,17.790000915527344,18.0,17.260000228881836,17.31999969482422,10.930272102355957,140700
2007-05-16,17.40999984741211,17.760000228881836,17.299999237060547,17.639999389648438,11.132216453552246,14600
2007-05-17,17.780000686645508,17.899999618530273,17.170000076293945,17.6200008392334,11.119592666625977,21200
2007-05-18,17.6299991607666,17.889999389648438,17.299999237060547,17.790000915527344,11.226874351501465,19500
2007-05-21,17.959999084472656,18.43000030517578,17.860000610351562,18.040000915527344,11.38464641571045,5400
2007-05-22,17.969999313354492,18.770000457763672,17.969999313354492,18.68000030517578,11.788537979125977,8100
2007-05-23,18.440000534057617,18.899999618530273,18.43000030517578,18.479999542236328,11.662322998046875,16900
2007-05-24,18.43000030517578,18.75,17.969999313354492,18.030000686645508,11.378335952758789,11300
2007-05-25,18.190000534057617,18.56999969482422,17.889999389648438,18.540000915527344,11.700185775756836,10100
2007-05-29,18.649999618530273,18.989999771118164,18.549999237060547,18.979999542236328,11.97785758972168,7400
2007-05-30,18.809999465942383,19.0,18.3700008392334,18.989999771118164,11.984169960021973,10000
2007-05-31,18.959999084472656,19.389999389648438,18.829999923706055,19.06999969482422,12.03465747833252,21300
2007-06-01,19.399999618530273,19.829999923706055,19.170000076293945,19.31999969482422,12.192427635192871,111500
2007-06-04,19.15999984741211,19.40999984741211,18.850000381469727,19.309999465942383,12.186117172241211,126700
2007-06-05,19.170000076293945,19.170000076293945,18.829999923706055,18.979999542236328,11.97785758972168,10400
2007-06-06,19.100000381469727,19.100000381469727,18.489999771118164,18.790000915527344,11.85795783996582,11500
2007-06-07,18.65999984741211,18.68000030517578,18.170000076293945,18.5,11.67494010925293,26300
2007-06-08,18.420000076293945,19.049999237060547,18.1200008392334,18.68000030517578,11.788537979125977,9200
2007-06-11,18.670000076293945,19.059999465942383,18.670000076293945,18.84000015258789,11.889509201049805,6900
2007-06-12,18.690000534057617,19.06999969482422,18.389999389648438,18.639999389648438,11.763291358947754,22900
2007-06-13,18.31999969482422,18.860000610351562,18.110000610351562,18.75,11.902953147888184,24100
2007-06-14,18.84000015258789,19.309999465942383,18.3700008392334,18.3700008392334,11.661720275878906,40400
2007-06-15,18.799999237060547,19.399999618530273,18.40999984741211,18.899999618530273,11.998173713684082,60200
2007-06-18,18.739999771118164,19.0,17.860000610351562,17.8700008392334,11.344307899475098,29500
2007-06-19,17.829999923706055,18.209999084472656,17.170000076293945,18.209999084472656,11.560153007507324,18900
2007-06-20,17.739999771118164,18.579999923706055,17.200000762939453,17.309999465942383,10.988808631896973,84100
2007-06-21,17.25,17.540000915527344,16.559999465942383,16.84000015258789,10.69044303894043,65600
2007-06-22,16.850000381469727,16.920000076293945,16.3700008392334,16.3700008392334,10.392067909240723,139400
2007-06-25,16.309999465942383,16.75,15.789999961853027,16.079999923706055,10.207971572875977,66600
2007-06-26,16.219999313354492,17.149999618530273,15.989999771118164,16.6299991607666,10.557125091552734,137400
2007-06-27,16.360000610351562,17.25,16.260000228881836,17.25,10.95072078704834,33300
2007-06-28,17.290000915527344,17.350000381469727,16.799999237060547,17.079999923706055,10.842796325683594,16900
2007-06-29,17.209999084472656,17.280000686645508,16.469999313354492,16.59000015258789,10.531734466552734,24000
2007-07-02,16.739999771118164,16.8799991607666,16.530000686645508,16.809999465942383,10.671393394470215,27700
2007-07-03,16.889999389648438,17.100000381469727,16.709999084472656,16.940000534057617,10.753924369812012,19600
2007-07-05,16.899999618530273,17.15999984741211,16.829999923706055,16.889999389648438,10.722184181213379,6200
2007-07-06,17.059999465942383,17.420000076293945,16.81999969482422,17.110000610351562,10.86184310913086,19500
2007-07-09,16.959999084472656,18.25,16.959999084472656,17.469999313354492,11.090378761291504,81700
2007-07-10,17.309999465942383,17.40999984741211,16.860000610351562,16.979999542236328,10.779315948486328,29800
2007-07-11,17.43000030517578,17.43000030517578,16.84000015258789,17.1299991607666,10.87453556060791,37400
2007-07-12,17.200000762939453,18.549999237060547,17.100000381469727,18.229999542236328,11.572845458984375,79100
2007-07-13,18.34000015258789,18.3799991607666,17.780000686645508,18.0,11.426836013793945,12900
2007-07-16,18.020000457763672,18.059999465942383,17.540000915527344,17.68000030517578,11.223690032958984,12800
2007-07-17,17.510000228881836,18.200000762939453,17.440000534057617,17.8700008392334,11.344307899475098,29900
2007-07-18,17.739999771118164,18.030000686645508,17.25,17.75,11.268131256103516,26900
2007-07-19,18.0,18.09000015258789,17.65999984741211,17.860000610351562,11.337961196899414,19600
2007-07-20,17.81999969482422,18.079999923706055,17.34000015258789,17.56999969482422,11.153864860534668,38400
2007-07-23,17.719999313354492,18.100000381469727,17.270000457763672,17.399999618530273,11.045939445495605,16900
2007-07-24,17.170000076293945,17.5,16.690000534057617,17.020000457763672,10.804707527160645,69400
2007-07-25,17.0,17.65999984741211,16.309999465942383,17.040000915527344,10.81740665435791,58600
2007-07-26,16.729999542236328,16.940000534057617,16.040000915527344,16.34000015258789,10.373026847839355,236800
2007-07-27,16.31999969482422,16.8700008392334,15.8100004196167,16.260000228881836,10.322242736816406,41800
2007-07-30,16.899999618530273,17.0,15.800000190734863,16.34000015258789,10.373026847839355,31000
2007-07-31,16.520000457763672,16.979999542236328,15.350000381469727,15.4399995803833,9.801688194274902,41200
2007-08-01,15.399999618530273,16.18000030517578,14.779999732971191,15.09000015258789,9.579495429992676,194800
2007-08-02,15.239999771118164,15.880000114440918,14.850000381469727,15.09000015258789,9.579495429992676,22500
2007-08-03,15.010000228881836,15.350000381469727,14.550000190734863,14.779999732971191,9.382702827453613,54300
2007-08-06,14.819999694824219,15.600000381469727,14.649999618530273,15.329999923706055,9.731855392456055,82700
2007-08-07,15.270000457763672,15.350000381469727,14.75,14.789999961853027,9.389050483703613,26200
2007-08-08,14.979999542236328,15.510000228881836,14.739999771118164,15.390000343322754,9.76994514465332,66100
2007-08-09,14.970000267028809,15.350000381469727,14.760000228881836,15.210000038146973,9.655677795410156,62700
2007-08-10,15.0,16.239999771118164,15.0,16.09000015258789,10.214323043823242,80200
2007-08-13,16.309999465942383,16.979999542236328,15.600000381469727,16.010000228881836,10.163535118103027,23100
2007-08-14,16.010000228881836,16.229999542236328,14.899999618530273,14.899999618530273,9.458878517150879,44400
2007-08-15,14.789999961853027,15.050000190734863,14.75,14.890000343322754,9.452531814575195,60500
2007-08-16,14.8100004196167,16.239999771118164,14.779999732971191,16.100000381469727,10.220672607421875,46600
2007-08-17,17.0,17.0,14.760000228881836,16.079999923706055,10.207971572875977,59100
2007-08-20,16.59000015258789,16.59000015258789,15.350000381469727,16.469999313354492,10.455554008483887,22300
2007-08-21,16.31999969482422,16.31999969482422,15.720000267028809,15.930000305175781,10.112747192382812,38100
2007-08-22,16.149999618530273,16.3700008392334,15.649999618530273,15.75,9.998481750488281,20300
2007-08-23,15.800000190734863,16.15999984741211,15.079999923706055,15.229999542236328,9.66837215423584,28600
2007-08-24,15.390000343322754,15.4399995803833,15.050000190734863,15.149999618530273,9.617587089538574,20600
2007-08-27,15.609999656677246,15.75,14.890000343322754,15.260000228881836,9.687417984008789,32200
2007-08-28,15.130000114440918,15.609999656677246,14.949999809265137,15.600000381469727,9.9032564163208,77700
2007-08-29,15.600000381469727,15.960000038146973,15.010000228881836,15.25,9.681068420410156,30100
2007-08-30,15.119999885559082,15.359999656677246,15.020000457763672,15.210000038146973,9.655677795410156,14500
2007-08-31,15.449999809265137,15.630000114440918,15.149999618530273,15.199999809265137,9.649330139160156,21900
2007-09-04,15.1899995803833,15.420000076293945,15.149999618530273,15.279999732971191,9.700114250183105,25100
2007-09-05,15.149999618530273,15.220000267028809,14.920000076293945,14.920000076293945,9.471578598022461,16000
2007-09-06,15.0,15.09000015258789,14.859999656677246,14.979999542236328,9.509668350219727,13400
2007-09-07,14.850000381469727,14.970000267028809,14.75,14.819999694824219,9.408095359802246,19400
2007-09-10,14.899999618530273,14.960000038146973,14.550000190734863,14.699999809265137,9.331916809082031,17300
2007-09-11,14.75,14.979999542236328,14.550000190734863,14.75,9.36365795135498,23400
2007-09-12,14.670000076293945,14.800000190734863,14.550000190734863,14.609999656677246,9.274782180786133,33700
2007-09-13,14.619999885559082,14.699999809265137,14.399999618530273,14.430000305175781,9.160510063171387,36300
2007-09-14,14.34000015258789,14.520000457763672,14.170000076293945,14.380000114440918,9.128772735595703,30400
2007-09-17,14.420000076293945,14.420000076293945,14.229999542236328,14.319999694824219,9.090682983398438,16400
2007-09-18,14.369999885559082,14.720000267028809,14.0,14.600000381469727,9.2684326171875,46100
2007-09-19,14.6899995803833,15.5,14.5600004196167,15.489999771118164,9.908075332641602,57500
2007-09-20,15.449999809265137,15.8100004196167,15.260000228881836,15.510000228881836,9.920868873596191,29600
2007-09-21,15.5600004196167,15.899999618530273,15.359999656677246,15.600000381469727,9.978436470031738,64700
2007-09-24,15.569999694824219,16.190000534057617,15.020000457763672,15.899999618530273,10.170328140258789,37300
2007-09-25,15.880000114440918,16.09000015258789,15.5,16.010000228881836,10.240691184997559,36900
2007-09-26,16.100000381469727,16.100000381469727,15.989999771118164,16.030000686645508,10.253483772277832,17300
2007-09-27,16.170000076293945,16.200000762939453,15.970000267028809,16.200000762939453,10.362225532531738,15900
2007-09-28,16.25,16.270000457763672,15.529999732971191,15.84000015258789,10.131951332092285,16400
2007-10-01,15.970000267028809,16.399999618530273,15.630000114440918,16.170000076293945,10.343034744262695,75700
2007-10-02,16.170000076293945,17.329999923706055,16.110000610351562,17.290000915527344,11.059438705444336,51000
2007-10-03,17.020000457763672,17.770000457763672,16.760000228881836,16.950000762939453,10.84195613861084,45900
2007-10-04,16.989999771118164,17.520000457763672,16.90999984741211,17.350000381469727,11.097817420959473,18400
2007-10-05,17.450000762939453,17.950000762939453,16.959999084472656,17.940000534057617,11.475203514099121,38300
2007-10-08,17.940000534057617,18.31999969482422,17.770000457763672,18.0,11.513583183288574,24500
2007-10-09,18.020000457763672,18.020000457763672,17.389999389648438,17.790000915527344,11.379256248474121,25400
2007-10-10,17.790000915527344,18.030000686645508,17.6299991607666,17.989999771118164,11.507182121276855,29000
2007-10-11,18.040000915527344,18.06999969482422,16.979999542236328,17.020000457763672,10.88673210144043,29400
2007-10-12,17.0,17.290000915527344,16.530000686645508,17.270000457763672,11.046643257141113,15900
2007-10-15,17.209999084472656,17.209999084472656,15.989999771118164,16.190000534057617,10.355830192565918,35100
2007-10-16,16.010000228881836,16.690000534057617,16.010000228881836,16.209999084472656,10.368620872497559,26000
2007-10-17,16.399999618530273,16.540000915527344,16.049999237060547,16.530000686645508,10.573307037353516,18800
2007-10-18,15.829999923706055,16.790000915527344,15.829999923706055,16.760000228881836,10.720428466796875,10700
2007-10-19,16.84000015258789,16.84000015258789,15.229999542236328,15.670000076293945,10.023213386535645,63800
2007-10-22,15.720000267028809,16.329999923706055,15.229999542236328,15.510000228881836,9.920868873596191,43500
2007-10-23,15.75,16.93000030517578,15.75,16.850000381469727,10.777995109558105,37100
2007-10-24,16.639999389648438,16.639999389648438,14.779999732971191,14.970000267028809,9.575461387634277,71200
2007-10-25,14.989999771118164,15.699999809265137,14.989999771118164,15.4399995803833,9.876096725463867,33500
2007-10-26,15.630000114440918,15.930000305175781,15.34000015258789,15.65999984741211,10.016813278198242,14000
2007-10-29,15.680000305175781,15.920000076293945,15.550000190734863,15.720000267028809,10.055191993713379,11300
2007-10-30,15.59000015258789,15.890000343322754,15.180000305175781,15.34000015258789,9.812131881713867,40500
2007-10-31,15.399999618530273,15.710000038146973,15.34000015258789,15.449999809265137,9.882488250732422,35700
2007-11-01,15.199999809265137,15.359999656677246,14.180000305175781,14.329999923706055,9.166089057922363,58200
2007-11-02,14.529999732971191,15.239999771118164,14.399999618530273,14.670000076293945,9.383569717407227,21100
2007-11-05,14.779999732971191,15.109999656677246,14.1899995803833,15.0,9.594653129577637,50000
2007-11-06,14.770000457763672,15.520000457763672,14.770000457763672,15.5,9.914475440979004,13100
2007-11-07,15.34000015258789,15.489999771118164,14.40999984741211,14.510000228881836,9.281225204467773,23900
2007-11-08,15.170000076293945,15.270000457763672,14.470000267028809,15.270000457763672,9.767356872558594,16800
2007-11-09,15.09000015258789,15.819999694824219,14.550000190734863,15.760000228881836,10.080775260925293,21700
2007-11-12,15.6899995803833,16.450000762939453,15.050000190734863,16.31999969482422,10.438982963562012,27300
2007-11-13,16.440000534057617,17.3799991607666,16.15999984741211,17.3799991607666,11.117003440856934,28600
2007-11-14,17.450000762939453,17.450000762939453,16.610000610351562,17.219999313354492,11.01466178894043,19500
2007-11-15,17.1200008392334,17.469999313354492,17.06999969482422,17.3700008392334,11.110610008239746,11700
2007-11-16,17.40999984741211,17.450000762939453,16.540000915527344,16.6200008392334,10.63087272644043,18300
2007-11-19,16.43000030517578,16.43000030517578,14.90999984741211,15.359999656677246,9.824925422668457,31900
2007-11-20,15.329999923706055,15.329999923706055,14.649999618530273,15.109999656677246,9.66501235961914,28700
2007-11-21,15.149999618530273,15.710000038146973,14.680000305175781,15.600000381469727,9.978436470031738,30600
2007-11-23,15.890000343322754,15.890000343322754,15.640000343322754,15.800000190734863,10.106366157531738,2200
2007-11-26,15.779999732971191,15.880000114440918,15.210000038146973,15.380000114440918,9.83771800994873,18100
2007-11-27,15.010000228881836,15.010000228881836,14.09000015258789,14.899999618530273,9.530686378479004,49800
2007-11-28,15.029999732971191,16.139999389648438,14.729999542236328,16.1200008392334,10.311053276062012,34100
2007-11-29,16.020000457763672,16.09000015258789,15.819999694824219,15.819999694824219,10.119161605834961,12900
2007-11-30,16.079999923706055,16.3700008392334,15.819999694824219,16.25,10.394206047058105,35400
2007-12-03,15.930000305175781,16.149999618530273,15.84000015258789,16.0,10.234293937683105,18800
2007-12-04,15.979999542236328,15.979999542236328,15.170000076293945,15.319999694824219,9.799336433410645,26600
2007-12-05,15.619999885559082,16.899999618530273,15.479999542236328,16.889999389648438,10.803581237792969,48500
2007-12-06,16.809999465942383,16.93000030517578,16.299999237060547,16.93000030517578,10.8291654586792,21100
2007-12-07,17.040000915527344,17.040000915527344,15.989999771118164,16.459999084472656,10.52853012084961,12600
2007-12-10,16.469999313354492,16.68000030517578,16.239999771118164,16.530000686645508,10.573307037353516,10500
2007-12-11,16.6299991607666,16.6299991607666,15.850000381469727,15.890000343322754,10.163930892944336,13500
2007-12-12,16.34000015258789,16.700000762939453,16.34000015258789,16.639999389648438,10.643668174743652,14400
2007-12-13,16.459999084472656,16.540000915527344,15.899999618530273,16.540000915527344,10.57970142364502,16800
2007-12-14,16.280000686645508,16.350000381469727,15.770000457763672,15.770000457763672,10.087176322937012,14300
2007-12-17,15.739999771118164,15.930000305175781,14.739999771118164,15.149999618530273,9.690597534179688,23400
2007-12-18,15.279999732971191,16.309999465942383,15.260000228881836,16.290000915527344,10.419794082641602,22400
2007-12-19,16.479999542236328,17.239999771118164,16.270000457763672,16.969999313354492,10.928545951843262,19500
2007-12-20,17.059999465942383,17.3799991607666,16.239999771118164,17.3799991607666,11.192580223083496,18600
2007-12-21,17.729999542236328,17.809999465942383,16.780000686645508,17.809999465942383,11.469498634338379,79700
2007-12-24,17.5,17.84000015258789,17.31999969482422,17.829999923706055,11.482375144958496,29000
2007-12-26,17.639999389648438,18.0,17.639999389648438,17.780000686645508,11.45018196105957,36600
2007-12-27,17.8799991607666,17.90999984741211,16.639999389648438,16.770000457763672,10.799744606018066,17800
2007-12-28,17.059999465942383,17.84000015258789,16.170000076293945,16.190000534057617,10.426233291625977,13500
2007-12-31,16.0,16.530000686645508,15.670000076293945,16.530000686645508,10.645188331604004,27800
2008-01-02,16.3700008392334,16.530000686645508,15.369999885559082,15.609999656677246,10.052715301513672,30800
2008-01-03,15.529999732971191,15.9399995803833,15.15999984741211,15.25,9.820878982543945,23000
2008-01-04,15.0600004196167,15.770000457763672,14.630000114440918,14.899999618530273,9.59548282623291,16800
2008-01-07,15.0,15.329999923706055,14.40999984741211,14.670000076293945,9.44736385345459,25200
2008-01-08,14.680000305175781,15.270000457763672,14.380000114440918,14.550000190734863,9.370080947875977,32300
2008-01-09,14.489999771118164,15.40999984741211,14.229999542236328,15.380000114440918,9.904600143432617,23000
2008-01-10,15.170000076293945,16.299999237060547,14.630000114440918,15.869999885559082,10.220152854919434,18400
2008-01-11,15.600000381469727,16.100000381469727,15.1899995803833,15.1899995803833,9.782242774963379,18100
2008-01-14,15.390000343322754,16.100000381469727,15.079999923706055,15.079999923706055,9.711402893066406,10700
2008-01-15,14.8100004196167,15.579999923706055,14.8100004196167,15.579999923706055,10.033394813537598,40000
2008-01-16,15.510000228881836,16.079999923706055,14.720000267028809,15.890000343322754,10.2330322265625,34400
2008-01-17,15.789999961853027,15.789999961853027,14.600000381469727,14.899999618530273,9.59548282623291,32700
2008-01-18,14.140000343322754,15.5600004196167,14.140000343322754,14.59000015258789,9.395846366882324,34400
2008-01-22,14.539999961853027,15.850000381469727,14.539999961853027,15.420000076293945,9.930357933044434,28000
2008-01-23,15.09000015258789,17.90999984741211,15.09000015258789,17.170000076293945,11.057339668273926,92900
2008-01-24,16.90999984741211,17.600000381469727,16.360000610351562,16.780000686645508,10.806185722351074,71000
2008-01-25,17.059999465942383,17.360000610351562,16.469999313354492,16.489999771118164,10.619428634643555,17200
2008-01-28,16.489999771118164,17.600000381469727,16.09000015258789,17.559999465942383,11.308500289916992,22000
2008-01-29,17.690000534057617,17.979999542236328,16.809999465942383,17.56999969482422,11.314942359924316,54400
2008-01-30,17.450000762939453,17.8799991607666,17.049999237060547,17.299999237060547,11.141063690185547,48300
2008-01-31,17.280000686645508,18.3799991607666,16.670000076293945,18.350000381469727,11.817255020141602,41100
2008-02-01,18.389999389648438,19.100000381469727,17.639999389648438,18.469999313354492,11.894536972045898,16000
2008-02-04,18.200000762939453,18.420000076293945,17.1200008392334,17.700000762939453,11.398663520812988,18300
2008-02-05,17.309999465942383,17.450000762939453,16.40999984741211,16.649999618530273,10.7224702835083,19500
2008-02-06,16.729999542236328,18.540000915527344,16.729999542236328,17.020000457763672,10.960745811462402,14400
2008-02-07,16.989999771118164,17.969999313354492,16.600000381469727,17.219999313354492,11.089547157287598,17600
2008-02-08,17.049999237060547,17.809999465942383,17.049999237060547,17.25,11.108864784240723,7700
2008-02-11,17.229999542236328,17.329999923706055,16.729999542236328,16.799999237060547,10.81906509399414,16200
2008-02-12,17.190000534057617,17.549999237060547,16.829999923706055,17.100000381469727,11.012262344360352,16800
2008-02-13,17.280000686645508,17.649999618530273,16.959999084472656,17.6200008392334,11.34714126586914,15300
2008-02-14,17.0,17.329999923706055,16.350000381469727,16.540000915527344,10.651626586914062,23600
2008-02-15,16.479999542236328,17.170000076293945,16.360000610351562,16.399999618530273,10.561470985412598,15500
2008-02-19,16.649999618530273,16.8799991607666,16.09000015258789,16.09000015258789,10.361834526062012,13800
2008-02-20,16.010000228881836,16.8799991607666,16.010000228881836,16.8799991607666,10.870587348937988,13800
2008-02-21,16.889999389648438,17.770000457763672,16.5,16.520000457763672,10.638747215270996,18800
2008-02-22,16.56999969482422,17.149999618530273,16.0,16.489999771118164,10.619428634643555,23300
2008-02-25,16.68000030517578,17.299999237060547,16.25,17.25,11.108864784240723,21400
2008-02-26,17.18000030517578,17.75,16.770000457763672,17.350000381469727,11.173262596130371,21400
2008-02-27,17.149999618530273,17.450000762939453,16.829999923706055,17.1299991607666,11.031582832336426,13000
2008-02-28,16.959999084472656,17.219999313354492,16.56999969482422,17.049999237060547,10.98006534576416,16400
2008-02-29,16.809999465942383,17.100000381469727,16.290000915527344,16.360000610351562,10.535710334777832,21300
2008-03-03,17.15999984741211,17.15999984741211,16.0,16.110000610351562,10.374714851379395,26700
2008-03-04,16.010000228881836,16.3700008392334,15.380000114440918,15.609999656677246,10.052715301513672,41800
2008-03-05,15.75,16.010000228881836,14.989999771118164,15.100000381469727,9.724278450012207,17300
2008-03-06,15.050000190734863,15.479999542236328,14.949999809265137,14.960000038146973,9.634119033813477,26100
2008-03-07,14.829999923706055,15.5,14.8100004196167,14.899999618530273,9.59548282623291,22600
2008-03-10,15.020000457763672,15.529999732971191,14.819999694824219,15.0600004196167,9.698521614074707,15600
2008-03-11,15.470000267028809,17.479999542236328,15.25,17.459999084472656,11.244099617004395,21700
2008-03-12,17.40999984741211,20.600000381469727,17.09000015258789,17.219999313354492,11.089547157287598,91200
2008-03-13,17.0,18.229999542236328,16.309999465942383,17.68000030517578,11.385778427124023,21300
2008-03-14,17.84000015258789,18.030000686645508,16.90999984741211,16.959999084472656,10.922107696533203,8300
2008-03-17,16.510000228881836,18.299999237060547,16.510000228881836,17.3799991607666,11.192580223083496,21000
2008-03-18,17.81999969482422,18.5,16.969999313354492,18.5,11.98973560333252,22000
2008-03-19,18.5,19.049999237060547,17.520000457763672,17.670000076293945,11.45181941986084,56400
2008-03-20,18.149999618530273,18.899999618530273,17.56999969482422,18.8799991607666,12.236017227172852,133700
2008-03-24,18.920000076293945,19.489999771118164,17.56999969482422,19.479999542236328,12.624869346618652,23100
2008-03-25,19.399999618530273,19.850000381469727,18.690000534057617,19.6299991607666,12.72208023071289,26400
2008-03-26,19.280000686645508,19.700000762939453,18.760000228881836,19.469999313354492,12.618389129638672,18600
2008-03-27,19.540000915527344,19.809999465942383,18.559999465942383,19.6299991607666,12.72208023071289,39700
2008-03-28,19.84000015258789,19.979999542236328,19.1200008392334,19.420000076293945,12.585988998413086,10700
2008-03-31,19.139999389648438,19.739999771118164,18.649999618530273,18.8799991607666,12.236017227172852,15300
2008-04-01,19.299999237060547,19.5,19.010000228881836,19.280000686645508,12.495248794555664,17400
2008-04-02,18.979999542236328,19.489999771118164,18.31999969482422,18.809999465942383,12.190649032592773,39400
2008-04-03,18.56999969482422,19.450000762939453,18.200000762939453,18.520000457763672,12.002703666687012,17900
2008-04-04,18.56999969482422,19.059999465942383,18.010000228881836,18.399999618530273,11.9249267578125,18800
2008-04-07,18.190000534057617,18.850000381469727,18.049999237060547,18.559999465942383,12.028623580932617,19200
2008-04-08,18.3799991607666,18.440000534057617,18.0,18.209999084472656,11.801795959472656,11700
2008-04-09,18.010000228881836,18.010000228881836,17.31999969482422,17.350000381469727,11.244430541992188,25000
2008-04-10,17.3799991607666,17.75,17.0,17.719999313354492,11.484223365783691,15700
2008-04-11,17.469999313354492,18.139999389648438,17.170000076293945,17.170000076293945,11.127768516540527,19600
2008-04-14,17.229999542236328,17.510000228881836,17.0,17.34000015258789,11.23794937133789,18900
2008-04-15,17.59000015258789,18.299999237060547,17.5,18.010000228881836,11.672174453735352,17500
2008-04-16,18.200000762939453,19.280000686645508,18.200000762939453,18.989999771118164,12.307303428649902,41000
2008-04-17,18.709999084472656,19.290000915527344,18.3799991607666,19.010000228881836,12.320268630981445,24300
2008-04-18,19.579999923706055,20.0,18.700000762939453,19.84000015258789,12.858180046081543,36700
2008-04-21,19.719999313354492,20.0,19.459999084472656,20.0,12.961880683898926,22000
2008-04-22,19.860000610351562,20.0,19.299999237060547,19.989999771118164,12.955404281616211,67800
2008-04-23,20.0,20.40999984741211,19.649999618530273,19.969999313354492,12.942435264587402,80600
2008-04-24,20.100000381469727,22.799999237060547,20.100000381469727,21.25,13.772000312805176,191600
2008-04-25,21.420000076293945,23.329999923706055,21.079999923706055,22.84000015258789,14.802460670471191,103000
2008-04-28,23.18000030517578,23.68000030517578,22.860000610351562,23.100000381469727,14.970968246459961,67100
2008-04-29,23.040000915527344,23.18000030517578,22.239999771118164,22.299999237060547,14.452491760253906,28300
2008-04-30,22.40999984741211,23.739999771118164,21.780000686645508,23.1299991607666,14.990408897399902,60800
2008-05-01,23.06999969482422,24.34000015258789,23.06999969482422,23.8799991607666,15.476486206054688,54300
2008-05-02,23.889999389648438,24.489999771118164,23.079999923706055,23.25,15.068184852600098,75400
2008-05-05,23.059999465942383,23.899999618530273,22.780000686645508,22.81999969482422,14.789501190185547,41200
2008-05-06,22.3799991607666,23.90999984741211,21.610000610351562,23.780000686645508,15.411672592163086,99000
2008-05-07,23.770000457763672,24.270000457763672,23.5,23.579999923706055,15.282058715820312,69700
2008-05-08,23.309999465942383,23.5,22.6200008392334,22.790000915527344,14.770063400268555,31600
2008-05-09,22.760000228881836,23.479999542236328,22.6200008392334,23.139999389648438,14.996893882751465,10000
2008-05-12,23.270000457763672,24.489999771118164,22.889999389648438,24.489999771118164,15.871818542480469,63100
2008-05-13,24.3700008392334,24.389999389648438,23.709999084472656,24.309999465942383,15.75516128540039,33300
2008-05-14,24.1299991607666,24.489999771118164,23.969999313354492,24.059999465942383,15.593140602111816,18900
2008-05-15,23.979999542236328,24.350000381469727,23.559999465942383,24.219999313354492,15.6968355178833,26500
2008-05-16,24.3700008392334,24.3700008392334,23.309999465942383,23.68000030517578,15.346869468688965,32400
2008-05-19,23.6200008392334,24.1299991607666,23.309999465942383,23.889999389648438,15.482965469360352,29800
2008-05-20,23.829999923706055,23.940000534057617,23.299999237060547,23.600000381469727,15.295011520385742,18500
2008-05-21,23.8799991607666,24.030000686645508,23.06999969482422,23.239999771118164,15.061697959899902,24400
2008-05-22,23.200000762939453,24.049999237060547,23.200000762939453,24.049999237060547,15.586658477783203,28000
2008-05-23,23.8799991607666,24.040000915527344,23.610000610351562,23.68000030517578,15.346869468688965,13900
2008-05-27,23.799999237060547,24.700000762939453,23.469999313354492,24.540000915527344,15.904219627380371,56800
2008-05-28,24.700000762939453,24.700000762939453,24.329999923706055,24.670000076293945,15.988478660583496,123300
2008-05-29,24.600000381469727,25.100000381469727,24.030000686645508,24.989999771118164,16.195871353149414,164000
2008-05-30,25.0,25.0,24.6200008392334,24.899999618530273,16.13753890991211,52900
2008-06-02,24.899999618530273,24.899999618530273,24.5,24.8700008392334,16.118093490600586,42900
2008-06-03,24.950000762939453,25.100000381469727,24.809999465942383,24.959999084472656,16.176427841186523,71100
2008-06-04,24.959999084472656,25.049999237060547,24.829999923706055,24.940000534057617,16.16346549987793,85200
2008-06-05,24.959999084472656,25.100000381469727,24.510000228881836,25.100000381469727,16.26715850830078,102800
2008-06-06,24.889999389648438,24.889999389648438,24.059999465942383,24.239999771118164,15.70979118347168,34600
2008-06-09,24.40999984741211,25.09000015258789,24.31999969482422,24.940000534057617,16.16346549987793,42500
2008-06-10,24.610000610351562,25.06999969482422,24.600000381469727,25.0,16.202350616455078,56000
2008-06-11,24.850000381469727,25.079999923706055,24.549999237060547,24.729999542236328,16.027366638183594,55000
2008-06-12,24.6299991607666,25.639999389648438,24.3799991607666,25.360000610351562,16.435665130615234,87100
2008-06-13,25.649999618530273,26.0,25.100000381469727,25.6299991607666,16.610645294189453,81500
2008-06-16,25.299999237060547,25.959999084472656,25.299999237060547,25.959999084472656,16.82451629638672,33400
2008-06-17,25.950000762939453,25.950000762939453,24.950000762939453,24.989999771118164,16.195871353149414,31000
2008-06-18,24.81999969482422,25.170000076293945,24.3799991607666,24.700000762939453,16.085805892944336,39500
2008-06-19,24.610000610351562,25.90999984741211,24.219999313354492,25.75,16.769615173339844,57400
2008-06-20,25.549999237060547,26.0,25.1200008392334,25.709999084472656,16.743560791015625,80900
2008-06-23,25.75,25.75,24.15999984741211,24.15999984741211,15.73413372039795,43600
2008-06-24,23.90999984741211,25.270000457763672,23.139999389648438,24.209999084472656,15.76669979095459,105000
2008-06-25,24.190000534057617,25.6299991607666,24.190000534057617,24.610000610351562,16.027193069458008,68900
2008-06-26,24.219999313354492,24.969999313354492,24.06999969482422,24.239999771118164,15.78622817993164,26700
2008-06-27,24.200000762939453,25.440000534057617,23.280000686645508,24.700000762939453,16.085805892944336,320000
2008-06-30,24.639999389648438,26.0,24.360000610351562,24.600000381469727,16.02067756652832,86900
2008-07-01,24.100000381469727,25.6299991607666,24.010000228881836,25.540000915527344,16.632862091064453,63400
2008-07-02,25.40999984741211,25.940000534057617,24.90999984741211,25.290000915527344,16.470041275024414,74500
2008-07-03,25.399999618530273,26.0,25.1299991607666,25.559999465942383,16.64588165283203,48000
2008-07-07,25.809999465942383,25.889999389648438,23.829999923706055,24.059999465942383,15.669007301330566,93000
2008-07-08,24.149999618530273,25.739999771118164,23.760000228881836,25.43000030517578,16.561214447021484,110100
2008-07-09,25.489999771118164,25.899999618530273,23.770000457763672,23.920000076293945,15.577838897705078,103200
2008-07-10,23.889999389648438,25.0,23.309999465942383,24.100000381469727,15.695054054260254,148100
2008-07-11,23.84000015258789,25.989999771118164,23.84000015258789,25.989999771118164,16.925920486450195,98600
2008-07-14,26.0,26.0,24.610000610351562,24.610000610351562,16.027193069458008,82700
2008-07-15,24.239999771118164,25.559999465942383,23.920000076293945,24.68000030517578,16.072778701782227,85300
2008-07-16,24.829999923706055,27.079999923706055,24.829999923706055,27.049999237060547,17.616239547729492,174300
2008-07-17,27.239999771118164,28.510000228881836,26.780000686645508,28.25,18.397737503051758,131400
2008-07-18,28.25,28.440000534057617,27.059999465942383,27.809999465942383,18.111183166503906,136600
2008-07-21,28.0,29.350000381469727,27.889999389648438,28.6200008392334,18.63869857788086,202100
2008-07-22,29.030000686645508,30.299999237060547,28.90999984741211,30.149999618530273,19.635101318359375,256600
2008-07-23,30.219999313354492,31.270000457763672,29.65999984741211,30.540000915527344,19.88909149169922,164400
2008-07-24,30.920000076293945,31.020000457763672,30.6200008392334,30.940000534057617,20.149585723876953,218000
2008-07-25,30.940000534057617,31.0,30.15999984741211,30.6299991607666,19.94769859313965,292500
2008-07-28,30.489999771118164,30.950000762939453,29.780000686645508,30.100000381469727,19.6025447845459,121000
2008-07-29,29.760000228881836,30.959999084472656,29.760000228881836,30.860000610351562,20.097492218017578,225500
2008-07-30,30.020000457763672,31.170000076293945,29.559999465942383,31.09000015258789,20.247276306152344,237700
2008-07-31,30.59000015258789,31.559999465942383,29.489999771118164,30.940000534057617,20.149585723876953,214500
2008-08-01,30.809999465942383,31.309999465942383,30.549999237060547,31.18000030517578,20.305889129638672,244200
2008-08-04,30.639999389648438,31.8799991607666,30.3700008392334,31.700000762939453,20.6445369720459,318700
2008-08-05,31.719999313354492,32.349998474121094,30.149999618530273,32.060001373291016,20.878982543945312,226200
2008-08-06,32.060001373291016,34.38999938964844,32.060001373291016,33.689998626708984,21.94052505493164,326300
2008-08-07,33.459999084472656,33.68000030517578,31.950000762939453,32.959999084472656,21.465105056762695,139300
2008-08-08,32.41999816894531,33.9900016784668,32.06999969482422,33.310001373291016,21.69304656982422,110500
2008-08-11,33.29999923706055,35.31999969482422,33.29999923706055,34.97999954223633,22.780628204345703,169900
2008-08-12,34.91999816894531,35.45000076293945,33.90999984741211,34.5,22.468032836914062,154500
2008-08-13,34.31999969482422,34.470001220703125,33.41999816894531,33.869998931884766,22.057741165161133,137500
2008-08-14,33.470001220703125,34.689998626708984,33.029998779296875,34.0,22.142404556274414,108200
2008-08-15,34.060001373291016,34.619998931884766,33.27000045776367,33.9900016784668,22.135894775390625,162200
2008-08-18,34.380001068115234,35.0,33.540000915527344,33.810001373291016,22.01866912841797,96400
2008-08-19,33.22999954223633,33.380001068115234,31.889999389648438,32.720001220703125,21.30881118774414,135300
2008-08-20,32.79999923706055,33.540000915527344,31.829999923706055,32.81999969482422,21.373939514160156,97600
2008-08-21,32.36000061035156,32.36000061035156,29.989999771118164,30.399999618530273,19.797916412353516,244400
2008-08-22,30.479999542236328,31.639999389648438,30.40999984741211,31.3799991607666,20.436138153076172,129500
2008-08-25,31.059999465942383,31.059999465942383,28.940000534057617,29.770000457763672,19.38762664794922,147400
2008-08-26,29.719999313354492,30.219999313354492,28.899999618530273,29.829999923706055,19.426706314086914,94100
2008-08-27,29.760000228881836,30.649999618530273,29.540000915527344,30.229999542236328,19.687204360961914,70100
2008-08-28,30.530000686645508,30.610000610351562,29.360000610351562,30.56999969482422,19.90862274169922,80400
2008-08-29,30.270000457763672,30.270000457763672,29.25,29.6299991607666,19.29644775390625,89800
2008-09-02,29.799999237060547,30.59000015258789,28.389999389648438,30.3700008392334,19.778379440307617,172900
2008-09-03,30.3799991607666,31.40999984741211,29.979999542236328,31.31999969482422,20.397062301635742,94200
2008-09-04,31.0,31.530000686645508,29.899999618530273,29.969999313354492,19.517881393432617,89700
2008-09-05,29.700000762939453,31.31999969482422,29.31999969482422,31.1200008392334,20.266809463500977,106100
2008-09-08,31.979999542236328,32.369998931884766,30.8700008392334,31.899999618530273,20.774789810180664,118200
2008-09-09,31.8799991607666,32.290000915527344,30.450000762939453,30.549999237060547,19.895601272583008,86900
2008-09-10,30.579999923706055,31.290000915527344,29.59000015258789,30.670000076293945,19.973752975463867,76000
2008-09-11,30.399999618530273,31.209999084472656,29.81999969482422,31.09000015258789,20.247276306152344,73100
2008-09-12,30.559999465942383,31.68000030517578,29.75,31.5,20.5142879486084,56100
2008-09-15,29.739999771118164,31.31999969482422,29.739999771118164,30.299999237060547,19.7327938079834,44000
2008-09-16,29.290000915527344,32.25,28.850000381469727,32.02000045776367,20.852937698364258,102100
2008-09-17,30.979999542236328,32.22999954223633,28.950000762939453,28.969999313354492,18.938196182250977,90300
2008-09-18,29.549999237060547,30.959999084472656,27.170000076293945,29.770000457763672,19.461172103881836,175000
2008-09-19,35.130001068115234,35.130001068115234,29.610000610351562,31.34000015258789,20.487506866455078,143900
2008-09-22,32.0,32.0,26.8799991607666,27.360000610351562,17.88571548461914,91900
2008-09-23,27.06999969482422,28.440000534057617,25.5,26.40999984741211,17.264680862426758,120200
2008-09-24,27.959999084472656,29.969999313354492,27.219999313354492,29.010000228881836,18.96434211730957,80800
2008-09-25,29.979999542236328,30.239999771118164,28.670000076293945,29.219999313354492,19.101634979248047,36300
2008-09-26,28.540000915527344,31.010000228881836,27.829999923706055,30.940000534057617,20.22601890563965,29200
2008-09-29,29.520000457763672,31.0,27.5,28.350000381469727,18.532896041870117,39000
2008-09-30,30.15999984741211,32.0,28.760000228881836,30.31999969482422,19.82071876525879,73100
2008-10-01,30.010000228881836,32.0,30.010000228881836,30.420000076293945,19.88608741760254,45300
2008-10-02,30.940000534057617,31.5,29.149999618530273,29.149999618530273,19.055862426757812,79200
2008-10-03,30.040000915527344,30.739999771118164,28.540000915527344,30.010000228881836,19.618066787719727,78400
2008-10-06,28.93000030517578,29.239999771118164,28.239999771118164,28.84000015258789,18.853212356567383,131800
2008-10-07,28.709999084472656,29.09000015258789,27.389999389648438,27.459999084472656,17.951082229614258,39100
2008-10-08,26.530000686645508,30.600000381469727,25.649999618530273,25.690000534057617,16.794004440307617,65700
2008-10-09,26.139999389648438,27.299999237060547,21.0,21.0,13.728071212768555,136200
2008-10-10,19.940000534057617,24.3700008392334,19.940000534057617,23.899999618530273,15.623852729797363,117100
2008-10-13,24.790000915527344,27.719999313354492,22.719999313354492,27.540000915527344,18.00338363647461,138800
2008-10-14,28.969999313354492,29.0,26.6299991607666,27.260000228881836,17.82033348083496,118800
2008-10-15,26.850000381469727,27.799999237060547,24.459999084472656,24.729999542236328,16.166439056396484,183500
2008-10-16,23.790000915527344,26.510000228881836,23.510000228881836,25.950000762939453,16.963973999023438,117700
2008-10-17,24.780000686645508,27.739999771118164,24.780000686645508,26.329999923706055,17.21238136291504,131700
2008-10-20,27.329999923706055,28.809999465942383,27.1299991607666,27.860000610351562,18.212574005126953,106300
2008-10-21,26.90999984741211,27.760000228881836,25.979999542236328,26.459999084472656,17.297365188598633,158500
2008-10-22,26.0,27.049999237060547,24.229999542236328,24.969999313354492,16.32332992553711,157400
2008-10-23,25.209999084472656,25.739999771118164,21.690000534057617,22.440000534057617,14.66942310333252,1237600
2008-10-24,19.649999618530273,21.75,18.549999237060547,19.850000381469727,12.97629451751709,731200
2008-10-27,19.5,21.6200008392334,19.09000015258789,19.43000030517578,12.701733589172363,300200
2008-10-28,20.09000015258789,21.6200008392334,19.149999618530273,20.739999771118164,13.55810546875,440200
2008-10-29,21.0,23.610000610351562,20.59000015258789,21.09000015258789,13.78689956665039,202500
2008-10-30,21.8799991607666,22.0,20.950000762939453,21.969999313354492,14.362173080444336,47300
2008-10-31,22.139999389648438,23.079999923706055,20.829999923706055,23.020000457763672,15.04857349395752,108300
2008-11-03,23.0,23.950000762939453,20.940000534057617,23.43000030517578,15.316600799560547,175700
2008-11-04,24.1299991607666,25.0,23.8799991607666,24.530000686645508,16.035686492919922,229900
2008-11-05,24.09000015258789,24.829999923706055,22.6200008392334,22.770000457763672,14.885148048400879,124600
2008-11-06,22.299999237060547,24.6299991607666,22.0,22.219999313354492,14.52560043334961,228100
2008-11-07,22.450000762939453,24.489999771118164,22.450000762939453,23.6200008392334,15.44080924987793,247300
2008-11-10,22.200000762939453,23.059999465942383,21.540000915527344,21.81999969482422,14.264117240905762,213000
2008-11-11,21.700000762939453,22.190000534057617,21.5,21.770000457763672,14.231431007385254,155700
2008-11-12,21.700000762939453,22.200000762939453,19.940000534057617,19.940000534057617,13.035133361816406,180100
2008-11-13,20.280000686645508,21.899999618530273,18.8700008392334,21.770000457763672,14.231431007385254,186700
2008-11-14,21.25,22.200000762939453,20.739999771118164,20.84000015258789,13.623472213745117,119200
2008-11-17,20.6299991607666,21.469999313354492,20.6299991607666,21.110000610351562,13.799976348876953,117200
2008-11-18,21.209999084472656,21.399999618530273,19.65999984741211,20.920000076293945,13.675771713256836,157600
2008-11-19,20.610000610351562,21.43000030517578,19.469999313354492,19.889999389648438,13.002443313598633,214900
2008-11-20,19.43000030517578,20.75,18.770000457763672,19.06999969482422,12.466389656066895,179100
2008-11-21,19.84000015258789,20.950000762939453,18.5,20.329999923706055,13.290078163146973,332600
2008-11-24,20.979999542236328,21.709999084472656,20.34000015258789,21.290000915527344,13.917643547058105,148000
2008-11-25,21.790000915527344,22.209999084472656,20.5,22.079999923706055,14.43408203125,135700
2008-11-26,21.68000030517578,23.670000076293945,20.510000228881836,22.860000610351562,14.943981170654297,75100
2008-11-28,22.469999313354492,22.670000076293945,21.850000381469727,22.149999618530273,14.479836463928223,34900
2008-12-01,21.329999923706055,22.969999313354492,19.600000381469727,19.770000457763672,12.92399787902832,165900
2008-12-02,20.329999923706055,21.469999313354492,18.1299991607666,20.799999237060547,13.597328186035156,134000
2008-12-03,20.15999984741211,21.989999771118164,20.15999984741211,21.68000030517578,14.17259407043457,91000
2008-12-04,21.15999984741211,22.440000534057617,19.549999237060547,21.219999313354492,13.8718843460083,94900
2008-12-05,20.760000228881836,22.420000076293945,19.969999313354492,22.389999389648438,14.636734008789062,58000
2008-12-08,23.15999984741211,25.010000228881836,21.360000610351562,22.0,14.381787300109863,92000
2008-12-09,21.709999084472656,22.610000610351562,20.760000228881836,21.530000686645508,14.074538230895996,160400
2008-12-10,21.81999969482422,22.540000915527344,21.010000228881836,22.170000076293945,14.492921829223633,60400
2008-12-11,21.770000457763672,22.5,20.709999084472656,21.020000457763672,13.741143226623535,77900
2008-12-12,20.6299991607666,22.0,20.190000534057617,21.739999771118164,14.21181869506836,56900
2008-12-15,21.010000228881836,22.040000915527344,20.690000534057617,21.510000228881836,14.061470031738281,50200
2008-12-16,21.920000076293945,23.489999771118164,21.40999984741211,23.040000915527344,15.0616455078125,108400
2008-12-17,22.600000381469727,23.270000457763672,22.110000610351562,22.889999389648438,15.042594909667969,82800
2008-12-18,22.809999465942383,23.760000228881836,22.059999465942383,22.709999084472656,14.924307823181152,75700
2008-12-19,23.809999465942383,24.6200008392334,22.8799991607666,23.34000015258789,15.338323593139648,126900
2008-12-22,23.530000686645508,23.940000534057617,22.030000686645508,22.6200008392334,14.865157127380371,38000
2008-12-23,22.889999389648438,23.31999969482422,22.3700008392334,22.649999618530273,14.884870529174805,29600
2008-12-24,22.600000381469727,23.719999313354492,22.290000915527344,23.690000534057617,15.568328857421875,7600
2008-12-26,24.030000686645508,24.899999618530273,22.829999923706055,24.75,16.264925003051758,32100
2008-12-29,25.049999237060547,25.360000610351562,23.93000030517578,24.809999465942383,16.304357528686523,91700
2008-12-30,25.219999313354492,25.989999771118164,24.18000030517578,25.899999618530273,17.02067756652832,87200
2008-12-31,26.010000228881836,28.489999771118164,24.889999389648438,27.200000762939453,17.874996185302734,175300
2009-01-02,27.270000457763672,27.549999237060547,26.260000228881836,26.969999313354492,17.72384262084961,66900
2009-01-05,27.170000076293945,27.889999389648438,25.559999465942383,26.209999084472656,17.22439956665039,83400
2009-01-06,26.559999465942383,27.100000381469727,25.520000457763672,26.719999313354492,17.559553146362305,74800
2009-01-07,27.079999923706055,27.239999771118164,25.700000762939453,26.040000915527344,17.1126708984375,44800
2009-01-08,26.309999465942383,26.829999923706055,26.100000381469727,26.59000015258789,17.47412109375,114300
2009-01-09,26.469999313354492,26.469999313354492,24.899999618530273,24.989999771118164,16.42264747619629,85100
2009-01-12,24.93000030517578,25.049999237060547,23.75,23.799999237060547,15.640618324279785,58100
2009-01-13,24.670000076293945,24.670000076293945,23.139999389648438,24.020000457763672,15.785191535949707,77100
2009-01-14,23.389999389648438,24.239999771118164,22.09000015258789,23.020000457763672,15.12802505493164,73700
2009-01-15,23.06999969482422,23.5,22.0,22.950000762939453,15.082024574279785,45500
2009-01-16,23.229999542236328,23.3700008392334,22.229999542236328,22.809999465942383,14.990025520324707,80200
2009-01-20,22.510000228881836,22.510000228881836,19.549999237060547,19.700000762939453,12.946228981018066,145900
2009-01-21,19.649999618530273,21.450000762939453,19.299999237060547,21.239999771118164,13.958264350891113,82400
2009-01-22,20.5,20.5,18.0,18.920000076293945,12.433635711669922,112600
2009-01-23,18.280000686645508,19.139999389648438,18.010000228881836,18.979999542236328,12.473063468933105,145900
2009-01-26,18.959999084472656,19.860000610351562,18.719999313354492,19.219999313354492,12.630784034729004,84400
2009-01-27,19.200000762939453,19.780000686645508,18.3700008392334,19.350000381469727,12.716218948364258,73000
2009-01-28,19.770000457763672,21.0,19.520000457763672,20.670000076293945,13.583674430847168,86600
2009-01-29,20.440000534057617,20.549999237060547,18.709999084472656,18.760000228881836,12.328483581542969,80800
2009-01-30,19.040000915527344,19.75,17.940000534057617,18.0,11.829038619995117,138800
2009-02-02,17.65999984741211,18.600000381469727,17.049999237060547,18.520000457763672,12.170769691467285,105600
2009-02-03,18.649999618530273,18.8700008392334,17.729999542236328,18.010000228881836,11.835613250732422,85500
2009-02-04,17.100000381469727,18.549999237060547,17.100000381469727,17.860000610351562,11.73703670501709,71200
2009-02-05,17.6200008392334,19.0,17.239999771118164,18.360000610351562,12.065617561340332,79200
2009-02-06,18.280000686645508,20.649999618530273,18.010000228881836,20.079999923706055,13.195950508117676,107800
2009-02-09,20.040000915527344,20.469999313354492,19.280000686645508,19.739999771118164,12.97250747680664,56700
2009-02-10,19.649999618530273,19.850000381469727,18.059999465942383,18.34000015258789,12.052474975585938,54500
2009-02-11,18.399999618530273,19.75,17.68000030517578,18.18000030517578,11.947333335876465,139400
2009-02-12,17.889999389648438,19.0,17.219999313354492,18.399999618530273,12.091902732849121,121200
2009-02-13,18.360000610351562,19.1200008392334,17.639999389648438,18.18000030517578,11.947333335876465,76500
2009-02-17,17.40999984741211,17.600000381469727,16.950000762939453,16.950000762939453,11.139010429382324,29700
2009-02-18,17.219999313354492,17.219999313354492,16.170000076293945,16.489999771118164,10.836710929870605,34200
2009-02-19,16.68000030517578,17.420000076293945,16.469999313354492,16.510000228881836,10.849857330322266,78000
2009-02-20,16.229999542236328,17.489999771118164,15.850000381469727,16.40999984741211,10.784140586853027,107200
2009-02-23,17.0,17.270000457763672,15.739999771118164,16.079999923706055,10.567272186279297,130300
2009-02-24,16.399999618530273,17.969999313354492,16.049999237060547,17.600000381469727,11.566174507141113,134700
2009-02-25,17.520000457763672,18.729999542236328,16.799999237060547,17.899999618530273,11.763323783874512,114500
2009-02-26,18.030000686645508,20.719999313354492,18.030000686645508,19.520000457763672,12.827936172485352,232500
2009-02-27,19.8799991607666,19.8799991607666,18.18000030517578,18.729999542236328,12.3087739944458,152000
2009-03-02,18.3799991607666,18.3799991607666,17.469999313354492,17.6200008392334,11.579316139221191,88400
2009-03-03,17.899999618530273,18.239999771118164,16.739999771118164,16.979999542236328,11.158726692199707,49100
2009-03-04,17.290000915527344,18.239999771118164,16.899999618530273,17.34000015258789,11.395310401916504,68000
2009-03-05,16.93000030517578,16.989999771118164,15.9399995803833,15.9399995803833,10.47527027130127,61400
2009-03-06,16.110000610351562,16.1299991607666,14.699999809265137,14.890000343322754,9.785247802734375,255000
2009-03-09,14.779999732971191,15.539999961853027,14.369999885559082,14.760000228881836,9.699811935424805,88200
2009-03-10,15.199999809265137,16.299999237060547,14.9399995803833,16.100000381469727,10.580419540405273,97100
2009-03-11,16.100000381469727,16.549999237060547,15.140000343322754,15.3100004196167,10.061256408691406,56200
2009-03-12,15.180000305175781,17.229999542236328,14.930000305175781,17.149999618530273,11.270444869995117,66500
2009-03-13,17.170000076293945,17.43000030517578,16.690000534057617,17.09000015258789,11.231014251708984,65100
2009-03-16,17.200000762939453,17.739999771118164,16.959999084472656,17.280000686645508,11.355875968933105,80800
2009-03-17,17.209999084472656,18.329999923706055,16.75,18.299999237060547,12.0261869430542,39000
2009-03-18,18.229999542236328,18.940000534057617,17.950000762939453,18.59000015258789,12.298077583312988,35000
2009-03-19,18.84000015258789,18.899999618530273,17.969999313354492,18.440000534057617,12.19884967803955,45500
2009-03-20,18.700000762939453,19.149999618530273,17.739999771118164,18.049999237060547,11.940850257873535,84900
2009-03-23,18.5,20.209999084472656,17.68000030517578,20.139999389648438,13.32347297668457,61600
2009-03-24,19.850000381469727,20.18000030517578,18.299999237060547,18.350000381469727,12.139315605163574,79100
2009-03-25,18.40999984741211,19.469999313354492,17.670000076293945,19.389999389648438,12.827322006225586,213700
2009-03-26,19.670000076293945,19.959999084472656,18.959999084472656,19.899999618530273,13.164701461791992,75600
2009-03-27,19.510000228881836,19.889999389648438,19.020000457763672,19.190000534057617,12.695012092590332,51100
2009-03-30,18.979999542236328,18.979999542236328,18.219999313354492,18.6299991607666,12.324545860290527,47300
2009-03-31,18.739999771118164,19.440000534057617,18.5,18.670000076293945,12.35100269317627,78500
2009-04-01,18.31999969482422,19.40999984741211,18.049999237060547,18.969999313354492,12.549471855163574,70100
2009-04-02,19.530000686645508,20.670000076293945,19.420000076293945,20.110000610351562,13.303629875183105,75400
2009-04-03,20.149999618530273,20.600000381469727,19.43000030517578,19.90999984741211,13.171319961547852,38100
2009-04-06,19.5,19.5,18.420000076293945,18.969999313354492,12.549471855163574,74400
2009-04-07,18.690000534057617,19.549999237060547,18.309999465942383,18.34000015258789,12.132697105407715,32400
2009-04-08,18.610000610351562,18.93000030517578,17.829999923706055,18.68000030517578,12.357623100280762,29300
2009-04-09,19.1200008392334,20.31999969482422,19.040000915527344,19.979999542236328,13.217630386352539,69600
2009-04-13,19.6299991607666,20.979999542236328,19.06999969482422,20.760000228881836,13.733634948730469,45600
2009-04-14,20.420000076293945,20.799999237060547,19.290000915527344,19.360000610351562,12.807474136352539,71100
2009-04-15,19.219999313354492,19.8799991607666,18.780000686645508,19.8799991607666,13.151476860046387,23500
2009-04-16,20.170000076293945,20.639999389648438,19.049999237060547,20.329999923706055,13.449164390563965,60500
2009-04-17,20.440000534057617,20.75,19.510000228881836,20.440000534057617,13.521939277648926,39300
2009-04-20,20.700000762939453,20.700000762939453,19.1299991607666,19.1299991607666,12.655314445495605,53600
2009-04-21,19.100000381469727,20.469999313354492,18.75,20.360000610351562,13.469015121459961,47700
2009-04-22,19.920000076293945,22.43000030517578,19.920000076293945,21.739999771118164,14.381940841674805,106000
2009-04-23,21.700000762939453,22.6299991607666,19.809999465942383,21.90999984741211,14.494406700134277,85400
2009-04-24,21.520000457763672,24.969999313354492,21.510000228881836,24.770000457763672,16.386415481567383,123500
2009-04-27,24.170000076293945,24.739999771118164,22.360000610351562,22.360000610351562,14.792098999023438,56600
2009-04-28,22.06999969482422,22.59000015258789,21.5,21.510000228881836,14.229788780212402,82900
2009-04-29,21.59000015258789,23.049999237060547,21.15999984741211,22.610000610351562,14.957489013671875,66700
2009-04-30,22.90999984741211,23.100000381469727,22.219999313354492,22.239999771118164,14.712713241577148,33100
2009-05-01,22.229999542236328,22.43000030517578,21.5,21.670000076293945,14.335637092590332,42400
2009-05-04,21.690000534057617,22.889999389648438,21.510000228881836,22.829999923706055,15.103029251098633,49200
2009-05-05,22.729999542236328,22.729999542236328,21.93000030517578,22.020000457763672,14.567173957824707,38200
2009-05-06,22.239999771118164,23.149999618530273,22.0,22.8799991607666,15.136106491088867,42100
2009-05-07,23.100000381469727,23.229999542236328,21.780000686645508,22.149999618530273,14.653175354003906,43400
2009-05-08,22.25,23.920000076293945,22.010000228881836,23.780000686645508,15.731492042541504,42100
2009-05-11,22.81999969482422,22.969999313354492,22.0,22.06999969482422,14.600248336791992,121700
2009-05-12,22.170000076293945,22.979999542236328,21.809999465942383,22.059999465942383,14.59363079071045,58500
2009-05-13,21.579999923706055,22.110000610351562,21.510000228881836,21.670000076293945,14.335637092590332,109700
2009-05-14,21.68000030517578,22.3700008392334,21.5,21.889999389648438,14.481172561645508,49100
2009-05-15,22.110000610351562,22.1299991607666,21.34000015258789,21.469999313354492,14.203328132629395,64500
2009-05-18,21.860000610351562,23.850000381469727,21.829999923706055,23.729999542236328,15.698410987854004,53400
2009-05-19,23.420000076293945,23.420000076293945,22.420000076293945,23.010000228881836,15.222097396850586,61000
2009-05-20,23.290000915527344,24.479999542236328,22.860000610351562,23.0,15.215490341186523,72300
2009-05-21,22.770000457763672,23.399999618530273,22.290000915527344,22.889999389648438,15.142715454101562,39300
2009-05-22,23.1200008392334,23.81999969482422,22.3799991607666,22.639999389648438,14.97733211517334,37900
2009-05-26,22.450000762939453,24.239999771118164,22.450000762939453,24.219999313354492,16.022565841674805,48200
2009-05-27,24.209999084472656,24.209999084472656,23.239999771118164,23.3799991607666,15.466873168945312,42900
2009-05-28,23.81999969482422,24.06999969482422,23.1299991607666,23.690000534057617,15.671954154968262,53000
2009-05-29,23.899999618530273,24.440000534057617,23.700000762939453,24.25,16.04241371154785,78100
2009-06-01,24.420000076293945,25.700000762939453,23.84000015258789,25.540000915527344,16.89581298828125,63000
2009-06-02,24.90999984741211,26.8700008392334,24.850000381469727,26.25,17.36549949645996,134500
2009-06-03,26.06999969482422,26.31999969482422,25.239999771118164,25.829999923706055,17.087656021118164,36200
2009-06-04,26.0,26.81999969482422,25.34000015258789,26.469999313354492,17.51104164123535,79600
2009-06-05,25.700000762939453,26.790000915527344,25.389999389648438,26.450000762939453,17.49781608581543,86700
2009-06-08,26.1299991607666,26.440000534057617,25.229999542236328,26.09000015258789,17.259654998779297,65500
2009-06-09,25.389999389648438,26.290000915527344,25.360000610351562,25.459999084472656,16.84288215637207,50300
2009-06-10,25.8799991607666,25.8799991607666,24.229999542236328,25.049999237060547,16.571643829345703,74900
2009-06-11,25.229999542236328,26.90999984741211,24.600000381469727,26.0,17.20012092590332,72700
2009-06-12,25.68000030517578,26.239999771118164,24.829999923706055,25.639999389648438,16.96196746826172,38900
2009-06-15,25.549999237060547,25.729999542236328,24.75,25.1200008392334,16.61795997619629,48900
2009-06-16,25.459999084472656,25.559999465942383,24.75,24.809999465942383,16.412883758544922,44700
2009-06-17,24.760000228881836,24.979999542236328,24.059999465942383,24.510000228881836,16.301149368286133,64600
2009-06-18,24.399999618530273,26.43000030517578,24.399999618530273,25.90999984741211,17.232263565063477,99600
2009-06-19,26.270000457763672,26.989999771118164,24.280000686645508,24.3700008392334,16.208040237426758,108600
2009-06-22,23.579999923706055,23.600000381469727,22.8799991607666,22.979999542236328,15.283577919006348,71500
2009-06-23,23.43000030517578,23.68000030517578,22.81999969482422,22.81999969482422,15.177155494689941,46500
2009-06-24,22.940000534057617,23.280000686645508,22.440000534057617,22.59000015258789,15.024192810058594,48900
2009-06-25,22.360000610351562,23.139999389648438,22.059999465942383,23.139999389648438,15.389984130859375,21800
2009-06-26,22.90999984741211,23.6200008392334,22.489999771118164,23.440000534057617,15.58951187133789,114500
2009-06-29,23.399999618530273,23.399999618530273,22.40999984741211,22.8799991607666,15.217061996459961,39800
2009-06-30,22.8799991607666,23.299999237060547,22.459999084472656,22.59000015258789,15.024192810058594,41700
2009-07-01,22.719999313354492,23.3799991607666,22.5,23.239999771118164,15.456487655639648,37000
2009-07-02,22.770000457763672,22.770000457763672,22.15999984741211,22.270000457763672,14.81136703491211,26900
2009-07-06,22.229999542236328,22.989999771118164,21.829999923706055,22.329999923706055,14.851268768310547,35500
2009-07-07,22.40999984741211,23.010000228881836,21.700000762939453,21.729999542236328,14.452223777770996,44400
2009-07-08,21.90999984741211,22.6200008392334,21.700000762939453,22.149999618530273,14.731552124023438,61100
2009-07-09,22.350000381469727,22.770000457763672,22.059999465942383,22.059999465942383,14.671696662902832,31600
2009-07-10,22.010000228881836,22.649999618530273,21.770000457763672,22.239999771118164,14.79140853881836,32500
2009-07-13,22.549999237060547,23.25,21.969999313354492,23.239999771118164,15.456487655639648,30000
2009-07-14,23.280000686645508,23.5,22.959999084472656,23.270000457763672,15.4764404296875,43700
2009-07-15,23.579999923706055,23.729999542236328,23.18000030517578,23.670000076293945,15.74247932434082,41000
2009-07-16,23.450000762939453,23.989999771118164,22.81999969482422,23.739999771118164,15.78902816772461,40700
2009-07-17,23.93000030517578,24.40999984741211,23.3799991607666,23.709999084472656,15.769082069396973,40400
2009-07-20,23.979999542236328,23.979999542236328,22.790000915527344,23.0,15.296876907348633,48900
2009-07-21,23.280000686645508,23.280000686645508,22.18000030517578,22.709999084472656,15.103997230529785,40100
2009-07-22,22.43000030517578,22.860000610351562,22.420000076293945,22.540000915527344,14.990939140319824,54300
2009-07-23,22.459999084472656,23.43000030517578,22.3700008392334,23.350000381469727,15.529650688171387,95800
2009-07-24,23.200000762939453,24.0,23.200000762939453,23.280000686645508,15.483094215393066,18600
2009-07-27,23.190000534057617,24.5,23.010000228881836,24.030000686645508,15.98190689086914,67000
2009-07-28,23.899999618530273,24.530000686645508,23.270000457763672,24.270000457763672,16.14152717590332,50900
2009-07-29,23.959999084472656,24.079999923706055,23.149999618530273,23.270000457763672,15.4764404296875,20200
2009-07-30,23.549999237060547,24.959999084472656,23.020000457763672,24.040000915527344,15.988567352294922,80900
2009-07-31,24.0,24.690000534057617,23.84000015258789,24.110000610351562,16.035114288330078,51900
2009-08-03,24.43000030517578,24.899999618530273,23.68000030517578,24.639999389648438,16.387609481811523,76400
2009-08-04,23.93000030517578,25.399999618530273,23.93000030517578,24.860000610351562,16.533926010131836,39600
2009-08-05,25.610000610351562,25.610000610351562,24.020000457763672,24.389999389648438,16.22134017944336,38000
2009-08-06,24.59000015258789,24.979999542236328,23.950000762939453,24.0,15.961957931518555,42600
2009-08-07,24.31999969482422,26.09000015258789,23.520000457763672,25.530000686645508,16.979530334472656,67900
2009-08-10,25.209999084472656,25.850000381469727,25.020000457763672,25.399999618530273,16.893070220947266,62800
2009-08-11,25.360000610351562,25.360000610351562,23.989999771118164,24.1299991607666,16.04841423034668,44100
2009-08-12,24.479999542236328,25.450000762939453,23.950000762939453,24.389999389648438,16.22134017944336,48700
2009-08-13,24.56999969482422,25.25,23.8799991607666,24.149999618530273,16.061721801757812,32400
2009-08-14,24.1200008392334,24.1200008392334,22.889999389648438,23.34000015258789,15.523005485534668,39900
2009-08-17,22.780000686645508,23.709999084472656,22.68000030517578,22.889999389648438,15.223714828491211,38700
2009-08-18,23.049999237060547,23.31999969482422,21.709999084472656,22.40999984741211,14.904475212097168,123300
2009-08-19,22.139999389648438,23.020000457763672,21.6299991607666,22.829999923706055,15.183809280395508,56600
2009-08-20,22.829999923706055,23.25,22.209999084472656,22.809999465942383,15.170509338378906,33500
2009-08-21,23.219999313354492,24.299999237060547,22.510000228881836,23.920000076293945,15.908753395080566,58200
2009-08-24,24.059999465942383,24.059999465942383,22.520000457763672,22.700000762939453,15.097349166870117,50700
2009-08-25,22.84000015258789,22.950000762939453,22.3799991607666,22.399999618530273,14.8978271484375,34300
2009-08-26,22.440000534057617,22.479999542236328,21.719999313354492,22.329999923706055,14.851268768310547,67100
2009-08-27,22.190000534057617,22.469999313354492,21.81999969482422,22.209999084472656,14.77146053314209,35500
2009-08-28,23.170000076293945,23.479999542236328,21.59000015258789,21.700000762939453,14.432271957397461,109400
2009-08-31,21.5,21.90999984741211,21.010000228881836,21.239999771118164,14.126330375671387,54000
2009-09-01,21.020000457763672,21.920000076293945,20.719999313354492,20.959999084472656,13.940105438232422,62800
2009-09-02,20.760000228881836,21.389999389648438,20.540000915527344,20.829999923706055,13.853650093078613,62100
2009-09-03,21.059999465942383,21.440000534057617,20.299999237060547,20.690000534057617,13.760540962219238,54000
2009-09-04,20.5,21.010000228881836,20.139999389648438,20.469999313354492,13.614217758178711,41500
2009-09-08,20.690000534057617,20.959999084472656,19.989999771118164,20.0,13.301626205444336,132100
2009-09-09,20.030000686645508,20.239999771118164,19.84000015258789,20.149999618530273,13.401392936706543,68100
2009-09-10,20.190000534057617,20.670000076293945,20.1200008392334,20.670000076293945,13.747232437133789,41400
2009-09-11,20.719999313354492,20.8700008392334,20.489999771118164,20.690000534057617,13.760540962219238,57800
2009-09-14,20.56999969482422,20.670000076293945,19.959999084472656,20.40999984741211,13.574316024780273,35200
2009-09-15,20.360000610351562,21.260000228881836,20.360000610351562,20.81999969482422,13.846999168395996,67200
2009-09-16,20.84000015258789,22.239999771118164,20.459999084472656,22.059999465942383,14.765310287475586,85200
2009-09-17,21.059999465942383,22.450000762939453,21.059999465942383,21.520000457763672,14.403873443603516,72500
2009-09-18,21.0,21.729999542236328,20.729999542236328,21.68000030517578,14.510969161987305,152500
2009-09-21,21.3799991607666,21.920000076293945,21.219999313354492,21.350000381469727,14.290096282958984,28400
2009-09-22,21.600000381469727,22.40999984741211,21.020000457763672,21.540000915527344,14.417261123657227,72200
2009-09-23,21.639999389648438,21.940000534057617,21.190000534057617,21.239999771118164,14.216464042663574,50000
2009-09-24,21.40999984741211,21.700000762939453,20.600000381469727,20.950000762939453,14.022364616394043,66400
2009-09-25,21.09000015258789,21.149999618530273,20.420000076293945,20.950000762939453,14.022364616394043,69600
2009-09-28,21.0,21.309999465942383,20.56999969482422,20.899999618530273,13.988892555236816,67900
2009-09-29,20.989999771118164,21.25,20.56999969482422,20.610000610351562,13.794788360595703,49800
2009-09-30,20.690000534057617,21.200000762939453,19.799999237060547,19.959999084472656,13.35972785949707,105100
2009-10-01,19.899999618530273,20.149999618530273,19.34000015258789,19.389999389648438,12.978216171264648,53600
2009-10-02,19.280000686645508,19.75,19.030000686645508,19.25,12.884510040283203,61100
2009-10-05,19.40999984741211,19.5,19.059999465942383,19.229999542236328,12.871121406555176,60800
2009-10-06,19.450000762939453,19.8799991607666,19.190000534057617,19.56999969482422,13.0986909866333,65000
2009-10-07,19.420000076293945,19.809999465942383,19.309999465942383,19.600000381469727,13.118772506713867,30000
2009-10-08,19.81999969482422,20.18000030517578,19.59000015258789,19.639999389648438,13.145538330078125,68900
2009-10-09,19.75,20.030000686645508,19.670000076293945,19.989999771118164,13.379809379577637,54200
2009-10-12,19.989999771118164,20.15999984741211,19.719999313354492,19.81999969482422,13.26602554321289,44300
2009-10-13,19.75,20.0,19.309999465942383,19.670000076293945,13.165621757507324,55700
2009-10-14,19.899999618530273,20.0,19.459999084472656,19.93000030517578,13.339644432067871,43100
2009-10-15,19.709999084472656,19.899999618530273,19.399999618530273,19.719999313354492,13.199087142944336,32600
2009-10-16,19.610000610351562,19.860000610351562,19.489999771118164,19.75,13.219170570373535,44600
2009-10-19,19.920000076293945,19.920000076293945,19.31999969482422,19.75,13.219170570373535,60000
2009-10-20,19.479999542236328,19.8700008392334,19.270000457763672,19.600000381469727,13.118772506713867,147400
2009-10-21,19.739999771118164,19.799999237060547,19.049999237060547,19.149999618530273,12.817571640014648,109800
2009-10-22,19.170000076293945,19.559999465942383,19.040000915527344,19.489999771118164,13.045145034790039,63300
2009-10-23,19.700000762939453,19.700000762939453,19.010000228881836,19.1200008392334,12.79749584197998,65700
2009-10-26,19.200000762939453,19.440000534057617,19.010000228881836,19.209999084472656,12.857730865478516,48500
2009-10-27,19.219999313354492,19.540000915527344,19.059999465942383,19.110000610351562,12.790802955627441,57200
2009-10-28,19.1299991607666,19.3700008392334,18.809999465942383,18.920000076293945,12.663631439208984,74400
2009-10-29,19.110000610351562,19.110000610351562,18.690000534057617,18.84000015258789,12.61008358001709,69000
2009-10-30,18.68000030517578,18.68000030517578,18.25,18.389999389648438,12.308884620666504,61800
2009-11-02,18.510000228881836,18.549999237060547,18.0,18.389999389648438,12.308884620666504,40300
2009-11-03,18.149999618530273,18.280000686645508,17.780000686645508,18.25,12.21518611907959,60500
2009-11-04,18.360000610351562,18.360000610351562,17.68000030517578,17.770000457763672,11.893905639648438,42000
2009-11-05,17.889999389648438,18.65999984741211,17.889999389648438,18.479999542236328,12.36913013458252,64100
2009-11-06,18.309999465942383,18.540000915527344,18.229999542236328,18.31999969482422,12.26203441619873,22300
2009-11-09,18.459999084472656,18.6200008392334,18.200000762939453,18.309999465942383,12.255338668823242,29400
2009-11-10,18.190000534057617,18.530000686645508,18.110000610351562,18.3799991607666,12.30219554901123,149200
2009-11-11,18.559999465942383,18.8700008392334,18.40999984741211,18.540000915527344,12.40929126739502,43600
2009-11-12,18.239999771118164,18.760000228881836,18.219999313354492,18.219999313354492,12.195099830627441,30600
2009-11-13,18.280000686645508,18.489999771118164,17.889999389648438,18.34000015258789,12.275420188903809,50900
2009-11-16,18.59000015258789,19.0,18.34000015258789,18.979999542236328,12.703790664672852,64200
2009-11-17,18.860000610351562,19.100000381469727,18.639999389648438,18.68000030517578,12.50299072265625,73000
2009-11-18,18.75,19.040000915527344,18.729999542236328,18.93000030517578,12.670324325561523,41100
2009-11-19,18.899999618530273,18.93000030517578,18.06999969482422,18.280000686645508,12.23526382446289,53900
2009-11-20,18.229999542236328,18.729999542236328,18.229999542236328,18.68000030517578,12.50299072265625,42100
2009-11-23,18.90999984741211,19.40999984741211,18.780000686645508,18.979999542236328,12.703790664672852,26300
2009-11-24,19.010000228881836,19.1299991607666,18.700000762939453,19.09000015258789,12.777417182922363,26700
2009-11-25,19.1299991607666,19.270000457763672,19.049999237060547,19.1200008392334,12.79749584197998,15000
2009-11-27,18.510000228881836,18.75,18.450000762939453,18.459999084472656,12.355734825134277,27900
2009-11-30,18.399999618530273,18.899999618530273,18.020000457763672,18.860000610351562,12.623469352722168,42800
2009-12-01,19.040000915527344,19.040000915527344,18.420000076293945,18.489999771118164,12.375822067260742,22700
2009-12-02,18.40999984741211,19.25,18.40999984741211,18.84000015258789,12.61008358001709,19900
2009-12-03,18.969999313354492,19.110000610351562,18.260000228881836,18.360000610351562,12.288808822631836,16200
2009-12-04,18.770000457763672,19.6299991607666,18.670000076293945,19.389999389648438,12.978216171264648,28000
2009-12-07,19.440000534057617,19.610000610351562,19.3700008392334,19.520000457763672,13.065227508544922,11300
2009-12-08,19.420000076293945,19.709999084472656,18.989999771118164,19.219999313354492,12.86442756652832,21600
2009-12-09,19.25,19.739999771118164,18.760000228881836,19.190000534057617,12.84434986114502,19900
2009-12-10,19.260000228881836,19.549999237060547,18.81999969482422,18.850000381469727,12.616781234741211,24000
2009-12-11,19.010000228881836,19.40999984741211,18.829999923706055,19.170000076293945,12.830960273742676,17600
2009-12-14,19.290000915527344,19.309999465942383,18.790000915527344,19.18000030517578,12.837652206420898,17800
2009-12-15,19.18000030517578,19.43000030517578,19.049999237060547,19.200000762939453,12.851044654846191,24100
2009-12-16,19.329999923706055,19.469999313354492,19.059999465942383,19.25,12.884510040283203,33200
2009-12-17,19.15999984741211,19.329999923706055,18.899999618530273,19.219999313354492,12.86442756652832,36400
2009-12-18,18.75,19.489999771118164,18.59000015258789,19.459999084472656,13.025067329406738,119800
2009-12-21,19.489999771118164,19.75,19.15999984741211,19.639999389648438,13.145538330078125,37400
2009-12-22,19.729999542236328,19.739999771118164,19.40999984741211,19.549999237060547,13.085301399230957,16700
2009-12-23,19.600000381469727,19.790000915527344,19.489999771118164,19.610000610351562,13.214689254760742,18400
2009-12-24,19.649999618530273,20.559999465942383,19.649999618530273,20.399999618530273,13.747050285339355,26600
2009-12-28,20.43000030517578,20.43000030517578,19.780000686645508,19.8799991607666,13.396635055541992,38900
2009-12-29,20.0,20.020000457763672,19.670000076293945,19.780000686645508,13.32924747467041,6000
2009-12-30,19.8799991607666,19.8799991607666,19.280000686645508,19.600000381469727,13.207954406738281,44000
2009-12-31,19.639999389648438,20.739999771118164,19.639999389648438,20.600000381469727,13.881823539733887,78600
2010-01-04,20.81999969482422,20.829999923706055,20.260000228881836,20.360000610351562,13.720097541809082,60100
2010-01-05,20.459999084472656,20.459999084472656,18.639999389648438,18.649999618530273,12.567770004272461,121700
2010-01-06,18.610000610351562,19.280000686645508,17.84000015258789,17.959999084472656,12.102794647216797,101700
2010-01-07,18.0,18.31999969482422,17.059999465942383,17.68000030517578,11.914109230041504,149000
2010-01-08,17.68000030517578,17.940000534057617,17.549999237060547,17.90999984741211,12.069101333618164,37800
2010-01-11,17.989999771118164,17.989999771118164,17.190000534057617,17.479999542236328,11.77933120727539,43100
2010-01-12,17.399999618530273,17.43000030517578,17.0,17.049999237060547,11.489564895629883,74200
2010-01-13,17.170000076293945,17.170000076293945,16.559999465942383,16.690000534057617,11.24697494506836,48500
2010-01-14,16.670000076293945,17.139999389648438,16.649999618530273,16.799999237060547,11.321096420288086,89800
2010-01-15,16.90999984741211,17.09000015258789,16.3700008392334,17.079999923706055,11.509780883789062,82200
2010-01-19,17.15999984741211,17.709999084472656,17.110000610351562,17.579999923706055,11.846724510192871,35100
2010-01-20,17.3700008392334,17.440000534057617,16.959999084472656,17.030000686645508,11.476089477539062,50000
2010-01-21,17.059999465942383,17.579999923706055,16.780000686645508,17.309999465942383,11.664777755737305,55800
2010-01-22,17.239999771118164,17.459999084472656,17.0,17.1200008392334,11.536742210388184,21400
2010-01-25,17.290000915527344,17.420000076293945,16.690000534057617,16.799999237060547,11.321096420288086,29000
2010-01-26,16.889999389648438,16.889999389648438,16.549999237060547,16.600000381469727,11.18632698059082,41600
2010-01-27,16.579999923706055,16.850000381469727,16.540000915527344,16.770000457763672,11.300881385803223,34100
2010-01-28,16.860000610351562,16.889999389648438,16.229999542236328,16.729999542236328,11.273930549621582,39400
2010-01-29,16.760000228881836,17.239999771118164,16.399999618530273,16.610000610351562,11.193066596984863,44400
2010-02-01,16.610000610351562,16.649999618530273,16.010000228881836,16.280000686645508,10.970686912536621,39200
2010-02-02,16.239999771118164,16.479999542236328,15.789999961853027,15.84000015258789,10.674180030822754,73400
2010-02-03,15.84000015258789,15.890000343322754,15.539999961853027,15.720000267028809,10.593315124511719,43200
2010-02-04,15.720000267028809,15.720000267028809,15.210000038146973,15.350000381469727,10.343979835510254,32900
2010-02-05,15.350000381469727,15.739999771118164,15.140000343322754,15.729999542236328,10.600053787231445,53800
2010-02-08,15.760000228881836,15.760000228881836,15.239999771118164,15.279999732971191,10.2968111038208,35400
2010-02-09,15.449999809265137,15.449999809265137,15.050000190734863,15.170000076293945,10.222683906555176,59500
2010-02-10,15.239999771118164,15.239999771118164,14.930000305175781,15.109999656677246,10.182251930236816,56000
2010-02-11,15.020000457763672,15.460000038146973,14.90999984741211,15.40999984741211,10.384414672851562,133000
2010-02-12,15.40999984741211,15.6899995803833,15.3100004196167,15.539999961853027,10.47201919555664,51300
2010-02-16,15.649999618530273,15.930000305175781,15.649999618530273,15.890000343322754,10.70787525177002,25100
2010-02-17,15.960000038146973,16.020000457763672,15.75,15.920000076293945,10.728092193603516,49500
2010-02-18,15.949999809265137,16.389999389648438,15.670000076293945,16.350000381469727,11.01785659790039,33400
2010-02-19,16.350000381469727,16.729999542236328,16.31999969482422,16.59000015258789,11.179582595825195,69300
2010-02-22,16.65999984741211,17.219999313354492,16.59000015258789,17.010000228881836,11.462611198425293,54100
2010-02-23,17.0,17.1200008392334,16.68000030517578,16.989999771118164,11.449134826660156,58300
2010-02-24,17.0,17.190000534057617,16.829999923706055,17.170000076293945,11.570432662963867,15100
2010-02-25,17.040000915527344,17.209999084472656,16.899999618530273,17.1200008392334,11.536742210388184,18800
2010-02-26,17.1299991607666,17.200000762939453,16.799999237060547,16.8700008392334,11.368268966674805,32900
2010-03-01,16.93000030517578,17.43000030517578,16.920000076293945,17.420000076293945,11.738903999328613,40900
2010-03-02,17.399999618530273,17.90999984741211,17.25,17.760000228881836,11.968018531799316,28600
2010-03-03,17.760000228881836,17.989999771118164,17.6200008392334,17.809999465942383,12.00171184539795,28500
2010-03-04,17.899999618530273,18.350000381469727,17.899999618530273,18.18000030517578,12.251049041748047,41200
2010-03-05,18.200000762939453,18.290000915527344,17.989999771118164,18.170000076293945,12.244307518005371,57900
2010-03-08,18.219999313354492,18.219999313354492,17.600000381469727,17.65999984741211,11.900633811950684,55300
2010-03-09,17.479999542236328,17.81999969482422,17.219999313354492,17.6200008392334,11.873674392700195,45400
2010-03-10,17.559999465942383,17.809999465942383,17.290000915527344,17.68000030517578,11.914109230041504,41100
2010-03-11,17.75,17.84000015258789,17.450000762939453,17.510000228881836,11.799549102783203,70900
2010-03-12,17.549999237060547,17.65999984741211,17.360000610351562,17.639999389648438,11.887154579162598,16800
2010-03-15,17.549999237060547,17.610000610351562,17.299999237060547,17.40999984741211,11.732162475585938,25200
2010-03-16,17.399999618530273,17.489999771118164,17.229999542236328,17.43000030517578,11.745640754699707,85000
2010-03-17,17.110000610351562,17.709999084472656,17.110000610351562,17.639999389648438,11.977863311767578,32500
2010-03-18,17.600000381469727,17.700000762939453,17.299999237060547,17.68000030517578,12.005023956298828,18300
2010-03-19,17.790000915527344,18.139999389648438,17.469999313354492,18.1299991607666,12.310580253601074,94500
2010-03-22,17.8799991607666,18.610000610351562,17.68000030517578,18.450000762939453,12.52786922454834,39400
2010-03-23,18.43000030517578,18.8700008392334,18.3700008392334,18.649999618530273,12.663674354553223,29300
2010-03-24,18.610000610351562,18.639999389648438,18.299999237060547,18.450000762939453,12.52786922454834,34100
2010-03-25,18.540000915527344,19.030000686645508,18.329999923706055,18.450000762939453,12.52786922454834,42200
2010-03-26,18.579999923706055,18.68000030517578,18.299999237060547,18.31999969482422,12.439597129821777,28500
2010-03-29,18.3700008392334,18.690000534057617,18.31999969482422,18.540000915527344,12.588984489440918,23800
2010-03-30,18.510000228881836,19.329999923706055,18.510000228881836,18.940000534057617,12.860590934753418,39500
2010-03-31,18.90999984741211,19.389999389648438,18.760000228881836,18.84000015258789,12.792688369750977,40100
2010-04-01,18.93000030517578,19.1299991607666,18.84000015258789,19.059999465942383,12.942066192626953,21700
2010-04-05,19.1200008392334,19.389999389648438,19.1200008392334,19.389999389648438,13.166152000427246,26700
2010-04-06,19.6200008392334,19.860000610351562,19.170000076293945,19.6299991607666,13.329109191894531,24600
2010-04-07,19.549999237060547,20.0,19.510000228881836,19.989999771118164,13.57356071472168,147800
2010-04-08,19.860000610351562,20.40999984741211,19.860000610351562,20.200000762939453,13.716150283813477,34200
2010-04-09,20.170000076293945,20.75,19.610000610351562,19.65999984741211,13.349482536315918,24700
2010-04-12,19.600000381469727,19.940000534057617,19.25,19.68000030517578,13.36306095123291,10800
2010-04-13,19.68000030517578,20.170000076293945,19.389999389648438,20.020000457763672,13.593929290771484,49400
2010-04-14,20.049999237060547,20.170000076293945,19.739999771118164,20.1299991607666,13.668615341186523,41400
2010-04-15,20.059999465942383,20.399999618530273,19.770000457763672,20.3799991607666,13.838372230529785,21900
2010-04-16,20.3799991607666,20.40999984741211,19.600000381469727,19.829999923706055,13.464912414550781,52900
2010-04-19,19.829999923706055,20.34000015258789,19.489999771118164,20.100000381469727,13.648248672485352,56200
2010-04-20,20.139999389648438,20.440000534057617,19.809999465942383,20.43000030517578,13.87232494354248,32400
2010-04-21,20.549999237060547,21.809999465942383,20.0,21.309999465942383,14.469862937927246,66500
2010-04-22,21.030000686645508,23.700000762939453,21.030000686645508,23.450000762939453,15.922957420349121,87900
2010-04-23,22.989999771118164,23.81999969482422,22.479999542236328,23.190000534057617,15.746417999267578,158300
2010-04-26,23.200000762939453,23.200000762939453,22.700000762939453,22.959999084472656,15.590228080749512,71200
2010-04-27,22.829999923706055,23.56999969482422,22.459999084472656,23.100000381469727,15.685297966003418,40500
2010-04-28,23.139999389648438,23.770000457763672,22.510000228881836,23.25,15.787152290344238,62400
2010-04-29,23.489999771118164,24.8799991607666,23.31999969482422,24.290000915527344,16.493330001831055,86200
2010-04-30,24.360000610351562,24.989999771118164,24.0,24.149999618530273,16.398269653320312,86000
2010-05-03,24.25,25.0,24.25,24.90999984741211,16.91431999206543,33900
2010-05-04,24.549999237060547,24.93000030517578,24.15999984741211,24.65999984741211,16.74456787109375,64900
2010-05-05,24.360000610351562,24.549999237060547,23.559999465942383,23.739999771118164,16.1198673248291,72300
2010-05-06,23.6200008392334,24.229999542236328,16.829999923706055,23.549999237060547,15.990853309631348,90600
2010-05-07,23.540000915527344,23.75,22.799999237060547,23.40999984741211,15.895795822143555,90000
2010-05-10,24.360000610351562,25.0,23.8700008392334,24.93000030517578,16.92790985107422,66400
2010-05-11,24.709999084472656,25.489999771118164,23.979999542236328,24.84000015258789,16.866790771484375,54400
2010-05-12,24.989999771118164,25.399999618530273,24.5,25.260000228881836,17.1519832611084,40400
2010-05-13,25.100000381469727,25.139999389648438,24.389999389648438,24.690000534057617,16.764938354492188,40000
2010-05-14,24.549999237060547,24.729999542236328,24.010000228881836,24.68000030517578,16.758142471313477,28600
2010-05-17,24.860000610351562,24.860000610351562,24.110000610351562,24.399999618530273,16.568029403686523,36800
2010-05-18,24.760000228881836,24.760000228881836,23.709999084472656,24.25,16.46616554260254,57400
2010-05-19,24.40999984741211,24.440000534057617,23.760000228881836,24.280000686645508,16.48654556274414,35700
2010-05-20,23.729999542236328,24.010000228881836,23.350000381469727,23.3799991607666,15.875419616699219,43000
2010-05-21,23.09000015258789,23.829999923706055,22.739999771118164,23.770000457763672,16.14023780822754,31200
2010-05-24,23.770000457763672,23.770000457763672,22.520000457763672,22.56999969482422,15.325419425964355,31200
2010-05-25,22.059999465942383,22.8700008392334,22.059999465942383,22.780000686645508,15.468008995056152,62400
2010-05-26,22.479999542236328,23.479999542236328,22.440000534057617,22.709999084472656,15.420482635498047,65000
2010-05-27,23.149999618530273,23.719999313354492,22.440000534057617,23.530000686645508,15.977273941040039,79100
2010-05-28,23.540000915527344,23.540000915527344,22.59000015258789,23.149999618530273,15.719254493713379,36700
2010-06-01,23.360000610351562,24.079999923706055,22.530000686645508,22.6200008392334,15.359375,55500
2010-06-02,23.040000915527344,23.739999771118164,22.829999923706055,23.489999771118164,15.950114250183105,122300
2010-06-03,23.420000076293945,24.06999969482422,23.239999771118164,23.459999084472656,15.929742813110352,57100
2010-06-04,22.959999084472656,23.8799991607666,22.389999389648438,22.489999771118164,15.271095275878906,52200
2010-06-07,22.5,23.15999984741211,22.200000762939453,22.34000015258789,15.169248580932617,50000
2010-06-08,22.450000762939453,22.81999969482422,22.010000228881836,22.329999923706055,15.162461280822754,76900
2010-06-09,22.56999969482422,23.149999618530273,21.989999771118164,22.329999923706055,15.162461280822754,129800
2010-06-10,22.709999084472656,22.979999542236328,22.170000076293945,22.950000762939453,15.583454132080078,83200
2010-06-11,22.690000534057617,23.43000030517578,22.690000534057617,23.399999618530273,15.88900375366211,32900
2010-06-14,23.600000381469727,24.079999923706055,23.469999313354492,23.639999389648438,16.051965713500977,42700
2010-06-15,23.889999389648438,24.0,23.40999984741211,23.989999771118164,16.289630889892578,49000
2010-06-16,23.719999313354492,24.309999465942383,23.59000015258789,24.270000457763672,16.578571319580078,39900
2010-06-17,24.450000762939453,24.450000762939453,24.059999465942383,24.290000915527344,16.59223175048828,42100
2010-06-18,24.450000762939453,24.5,24.209999084472656,24.229999542236328,16.55124855041504,68300
2010-06-21,24.450000762939453,24.479999542236328,23.420000076293945,23.520000457763672,16.066255569458008,39100
2010-06-22,23.520000457763672,23.809999465942383,23.1200008392334,23.139999389648438,15.806681632995605,32700
2010-06-23,23.040000915527344,23.31999969482422,22.940000534057617,23.15999984741211,15.820340156555176,44800
2010-06-24,22.959999084472656,23.459999084472656,22.809999465942383,23.030000686645508,15.731544494628906,29000
2010-06-25,23.200000762939453,23.459999084472656,22.350000381469727,23.450000762939453,16.018442153930664,136300
2010-06-28,23.479999542236328,24.239999771118164,23.329999923706055,23.940000534057617,16.3531494140625,23400
2010-06-29,23.579999923706055,23.579999923706055,22.610000610351562,23.170000076293945,15.827170372009277,53900
2010-06-30,23.110000610351562,23.290000915527344,22.3799991607666,22.399999618530273,15.30119514465332,27200
2010-07-01,22.3799991607666,22.700000762939453,21.780000686645508,22.549999237060547,15.403661727905273,30400
2010-07-02,22.760000228881836,22.760000228881836,22.030000686645508,22.030000686645508,15.048452377319336,13900
2010-07-06,22.420000076293945,23.190000534057617,22.100000381469727,22.459999084472656,15.342174530029297,32000
2010-07-07,22.600000381469727,23.489999771118164,22.600000381469727,23.469999313354492,16.032094955444336,37200
2010-07-08,23.719999313354492,24.079999923706055,23.719999313354492,24.079999923706055,16.44878578186035,31000
2010-07-09,24.09000015258789,24.780000686645508,24.079999923706055,24.729999542236328,16.892793655395508,23200
2010-07-12,24.719999313354492,24.979999542236328,24.170000076293945,24.68000030517578,16.858633041381836,62200
2010-07-13,25.0,25.3799991607666,24.510000228881836,25.329999923706055,17.302640914916992,42800
2010-07-14,25.170000076293945,25.56999969482422,24.989999771118164,25.56999969482422,17.466588973999023,23800
2010-07-15,25.649999618530273,25.709999084472656,24.649999618530273,25.459999084472656,17.391443252563477,39100
2010-07-16,25.219999313354492,25.530000686645508,25.100000381469727,25.18000030517578,17.200185775756836,48200
2010-07-19,25.31999969482422,25.6299991607666,24.790000915527344,25.40999984741211,17.357295989990234,31400
2010-07-20,25.06999969482422,25.3799991607666,24.760000228881836,25.110000610351562,17.15237045288086,47500
2010-07-21,25.34000015258789,25.34000015258789,23.790000915527344,24.020000457763672,16.407800674438477,51000
2010-07-22,24.399999618530273,25.549999237060547,24.399999618530273,25.489999771118164,17.411937713623047,48800
2010-07-23,25.479999542236328,25.889999389648438,24.200000762939453,25.809999465942383,17.630535125732422,49300
2010-07-26,25.93000030517578,26.0,25.40999984741211,25.969999313354492,17.73982048034668,34000
2010-07-27,26.0,26.440000534057617,25.399999618530273,25.790000915527344,17.616872787475586,35300
2010-07-28,25.670000076293945,25.739999771118164,24.399999618530273,24.5,16.73567771911621,47500
2010-07-29,24.549999237060547,25.049999237060547,24.469999313354492,24.889999389648438,17.002084732055664,26700
2010-07-30,24.5,25.3799991607666,24.489999771118164,24.780000686645508,16.92694091796875,28700
2010-08-02,25.209999084472656,25.209999084472656,24.479999542236328,25.059999465942383,17.118207931518555,32600
2010-08-03,24.899999618530273,25.6200008392334,24.600000381469727,25.520000457763672,17.432432174682617,37400
2010-08-04,25.56999969482422,25.770000457763672,25.18000030517578,25.610000610351562,17.493911743164062,29200
2010-08-05,25.219999313354492,25.31999969482422,19.1299991607666,19.270000457763672,13.163125991821289,553800
2010-08-06,19.399999618530273,20.09000015258789,19.06999969482422,19.559999465942383,13.361223220825195,219700
2010-08-09,19.799999237060547,20.239999771118164,19.479999542236328,20.219999313354492,13.812060356140137,80500
2010-08-10,20.010000228881836,21.170000076293945,19.950000762939453,21.010000228881836,14.351705551147461,88500
2010-08-11,20.579999923706055,20.84000015258789,20.09000015258789,20.649999618530273,14.105792045593262,57300
2010-08-12,20.06999969482422,20.979999542236328,20.06999969482422,20.700000762939453,14.139945030212402,49300
2010-08-13,20.56999969482422,20.75,20.510000228881836,20.700000762939453,14.139945030212402,31300
2010-08-16,20.670000076293945,21.299999237060547,20.56999969482422,21.299999237060547,14.54980182647705,37400
2010-08-17,21.56999969482422,21.56999969482422,21.09000015258789,21.420000076293945,14.63176441192627,52300
2010-08-18,21.459999084472656,21.84000015258789,21.079999923706055,21.770000457763672,14.870847702026367,39000
2010-08-19,21.75,21.809999465942383,20.479999542236328,20.950000762939453,14.310711860656738,41800
2010-08-20,20.809999465942383,21.139999389648438,20.309999465942383,20.65999984741211,14.112617492675781,39300
2010-08-23,20.850000381469727,21.0,19.43000030517578,19.5,13.320237159729004,49700
2010-08-24,19.5,19.5,19.030000686645508,19.290000915527344,13.176787376403809,42900
2010-08-25,19.219999313354492,19.489999771118164,18.739999771118164,19.479999542236328,13.3065767288208,51200
2010-08-26,19.5,19.93000030517578,19.299999237060547,19.389999389648438,13.24510383605957,21300
2010-08-27,19.540000915527344,19.649999618530273,18.979999542236328,19.600000381469727,13.388548851013184,25700
2010-08-30,19.459999084472656,19.690000534057617,18.850000381469727,18.8799991607666,12.896721839904785,22800
2010-08-31,18.68000030517578,19.690000534057617,18.600000381469727,19.420000076293945,13.265593528747559,36200
2010-09-01,19.729999542236328,19.899999618530273,19.510000228881836,19.670000076293945,13.436359405517578,44400
2010-09-02,19.670000076293945,19.670000076293945,19.079999923706055,19.100000381469727,13.046998977661133,19100
2010-09-03,19.3700008392334,19.579999923706055,19.170000076293945,19.520000457763672,13.33389949798584,34400
2010-09-07,19.510000228881836,19.510000228881836,18.809999465942383,18.8700008392334,12.889890670776367,28800
2010-09-08,19.0,19.579999923706055,19.0,19.049999237060547,13.012843132019043,13500
2010-09-09,19.350000381469727,19.6299991607666,18.920000076293945,19.079999923706055,13.033334732055664,21400
2010-09-10,19.079999923706055,19.389999389648438,18.84000015258789,19.309999465942383,13.190443992614746,9800
2010-09-13,19.5,20.100000381469727,19.309999465942383,19.989999771118164,13.654955863952637,26700
2010-09-14,19.979999542236328,19.979999542236328,19.110000610351562,19.209999084472656,13.122137069702148,27500
2010-09-15,19.059999465942383,19.780000686645508,19.059999465942383,19.700000762939453,13.557777404785156,37100
2010-09-16,19.729999542236328,19.860000610351562,19.5,19.59000015258789,13.482071876525879,14000
2010-09-17,19.84000015258789,20.25,19.5,19.530000686645508,13.440786361694336,34200
2010-09-20,19.670000076293945,20.5,19.239999771118164,20.280000686645508,13.956940650939941,31700
2010-09-21,20.25,20.25,19.600000381469727,19.739999771118164,13.585308074951172,21300
2010-09-22,19.719999313354492,19.989999771118164,19.5,19.75,13.59218978881836,29400
2010-09-23,19.649999618530273,20.81999969482422,19.649999618530273,20.43000030517578,14.0601806640625,58000
2010-09-24,20.760000228881836,21.350000381469727,20.510000228881836,21.31999969482422,14.672684669494629,24100
2010-09-27,21.389999389648438,21.389999389648438,20.729999542236328,21.020000457763672,14.466218948364258,29600
2010-09-28,21.15999984741211,22.510000228881836,20.270000457763672,22.5,15.484774589538574,51900
2010-09-29,22.40999984741211,22.420000076293945,21.209999084472656,21.290000915527344,14.652036666870117,67000
2010-09-30,21.56999969482422,21.639999389648438,20.90999984741211,21.1299991607666,14.54191780090332,19900
2010-10-01,21.329999923706055,21.75,21.040000915527344,21.489999771118164,14.789677619934082,11700
2010-10-04,21.3700008392334,21.8799991607666,21.209999084472656,21.489999771118164,14.789677619934082,25000
2010-10-05,21.75,22.399999618530273,21.75,22.219999313354492,15.292069435119629,31000
2010-10-06,22.25,22.600000381469727,21.799999237060547,22.1200008392334,15.223250389099121,29400
2010-10-07,22.309999465942383,22.309999465942383,20.90999984741211,20.950000762939453,14.418045043945312,22500
2010-10-08,21.020000457763672,22.049999237060547,20.889999389648438,21.110000610351562,14.528157234191895,31900
2010-10-11,21.15999984741211,21.8799991607666,21.15999984741211,21.75,14.96861457824707,6200
2010-10-12,21.6200008392334,22.100000381469727,21.6200008392334,22.020000457763672,15.154433250427246,10000
2010-10-13,22.049999237060547,22.049999237060547,21.56999969482422,21.649999618530273,14.899788856506348,36000
2010-10-14,21.559999465942383,21.790000915527344,21.010000228881836,21.260000228881836,14.631391525268555,37000
2010-10-15,21.600000381469727,21.600000381469727,20.829999923706055,21.059999465942383,14.493746757507324,66900
2010-10-18,21.0,21.440000534057617,20.8799991607666,21.290000915527344,14.652036666870117,31600
2010-10-19,20.969999313354492,21.040000915527344,19.809999465942383,20.25,13.936294555664062,42500
2010-10-20,21.469999313354492,21.469999313354492,20.600000381469727,20.950000762939453,14.418045043945312,13000
2010-10-21,21.100000381469727,21.5,20.43000030517578,20.56999969482422,14.156521797180176,19600
2010-10-22,20.739999771118164,20.940000534057617,20.399999618530273,20.860000610351562,14.35610580444336,33000
2010-10-25,21.020000457763672,21.020000457763672,20.56999969482422,20.809999465942383,14.321691513061523,16800
2010-10-26,20.770000457763672,21.3799991607666,20.600000381469727,21.280000686645508,14.645149230957031,15700
2010-10-27,21.18000030517578,21.3799991607666,20.760000228881836,20.889999389648438,14.376749992370605,11900
2010-10-28,21.139999389648438,21.139999389648438,20.559999465942383,20.559999465942383,14.149639129638672,14900
2010-10-29,20.510000228881836,20.65999984741211,20.049999237060547,20.440000534057617,14.067052841186523,21100
2010-11-01,20.56999969482422,20.56999969482422,20.209999084472656,20.309999465942383,13.977593421936035,18700
2010-11-02,20.559999465942383,20.600000381469727,20.399999618530273,20.530000686645508,14.128997802734375,24400
2010-11-03,20.610000610351562,20.799999237060547,20.489999771118164,20.799999237060547,14.314807891845703,12000
2010-11-04,21.1299991607666,22.149999618530273,21.1299991607666,22.100000381469727,15.209485054016113,30400
2010-11-05,22.100000381469727,22.100000381469727,21.610000610351562,21.860000610351562,15.044318199157715,15500
2010-11-08,21.81999969482422,21.989999771118164,21.469999313354492,21.729999542236328,14.954852104187012,5500
2010-11-09,21.5,22.059999465942383,21.5,21.899999618530273,15.071843147277832,16300
2010-11-10,21.780000686645508,22.139999389648438,21.479999542236328,22.139999389648438,15.23701286315918,18200
2010-11-11,21.889999389648438,22.0,21.809999465942383,21.84000015258789,15.030550003051758,8100
2010-11-12,21.59000015258789,21.59000015258789,21.209999084472656,21.229999542236328,14.61074447631836,12600
2010-11-15,21.270000457763672,21.59000015258789,21.06999969482422,21.469999313354492,14.775912284851074,11700
2010-11-16,21.360000610351562,21.59000015258789,21.270000457763672,21.489999771118164,14.789677619934082,15100
2010-11-17,22.209999084472656,22.600000381469727,21.06999969482422,21.06999969482422,14.500628471374512,24700
2010-11-18,21.40999984741211,21.559999465942383,21.09000015258789,21.139999389648438,14.548802375793457,16200
2010-11-19,21.190000534057617,21.190000534057617,20.93000030517578,21.1299991607666,14.54191780090332,13900
2010-11-22,20.969999313354492,21.8799991607666,20.510000228881836,21.68000030517578,14.920441627502441,18900
2010-11-23,21.450000762939453,21.6299991607666,21.18000030517578,21.440000534057617,14.755269050598145,14200
2010-11-24,21.540000915527344,22.040000915527344,21.540000915527344,22.040000915527344,15.168192863464355,13000
2010-11-26,22.139999389648438,22.139999389648438,21.5,21.920000076293945,15.085611343383789,6200
2010-11-29,21.850000381469727,22.010000228881836,20.739999771118164,21.200000762939453,14.590096473693848,43600
2010-11-30,21.200000762939453,21.229999542236328,20.5,20.510000228881836,14.115225791931152,90800
2010-12-01,20.8799991607666,21.610000610351562,20.809999465942383,21.280000686645508,14.645149230957031,44600
2010-12-02,21.229999542236328,21.65999984741211,21.049999237060547,21.520000457763672,14.810325622558594,21800
2010-12-03,21.299999237060547,21.440000534057617,20.56999969482422,21.1299991607666,14.54191780090332,51500
2010-12-06,21.170000076293945,21.18000030517578,20.75,21.110000610351562,14.528157234191895,25500
2010-12-07,21.329999923706055,21.729999542236328,21.059999465942383,21.729999542236328,14.954852104187012,17800
2010-12-08,21.850000381469727,22.100000381469727,21.600000381469727,22.040000915527344,15.168192863464355,18900
2010-12-09,22.170000076293945,22.209999084472656,21.709999084472656,22.06999969482422,15.188838005065918,21900
2010-12-10,21.899999618530273,22.280000686645508,21.31999969482422,22.280000686645508,15.333362579345703,22100
2010-12-13,22.309999465942383,22.81999969482422,21.969999313354492,22.770000457763672,15.670591354370117,26500
2010-12-14,22.889999389648438,23.09000015258789,22.459999084472656,23.0,15.828876495361328,31200
2010-12-15,22.899999618530273,23.479999542236328,22.799999237060547,22.8799991607666,15.844804763793945,19900
2010-12-16,22.8700008392334,23.75,22.479999542236328,23.65999984741211,16.384979248046875,35200
2010-12-17,23.600000381469727,23.829999923706055,23.09000015258789,23.739999771118164,16.440372467041016,46200
2010-12-20,23.90999984741211,23.989999771118164,23.34000015258789,23.709999084472656,16.419599533081055,24900
2010-12-21,23.860000610351562,24.139999389648438,22.1200008392334,24.1299991607666,16.71045684814453,47100
2010-12-22,24.190000534057617,24.469999313354492,23.700000762939453,23.8700008392334,16.530405044555664,14100
2010-12-23,23.920000076293945,24.079999923706055,23.549999237060547,23.670000076293945,16.391897201538086,17000
2010-12-27,23.489999771118164,24.079999923706055,22.920000076293945,23.969999313354492,16.599653244018555,29100
2010-12-28,23.700000762939453,24.700000762939453,23.700000762939453,24.139999389648438,16.71738052368164,65600
2010-12-29,24.149999618530273,24.450000762939453,23.959999084472656,24.3700008392334,16.876657485961914,42200
2010-12-30,24.270000457763672,24.299999237060547,23.8799991607666,24.100000381469727,16.689682006835938,68100
2010-12-31,23.979999542236328,24.110000610351562,23.75,23.75,16.447298049926758,17200
2011-01-03,24.020000457763672,24.31999969482422,23.84000015258789,23.860000610351562,16.523475646972656,37600
2011-01-04,23.989999771118164,24.020000457763672,22.829999923706055,22.950000762939453,15.89328384399414,35300
2011-01-05,22.989999771118164,22.989999771118164,22.700000762939453,22.8700008392334,15.837878227233887,27900
2011-01-06,22.81999969482422,22.81999969482422,22.260000228881836,22.5,15.581649780273438,30300
2011-01-07,22.479999542236328,22.489999771118164,21.8799991607666,22.0,15.235390663146973,44700
2011-01-10,21.81999969482422,22.09000015258789,21.579999923706055,21.940000534057617,15.193840026855469,20700
2011-01-11,21.950000762939453,21.989999771118164,21.75,21.889999389648438,15.15921401977539,17300
2011-01-12,21.75,21.8799991607666,21.260000228881836,21.360000610351562,14.792177200317383,58500
2011-01-13,21.469999313354492,21.559999465942383,21.299999237060547,21.389999389648438,14.812952041625977,22500
2011-01-14,21.40999984741211,21.780000686645508,21.360000610351562,21.649999618530273,14.99300765991211,27500
2011-01-18,21.649999618530273,21.75,21.299999237060547,21.6200008392334,14.9722318649292,29400
2011-01-19,21.6200008392334,21.6200008392334,20.309999465942383,20.43000030517578,14.148134231567383,49000
2011-01-20,20.399999618530273,20.969999313354492,20.399999618530273,20.780000686645508,14.390524864196777,26800
2011-01-21,21.0,21.0,20.610000610351562,20.610000610351562,14.27279281616211,26600
2011-01-24,20.5,20.559999465942383,20.260000228881836,20.40999984741211,14.13429069519043,31900
2011-01-25,20.270000457763672,20.34000015258789,20.149999618530273,20.239999771118164,14.016561508178711,58800
2011-01-26,20.25,20.5,20.149999618530273,20.489999771118164,14.189687728881836,59900
2011-01-27,20.40999984741211,20.59000015258789,20.270000457763672,20.420000076293945,14.141213417053223,29300
2011-01-28,20.31999969482422,20.31999969482422,18.170000076293945,18.600000381469727,12.880830764770508,201900
2011-01-31,18.829999923706055,19.139999389648438,18.5,19.09000015258789,13.22016716003418,169400
2011-02-01,19.170000076293945,20.079999923706055,19.170000076293945,19.850000381469727,13.746481895446777,55000
2011-02-02,19.809999465942383,19.899999618530273,19.469999313354492,19.68000030517578,13.62874984741211,17500
2011-02-03,19.719999313354492,19.719999313354492,18.700000762939453,18.709999084472656,12.957008361816406,45000
2011-02-04,18.600000381469727,19.25,18.600000381469727,18.959999084472656,13.13014030456543,51000
2011-02-07,18.940000534057617,19.780000686645508,18.940000534057617,19.639999389648438,13.601046562194824,58500
2011-02-08,19.56999969482422,19.760000228881836,19.290000915527344,19.760000228881836,13.684154510498047,32500
2011-02-09,19.6200008392334,19.920000076293945,19.479999542236328,19.889999389648438,13.774179458618164,47200
2011-02-10,19.65999984741211,19.829999923706055,19.350000381469727,19.389999389648438,13.427919387817383,40300
2011-02-11,18.559999465942383,18.559999465942383,17.610000610351562,18.0,12.465320587158203,152400
2011-02-14,18.040000915527344,18.190000534057617,17.770000457763672,17.90999984741211,12.402995109558105,43400
2011-02-15,17.850000381469727,18.0,17.5,17.65999984741211,12.229862213134766,43400
2011-02-16,17.709999084472656,17.729999542236328,17.34000015258789,17.530000686645508,12.139838218688965,64600
2011-02-17,17.450000762939453,17.520000457763672,17.360000610351562,17.459999084472656,12.091360092163086,35500
2011-02-18,17.530000686645508,17.549999237060547,17.059999465942383,17.15999984741211,11.883604049682617,77400
2011-02-22,17.040000915527344,17.079999923706055,16.809999465942383,16.8700008392334,11.682772636413574,133800
2011-02-23,16.940000534057617,17.190000534057617,16.90999984741211,17.0,11.772802352905273,105100
2011-02-24,17.0,17.270000457763672,16.84000015258789,17.079999923706055,11.828200340270996,121800
2011-02-25,17.229999542236328,17.309999465942383,17.1299991607666,17.209999084472656,11.918231964111328,35000
2011-02-28,17.3799991607666,17.510000228881836,17.0,17.139999389648438,11.869757652282715,26500
2011-03-01,18.360000610351562,18.5,17.549999237060547,17.709999084472656,12.26448917388916,112300
2011-03-02,17.760000228881836,17.950000762939453,17.549999237060547,17.84000015258789,12.35451602935791,36900
2011-03-03,18.0,18.25,17.850000381469727,18.059999465942383,12.506869316101074,30400
2011-03-04,18.059999465942383,18.059999465942383,17.6299991607666,17.850000381469727,12.361445426940918,81500
2011-03-07,17.93000030517578,18.010000228881836,17.700000762939453,17.809999465942383,12.333740234375,41300
2011-03-08,17.860000610351562,18.219999313354492,17.809999465942383,18.1200008392334,12.548420906066895,38400
2011-03-09,18.049999237060547,18.170000076293945,17.899999618530273,18.020000457763672,12.479174613952637,29100
2011-03-10,17.920000076293945,18.06999969482422,17.780000686645508,17.989999771118164,12.458395004272461,75500
2011-03-11,17.940000534057617,18.229999542236328,17.899999618530273,18.100000381469727,12.53456974029541,31700
2011-03-14,18.010000228881836,18.399999618530273,17.950000762939453,18.389999389648438,12.735398292541504,22700
2011-03-15,17.959999084472656,18.360000610351562,17.959999084472656,18.299999237060547,12.673073768615723,22900
2011-03-16,18.139999389648438,18.469999313354492,18.0,18.260000228881836,12.744969367980957,28400
2011-03-17,18.5,18.59000015258789,18.1299991607666,18.520000457763672,12.926441192626953,32500
2011-03-18,18.670000076293945,19.59000015258789,18.579999923706055,19.450000762939453,13.575550079345703,77000
2011-03-21,19.6200008392334,19.6200008392334,19.31999969482422,19.399999618530273,13.540657997131348,31100
2011-03-22,19.43000030517578,19.43000030517578,18.469999313354492,18.489999771118164,12.905502319335938,38400
2011-03-23,18.489999771118164,19.25,18.489999771118164,19.200000762939453,13.401060104370117,35000
2011-03-24,19.350000381469727,19.56999969482422,19.049999237060547,19.25,13.435965538024902,25800
2011-03-25,19.3799991607666,19.6200008392334,19.270000457763672,19.56999969482422,13.659309387207031,26100
2011-03-28,19.6299991607666,19.68000030517578,19.25,19.25,13.435965538024902,24800
2011-03-29,19.219999313354492,19.25,19.030000686645508,19.15999984741211,13.373141288757324,24300
2011-03-30,19.15999984741211,19.600000381469727,19.15999984741211,19.59000015258789,13.673264503479004,16500
2011-03-31,19.600000381469727,19.639999389648438,19.299999237060547,19.479999542236328,13.596492767333984,24400
2011-04-01,19.579999923706055,19.989999771118164,19.399999618530273,19.989999771118164,13.952457427978516,33200
2011-04-04,20.0,20.610000610351562,19.84000015258789,20.5,14.308427810668945,44600
2011-04-05,20.5,21.690000534057617,20.5,21.520000457763672,15.020357131958008,37500
2011-04-06,21.559999465942383,21.93000030517578,21.06999969482422,21.360000610351562,14.90868091583252,30100
2011-04-07,21.299999237060547,21.59000015258789,20.780000686645508,20.889999389648438,14.580632209777832,23400
2011-04-08,21.030000686645508,21.1200008392334,20.34000015258789,20.34000015258789,14.19675064086914,19200
2011-04-11,20.3700008392334,20.3700008392334,19.719999313354492,19.790000915527344,13.812868118286133,18700
2011-04-12,19.739999771118164,19.899999618530273,19.459999084472656,19.719999313354492,13.764002799987793,19600
2011-04-13,19.809999465942383,19.950000762939453,19.280000686645508,19.280000686645508,13.456896781921387,31600
2011-04-14,19.079999923706055,19.489999771118164,18.920000076293945,19.43000030517578,13.561592102050781,65800
2011-04-15,19.40999984741211,20.1200008392334,19.40999984741211,19.709999084472656,13.757025718688965,43700
2011-04-18,19.56999969482422,19.93000030517578,19.3700008392334,19.510000228881836,13.617433547973633,42700
2011-04-19,19.520000457763672,19.610000610351562,19.040000915527344,19.34000015258789,13.49877643585205,21400
2011-04-20,19.34000015258789,19.34000015258789,18.809999465942383,19.049999237060547,13.296360969543457,15500
2011-04-21,19.850000381469727,20.219999313354492,19.399999618530273,20.040000915527344,13.987359046936035,41600
2011-04-25,19.799999237060547,20.0,19.15999984741211,20.0,13.95943546295166,47600
2011-04-26,20.059999465942383,21.200000762939453,19.110000610351562,21.149999618530273,14.762110710144043,82300
2011-04-27,21.100000381469727,21.649999618530273,21.100000381469727,21.280000686645508,14.852842330932617,70000
2011-04-28,21.469999313354492,21.889999389648438,21.440000534057617,21.889999389648438,15.278607368469238,42000
2011-04-29,21.899999618530273,21.899999618530273,21.719999313354492,21.780000686645508,15.201831817626953,26000
2011-05-02,21.889999389648438,22.329999923706055,21.530000686645508,21.68000030517578,15.132031440734863,37000
2011-05-03,21.649999618530273,21.950000762939453,21.649999618530273,21.75,15.180891990661621,18000
2011-05-04,21.989999771118164,22.0,21.690000534057617,21.75,15.180891990661621,24000
2011-05-05,21.530000686645508,21.530000686645508,19.93000030517578,20.079999923706055,14.015275001525879,78300
2011-05-06,20.299999237060547,20.56999969482422,19.559999465942383,19.700000762939453,13.750048637390137,37000
2011-05-09,19.719999313354492,20.309999465942383,19.709999084472656,20.18000030517578,14.08506965637207,32000
2011-05-10,20.309999465942383,20.739999771118164,19.899999618530273,20.649999618530273,14.413116455078125,33300
2011-05-11,20.559999465942383,20.809999465942383,20.110000610351562,20.170000076293945,14.078094482421875,22300
2011-05-12,20.110000610351562,21.25,20.110000610351562,20.950000762939453,14.622511863708496,28000
2011-05-13,20.989999771118164,20.989999771118164,19.809999465942383,19.93000030517578,13.910579681396484,19000
2011-05-16,19.8700008392334,20.56999969482422,19.8700008392334,20.15999984741211,14.071110725402832,35900
2011-05-17,20.1200008392334,20.420000076293945,20.0,20.0,13.95943546295166,17400
2011-05-18,20.479999542236328,20.600000381469727,20.15999984741211,20.459999084472656,14.280502319335938,55100
2011-05-19,20.649999618530273,20.90999984741211,20.190000534057617,20.3799991607666,14.2246675491333,27300
2011-05-20,20.079999923706055,20.18000030517578,19.93000030517578,20.020000457763672,13.973397254943848,41600
2011-05-23,19.93000030517578,20.440000534057617,19.93000030517578,19.940000534057617,13.917557716369629,48900
2011-05-24,19.979999542236328,20.299999237060547,19.59000015258789,19.6200008392334,13.694207191467285,79600
2011-05-25,19.549999237060547,19.829999923706055,19.549999237060547,19.68000030517578,13.736089706420898,21400
2011-05-26,19.639999389648438,19.989999771118164,19.6200008392334,19.850000381469727,13.854745864868164,21600
2011-05-27,19.8799991607666,20.25,19.770000457763672,19.899999618530273,13.889641761779785,30000
2011-05-31,20.049999237060547,20.65999984741211,19.899999618530273,20.459999084472656,14.280502319335938,145100
2011-06-01,20.600000381469727,20.790000915527344,20.010000228881836,20.149999618530273,14.064131736755371,134000
2011-06-02,20.270000457763672,20.270000457763672,19.799999237060547,19.959999084472656,13.931520462036133,45600
2011-06-03,19.670000076293945,20.0,19.65999984741211,19.670000076293945,13.729108810424805,29000
2011-06-06,19.760000228881836,20.510000228881836,19.75,19.93000030517578,13.910579681396484,48600
2011-06-07,20.049999237060547,20.450000762939453,19.90999984741211,20.1200008392334,14.043193817138672,82100
2011-06-08,20.079999923706055,20.6299991607666,19.90999984741211,19.940000534057617,13.917557716369629,33400
2011-06-09,20.040000915527344,20.450000762939453,19.90999984741211,19.950000762939453,13.924540519714355,65700
2011-06-10,19.860000610351562,19.950000762939453,18.709999084472656,18.950000762939453,13.226569175720215,75000
2011-06-13,18.989999771118164,19.420000076293945,18.719999313354492,19.139999389648438,13.35917854309082,92700
2011-06-14,19.299999237060547,20.18000030517578,19.299999237060547,19.489999771118164,13.603473663330078,60300
2011-06-15,19.190000534057617,19.520000457763672,19.139999389648438,19.360000610351562,13.620359420776367,47800
2011-06-16,19.399999618530273,19.600000381469727,19.239999771118164,19.270000457763672,13.557036399841309,44600
2011-06-17,19.350000381469727,19.75,19.049999237060547,19.09000015258789,13.430404663085938,84400
2011-06-20,19.049999237060547,19.639999389648438,18.989999771118164,19.459999084472656,13.690711975097656,60000
2011-06-21,19.600000381469727,19.81999969482422,19.3799991607666,19.68000030517578,13.845489501953125,30900
2011-06-22,19.600000381469727,19.770000457763672,19.049999237060547,19.059999465942383,13.409293174743652,21700
2011-06-23,18.959999084472656,19.350000381469727,18.760000228881836,19.18000030517578,13.493719100952148,47100
2011-06-24,19.299999237060547,19.43000030517578,18.920000076293945,18.979999542236328,13.353017807006836,70700
2011-06-27,18.93000030517578,19.329999923706055,18.93000030517578,19.25,13.542974472045898,33400
2011-06-28,19.399999618530273,19.969999313354492,19.020000457763672,19.950000762939453,14.035439491271973,34400
2011-06-29,20.079999923706055,20.239999771118164,19.809999465942383,20.170000076293945,14.190217018127441,22900
2011-06-30,20.25,20.459999084472656,19.850000381469727,19.899999618530273,14.000264167785645,55000
2011-07-01,19.979999542236328,20.3799991607666,19.719999313354492,20.219999313354492,14.225394248962402,36600
2011-07-05,20.1299991607666,20.15999984741211,19.93000030517578,20.010000228881836,14.077648162841797,28900
2011-07-06,20.059999465942383,20.899999618530273,20.059999465942383,20.899999618530273,14.703791618347168,41200
2011-07-07,21.0,21.719999313354492,20.81999969482422,21.690000534057617,15.259578704833984,29400
2011-07-08,21.489999771118164,21.510000228881836,21.280000686645508,21.329999923706055,15.006311416625977,15300
2011-07-11,21.329999923706055,21.809999465942383,20.729999542236328,20.799999237060547,14.633439064025879,36100
2011-07-12,20.850000381469727,21.0,20.239999771118164,20.25,14.246498107910156,39800
2011-07-13,20.350000381469727,20.790000915527344,20.100000381469727,20.209999084472656,14.21835994720459,27800
2011-07-14,20.290000915527344,20.5,20.020000457763672,20.260000228881836,14.25353717803955,27200
2011-07-15,20.469999313354492,21.299999237060547,19.510000228881836,21.18000030517578,14.90078067779541,44500
2011-07-18,21.219999313354492,21.389999389648438,20.229999542236328,20.270000457763672,14.260574340820312,30800
2011-07-19,20.540000915527344,21.40999984741211,20.540000915527344,21.40999984741211,15.06259822845459,21500
2011-07-20,21.5,21.5,20.84000015258789,20.93000030517578,14.72490406036377,23000
2011-07-21,21.1200008392334,21.479999542236328,20.18000030517578,21.43000030517578,15.07666301727295,15700
2011-07-22,21.489999771118164,21.489999771118164,19.950000762939453,20.06999969482422,14.119863510131836,47200
2011-07-25,19.860000610351562,20.5,19.5,20.100000381469727,14.140965461730957,30300
2011-07-26,20.149999618530273,20.31999969482422,19.75,19.760000228881836,13.90176773071289,25600
2011-07-27,19.790000915527344,19.799999237060547,18.299999237060547,18.399999618530273,12.944962501525879,76900
2011-07-28,18.540000915527344,18.93000030517578,17.93000030517578,18.559999465942383,13.057533264160156,50500
2011-07-29,18.450000762939453,18.809999465942383,18.100000381469727,18.110000610351562,12.740944862365723,56300
2011-08-01,18.56999969482422,18.75,18.040000915527344,18.3799991607666,12.93089771270752,68700
2011-08-02,18.329999923706055,18.5,17.6299991607666,17.760000228881836,12.494704246520996,60400
2011-08-03,17.950000762939453,18.450000762939453,17.90999984741211,18.149999618530273,12.769082069396973,35500
2011-08-04,18.09000015258789,18.559999465942383,17.610000610351562,17.75,12.487674713134766,73100
2011-08-05,17.889999389648438,17.959999084472656,17.1299991607666,17.290000915527344,12.164050102233887,77600
2011-08-08,16.989999771118164,18.56999969482422,15.729999542236328,16.0,11.256492614746094,92400
2011-08-09,16.68000030517578,18.600000381469727,16.239999771118164,17.520000457763672,12.3258638381958,77700
2011-08-10,17.25,17.950000762939453,16.399999618530273,16.450000762939453,11.573081970214844,37100
2011-08-11,16.56999969482422,17.610000610351562,16.459999084472656,17.170000076293945,12.079623222351074,58300
2011-08-12,17.329999923706055,17.729999542236328,16.649999618530273,16.889999389648438,11.882634162902832,27900
2011-08-15,17.1299991607666,17.549999237060547,17.1299991607666,17.540000915527344,12.339933395385742,22700
2011-08-16,17.360000610351562,17.6200008392334,16.940000534057617,17.209999084472656,12.107765197753906,33200
2011-08-17,17.329999923706055,17.809999465942383,17.31999969482422,17.43000030517578,12.262542724609375,17100
2011-08-18,16.8700008392334,17.239999771118164,16.56999969482422,16.950000762939453,11.924847602844238,44300
2011-08-19,16.790000915527344,17.100000381469727,16.520000457763672,16.979999542236328,11.945953369140625,41200
2011-08-22,17.510000228881836,17.510000228881836,16.68000030517578,16.8799991607666,11.875600814819336,22100
2011-08-23,17.0,17.93000030517578,16.799999237060547,17.75,12.487674713134766,56100
2011-08-24,17.68000030517578,18.1200008392334,17.559999465942383,18.079999923706055,12.719839096069336,34400
2011-08-25,18.1200008392334,18.899999618530273,16.799999237060547,17.0,11.960023880004883,49900
2011-08-26,16.920000076293945,17.850000381469727,16.920000076293945,17.290000915527344,12.164050102233887,32200
2011-08-29,17.579999923706055,17.829999923706055,17.149999618530273,17.469999313354492,12.29068374633789,39900
2011-08-30,17.350000381469727,17.670000076293945,16.799999237060547,17.6200008392334,12.396215438842773,87300
2011-08-31,17.729999542236328,17.950000762939453,17.600000381469727,17.799999237060547,12.522850036621094,65600
2011-09-01,17.860000610351562,18.299999237060547,17.350000381469727,17.489999771118164,12.304755210876465,43800
2011-09-02,17.209999084472656,18.229999542236328,16.600000381469727,16.950000762939453,11.924847602844238,39600
2011-09-06,16.469999313354492,17.219999313354492,16.399999618530273,16.860000610351562,11.861533164978027,31000
2011-09-07,17.209999084472656,18.209999084472656,16.959999084472656,18.170000076293945,12.783154487609863,41000
2011-09-08,18.1200008392334,18.329999923706055,17.09000015258789,17.31999969482422,12.185153007507324,30500
2011-09-09,17.200000762939453,17.389999389648438,16.829999923706055,17.219999313354492,12.114801406860352,39900
2011-09-12,16.989999771118164,17.43000030517578,16.75,17.31999969482422,12.185153007507324,23700
2011-09-13,17.5,17.860000610351562,17.1200008392334,17.309999465942383,12.178119659423828,28500
2011-09-14,17.520000457763672,18.040000915527344,16.950000762939453,17.940000534057617,12.734636306762695,37700
2011-09-15,18.100000381469727,18.100000381469727,17.530000686645508,17.84000015258789,12.663653373718262,38600
2011-09-16,17.950000762939453,17.950000762939453,17.520000457763672,17.860000610351562,12.677851676940918,45000
2011-09-19,17.59000015258789,17.59000015258789,16.790000915527344,17.09000015258789,12.131269454956055,32600
2011-09-20,17.25,17.479999542236328,16.639999389648438,16.809999465942383,11.932513236999512,36500
2011-09-21,16.81999969482422,17.190000534057617,16.5,16.530000686645508,11.733752250671387,36000
2011-09-22,16.25,17.3700008392334,16.25,17.149999618530273,12.173859596252441,63500
2011-09-23,17.219999313354492,17.540000915527344,16.84000015258789,17.040000915527344,12.095781326293945,30100
2011-09-26,17.229999542236328,17.75,17.049999237060547,17.700000762939453,12.564276695251465,14100
2011-09-27,17.799999237060547,17.889999389648438,17.149999618530273,17.520000457763672,12.436507225036621,40400
2011-09-28,17.3799991607666,17.719999313354492,16.93000030517578,16.950000762939453,12.031889915466309,58500
2011-09-29,17.420000076293945,17.639999389648438,17.0,17.579999923706055,12.479089736938477,13000
2011-09-30,17.239999771118164,17.8700008392334,17.200000762939453,17.709999084472656,12.571372985839844,52600
2011-10-03,18.239999771118164,18.239999771118164,16.979999542236328,16.979999542236328,12.05318546295166,38000
2011-10-04,17.0,18.3799991607666,16.850000381469727,18.149999618530273,12.883702278137207,48800
2011-10-05,18.170000076293945,19.09000015258789,18.0,18.399999618530273,13.061162948608398,30000
2011-10-06,18.459999084472656,19.0,18.299999237060547,18.950000762939453,13.451583862304688,30700
2011-10-07,18.940000534057617,19.40999984741211,17.780000686645508,18.68000030517578,13.259923934936523,21200
2011-10-10,19.1200008392334,19.299999237060547,18.65999984741211,19.299999237060547,13.700028419494629,38300
2011-10-11,19.139999389648438,19.75,18.700000762939453,19.739999771118164,14.012359619140625,33600
2011-10-12,19.75,20.1200008392334,19.389999389648438,19.469999313354492,13.820703506469727,53200
2011-10-13,19.389999389648438,19.700000762939453,18.860000610351562,19.649999618530273,13.948472023010254,8100
2011-10-14,19.850000381469727,19.850000381469727,18.93000030517578,19.760000228881836,14.026556015014648,19000
2011-10-17,19.850000381469727,19.850000381469727,19.079999923706055,19.360000610351562,13.742622375488281,33500
2011-10-18,20.0,20.0,19.5,19.959999084472656,14.168527603149414,49600
2011-10-19,19.989999771118164,20.149999618530273,19.790000915527344,19.84000015258789,14.083342552185059,27700
2011-10-20,19.969999313354492,19.969999313354492,19.020000457763672,19.850000381469727,14.090449333190918,19200
2011-10-21,20.229999542236328,20.350000381469727,19.809999465942383,20.15999984741211,14.310491561889648,48100
2011-10-24,20.170000076293945,20.75,20.0,20.739999771118164,14.722210884094238,40300
2011-10-25,20.739999771118164,20.739999771118164,19.0,19.170000076293945,13.607746124267578,39200
2011-10-26,19.610000610351562,20.139999389648438,19.059999465942383,19.959999084472656,14.168527603149414,26700
2011-10-27,20.709999084472656,21.329999923706055,20.18000030517578,20.889999389648438,14.828683853149414,73300
2011-10-28,21.100000381469727,21.200000762939453,20.700000762939453,20.75,14.729310035705566,36500
2011-10-31,20.8700008392334,21.049999237060547,20.290000915527344,20.34000015258789,14.438268661499023,24000
2011-11-01,19.719999313354492,20.399999618530273,18.959999084472656,19.030000686645508,13.50837230682373,37800
2011-11-02,19.440000534057617,20.239999771118164,19.43000030517578,20.09000015258789,14.260805130004883,36300
2011-11-03,20.260000228881836,20.780000686645508,19.850000381469727,20.739999771118164,14.722210884094238,41600
2011-11-04,20.520000457763672,21.049999237060547,19.979999542236328,20.219999313354492,14.353087425231934,17100
2011-11-07,20.020000457763672,20.399999618530273,19.43000030517578,19.899999618530273,14.125936508178711,19500
2011-11-08,20.110000610351562,20.350000381469727,19.469999313354492,20.190000534057617,14.331789016723633,28900
2011-11-09,19.649999618530273,19.889999389648438,18.649999618530273,18.719999313354492,13.28831672668457,56300
2011-11-10,19.1299991607666,19.479999542236328,19.0,19.329999923706055,13.721322059631348,47400
2011-11-11,19.600000381469727,20.200000762939453,19.40999984741211,20.139999389648438,14.296298027038574,42800
2011-11-14,20.020000457763672,20.020000457763672,19.239999771118164,19.440000534057617,13.799407005310059,22100
2011-11-15,19.290000915527344,20.799999237060547,19.290000915527344,20.690000534057617,14.686716079711914,39000
2011-11-16,20.520000457763672,20.780000686645508,19.690000534057617,20.5,14.551844596862793,45500
2011-11-17,20.3799991607666,20.770000457763672,20.06999969482422,20.68000030517578,14.679616928100586,48300
2011-11-18,20.670000076293945,20.90999984741211,20.43000030517578,20.670000076293945,14.67251968383789,32600
2011-11-21,20.299999237060547,20.8799991607666,20.299999237060547,20.56999969482422,14.601534843444824,27600
2011-11-22,20.6299991607666,20.81999969482422,20.549999237060547,20.549999237060547,14.587337493896484,27800
2011-11-23,20.3799991607666,20.56999969482422,19.81999969482422,20.350000381469727,14.4453706741333,29100
2011-11-25,20.280000686645508,20.600000381469727,20.09000015258789,20.09000015258789,14.260805130004883,12100
2011-11-28,20.709999084472656,20.709999084472656,19.540000915527344,20.65999984741211,14.665413856506348,29000
2011-11-29,20.719999313354492,20.860000610351562,20.610000610351562,20.610000610351562,14.629925727844238,13500
2011-11-30,21.0,21.200000762939453,20.219999313354492,21.200000762939453,15.048735618591309,73300
2011-12-01,21.079999923706055,21.450000762939453,20.610000610351562,21.06999969482422,14.956457138061523,32800
2011-12-02,21.3799991607666,21.65999984741211,21.09000015258789,21.1299991607666,14.999044418334961,15600
2011-12-05,21.440000534057617,21.600000381469727,21.15999984741211,21.459999084472656,15.233295440673828,30000
2011-12-06,21.469999313354492,21.920000076293945,20.969999313354492,21.68000030517578,15.3894624710083,49200
2011-12-07,21.579999923706055,21.8799991607666,20.81999969482422,21.40999984741211,15.197808265686035,40600
2011-12-08,21.31999969482422,21.350000381469727,20.670000076293945,20.770000457763672,14.743501663208008,22900
2011-12-09,20.940000534057617,22.899999618530273,20.5,22.56999969482422,16.021223068237305,57500
2011-12-12,22.110000610351562,22.5,21.950000762939453,22.459999084472656,15.943144798278809,38400
2011-12-13,22.6299991607666,22.989999771118164,22.0,22.1200008392334,15.701794624328613,44500
2011-12-14,21.81999969482422,22.709999084472656,21.81999969482422,22.5,16.083511352539062,52600
2011-12-15,22.889999389648438,23.329999923706055,22.399999618530273,22.719999313354492,16.240774154663086,71400
2011-12-16,22.75,23.1200008392334,22.670000076293945,22.690000534057617,16.219324111938477,59400
2011-12-19,22.959999084472656,23.329999923706055,22.229999542236328,22.8799991607666,16.35514259338379,22900
2011-12-20,23.43000030517578,23.450000762939453,22.889999389648438,23.040000915527344,16.469514846801758,48000
2011-12-21,22.889999389648438,23.100000381469727,22.8700008392334,23.030000686645508,16.462369918823242,14100
2011-12-22,23.190000534057617,23.760000228881836,23.149999618530273,23.440000534057617,16.755447387695312,32300
2011-12-23,23.6299991607666,23.950000762939453,23.190000534057617,23.510000228881836,16.805479049682617,16500
2011-12-27,23.5,23.68000030517578,23.200000762939453,23.329999923706055,16.67681121826172,30000
2011-12-28,23.360000610351562,23.360000610351562,22.559999465942383,22.709999084472656,16.23362159729004,20500
2011-12-29,22.709999084472656,23.329999923706055,22.709999084472656,22.899999618530273,16.36944007873535,20300
2011-12-30,22.850000381469727,23.239999771118164,22.700000762939453,22.899999618530273,16.36944007873535,15900
2012-01-03,23.479999542236328,24.0,23.1299991607666,23.809999465942383,17.019927978515625,45200
2012-01-04,23.649999618530273,23.75,23.020000457763672,23.420000076293945,16.74114990234375,31900
2012-01-05,23.290000915527344,23.6299991607666,23.09000015258789,23.350000381469727,16.69110870361328,21400
2012-01-06,23.3799991607666,23.56999969482422,22.8799991607666,23.459999084472656,16.769737243652344,25800
2012-01-09,23.3799991607666,23.829999923706055,23.270000457763672,23.709999084472656,16.948442459106445,38600
2012-01-10,23.920000076293945,24.729999542236328,23.799999237060547,24.649999618530273,17.620376586914062,71800
2012-01-11,24.610000610351562,24.729999542236328,24.200000762939453,24.670000076293945,17.63467788696289,41900
2012-01-12,24.6299991607666,24.65999984741211,24.0,24.190000534057617,17.291568756103516,42000
2012-01-13,23.899999618530273,24.139999389648438,23.700000762939453,23.8700008392334,17.062820434570312,22200
2012-01-17,24.020000457763672,24.270000457763672,23.799999237060547,23.93000030517578,17.10570526123047,20900
2012-01-18,23.799999237060547,24.219999313354492,23.729999542236328,24.0,17.155746459960938,42900
2012-01-19,24.110000610351562,24.229999542236328,23.700000762939453,24.06999969482422,17.205778121948242,30100
2012-01-20,24.06999969482422,24.639999389648438,23.940000534057617,24.59000015258789,17.57748794555664,26900
2012-01-23,24.690000534057617,24.690000534057617,24.219999313354492,24.56999969482422,17.56319236755371,25500
2012-01-24,24.389999389648438,24.59000015258789,24.010000228881836,24.329999923706055,17.391637802124023,41100
2012-01-25,24.389999389648438,25.0,24.18000030517578,24.989999771118164,17.863418579101562,47200
2012-01-26,24.84000015258789,24.899999618530273,24.540000915527344,24.850000381469727,17.763343811035156,37500
2012-01-27,24.68000030517578,25.0,24.670000076293945,24.989999771118164,17.863418579101562,25200
2012-01-30,25.059999465942383,27.5,25.049999237060547,26.5,18.942798614501953,130900
2012-01-31,26.670000076293945,26.670000076293945,24.75,25.40999984741211,18.163650512695312,195500
2012-02-01,25.139999389648438,26.0,24.56999969482422,25.75,18.406681060791016,71700
2012-02-02,25.75,25.950000762939453,25.5,25.829999923706055,18.463869094848633,48000
2012-02-03,26.010000228881836,26.34000015258789,25.170000076293945,26.010000228881836,18.592531204223633,41100
2012-02-06,26.0,26.489999771118164,25.75,25.989999771118164,18.5782413482666,30100
2012-02-07,26.0,26.309999465942383,25.780000686645508,25.8799991607666,18.499608993530273,59900
2012-02-08,25.850000381469727,26.270000457763672,25.729999542236328,26.0,18.585391998291016,43500
2012-02-09,26.0,26.139999389648438,25.399999618530273,25.40999984741211,18.163650512695312,26100
2012-02-10,25.229999542236328,25.399999618530273,24.989999771118164,25.079999923706055,17.927759170532227,25600
2012-02-13,25.43000030517578,26.299999237060547,25.239999771118164,26.149999618530273,18.692609786987305,55500
2012-02-14,26.1299991607666,26.899999618530273,26.0,26.25,18.764101028442383,58400
2012-02-15,26.280000686645508,26.280000686645508,25.84000015258789,26.139999389648438,18.685466766357422,30500
2012-02-16,26.059999465942383,27.899999618530273,26.030000686645508,27.5,19.657623291015625,98900
2012-02-17,27.510000228881836,27.510000228881836,26.940000534057617,27.040000915527344,19.328800201416016,47600
2012-02-21,27.049999237060547,27.389999389648438,26.5,27.049999237060547,19.335948944091797,36300
2012-02-22,27.049999237060547,27.219999313354492,26.790000915527344,26.790000915527344,19.150096893310547,39900
2012-02-23,26.850000381469727,27.15999984741211,26.530000686645508,26.93000030517578,19.250173568725586,36000
2012-02-24,27.0,27.0,26.219999313354492,26.329999923706055,18.8212833404541,24000
2012-02-27,26.329999923706055,27.079999923706055,26.209999084472656,26.610000610351562,19.02143096923828,38700
2012-02-28,26.600000381469727,26.690000534057617,26.0,26.09000015258789,18.649721145629883,67400
2012-02-29,26.110000610351562,26.510000228881836,26.0,26.059999465942383,18.628284454345703,48900
2012-03-01,26.06999969482422,26.600000381469727,25.760000228881836,25.760000228881836,18.413829803466797,39100
2012-03-02,25.90999984741211,25.90999984741211,24.31999969482422,24.3700008392334,17.420225143432617,48600
2012-03-05,24.229999542236328,25.65999984741211,23.850000381469727,25.530000686645508,18.249422073364258,128200
2012-03-06,25.200000762939453,25.239999771118164,24.3700008392334,24.690000534057617,17.648971557617188,21900
2012-03-07,24.719999313354492,24.889999389648438,24.549999237060547,24.690000534057617,17.648971557617188,23500
2012-03-08,24.709999084472656,25.040000915527344,24.260000228881836,24.59000015258789,17.57748794555664,24200
2012-03-09,24.739999771118164,25.200000762939453,24.68000030517578,24.989999771118164,17.863418579101562,23500
2012-03-12,25.0,25.219999313354492,24.90999984741211,25.110000610351562,17.949195861816406,22800
2012-03-13,25.149999618530273,26.0,25.149999618530273,25.899999618530273,18.513912200927734,37400
2012-03-14,25.649999618530273,25.829999923706055,25.170000076293945,25.200000762939453,18.12128448486328,20600
2012-03-15,25.200000762939453,25.299999237060547,24.729999542236328,24.81999969482422,17.848024368286133,38300
2012-03-16,24.8700008392334,24.940000534057617,24.3799991607666,24.719999313354492,17.776113510131836,61100
2012-03-19,24.639999389648438,25.219999313354492,24.350000381469727,24.389999389648438,17.538808822631836,39900
2012-03-20,24.280000686645508,24.549999237060547,23.93000030517578,24.200000762939453,17.40218162536621,36700
2012-03-21,24.200000762939453,24.440000534057617,23.899999618530273,24.290000915527344,17.46690559387207,27000
2012-03-22,24.010000228881836,24.43000030517578,24.0,24.06999969482422,17.308696746826172,32200
2012-03-23,24.0,24.6299991607666,24.0,24.520000457763672,17.632293701171875,42500
2012-03-26,24.559999465942383,25.290000915527344,24.520000457763672,25.100000381469727,18.049367904663086,53500
2012-03-27,25.040000915527344,25.18000030517578,24.34000015258789,24.3799991607666,17.531614303588867,44000
2012-03-28,24.440000534057617,24.520000457763672,23.979999542236328,24.219999313354492,17.41655731201172,24400
2012-03-29,24.100000381469727,24.559999465942383,23.520000457763672,24.31999969482422,17.48847198486328,33400
2012-03-30,24.5,24.5,23.700000762939453,23.920000076293945,17.200834274291992,37300
2012-04-02,23.729999542236328,24.34000015258789,23.709999084472656,24.309999465942383,17.481281280517578,26000
2012-04-03,24.09000015258789,24.200000762939453,23.770000457763672,23.979999542236328,17.243976593017578,23900
2012-04-04,23.90999984741211,24.030000686645508,23.860000610351562,23.8700008392334,17.164880752563477,31800
2012-04-05,23.969999313354492,24.1200008392334,23.56999969482422,23.93000030517578,17.208023071289062,43900
2012-04-09,23.5,23.829999923706055,23.139999389648438,23.139999389648438,16.639930725097656,26500
2012-04-10,23.209999084472656,23.559999465942383,22.639999389648438,23.139999389648438,16.639930725097656,48000
2012-04-11,23.360000610351562,23.90999984741211,23.360000610351562,23.739999771118164,17.071392059326172,28800
2012-04-12,23.700000762939453,24.100000381469727,23.700000762939453,23.989999771118164,17.251174926757812,52300
2012-04-13,23.790000915527344,23.969999313354492,22.8700008392334,23.1200008392334,16.62555694580078,42200
2012-04-16,23.149999618530273,23.440000534057617,23.049999237060547,23.350000381469727,16.79094696044922,15500
2012-04-17,23.59000015258789,23.93000030517578,23.59000015258789,23.709999084472656,17.049819946289062,15100
2012-04-18,23.489999771118164,23.489999771118164,22.690000534057617,22.860000610351562,16.438587188720703,22700
2012-04-19,23.079999923706055,23.719999313354492,23.049999237060547,23.59000015258789,16.963533401489258,52000
2012-04-20,24.270000457763672,24.270000457763672,23.65999984741211,24.0,17.25836181640625,44400
2012-04-23,23.770000457763672,23.770000457763672,23.149999618530273,23.31999969482422,16.769371032714844,22800
2012-04-24,23.420000076293945,23.450000762939453,23.049999237060547,23.309999465942383,16.762184143066406,30600
2012-04-25,23.479999542236328,23.790000915527344,23.389999389648438,23.610000610351562,16.977909088134766,28100
2012-04-26,23.489999771118164,23.65999984741211,23.350000381469727,23.43000030517578,16.848468780517578,18200
2012-04-27,23.479999542236328,23.81999969482422,23.229999542236328,23.610000610351562,16.977909088134766,37200
2012-04-30,23.559999465942383,23.739999771118164,23.459999084472656,23.530000686645508,16.92037582397461,21000
2012-05-01,23.479999542236328,23.739999771118164,23.0,23.149999618530273,16.647132873535156,42000
2012-05-02,23.040000915527344,23.700000762939453,22.940000534057617,23.639999389648438,16.99948501586914,68200
2012-05-03,23.530000686645508,23.649999618530273,23.1299991607666,23.229999542236328,16.704652786254883,17000
2012-05-04,23.09000015258789,23.18000030517578,22.559999465942383,22.649999618530273,16.28757667541504,28600
2012-05-07,22.6299991607666,23.399999618530273,22.260000228881836,23.329999923706055,16.77656364440918,61000
2012-05-08,23.200000762939453,23.93000030517578,23.1299991607666,23.440000534057617,16.855669021606445,45200
2012-05-09,23.170000076293945,23.40999984741211,23.0,23.1200008392334,16.62555694580078,29000
2012-05-10,23.270000457763672,23.329999923706055,22.8700008392334,23.0,16.539260864257812,31000
2012-05-11,22.770000457763672,23.34000015258789,22.479999542236328,22.600000381469727,16.251628875732422,48800
2012-05-14,22.469999313354492,22.520000457763672,21.920000076293945,21.920000076293945,15.76263427734375,17500
2012-05-15,22.0,22.049999237060547,21.299999237060547,21.780000686645508,15.661966323852539,18000
2012-05-16,21.93000030517578,22.020000457763672,21.469999313354492,21.600000381469727,15.532525062561035,25700
2012-05-17,21.579999923706055,21.649999618530273,20.520000457763672,21.0,15.101068496704102,47300
2012-05-18,20.940000534057617,21.450000762939453,20.81999969482422,21.040000915527344,15.129825592041016,23100
2012-05-21,21.100000381469727,21.149999618530273,20.459999084472656,20.75,14.921287536621094,39300
2012-05-22,20.989999771118164,21.09000015258789,20.5,20.6200008392334,14.827810287475586,23000
2012-05-23,21.030000686645508,21.479999542236328,20.709999084472656,21.3799991607666,15.374321937561035,33000
2012-05-24,21.5,22.100000381469727,21.5,22.010000228881836,15.82735538482666,51000
2012-05-25,21.940000534057617,22.0,21.530000686645508,21.540000915527344,15.489377975463867,12100
2012-05-29,21.559999465942383,21.559999465942383,20.6200008392334,21.18000030517578,15.23050594329834,55300
2012-05-30,20.90999984741211,21.260000228881836,20.690000534057617,20.860000610351562,15.000385284423828,59300
2012-05-31,21.0,21.34000015258789,20.510000228881836,21.100000381469727,15.172978401184082,47100
2012-06-01,20.690000534057617,21.059999465942383,20.610000610351562,20.719999313354492,14.899717330932617,25800
2012-06-04,20.719999313354492,20.93000030517578,20.5,20.65999984741211,14.8565673828125,46100
2012-06-05,20.520000457763672,20.959999084472656,20.3700008392334,20.65999984741211,14.8565673828125,23100
2012-06-06,20.739999771118164,21.079999923706055,20.56999969482422,21.010000228881836,15.108255386352539,30100
2012-06-07,21.229999542236328,21.239999771118164,20.6299991607666,20.690000534057617,14.878146171569824,24700
2012-06-08,20.709999084472656,21.469999313354492,20.6299991607666,21.139999389648438,15.201738357543945,19500
2012-06-11,21.3700008392334,21.43000030517578,20.5,20.5,14.7415189743042,23300
2012-06-12,20.59000015258789,20.790000915527344,20.34000015258789,20.489999771118164,14.734325408935547,33500
2012-06-13,20.34000015258789,20.739999771118164,20.139999389648438,20.229999542236328,14.665456771850586,21500
2012-06-14,20.190000534057617,21.25,20.190000534057617,21.209999084472656,15.375897407531738,32100
2012-06-15,21.1200008392334,21.559999465942383,21.0,21.450000762939453,15.54987621307373,50600
2012-06-18,21.219999313354492,21.350000381469727,20.68000030517578,20.889999389648438,15.143916130065918,58600
2012-06-19,20.899999618530273,21.799999237060547,20.559999465942383,21.700000762939453,15.73111343383789,42500
2012-06-20,21.600000381469727,22.06999969482422,21.350000381469727,21.520000457763672,15.600621223449707,47200
2012-06-21,21.479999542236328,21.760000228881836,20.780000686645508,20.860000610351562,15.12216854095459,29500
2012-06-22,20.979999542236328,21.540000915527344,20.709999084472656,21.469999313354492,15.564375877380371,61300
2012-06-25,21.059999465942383,21.34000015258789,20.8700008392334,20.8700008392334,15.129416465759277,16900
2012-06-26,20.959999084472656,21.149999618530273,20.709999084472656,20.940000534057617,15.180164337158203,19900
2012-06-27,20.90999984741211,21.329999923706055,20.90999984741211,21.079999923706055,15.281655311584473,30800
2012-06-28,21.0,21.139999389648438,20.700000762939453,21.110000610351562,15.303399085998535,16000
2012-06-29,21.469999313354492,22.25,21.40999984741211,22.25,16.12982940673828,32800
2012-07-02,22.190000534057617,22.3799991607666,21.8700008392334,22.3700008392334,16.216825485229492,55700
2012-07-03,22.3700008392334,23.270000457763672,21.959999084472656,23.270000457763672,16.8692626953125,28700
2012-07-05,22.65999984741211,23.549999237060547,22.65999984741211,23.350000381469727,16.927257537841797,48600
2012-07-06,23.100000381469727,23.479999542236328,22.959999084472656,23.360000610351562,16.934511184692383,29600
2012-07-09,23.239999771118164,23.479999542236328,23.06999969482422,23.329999923706055,16.912755966186523,21300
2012-07-10,23.459999084472656,23.489999771118164,23.290000915527344,23.440000534057617,16.992494583129883,26900
2012-07-11,23.5,23.729999542236328,23.350000381469727,23.440000534057617,16.992494583129883,44200
2012-07-12,23.3799991607666,23.3799991607666,22.65999984741211,22.739999771118164,16.48504638671875,21600
2012-07-13,22.899999618530273,23.90999984741211,22.530000686645508,23.889999389648438,17.31871795654297,60800
2012-07-16,23.65999984741211,23.760000228881836,23.149999618530273,23.149999618530273,16.78226661682129,16100
2012-07-17,23.530000686645508,23.530000686645508,22.790000915527344,22.84000015258789,16.55753517150879,36100
2012-07-18,22.719999313354492,23.059999465942383,22.549999237060547,22.8799991607666,16.586538314819336,20300
2012-07-19,22.760000228881836,23.6299991607666,22.760000228881836,23.299999237060547,16.891006469726562,22300
2012-07-20,23.15999984741211,23.940000534057617,23.15999984741211,23.3700008392334,16.941753387451172,36800
2012-07-23,22.979999542236328,23.59000015258789,22.8799991607666,23.18000030517578,16.804018020629883,12100
2012-07-24,23.360000610351562,23.43000030517578,23.149999618530273,23.270000457763672,16.8692626953125,19900
2012-07-25,23.399999618530273,23.719999313354492,23.15999984741211,23.270000457763672,16.8692626953125,21300
2012-07-26,23.530000686645508,23.59000015258789,23.059999465942383,23.350000381469727,16.927257537841797,32300
2012-07-27,23.3799991607666,24.18000030517578,23.3799991607666,24.059999465942383,17.44196319580078,34500
2012-07-30,24.010000228881836,24.239999771118164,23.540000915527344,23.600000381469727,17.108491897583008,43900
2012-07-31,23.600000381469727,23.989999771118164,23.350000381469727,23.610000610351562,17.115745544433594,23900
2012-08-01,23.739999771118164,23.770000457763672,23.0,23.030000686645508,16.69528579711914,39200
2012-08-02,22.350000381469727,22.850000381469727,22.350000381469727,22.649999618530273,16.4198055267334,34500
2012-08-03,22.950000762939453,23.670000076293945,22.950000762939453,23.6200008392334,17.12299156188965,13400
2012-08-06,23.709999084472656,23.969999313354492,23.600000381469727,23.600000381469727,17.108491897583008,16100
2012-08-07,23.850000381469727,23.989999771118164,23.719999313354492,23.809999465942383,17.26072883605957,17600
2012-08-08,23.610000610351562,23.93000030517578,23.309999465942383,23.6299991607666,17.130237579345703,10000
2012-08-09,23.649999618530273,23.989999771118164,23.649999618530273,23.969999313354492,17.37671661376953,13000
2012-08-10,24.0,24.0,23.469999313354492,23.829999923706055,17.275222778320312,17300
2012-08-13,23.739999771118164,23.739999771118164,23.049999237060547,23.350000381469727,16.927257537841797,12000
2012-08-14,23.56999969482422,23.760000228881836,23.299999237060547,23.719999313354492,17.195486068725586,22100
2012-08-15,23.65999984741211,24.15999984741211,23.65999984741211,23.989999771118164,17.391218185424805,28000
2012-08-16,24.0,24.389999389648438,23.8799991607666,24.200000762939453,17.543455123901367,45300
2012-08-17,24.200000762939453,24.350000381469727,23.8700008392334,24.200000762939453,17.543455123901367,64900
2012-08-20,24.0,24.190000534057617,23.0,24.040000915527344,17.427457809448242,18600
2012-08-21,24.049999237060547,24.139999389648438,23.760000228881836,23.90999984741211,17.333223342895508,16000
2012-08-22,23.770000457763672,24.010000228881836,23.5,23.8700008392334,17.304222106933594,21000
2012-08-23,23.8799991607666,24.079999923706055,23.709999084472656,23.950000762939453,17.362215042114258,15600
2012-08-24,23.84000015258789,24.350000381469727,23.780000686645508,24.25,17.579702377319336,15400
2012-08-27,24.149999618530273,24.25,23.690000534057617,23.799999237060547,17.253475189208984,32700
2012-08-28,23.799999237060547,24.0,23.299999237060547,24.0,17.398469924926758,30500
2012-08-29,23.81999969482422,24.049999237060547,23.739999771118164,23.899999618530273,17.325971603393555,36900
2012-08-30,23.5,23.5,22.149999618530273,23.010000228881836,16.68077850341797,108000
2012-08-31,23.25,23.25,22.510000228881836,22.549999237060547,16.34730339050293,45400
2012-09-04,22.520000457763672,22.969999313354492,22.5,22.93000030517578,16.622783660888672,30000
2012-09-05,22.899999618530273,22.899999618530273,22.200000762939453,22.709999084472656,16.463298797607422,87100
2012-09-06,22.8799991607666,23.360000610351562,22.649999618530273,23.200000762939453,16.81851577758789,37000
2012-09-07,23.200000762939453,23.350000381469727,23.059999465942383,23.200000762939453,16.81851577758789,38400
2012-09-10,23.56999969482422,23.860000610351562,23.079999923706055,23.149999618530273,16.78226661682129,59300
2012-09-11,23.09000015258789,23.950000762939453,23.09000015258789,23.68000030517578,17.166492462158203,27200
2012-09-12,23.229999542236328,23.75,23.229999542236328,23.649999618530273,17.144737243652344,15400
2012-09-13,23.760000228881836,24.149999618530273,23.56999969482422,24.079999923706055,17.45646095275879,32500
2012-09-14,24.149999618530273,24.8700008392334,23.889999389648438,24.600000381469727,17.833425521850586,64500
2012-09-17,24.579999923706055,25.15999984741211,24.1200008392334,25.1200008392334,18.21039581298828,78100
2012-09-18,25.290000915527344,25.290000915527344,24.6299991607666,24.940000534057617,18.079904556274414,41100
2012-09-19,24.899999618530273,24.899999618530273,24.079999923706055,24.360000610351562,17.777055740356445,36300
2012-09-20,24.25,24.579999923706055,24.25,24.360000610351562,17.777055740356445,19000
2012-09-21,24.59000015258789,24.65999984741211,24.100000381469727,24.260000228881836,17.70408058166504,52700
2012-09-24,24.020000457763672,24.31999969482422,23.540000915527344,23.549999237060547,17.185943603515625,48100
2012-09-25,23.639999389648438,23.860000610351562,22.81999969482422,22.850000381469727,16.675106048583984,65300
2012-09-26,22.809999465942383,23.139999389648438,22.5,22.559999465942383,16.463478088378906,31900
2012-09-27,22.790000915527344,22.790000915527344,22.219999313354492,22.280000686645508,16.259145736694336,25900
2012-09-28,22.200000762939453,22.639999389648438,21.809999465942383,21.950000762939453,16.018314361572266,41200
2012-10-01,22.040000915527344,22.260000228881836,21.719999313354492,21.829999923706055,15.930753707885742,67200
2012-10-02,22.0,22.329999923706055,21.770000457763672,21.899999618530273,15.981830596923828,67600
2012-10-03,22.020000457763672,22.15999984741211,21.84000015258789,21.979999542236328,16.040210723876953,40400
2012-10-04,22.0,22.059999465942383,21.729999542236328,21.899999618530273,15.981830596923828,23900
2012-10-05,22.0,22.149999618530273,21.75,21.809999465942383,15.916157722473145,22700
2012-10-08,21.780000686645508,21.780000686645508,21.09000015258789,21.18000030517578,15.456405639648438,39500
2012-10-09,21.100000381469727,21.15999984741211,20.75,20.809999465942383,15.186392784118652,18200
2012-10-10,20.90999984741211,20.989999771118164,20.739999771118164,20.989999771118164,15.317749977111816,29600
2012-10-11,21.049999237060547,21.15999984741211,21.0,21.09000015258789,15.390719413757324,17400
2012-10-12,21.040000915527344,21.219999313354492,20.469999313354492,20.489999771118164,14.952861785888672,35800
2012-10-15,20.489999771118164,20.520000457763672,20.190000534057617,20.520000457763672,14.97475814819336,44000
2012-10-16,20.489999771118164,20.5,20.200000762939453,20.360000610351562,14.857995986938477,40700
2012-10-17,20.360000610351562,20.610000610351562,20.200000762939453,20.559999465942383,15.003950119018555,41400
2012-10-18,20.639999389648438,21.1299991607666,20.0,20.149999618530273,14.70474624633789,78200
2012-10-19,20.06999969482422,20.790000915527344,20.06999969482422,20.530000686645508,14.982057571411133,53900
2012-10-22,20.5,20.829999923706055,20.06999969482422,20.40999984741211,14.89448356628418,44300
2012-10-23,20.399999618530273,20.93000030517578,20.15999984741211,20.600000381469727,15.033138275146484,40100
2012-10-24,20.649999618530273,20.899999618530273,20.239999771118164,20.420000076293945,14.90178394317627,25500
2012-10-25,20.639999389648438,20.799999237060547,20.3799991607666,20.780000686645508,15.164495468139648,19500
2012-10-26,20.8799991607666,21.190000534057617,20.700000762939453,21.1200008392334,15.412616729736328,42400
2012-10-31,21.200000762939453,21.700000762939453,20.899999618530273,21.6200008392334,15.777507781982422,48400
2012-11-01,21.579999923706055,21.75,21.530000686645508,21.6299991607666,15.784795761108398,45500
2012-11-02,21.770000457763672,21.950000762939453,21.469999313354492,21.90999984741211,15.98913288116455,49700
2012-11-05,21.950000762939453,21.969999313354492,21.670000076293945,21.780000686645508,15.89426326751709,65400
2012-11-06,22.040000915527344,22.59000015258789,21.860000610351562,22.020000457763672,16.069408416748047,54500
2012-11-07,21.799999237060547,21.799999237060547,21.290000915527344,21.520000457763672,15.704524993896484,54200
2012-11-08,21.56999969482422,21.56999969482422,20.68000030517578,20.68000030517578,15.091524124145508,24600
2012-11-09,20.59000015258789,20.959999084472656,20.389999389648438,20.43000030517578,14.909083366394043,29500
2012-11-12,20.440000534057617,20.639999389648438,20.440000534057617,20.469999313354492,14.938268661499023,9800
2012-11-13,20.309999465942383,20.399999618530273,19.68000030517578,20.030000686645508,14.617176055908203,35600
2012-11-14,20.020000457763672,20.239999771118164,19.559999465942383,19.850000381469727,14.485820770263672,76200
2012-11-15,19.90999984741211,20.079999923706055,19.760000228881836,19.950000762939453,14.55878734588623,44300
2012-11-16,19.93000030517578,20.18000030517578,19.790000915527344,20.0,14.595279693603516,40900
2012-11-19,20.3799991607666,20.709999084472656,20.059999465942383,20.690000534057617,15.098819732666016,58700
2012-11-20,20.75,21.399999618530273,20.709999084472656,21.020000457763672,15.339641571044922,51400
2012-11-21,21.170000076293945,21.209999084472656,20.809999465942383,21.010000228881836,15.332344055175781,37900
2012-11-23,21.010000228881836,21.049999237060547,20.84000015258789,20.969999313354492,15.303153991699219,22400
2012-11-26,20.969999313354492,20.989999771118164,20.75,20.84000015258789,15.208283424377441,55800
2012-11-27,20.799999237060547,20.8700008392334,20.780000686645508,20.799999237060547,15.179083824157715,41300
2012-11-28,19.700000762939453,20.670000076293945,19.600000381469727,20.18000030517578,14.726638793945312,58500
2012-11-29,20.3799991607666,20.90999984741211,20.020000457763672,20.229999542236328,14.763128280639648,46200
2012-11-30,20.31999969482422,20.549999237060547,20.280000686645508,20.469999313354492,14.938268661499023,67700
2012-12-03,20.739999771118164,20.790000915527344,20.100000381469727,20.260000228881836,14.785017967224121,60300
2012-12-04,20.200000762939453,20.40999984741211,20.040000915527344,20.190000534057617,14.733946800231934,55700
2012-12-05,20.239999771118164,20.239999771118164,19.93000030517578,19.979999542236328,14.580686569213867,55800
2012-12-06,20.0,20.229999542236328,19.989999771118164,20.110000610351562,14.675557136535645,93500
2012-12-07,20.149999618530273,20.149999618530273,19.799999237060547,20.030000686645508,14.617176055908203,23700
2012-12-10,20.100000381469727,20.309999465942383,20.100000381469727,20.200000762939453,14.741229057312012,20500
2012-12-11,20.309999465942383,20.309999465942383,20.170000076293945,20.280000686645508,14.799614906311035,25800
2012-12-12,20.260000228881836,20.260000228881836,19.940000534057617,19.969999313354492,14.573390007019043,19900
2012-12-13,20.09000015258789,20.270000457763672,19.75,20.09000015258789,14.66096019744873,50800
2012-12-14,20.020000457763672,20.309999465942383,20.0,20.06999969482422,14.646366119384766,25000
2012-12-17,20.110000610351562,20.299999237060547,20.030000686645508,20.260000228881836,14.785017967224121,45500
2012-12-18,20.280000686645508,20.93000030517578,20.239999771118164,20.8799991607666,15.23747444152832,43700
2012-12-19,20.799999237060547,20.940000534057617,20.3700008392334,20.799999237060547,15.299992561340332,21000
2012-12-20,20.739999771118164,21.170000076293945,20.68000030517578,21.079999923706055,15.505962371826172,41500
2012-12-21,21.100000381469727,21.600000381469727,20.969999313354492,21.559999465942383,15.85903549194336,113300
2012-12-24,21.639999389648438,21.850000381469727,21.459999084472656,21.729999542236328,15.984081268310547,17200
2012-12-26,21.719999313354492,22.309999465942383,21.530000686645508,21.649999618530273,15.925233840942383,44400
2012-12-27,21.690000534057617,21.809999465942383,20.90999984741211,21.329999923706055,15.68985652923584,44900
2012-12-28,21.229999542236328,21.59000015258789,20.899999618530273,20.899999618530273,15.373557090759277,50900
2012-12-31,21.030000686645508,21.260000228881836,20.739999771118164,21.1299991607666,15.542736053466797,32200
2013-01-02,21.639999389648438,22.700000762939453,21.219999313354492,22.389999389648438,16.46957015991211,130200
2013-01-03,22.479999542236328,22.65999984741211,22.1299991607666,22.260000228881836,16.37394142150879,36200
2013-01-04,22.389999389648438,22.700000762939453,22.31999969482422,22.399999618530273,16.476919174194336,23000
2013-01-07,22.350000381469727,22.709999084472656,22.219999313354492,22.260000228881836,16.37394142150879,48600
2013-01-08,22.290000915527344,22.559999465942383,21.899999618530273,22.059999465942383,16.22682762145996,36600
2013-01-09,22.190000534057617,22.549999237060547,22.110000610351562,22.420000076293945,16.49163055419922,17500
2013-01-10,22.43000030517578,22.450000762939453,22.25,22.34000015258789,16.432785034179688,38400
2013-01-11,22.299999237060547,22.299999237060547,21.940000534057617,22.079999923706055,16.241535186767578,26600
2013-01-14,22.15999984741211,22.229999542236328,22.079999923706055,22.18000030517578,16.315099716186523,10400
2013-01-15,22.149999618530273,22.420000076293945,22.079999923706055,22.229999542236328,16.351869583129883,23700
2013-01-16,22.229999542236328,22.40999984741211,22.229999542236328,22.299999237060547,16.403358459472656,15500
2013-01-17,22.600000381469727,22.600000381469727,22.34000015258789,22.559999465942383,16.594615936279297,34100
2013-01-18,22.600000381469727,22.920000076293945,22.299999237060547,22.850000381469727,16.807933807373047,59800
2013-01-22,22.860000610351562,23.290000915527344,22.860000610351562,23.020000457763672,16.9329776763916,109800
2013-01-23,23.040000915527344,23.059999465942383,22.420000076293945,22.489999771118164,16.543123245239258,33800
2013-01-24,22.56999969482422,22.56999969482422,22.020000457763672,22.030000686645508,16.204753875732422,28700
2013-01-25,22.1200008392334,22.1200008392334,21.34000015258789,21.530000686645508,15.8369722366333,57900
2013-01-28,21.31999969482422,21.68000030517578,21.1299991607666,21.6200008392334,15.903179168701172,86200
2013-01-29,21.670000076293945,22.190000534057617,21.469999313354492,21.940000534057617,16.138553619384766,54300
2013-01-30,22.030000686645508,22.440000534057617,21.790000915527344,21.959999084472656,16.153270721435547,73400
2013-01-31,21.860000610351562,22.549999237060547,21.799999237060547,22.469999313354492,16.528404235839844,69800
2013-02-01,22.739999771118164,22.770000457763672,22.100000381469727,22.75,16.734371185302734,66400
2013-02-04,22.489999771118164,22.709999084472656,22.15999984741211,22.690000534057617,16.69024085998535,30100
2013-02-05,22.8799991607666,23.09000015258789,22.600000381469727,22.989999771118164,16.910913467407227,35600
2013-02-06,22.860000610351562,22.989999771118164,22.459999084472656,22.6200008392334,16.638751983642578,30500
2013-02-07,22.649999618530273,22.700000762939453,22.219999313354492,22.309999465942383,16.410720825195312,20800
2013-02-08,22.25,22.399999618530273,22.079999923706055,22.110000610351562,16.26360321044922,13600
2013-02-11,22.049999237060547,22.15999984741211,21.969999313354492,22.06999969482422,16.234174728393555,27900
2013-02-12,22.15999984741211,22.56999969482422,22.110000610351562,22.549999237060547,16.587257385253906,14600
2013-02-13,22.510000228881836,22.690000534057617,22.100000381469727,22.5,16.55047607421875,24300
2013-02-14,22.40999984741211,22.690000534057617,22.239999771118164,22.489999771118164,16.543123245239258,13500
2013-02-15,22.65999984741211,22.65999984741211,22.040000915527344,22.270000457763672,16.381298065185547,27300
2013-02-19,22.290000915527344,22.450000762939453,22.079999923706055,22.25,16.3665828704834,34300
2013-02-20,22.219999313354492,22.34000015258789,21.75,21.75,15.998794555664062,36800
2013-02-21,21.770000457763672,21.860000610351562,21.329999923706055,21.3799991607666,15.726625442504883,25100
2013-02-22,21.520000457763672,21.829999923706055,21.43000030517578,21.469999313354492,15.792837142944336,40900
2013-02-25,21.34000015258789,21.360000610351562,20.520000457763672,20.56999969482422,15.130815505981445,52300
2013-02-26,20.719999313354492,20.920000076293945,20.399999618530273,20.65999984741211,15.19701862335205,125100
2013-02-27,20.65999984741211,21.899999618530273,20.65999984741211,21.790000915527344,16.028221130371094,55700
2013-02-28,21.75,21.760000228881836,21.1200008392334,21.639999389648438,15.917879104614258,35400
2013-03-01,21.360000610351562,21.889999389648438,21.34000015258789,21.65999984741211,15.932596206665039,27100
2013-03-04,21.600000381469727,22.299999237060547,21.559999465942383,22.1299991607666,16.27831268310547,49000
2013-03-05,22.18000030517578,22.780000686645508,22.18000030517578,22.670000076293945,16.67552947998047,51500
2013-03-06,22.670000076293945,22.790000915527344,21.899999618530273,22.540000915527344,16.57990074157715,22700
2013-03-07,22.440000534057617,22.5,22.260000228881836,22.43000030517578,16.498991012573242,21100
2013-03-08,22.540000915527344,22.610000610351562,22.34000015258789,22.420000076293945,16.49163055419922,13900
2013-03-11,22.31999969482422,22.579999923706055,22.309999465942383,22.399999618530273,16.476919174194336,34300
2013-03-12,22.389999389648438,22.559999465942383,22.389999389648438,22.510000228881836,16.557844161987305,26600
2013-03-13,22.260000228881836,22.399999618530273,22.229999542236328,22.31999969482422,16.5393123626709,14200
2013-03-14,22.309999465942383,22.309999465942383,21.8700008392334,22.110000610351562,16.383695602416992,20200
2013-03-15,22.15999984741211,22.600000381469727,22.15999984741211,22.540000915527344,16.702329635620117,67400
2013-03-18,22.239999771118164,22.459999084472656,22.049999237060547,22.389999389648438,16.5911808013916,33200
2013-03-19,22.3700008392334,22.56999969482422,22.209999084472656,22.43000030517578,16.62082290649414,19200
2013-03-20,22.56999969482422,22.56999969482422,22.209999084472656,22.540000915527344,16.702329635620117,27100
2013-03-21,22.270000457763672,22.6299991607666,22.040000915527344,22.15999984741211,16.420747756958008,53700
2013-03-22,22.299999237060547,22.639999389648438,22.299999237060547,22.610000610351562,16.75420379638672,33900
2013-03-25,22.649999618530273,22.729999542236328,22.43000030517578,22.719999313354492,16.835718154907227,15800
2013-03-26,22.719999313354492,22.739999771118164,22.450000762939453,22.719999313354492,16.835718154907227,13100
2013-03-27,22.639999389648438,22.75,22.520000457763672,22.700000762939453,16.820894241333008,18900
2013-03-28,22.75,22.75,22.489999771118164,22.639999389648438,16.776426315307617,18000
2013-04-01,22.649999618530273,22.75,22.450000762939453,22.739999771118164,16.850534439086914,30000
2013-04-02,22.75,22.899999618530273,22.68000030517578,22.729999542236328,16.843124389648438,24800
2013-04-03,22.75,22.8700008392334,22.440000534057617,22.600000381469727,16.74679183959961,39600
2013-04-04,22.700000762939453,22.700000762939453,22.3700008392334,22.43000030517578,16.62082290649414,23600
2013-04-05,21.969999313354492,22.299999237060547,21.1299991607666,21.440000534057617,15.887221336364746,50800
2013-04-08,21.5,21.850000381469727,21.399999618530273,21.829999923706055,16.17621421813965,37100
2013-04-09,21.799999237060547,21.799999237060547,21.549999237060547,21.600000381469727,16.005783081054688,19000
2013-04-10,21.709999084472656,21.90999984741211,21.540000915527344,21.770000457763672,16.13175392150879,22800
2013-04-11,21.719999313354492,21.899999618530273,21.549999237060547,21.600000381469727,16.005783081054688,46800
2013-04-12,21.639999389648438,21.8700008392334,21.600000381469727,21.81999969482422,16.168804168701172,13800
2013-04-15,21.760000228881836,21.799999237060547,21.399999618530273,21.530000686645508,15.9539155960083,41900
2013-04-16,21.670000076293945,21.899999618530273,21.530000686645508,21.889999389648438,16.220674514770508,19600
2013-04-17,21.780000686645508,21.899999618530273,21.399999618530273,21.600000381469727,16.005783081054688,41700
2013-04-18,21.530000686645508,21.709999084472656,21.25,21.389999389648438,15.850171089172363,62300
2013-04-19,21.399999618530273,21.959999084472656,21.389999389648438,21.81999969482422,16.168804168701172,22600
2013-04-22,22.780000686645508,22.780000686645508,21.600000381469727,21.670000076293945,16.057659149169922,56700
2013-04-23,21.670000076293945,21.770000457763672,21.3700008392334,21.549999237060547,15.968730926513672,30700
2013-04-24,21.450000762939453,21.59000015258789,21.299999237060547,21.309999465942383,15.790888786315918,22900
2013-04-25,21.43000030517578,21.520000457763672,21.049999237060547,21.09000015258789,15.627860069274902,17100
2013-04-26,21.079999923706055,21.139999389648438,20.579999923706055,20.709999084472656,15.346283912658691,26900
2013-04-29,20.719999313354492,21.479999542236328,20.719999313354492,21.3700008392334,15.835359573364258,18800
2013-04-30,21.479999542236328,22.31999969482422,21.420000076293945,22.200000762939453,16.450387954711914,25500
2013-05-01,22.200000762939453,22.84000015258789,21.510000228881836,21.760000228881836,16.124343872070312,117900
2013-05-02,21.75,22.020000457763672,21.700000762939453,21.84000015258789,16.183626174926758,17500
2013-05-03,22.139999389648438,22.420000076293945,21.920000076293945,22.0,16.302186965942383,16900
2013-05-06,21.93000030517578,21.989999771118164,21.670000076293945,21.989999771118164,16.29477310180664,5800
2013-05-07,21.969999313354492,22.25,21.739999771118164,22.15999984741211,16.420747756958008,16800
2013-05-08,22.049999237060547,22.479999542236328,22.049999237060547,22.389999389648438,16.5911808013916,18500
2013-05-09,22.270000457763672,22.450000762939453,22.059999465942383,22.34000015258789,16.55412483215332,21400
2013-05-10,22.43000030517578,22.43000030517578,21.90999984741211,22.06999969482422,16.354055404663086,17200
2013-05-13,21.979999542236328,22.25,21.920000076293945,22.25,16.487436294555664,9600
2013-05-14,22.209999084472656,22.280000686645508,21.90999984741211,22.0,16.302186965942383,24700
2013-05-15,21.8700008392334,22.440000534057617,21.8700008392334,22.329999923706055,16.54671859741211,25400
2013-05-16,22.200000762939453,22.40999984741211,22.020000457763672,22.260000228881836,16.49485206604004,11500
2013-05-17,22.290000915527344,22.440000534057617,22.280000686645508,22.329999923706055,16.54671859741211,16800
2013-05-20,22.25,23.420000076293945,22.25,23.389999389648438,17.33218765258789,99500
2013-05-21,23.31999969482422,23.5,23.170000076293945,23.360000610351562,17.30996322631836,18800
2013-05-22,23.329999923706055,23.40999984741211,22.90999984741211,23.170000076293945,17.16916847229004,22800
2013-05-23,23.190000534057617,23.440000534057617,23.139999389648438,23.420000076293945,17.35442352294922,23400
2013-05-24,23.309999465942383,23.579999923706055,23.299999237060547,23.579999923706055,17.472978591918945,50200
2013-05-28,23.770000457763672,24.0,23.6200008392334,23.8700008392334,17.68787384033203,24400
2013-05-29,23.6299991607666,23.829999923706055,23.540000915527344,23.549999237060547,17.45075035095215,9200
2013-05-30,23.59000015258789,23.670000076293945,23.440000534057617,23.65999984741211,17.532264709472656,26100
2013-05-31,23.5,23.90999984741211,23.299999237060547,23.809999465942383,17.643417358398438,27100
2013-06-03,23.790000915527344,24.489999771118164,23.610000610351562,24.440000534057617,18.110248565673828,56100
2013-06-04,24.350000381469727,24.459999084472656,23.8700008392334,24.020000457763672,17.799022674560547,26900
2013-06-05,23.920000076293945,23.920000076293945,23.260000228881836,23.389999389648438,17.33218765258789,14500
2013-06-06,23.280000686645508,23.329999923706055,23.010000228881836,23.190000534057617,17.183984756469727,55500
2013-06-07,23.260000228881836,23.5,23.0,23.3799991607666,17.32477569580078,27300
2013-06-10,23.329999923706055,23.829999923706055,23.25,23.6200008392334,17.502622604370117,23000
2013-06-11,23.440000534057617,23.540000915527344,23.09000015258789,23.190000534057617,17.183984756469727,12200
2013-06-12,23.420000076293945,23.469999313354492,23.0,23.049999237060547,17.080249786376953,9400
2013-06-13,23.0,23.43000030517578,22.90999984741211,23.43000030517578,17.361825942993164,17900
2013-06-14,23.459999084472656,23.459999084472656,22.790000915527344,22.790000915527344,16.88758087158203,11800
2013-06-17,23.059999465942383,23.059999465942383,22.75,22.799999237060547,16.89499855041504,27200
2013-06-18,22.850000381469727,23.31999969482422,22.549999237060547,23.260000228881836,17.235862731933594,23200
2013-06-19,23.149999618530273,23.190000534057617,22.530000686645508,22.530000686645508,16.822202682495117,15300
2013-06-20,22.31999969482422,22.31999969482422,22.059999465942383,22.110000610351562,16.508604049682617,16900
2013-06-21,22.219999313354492,22.469999313354492,22.020000457763672,22.270000457763672,16.628082275390625,45100
2013-06-24,22.110000610351562,22.780000686645508,22.079999923706055,22.780000686645508,17.008872985839844,22700
2013-06-25,22.920000076293945,22.920000076293945,22.139999389648438,22.450000762939453,16.762475967407227,12300
2013-06-26,22.56999969482422,22.56999969482422,22.149999618530273,22.280000686645508,16.63554573059082,8700
2013-06-27,22.139999389648438,22.719999313354492,22.1200008392334,22.6299991607666,16.896879196166992,61900
2013-06-28,22.530000686645508,22.600000381469727,21.920000076293945,21.920000076293945,16.366744995117188,116900
2013-07-01,22.100000381469727,23.260000228881836,22.100000381469727,23.219999313354492,17.337404251098633,23700
2013-07-02,23.239999771118164,23.899999618530273,23.229999542236328,23.68000030517578,17.680864334106445,33800
2013-07-03,23.5,24.149999618530273,23.360000610351562,24.040000915527344,17.949665069580078,10300
2013-07-05,24.40999984741211,24.899999618530273,24.059999465942383,24.709999084472656,18.449920654296875,34900
2013-07-08,24.690000534057617,25.059999465942383,24.459999084472656,24.889999389648438,18.584320068359375,53500
2013-07-09,24.899999618530273,24.899999618530273,24.440000534057617,24.6200008392334,18.38272476196289,12700
2013-07-10,24.5,24.770000457763672,24.0,24.399999618530273,18.218456268310547,33200
2013-07-11,24.59000015258789,24.59000015258789,24.020000457763672,24.290000915527344,18.136327743530273,17900
2013-07-12,25.360000610351562,27.950000762939453,25.360000610351562,27.75,20.71976089477539,91500
2013-07-15,27.68000030517578,27.979999542236328,27.489999771118164,27.979999542236328,20.89149284362793,44000
2013-07-16,27.940000534057617,28.020000457763672,27.649999618530273,27.65999984741211,20.652565002441406,54300
2013-07-17,27.719999313354492,27.770000457763672,26.799999237060547,27.190000534057617,20.301637649536133,47800
2013-07-18,27.049999237060547,27.06999969482422,26.209999084472656,26.850000381469727,20.047775268554688,61800
2013-07-19,26.59000015258789,26.799999237060547,25.959999084472656,26.030000686645508,19.435510635375977,35600
2013-07-22,25.81999969482422,26.6200008392334,25.6299991607666,26.469999313354492,19.7640380859375,17700
2013-07-23,26.530000686645508,27.100000381469727,26.209999084472656,26.809999465942383,20.017900466918945,22100
2013-07-24,27.079999923706055,27.09000015258789,26.489999771118164,26.850000381469727,20.047775268554688,37900
2013-07-25,26.739999771118164,27.729999542236328,26.56999969482422,27.6299991607666,20.630165100097656,23800
2013-07-26,27.389999389648438,27.770000457763672,26.8700008392334,27.739999771118164,20.712297439575195,46100
2013-07-29,27.610000610351562,27.6200008392334,27.239999771118164,27.299999237060547,20.383766174316406,28300
2013-07-30,27.469999313354492,27.469999313354492,26.600000381469727,26.940000534057617,20.114971160888672,15200
2013-07-31,26.93000030517578,27.1299991607666,26.06999969482422,26.170000076293945,19.5400447845459,30400
2013-08-01,26.3700008392334,26.770000457763672,26.3700008392334,26.719999313354492,19.950706481933594,10100
2013-08-02,26.540000915527344,26.780000686645508,26.31999969482422,26.65999984741211,19.90591049194336,5800
2013-08-05,26.399999618530273,27.350000381469727,26.399999618530273,27.15999984741211,20.279232025146484,37500
2013-08-06,27.020000457763672,27.149999618530273,26.889999389648438,27.049999237060547,20.197101593017578,10000
2013-08-07,27.09000015258789,27.31999969482422,27.010000228881836,27.25,20.346439361572266,13700
2013-08-08,27.459999084472656,27.610000610351562,27.309999465942383,27.530000686645508,20.555500030517578,22500
2013-08-09,27.209999084472656,27.540000915527344,27.06999969482422,27.270000457763672,20.361366271972656,35200
2013-08-12,27.010000228881836,27.170000076293945,26.68000030517578,26.989999771118164,20.152299880981445,29100
2013-08-13,26.920000076293945,27.190000534057617,26.780000686645508,26.959999084472656,20.129901885986328,19400
2013-08-14,26.959999084472656,27.440000534057617,26.899999618530273,27.3799991607666,20.443506240844727,35600
2013-08-15,27.149999618530273,27.25,26.8700008392334,27.15999984741211,20.279232025146484,32600
2013-08-16,27.100000381469727,27.5,26.989999771118164,27.170000076293945,20.286705017089844,21400
2013-08-19,27.290000915527344,27.489999771118164,26.649999618530273,26.899999618530273,20.08510398864746,23300
2013-08-20,26.850000381469727,27.68000030517578,26.850000381469727,27.190000534057617,20.301637649536133,19400
2013-08-21,27.200000762939453,27.360000610351562,26.530000686645508,26.920000076293945,20.100040435791016,36700
2013-08-22,26.770000457763672,27.489999771118164,26.31999969482422,27.440000534057617,20.488304138183594,11000
2013-08-23,27.5,27.520000457763672,27.1200008392334,27.25,20.346439361572266,5200
2013-08-26,26.799999237060547,27.459999084472656,26.75,27.100000381469727,20.234437942504883,20100
2013-08-27,26.850000381469727,27.030000686645508,26.329999923706055,26.56999969482422,19.83870506286621,29100
2013-08-28,26.5,26.8799991607666,26.3799991607666,26.65999984741211,19.90591049194336,18600
2013-08-29,26.530000686645508,26.940000534057617,26.530000686645508,26.809999465942383,20.017900466918945,25800
2013-08-30,26.81999969482422,26.81999969482422,26.239999771118164,26.40999984741211,19.719240188598633,60500
2013-09-03,26.719999313354492,26.899999618530273,26.209999084472656,26.670000076293945,19.91337776184082,22000
2013-09-04,26.649999618530273,26.850000381469727,26.43000030517578,26.690000534057617,19.928308486938477,11800
2013-09-05,26.719999313354492,26.75,26.170000076293945,26.549999237060547,19.823772430419922,11400
2013-09-06,26.649999618530273,26.90999984741211,26.34000015258789,26.860000610351562,20.055234909057617,9400
2013-09-09,26.8799991607666,27.020000457763672,26.639999389648438,27.010000228881836,20.167238235473633,40500
2013-09-10,27.09000015258789,27.219999313354492,27.09000015258789,27.219999313354492,20.324033737182617,16700
2013-09-11,27.200000762939453,27.260000228881836,27.0,27.010000228881836,20.167238235473633,11900
2013-09-12,27.030000686645508,27.229999542236328,27.030000686645508,27.110000610351562,20.241905212402344,9300
2013-09-13,27.229999542236328,27.229999542236328,27.010000228881836,27.190000534057617,20.301637649536133,5700
2013-09-16,27.40999984741211,27.40999984741211,27.079999923706055,27.200000762939453,20.30910301208496,21300
2013-09-17,27.229999542236328,27.309999465942383,27.190000534057617,27.270000457763672,20.361366271972656,34400
2013-09-18,27.219999313354492,27.350000381469727,27.18000030517578,27.309999465942383,20.523696899414062,14400
2013-09-19,27.309999465942383,27.309999465942383,27.0,27.079999923706055,20.350847244262695,10000
2013-09-20,27.25,27.3700008392334,27.100000381469727,27.25,20.47860336303711,57000
2013-09-23,27.229999542236328,27.65999984741211,26.979999542236328,27.639999389648438,20.771690368652344,18000
2013-09-24,27.65999984741211,27.850000381469727,27.110000610351562,27.610000610351562,20.7491455078125,14000
2013-09-25,27.670000076293945,28.219999313354492,27.670000076293945,28.139999389648438,21.14744758605957,38900
2013-09-26,28.209999084472656,28.229999542236328,27.1299991607666,27.65999984741211,20.786720275878906,19300
2013-09-27,27.43000030517578,28.110000610351562,27.43000030517578,28.010000228881836,21.049745559692383,53100
2013-09-30,27.700000762939453,27.729999542236328,27.020000457763672,27.549999237060547,20.70405387878418,38200
2013-10-01,27.639999389648438,27.65999984741211,27.459999084472656,27.649999618530273,20.779211044311523,13800
2013-10-02,27.530000686645508,27.860000610351562,27.1200008392334,27.549999237060547,20.70405387878418,45000
2013-10-03,27.139999389648438,27.459999084472656,27.1200008392334,27.219999313354492,20.456058502197266,169400
2013-10-04,27.25,27.670000076293945,27.25,27.639999389648438,20.771690368652344,16600
2013-10-07,27.520000457763672,27.6200008392334,27.350000381469727,27.350000381469727,20.55375862121582,7600
2013-10-08,27.440000534057617,27.440000534057617,27.1299991607666,27.149999618530273,20.40345573425293,19900
2013-10-09,26.450000762939453,26.90999984741211,24.850000381469727,24.8700008392334,18.690011978149414,110400
2013-10-10,25.110000610351562,25.3799991607666,24.8700008392334,25.270000457763672,18.99061393737793,37300
2013-10-11,25.229999542236328,25.43000030517578,25.0,25.149999618530273,18.900436401367188,35400
2013-10-14,25.0,25.360000610351562,24.889999389648438,25.239999771118164,18.96807289123535,27400
2013-10-15,25.09000015258789,25.229999542236328,24.940000534057617,25.1299991607666,18.885406494140625,43000
2013-10-16,25.25,25.360000610351562,25.0,25.190000534057617,18.930498123168945,31500
2013-10-17,24.940000534057617,25.3700008392334,24.889999389648438,25.190000534057617,18.930498123168945,33700
2013-10-18,25.139999389648438,25.290000915527344,24.81999969482422,25.200000762939453,18.938011169433594,56500
2013-10-21,25.280000686645508,25.5,24.719999313354492,25.1200008392334,18.877891540527344,29400
2013-10-22,25.1299991607666,25.1299991607666,23.459999084472656,23.670000076293945,17.7882080078125,95600
2013-10-23,23.5,23.75,22.950000762939453,23.420000076293945,17.600324630737305,34200
2013-10-24,23.420000076293945,23.68000030517578,22.520000457763672,23.6299991607666,17.758146286010742,28200
2013-10-25,23.719999313354492,23.719999313354492,22.950000762939453,22.989999771118164,17.27718162536621,56200
2013-10-28,22.950000762939453,23.239999771118164,22.700000762939453,22.889999389648438,17.2020263671875,41000
2013-10-29,22.889999389648438,23.18000030517578,22.6200008392334,22.979999542236328,17.269664764404297,25900
2013-10-30,23.059999465942383,23.25,22.75,23.010000228881836,17.292205810546875,26900
2013-10-31,22.950000762939453,23.049999237060547,22.809999465942383,23.020000457763672,17.29973030090332,96900
2013-11-01,23.020000457763672,23.149999618530273,22.530000686645508,23.0,17.284692764282227,53200
2013-11-04,23.010000228881836,23.290000915527344,22.549999237060547,22.770000457763672,17.111846923828125,55300
2013-11-05,22.600000381469727,23.1200008392334,22.579999923706055,22.93000030517578,17.232091903686523,26600
2013-11-06,23.010000228881836,23.139999389648438,22.93000030517578,23.100000381469727,17.35984230041504,14400
2013-11-07,23.139999389648438,23.350000381469727,23.1299991607666,23.149999618530273,17.397424697875977,69800
2013-11-08,23.25,23.34000015258789,23.09000015258789,23.25,17.472572326660156,67900
2013-11-11,23.25,23.25,22.940000534057617,23.1299991607666,17.382389068603516,31100
2013-11-12,23.1299991607666,23.200000762939453,23.0,23.030000686645508,17.307241439819336,23900
2013-11-13,23.049999237060547,23.139999389648438,22.940000534057617,23.139999389648438,17.3898983001709,39200
2013-11-14,23.149999618530273,23.200000762939453,23.0,23.030000686645508,17.307241439819336,13900
2013-11-15,23.030000686645508,23.110000610351562,22.979999542236328,23.100000381469727,17.35984230041504,32400
2013-11-18,23.110000610351562,23.200000762939453,23.0,23.110000610351562,17.367361068725586,19000
2013-11-19,23.190000534057617,23.360000610351562,23.1200008392334,23.18000030517578,17.419963836669922,11700
2013-11-20,23.170000076293945,23.299999237060547,23.110000610351562,23.1200008392334,17.374874114990234,8500
2013-11-21,23.1200008392334,23.31999969482422,23.1200008392334,23.31999969482422,17.525182723999023,19900
2013-11-22,23.34000015258789,23.75,23.18000030517578,23.56999969482422,17.713048934936523,11700
2013-11-25,23.59000015258789,24.850000381469727,23.59000015258789,24.309999465942383,18.2691707611084,24600
2013-11-26,24.3799991607666,24.799999237060547,24.260000228881836,24.34000015258789,18.291717529296875,12000
2013-11-27,24.43000030517578,24.979999542236328,24.190000534057617,24.799999237060547,18.63740348815918,14400
2013-11-29,24.959999084472656,24.959999084472656,24.100000381469727,24.81999969482422,18.652437210083008,7400
2013-12-02,24.889999389648438,24.889999389648438,23.8700008392334,23.899999618530273,17.961057662963867,12600
2013-12-03,23.950000762939453,24.540000915527344,23.940000534057617,24.100000381469727,18.111351013183594,16700
2013-12-04,24.030000686645508,24.190000534057617,23.979999542236328,24.049999237060547,18.07377815246582,10600
2013-12-05,24.0,24.229999542236328,23.950000762939453,24.059999465942383,18.081298828125,6000
2013-12-06,24.200000762939453,24.25,23.81999969482422,24.149999618530273,18.148927688598633,18600
2013-12-09,24.200000762939453,24.399999618530273,24.200000762939453,24.350000381469727,18.299230575561523,12900
2013-12-10,24.229999542236328,24.34000015258789,24.139999389648438,24.139999389648438,18.14141082763672,16500
2013-12-11,24.06999969482422,24.229999542236328,23.389999389648438,23.459999084472656,17.630386352539062,18500
2013-12-12,23.5,23.5,23.0,23.18000030517578,17.419963836669922,35800
2013-12-13,23.18000030517578,23.329999923706055,23.079999923706055,23.200000762939453,17.43499755859375,14400
2013-12-16,23.350000381469727,23.360000610351562,23.200000762939453,23.209999084472656,17.44251251220703,14200
2013-12-17,23.149999618530273,23.389999389648438,23.049999237060547,23.260000228881836,17.48008918762207,20600
2013-12-18,23.170000076293945,23.860000610351562,23.170000076293945,23.850000381469727,18.060131072998047,22400
2013-12-19,23.760000228881836,23.760000228881836,23.0,23.100000381469727,17.49220085144043,17200
2013-12-20,23.200000762939453,24.34000015258789,23.200000762939453,24.059999465942383,18.21915054321289,80000
2013-12-23,24.149999618530273,24.270000457763672,23.899999618530273,24.25,18.363021850585938,11300
2013-12-24,24.34000015258789,24.540000915527344,24.280000686645508,24.3799991607666,18.461469650268555,6400
2013-12-26,24.56999969482422,24.950000762939453,24.5,24.770000457763672,18.756790161132812,9900
2013-12-27,24.889999389648438,24.889999389648438,24.059999465942383,24.809999465942383,18.787076950073242,11300
2013-12-30,24.799999237060547,24.829999923706055,24.420000076293945,24.739999771118164,18.734071731567383,10800
2013-12-31,24.829999923706055,24.829999923706055,24.360000610351562,24.540000915527344,18.58262825012207,14500
2014-01-02,24.420000076293945,24.540000915527344,23.950000762939453,24.43000030517578,18.499330520629883,12100
2014-01-03,24.43000030517578,24.6299991607666,24.43000030517578,24.520000457763672,18.56747817993164,14700
2014-01-06,24.68000030517578,24.68000030517578,24.40999984741211,24.420000076293945,18.491758346557617,9600
2014-01-07,24.420000076293945,24.690000534057617,24.1200008392334,24.360000610351562,18.446325302124023,10200
2014-01-08,24.260000228881836,24.510000228881836,23.959999084472656,24.110000610351562,18.25701141357422,11400
2014-01-09,24.1299991607666,24.1299991607666,23.959999084472656,24.09000015258789,18.24186897277832,7800
2014-01-10,24.110000610351562,24.5,23.969999313354492,24.139999389648438,18.279727935791016,14700
2014-01-13,24.139999389648438,24.200000762939453,23.75,24.079999923706055,18.234298706054688,61600
2014-01-14,24.079999923706055,24.290000915527344,24.010000228881836,24.219999313354492,18.340309143066406,8200
2014-01-15,24.260000228881836,24.479999542236328,24.260000228881836,24.350000381469727,18.438745498657227,11200
2014-01-16,24.200000762939453,24.479999542236328,24.200000762939453,24.299999237060547,18.400888442993164,7000
2014-01-17,24.010000228881836,24.43000030517578,24.010000228881836,24.43000030517578,18.499330520629883,20700
2014-01-21,24.399999618530273,24.489999771118164,24.229999542236328,24.3799991607666,18.461469650268555,21400
2014-01-22,24.479999542236328,24.709999084472656,24.18000030517578,24.31999969482422,18.41602897644043,13300
2014-01-23,24.329999923706055,24.329999923706055,23.84000015258789,24.030000686645508,18.196430206298828,8400
2014-01-24,24.0,24.0,23.25,23.280000686645508,17.62850570678711,24700
2014-01-27,23.270000457763672,23.579999923706055,22.709999084472656,22.950000762939453,17.37861442565918,32500
2014-01-28,22.920000076293945,23.15999984741211,22.799999237060547,23.110000610351562,17.49977684020996,33900
2014-01-29,23.139999389648438,23.139999389648438,22.8700008392334,22.940000534057617,17.371044158935547,22500
2014-01-30,23.09000015258789,24.219999313354492,23.040000915527344,23.3799991607666,17.7042293548584,27500
2014-01-31,23.040000915527344,23.3700008392334,23.0,23.09000015258789,17.48462677001953,35400
2014-02-03,23.079999923706055,23.100000381469727,22.799999237060547,23.049999237060547,17.454341888427734,43900
2014-02-04,23.06999969482422,23.100000381469727,22.920000076293945,23.040000915527344,17.44676399230957,21700
2014-02-05,22.899999618530273,23.06999969482422,22.860000610351562,22.989999771118164,17.408906936645508,42700
2014-02-06,23.100000381469727,23.270000457763672,22.899999618530273,23.010000228881836,17.424049377441406,35900
2014-02-07,23.139999389648438,23.280000686645508,23.0,23.219999313354492,17.58306884765625,50500
2014-02-10,23.229999542236328,23.25,23.010000228881836,23.15999984741211,17.53763771057129,19600
2014-02-11,23.149999618530273,23.329999923706055,23.149999618530273,23.200000762939453,17.567928314208984,18400
2014-02-12,23.170000076293945,23.34000015258789,23.100000381469727,23.270000457763672,17.620927810668945,13800
2014-02-13,23.149999618530273,23.90999984741211,23.149999618530273,23.850000381469727,18.060131072998047,18900
2014-02-14,23.899999618530273,24.079999923706055,23.639999389648438,23.920000076293945,18.11313819885254,14700
2014-02-18,23.969999313354492,24.25,23.719999313354492,24.1200008392334,18.264583587646484,11400
2014-02-19,23.940000534057617,24.1200008392334,23.610000610351562,23.670000076293945,17.923830032348633,26000
2014-02-20,23.940000534057617,23.940000534057617,23.700000762939453,23.790000915527344,18.014694213867188,22900
2014-02-21,23.940000534057617,24.0,23.790000915527344,23.920000076293945,18.11313819885254,17300
2014-02-24,24.0,24.729999542236328,24.0,24.459999084472656,18.522048950195312,45600
2014-02-25,24.43000030517578,24.780000686645508,24.190000534057617,24.309999465942383,18.408458709716797,19400
2014-02-26,24.40999984741211,24.639999389648438,24.260000228881836,24.559999465942383,18.597774505615234,12300
2014-02-27,24.3700008392334,24.520000457763672,24.200000762939453,24.489999771118164,18.544763565063477,22300
2014-02-28,24.559999465942383,24.600000381469727,24.040000915527344,24.09000015258789,18.24186897277832,19500
2014-03-03,23.959999084472656,24.15999984741211,23.600000381469727,23.6299991607666,17.893537521362305,9600
2014-03-04,23.899999618530273,24.790000915527344,23.899999618530273,24.399999618530273,18.476612091064453,39400
2014-03-05,24.3700008392334,24.3799991607666,24.139999389648438,24.260000228881836,18.3705997467041,7800
2014-03-06,24.40999984741211,24.520000457763672,24.049999237060547,24.239999771118164,18.355449676513672,13500
2014-03-07,24.440000534057617,24.440000534057617,23.75,24.010000228881836,18.181291580200195,18800
2014-03-10,23.93000030517578,23.93000030517578,23.18000030517578,23.5,17.79509925842285,25000
2014-03-11,23.399999618530273,23.479999542236328,23.299999237060547,23.469999313354492,17.772377014160156,23300
2014-03-12,23.309999465942383,23.420000076293945,23.25,23.3700008392334,17.6966552734375,30400
2014-03-13,23.459999084472656,23.489999771118164,23.260000228881836,23.290000915527344,17.63607406616211,21900
2014-03-14,23.229999542236328,23.420000076293945,22.920000076293945,23.0,17.41647720336914,19900
2014-03-17,23.219999313354492,23.219999313354492,22.209999084472656,22.65999984741211,17.159013748168945,88600
2014-03-18,22.600000381469727,22.81999969482422,22.25,22.75,17.227170944213867,39100
2014-03-19,22.670000076293945,23.1299991607666,22.459999084472656,22.799999237060547,17.39963722229004,90000
2014-03-20,22.670000076293945,22.959999084472656,22.600000381469727,22.790000915527344,17.392004013061523,21000
2014-03-21,22.959999084472656,22.959999084472656,22.299999237060547,22.530000686645508,17.193586349487305,278300
2014-03-24,22.489999771118164,23.329999923706055,22.329999923706055,23.260000228881836,17.750682830810547,28000
2014-03-25,23.360000610351562,23.579999923706055,23.010000228881836,23.229999542236328,17.72779083251953,23500
2014-03-26,23.459999084472656,23.479999542236328,22.760000228881836,22.8700008392334,17.453060150146484,24000
2014-03-27,22.81999969482422,23.190000534057617,22.559999465942383,22.8700008392334,17.453060150146484,15100
2014-03-28,22.84000015258789,23.0,22.3799991607666,22.5,17.170698165893555,12300
2014-03-31,22.81999969482422,23.149999618530273,22.600000381469727,22.600000381469727,17.24700927734375,56300
2014-04-01,22.700000762939453,23.549999237060547,22.440000534057617,23.43000030517578,17.880416870117188,17800
2014-04-02,23.489999771118164,23.489999771118164,23.049999237060547,23.239999771118164,17.735422134399414,16100
2014-04-03,23.1200008392334,23.270000457763672,22.75,22.81999969482422,17.41489601135254,14600
2014-04-04,23.030000686645508,23.030000686645508,22.059999465942383,22.110000610351562,16.873069763183594,30700
2014-04-07,22.25,22.479999542236328,22.0,22.299999237060547,17.018068313598633,26600
2014-04-08,22.3799991607666,22.6200008392334,22.350000381469727,22.420000076293945,17.109643936157227,24500
2014-04-09,22.459999084472656,22.479999542236328,22.190000534057617,22.389999389648438,17.086750030517578,18900
2014-04-10,22.299999237060547,22.479999542236328,21.940000534057617,21.979999542236328,16.77385711669922,38200
2014-04-11,21.760000228881836,22.18000030517578,21.760000228881836,21.920000076293945,16.728069305419922,27000
2014-04-14,22.059999465942383,22.34000015258789,21.760000228881836,22.31999969482422,17.033329010009766,30500
2014-04-15,22.280000686645508,22.489999771118164,22.139999389648438,22.209999084472656,16.949378967285156,29700
2014-04-16,22.420000076293945,22.639999389648438,22.260000228881836,22.510000228881836,17.17833137512207,20200
2014-04-17,19.31999969482422,22.559999465942383,18.739999771118164,22.260000228881836,16.9875431060791,24700
2014-04-21,22.440000534057617,23.010000228881836,22.260000228881836,23.010000228881836,17.55989646911621,24100
2014-04-22,23.0,23.200000762939453,22.969999313354492,23.09000015258789,17.620946884155273,17000
2014-04-23,23.15999984741211,23.450000762939453,22.850000381469727,23.350000381469727,17.819364547729492,41200
2014-04-24,23.5,24.040000915527344,22.950000762939453,23.68000030517578,18.071199417114258,35000
2014-04-25,23.649999618530273,24.100000381469727,23.649999618530273,23.950000762939453,18.277254104614258,33700
2014-04-28,24.010000228881836,24.209999084472656,23.719999313354492,24.020000457763672,18.330673217773438,17000
2014-04-29,24.219999313354492,24.25,23.670000076293945,23.93000030517578,18.261993408203125,33200
2014-04-30,23.889999389648438,24.190000534057617,23.59000015258789,24.010000228881836,18.323043823242188,27900
2014-05-01,23.8799991607666,24.389999389648438,23.5,24.110000610351562,18.399351119995117,46000
2014-05-02,24.079999923706055,24.3700008392334,24.049999237060547,24.260000228881836,18.513830184936523,30700
2014-05-05,24.049999237060547,24.3700008392334,24.049999237060547,24.170000076293945,18.445140838623047,31600
2014-05-06,24.1200008392334,24.479999542236328,23.860000610351562,23.889999389648438,18.231460571289062,38900
2014-05-07,24.0,24.280000686645508,24.0,24.149999618530273,18.42988395690918,36800
2014-05-08,24.219999313354492,24.350000381469727,23.850000381469727,24.06999969482422,18.36882972717285,34600
2014-05-09,23.889999389648438,24.3799991607666,23.889999389648438,24.229999542236328,18.49092674255371,18900
2014-05-12,24.399999618530273,24.690000534057617,24.100000381469727,24.510000228881836,18.70461082458496,25700
2014-05-13,24.43000030517578,24.450000762939453,24.020000457763672,24.25,18.506189346313477,49700
2014-05-14,24.1299991607666,24.1299991607666,23.290000915527344,23.600000381469727,18.010149002075195,30200
2014-05-15,23.3799991607666,23.510000228881836,22.5,22.8799991607666,17.460689544677734,42700
2014-05-16,22.84000015258789,23.040000915527344,22.56999969482422,23.0,17.55226707458496,34300
2014-05-19,23.0,23.3700008392334,22.979999542236328,23.329999923706055,17.804101943969727,14600
2014-05-20,23.040000915527344,23.520000457763672,23.040000915527344,23.309999465942383,17.788843154907227,40300
2014-05-21,23.459999084472656,23.459999084472656,22.899999618530273,23.030000686645508,17.575162887573242,17200
2014-05-22,22.979999542236328,23.200000762939453,22.920000076293945,23.020000457763672,17.567520141601562,14600
2014-05-23,23.0,23.469999313354492,23.0,23.270000457763672,17.758312225341797,12600
2014-05-27,23.40999984741211,23.520000457763672,23.030000686645508,23.469999313354492,17.910940170288086,14700
2014-05-28,23.309999465942383,23.489999771118164,23.1200008392334,23.3799991607666,17.842260360717773,10700
2014-05-29,23.389999389648438,23.399999618530273,23.290000915527344,23.329999923706055,17.804101943969727,4000
2014-05-30,23.43000030517578,23.450000762939453,23.010000228881836,23.25,17.743053436279297,15700
2014-06-02,23.520000457763672,23.729999542236328,22.989999771118164,23.299999237060547,17.781206130981445,18400
2014-06-03,23.25,23.739999771118164,23.1299991607666,23.299999237060547,17.781206130981445,30200
2014-06-04,23.25,23.489999771118164,23.1299991607666,23.329999923706055,17.804101943969727,21800
2014-06-05,23.469999313354492,23.93000030517578,23.25,23.93000030517578,18.261993408203125,13200
2014-06-06,24.0,24.079999923706055,23.399999618530273,23.989999771118164,18.30777931213379,18600
2014-06-09,23.860000610351562,24.229999542236328,23.84000015258789,24.030000686645508,18.338298797607422,15400
2014-06-10,23.709999084472656,24.229999542236328,23.709999084472656,23.989999771118164,18.30777931213379,11700
2014-06-11,23.639999389648438,23.989999771118164,23.6299991607666,23.860000610351562,18.20857048034668,11100
2014-06-12,23.459999084472656,23.700000762939453,23.420000076293945,23.649999618530273,18.048307418823242,16900
2014-06-13,23.799999237060547,23.989999771118164,23.520000457763672,23.6299991607666,18.03304672241211,8400
2014-06-16,23.639999389648438,23.760000228881836,23.25,23.510000228881836,17.94146728515625,26800
2014-06-17,23.790000915527344,24.0,23.559999465942383,23.950000762939453,18.277254104614258,20100
2014-06-18,23.780000686645508,23.84000015258789,23.5,23.81999969482422,18.321094512939453,13000
2014-06-19,23.770000457763672,23.790000915527344,23.309999465942383,23.31999969482422,17.936519622802734,6700
2014-06-20,23.5,23.670000076293945,23.15999984741211,23.579999923706055,18.136493682861328,40000
2014-06-23,23.260000228881836,23.59000015258789,23.06999969482422,23.3799991607666,17.982669830322266,11700
2014-06-24,23.270000457763672,23.520000457763672,23.030000686645508,23.260000228881836,17.890369415283203,14700
2014-06-25,23.25,23.549999237060547,23.15999984741211,23.479999542236328,18.0595760345459,15100
2014-06-26,23.25,23.530000686645508,23.209999084472656,23.5,18.074960708618164,12400
2014-06-27,23.309999465942383,24.1299991607666,23.110000610351562,24.110000610351562,18.544145584106445,76000
2014-06-30,23.940000534057617,24.040000915527344,23.520000457763672,23.719999313354492,18.244184494018555,12900
2014-07-01,24.010000228881836,24.209999084472656,23.770000457763672,23.860000610351562,18.351856231689453,19800
2014-07-02,23.959999084472656,24.030000686645508,23.899999618530273,23.90999984741211,18.390316009521484,7800
2014-07-03,24.020000457763672,24.100000381469727,24.020000457763672,24.059999465942383,18.505687713623047,4400
2014-07-07,23.709999084472656,23.860000610351562,23.56999969482422,23.6200008392334,18.167261123657227,17600
2014-07-08,23.469999313354492,23.5,23.25,23.399999618530273,17.998044967651367,10100
2014-07-09,23.6200008392334,23.6200008392334,23.25,23.290000915527344,17.913442611694336,14500
2014-07-10,23.25,23.3700008392334,23.09000015258789,23.149999618530273,17.80576515197754,19300
2014-07-11,23.25,23.450000762939453,23.25,23.260000228881836,17.890369415283203,8400
2014-07-14,23.440000534057617,23.440000534057617,23.25,23.270000457763672,17.898067474365234,9600
2014-07-15,23.270000457763672,23.549999237060547,23.149999618530273,23.290000915527344,17.913442611694336,21400
2014-07-16,23.440000534057617,23.549999237060547,23.149999618530273,23.280000686645508,17.905752182006836,15400
2014-07-17,23.25,23.459999084472656,23.200000762939453,23.25,17.88268280029297,20600
2014-07-18,22.950000762939453,23.829999923706055,22.950000762939453,23.690000534057617,18.221107482910156,23200
2014-07-21,23.549999237060547,23.549999237060547,23.25,23.40999984741211,18.0057430267334,13100
2014-07-22,23.450000762939453,23.68000030517578,23.1299991607666,23.450000762939453,18.036510467529297,23200
2014-07-23,23.5,23.979999542236328,23.5,23.780000686645508,18.290325164794922,18700
2014-07-24,23.709999084472656,24.079999923706055,23.59000015258789,23.65999984741211,18.198028564453125,12400
2014-07-25,23.469999313354492,23.719999313354492,23.200000762939453,23.260000228881836,17.890369415283203,17200
2014-07-28,23.25,24.010000228881836,23.040000915527344,23.690000534057617,18.221107482910156,13500
2014-07-29,23.829999923706055,23.829999923706055,23.350000381469727,23.3700008392334,17.974971771240234,9700
2014-07-30,23.450000762939453,23.5,23.329999923706055,23.5,18.074960708618164,4500
2014-07-31,23.25,23.5,23.15999984741211,23.260000228881836,17.890369415283203,18100
2014-08-01,23.350000381469727,23.450000762939453,23.200000762939453,23.290000915527344,17.913442611694336,18700
2014-08-04,23.290000915527344,23.290000915527344,22.75,22.920000076293945,17.628856658935547,16300
2014-08-05,22.780000686645508,22.780000686645508,22.56999969482422,22.56999969482422,17.359655380249023,14300
2014-08-06,22.559999465942383,22.90999984741211,22.559999465942383,22.75,17.498104095458984,11500
2014-08-07,22.75,22.790000915527344,22.600000381469727,22.68000030517578,17.44426918029785,8200
2014-08-08,22.65999984741211,22.969999313354492,22.6200008392334,22.93000030517578,17.63654899597168,10500
2014-08-11,23.040000915527344,23.25,22.84000015258789,23.15999984741211,17.813457489013672,6000
2014-08-12,23.1299991607666,23.1299991607666,22.739999771118164,22.780000686645508,17.521181106567383,3600
2014-08-13,22.84000015258789,22.899999618530273,22.65999984741211,22.75,17.498104095458984,9400
2014-08-14,22.709999084472656,23.1299991607666,22.709999084472656,22.940000534057617,17.644243240356445,10200
2014-08-15,23.25,23.25,22.5,22.510000228881836,17.313507080078125,25100
2014-08-18,22.790000915527344,22.790000915527344,22.549999237060547,22.690000534057617,17.45195770263672,9900
2014-08-19,22.709999084472656,22.850000381469727,22.530000686645508,22.799999237060547,17.536561965942383,16800
2014-08-20,22.760000228881836,22.950000762939453,22.610000610351562,22.790000915527344,17.52887535095215,13400
2014-08-21,22.700000762939453,23.489999771118164,22.579999923706055,23.3799991607666,17.982669830322266,19300
2014-08-22,23.280000686645508,23.3700008392334,22.760000228881836,22.809999465942383,17.544252395629883,26200
2014-08-25,22.889999389648438,23.040000915527344,22.520000457763672,22.790000915527344,17.52887535095215,17300
2014-08-26,22.84000015258789,23.020000457763672,22.729999542236328,23.0,17.69038963317871,20400
2014-08-27,22.979999542236328,22.979999542236328,22.68000030517578,22.68000030517578,17.44426918029785,9100
2014-08-28,22.579999923706055,22.690000534057617,22.520000457763672,22.549999237060547,17.344276428222656,12200
2014-08-29,22.559999465942383,22.860000610351562,22.5,22.760000228881836,17.505796432495117,15900
2014-09-02,22.780000686645508,23.450000762939453,22.780000686645508,23.309999465942383,17.92882537841797,16800
2014-09-03,23.829999923706055,23.829999923706055,22.81999969482422,22.84000015258789,17.567325592041016,15800
2014-09-04,22.950000762939453,23.75,22.739999771118164,22.739999771118164,17.490415573120117,8600
2014-09-05,22.65999984741211,23.059999465942383,22.65999984741211,23.0,17.69038963317871,7300
2014-09-08,23.059999465942383,23.579999923706055,22.950000762939453,23.5,18.074960708618164,22900
2014-09-09,23.440000534057617,23.670000076293945,23.219999313354492,23.520000457763672,18.090347290039062,32800
2014-09-10,23.450000762939453,23.549999237060547,23.399999618530273,23.530000686645508,18.098037719726562,15600
2014-09-11,23.530000686645508,23.760000228881836,23.510000228881836,23.579999923706055,18.136493682861328,11300
2014-09-12,23.530000686645508,23.649999618530273,23.360000610351562,23.579999923706055,18.136493682861328,26800
2014-09-15,23.5,23.760000228881836,23.350000381469727,23.610000610351562,18.159570693969727,21200
2014-09-16,23.610000610351562,23.770000457763672,23.600000381469727,23.6200008392334,18.167261123657227,17100
2014-09-17,23.56999969482422,23.8799991607666,23.479999542236328,23.829999923706055,18.475051879882812,22400
2014-09-18,23.829999923706055,24.389999389648438,23.829999923706055,24.260000228881836,18.80842399597168,18100
2014-09-19,24.290000915527344,24.40999984741211,23.600000381469727,24.1299991607666,18.70763397216797,61100
2014-09-22,24.1299991607666,24.299999237060547,23.6299991607666,23.670000076293945,18.351009368896484,14500
2014-09-23,23.809999465942383,23.93000030517578,23.56999969482422,23.600000381469727,18.296737670898438,17200
2014-09-24,23.6200008392334,23.75,23.600000381469727,23.719999313354492,18.38977813720703,14300
2014-09-25,23.700000762939453,23.81999969482422,23.489999771118164,23.700000762939453,18.374265670776367,27100
2014-09-26,23.670000076293945,23.739999771118164,23.639999389648438,23.719999313354492,18.38977813720703,10700
2014-09-29,23.700000762939453,24.06999969482422,23.700000762939453,23.790000915527344,18.444032669067383,14600
2014-09-30,23.84000015258789,23.8799991607666,23.690000534057617,23.690000534057617,18.36651039123535,35700
2014-10-01,23.389999389648438,23.389999389648438,22.84000015258789,22.920000076293945,17.76953887939453,23100
2014-10-02,23.09000015258789,23.15999984741211,22.799999237060547,23.030000686645508,17.85482406616211,9500
2014-10-03,23.260000228881836,23.290000915527344,22.979999542236328,23.030000686645508,17.85482406616211,12000
2014-10-06,23.030000686645508,23.389999389648438,22.889999389648438,23.020000457763672,17.847070693969727,12800
2014-10-07,22.93000030517578,22.93000030517578,22.559999465942383,22.600000381469727,17.521448135375977,9000
2014-10-08,22.5,23.559999465942383,22.469999313354492,23.40999984741211,18.14942741394043,16700
2014-10-09,23.43000030517578,23.43000030517578,22.34000015258789,22.3799991607666,17.35088348388672,19400
2014-10-10,22.329999923706055,22.75,22.329999923706055,22.530000686645508,17.467178344726562,16800
2014-10-13,22.530000686645508,23.850000381469727,22.530000686645508,23.75,18.41303062438965,19700
2014-10-14,23.860000610351562,24.5,23.690000534057617,24.31999969482422,18.85494041442871,27500
2014-10-15,24.25,24.59000015258789,23.270000457763672,24.479999542236328,18.978992462158203,34500
2014-10-16,24.100000381469727,24.479999542236328,24.06999969482422,24.399999618530273,18.916969299316406,33100
2014-10-17,27.0,27.0,24.280000686645508,24.530000686645508,19.01775360107422,27100
2014-10-20,24.829999923706055,24.829999923706055,23.6299991607666,24.059999465942383,18.653364181518555,17200
2014-10-21,24.079999923706055,24.299999237060547,23.670000076293945,23.81999969482422,18.467300415039062,12300
2014-10-22,23.809999465942383,23.809999465942383,23.040000915527344,23.219999313354492,18.00213050842285,11900
2014-10-23,23.489999771118164,23.56999969482422,22.389999389648438,23.5,18.219205856323242,15800
2014-10-24,23.489999771118164,23.829999923706055,22.799999237060547,23.190000534057617,17.97886848449707,10700
2014-10-27,22.959999084472656,23.18000030517578,22.90999984741211,23.079999923706055,17.893590927124023,11600
2014-10-28,23.309999465942383,24.25,23.309999465942383,24.25,18.800668716430664,19500
2014-10-29,24.18000030517578,24.799999237060547,23.739999771118164,24.739999771118164,19.180557250976562,16800
2014-10-30,24.719999313354492,24.75,23.790000915527344,24.739999771118164,19.180557250976562,28200
2014-10-31,24.75,24.75,24.25,24.25,18.800668716430664,38600
2014-11-03,24.420000076293945,24.600000381469727,24.18000030517578,24.600000381469727,19.072025299072266,23900
2014-11-04,24.399999618530273,24.690000534057617,24.299999237060547,24.469999313354492,18.97123908996582,18700
2014-11-05,24.5,24.739999771118164,24.309999465942383,24.709999084472656,19.157306671142578,17200
2014-11-06,24.690000534057617,24.690000534057617,24.360000610351562,24.649999618530273,19.11078453063965,21600
2014-11-07,24.6299991607666,24.709999084472656,24.260000228881836,24.520000457763672,19.009994506835938,12900
2014-11-10,24.530000686645508,24.739999771118164,24.209999084472656,24.43000030517578,18.940227508544922,96900
2014-11-11,24.559999465942383,24.559999465942383,24.200000762939453,24.350000381469727,18.878198623657227,15000
2014-11-12,24.34000015258789,24.59000015258789,23.829999923706055,24.559999465942383,19.041013717651367,95900
2014-11-13,24.34000015258789,24.489999771118164,23.389999389648438,23.610000610351562,18.304489135742188,95600
2014-11-14,23.559999465942383,24.010000228881836,23.389999389648438,23.700000762939453,18.374265670776367,131400
2014-11-17,23.690000534057617,23.899999618530273,22.93000030517578,23.43000030517578,18.16494369506836,175500
2014-11-18,23.549999237060547,23.829999923706055,23.270000457763672,23.489999771118164,18.211456298828125,22500
2014-11-19,23.079999923706055,23.399999618530273,23.0,23.09000015258789,17.901336669921875,22600
2014-11-20,23.200000762939453,23.200000762939453,22.889999389648438,23.170000076293945,17.963363647460938,25900
2014-11-21,23.559999465942383,23.600000381469727,22.81999969482422,22.90999984741211,17.76178741455078,13800
2014-11-24,22.950000762939453,23.510000228881836,22.770000457763672,23.43000030517578,18.16494369506836,48600
2014-11-25,23.399999618530273,23.399999618530273,23.010000228881836,23.100000381469727,17.90909194946289,28400
2014-11-26,23.06999969482422,23.479999542236328,23.059999465942383,23.25,18.025386810302734,47900
2014-11-28,23.1299991607666,23.459999084472656,22.670000076293945,22.709999084472656,17.606733322143555,28900
2014-12-01,22.790000915527344,23.1299991607666,22.56999969482422,22.719999313354492,17.61448097229004,98800
2014-12-02,22.700000762939453,23.200000762939453,22.639999389648438,23.18000030517578,17.97112274169922,20500
2014-12-03,23.139999389648438,23.540000915527344,23.1200008392334,23.280000686645508,18.048643112182617,24100
2014-12-04,23.1299991607666,23.399999618530273,23.100000381469727,23.229999542236328,18.009878158569336,14700
2014-12-05,23.239999771118164,24.239999771118164,23.239999771118164,24.020000457763672,18.622356414794922,24000
2014-12-08,23.899999618530273,24.290000915527344,23.899999618530273,24.079999923706055,18.668874740600586,10800
2014-12-09,23.950000762939453,24.799999237060547,23.950000762939453,24.780000686645508,19.211576461791992,21700
2014-12-10,24.6200008392334,24.65999984741211,24.020000457763672,24.239999771118164,18.792917251586914,20400
2014-12-11,24.239999771118164,24.540000915527344,24.020000457763672,24.040000915527344,18.637863159179688,22300
2014-12-12,23.75,24.149999618530273,23.75,24.049999237060547,18.645614624023438,19800
2014-12-15,24.09000015258789,24.209999084472656,23.399999618530273,23.420000076293945,18.157182693481445,13000
2014-12-16,22.010000228881836,24.0,22.0,23.5,18.219205856323242,13200
2014-12-17,23.40999984741211,24.5,23.190000534057617,24.440000534057617,19.09996223449707,21800
2014-12-18,24.510000228881836,24.979999542236328,24.110000610351562,24.979999542236328,19.52197265625,20100
2014-12-19,24.8700008392334,25.489999771118164,24.709999084472656,25.100000381469727,19.615753173828125,51300
2014-12-22,25.110000610351562,25.149999618530273,24.8700008392334,25.1299991607666,19.639198303222656,6600
2014-12-23,25.25,25.6200008392334,24.770000457763672,25.479999542236328,19.912723541259766,10600
2014-12-24,25.540000915527344,25.540000915527344,24.889999389648438,25.219999313354492,19.709535598754883,7200
2014-12-26,25.389999389648438,25.579999923706055,25.139999389648438,25.270000457763672,19.74861717224121,7300
2014-12-29,25.170000076293945,25.3700008392334,25.059999465942383,25.3700008392334,19.826766967773438,9500
2014-12-30,25.170000076293945,25.579999923706055,24.969999313354492,25.149999618530273,19.65483283996582,14600
2014-12-31,25.079999923706055,25.100000381469727,24.579999923706055,24.719999313354492,19.318782806396484,12300
2015-01-02,24.84000015258789,25.530000686645508,24.18000030517578,24.389999389648438,19.06088638305664,8400
2015-01-05,24.329999923706055,24.540000915527344,23.93000030517578,24.020000457763672,18.771730422973633,11600
2015-01-06,24.030000686645508,24.43000030517578,23.540000915527344,24.059999465942383,18.80299186706543,14300
2015-01-07,24.15999984741211,24.389999389648438,24.020000457763672,24.389999389648438,19.06088638305664,19800
2015-01-08,24.520000457763672,25.149999618530273,24.520000457763672,24.790000915527344,19.373489379882812,9900
2015-01-09,24.889999389648438,24.889999389648438,24.049999237060547,24.260000228881836,18.95929527282715,14200
2015-01-12,24.170000076293945,24.309999465942383,24.049999237060547,24.139999389648438,18.865509033203125,11100
2015-01-13,24.3700008392334,25.139999389648438,23.969999313354492,24.170000076293945,18.88895606994629,26800
2015-01-14,24.049999237060547,24.170000076293945,23.75,23.93000030517578,18.701393127441406,7100
2015-01-15,23.860000610351562,23.8700008392334,22.770000457763672,22.790000915527344,17.810482025146484,19400
2015-01-16,22.43000030517578,24.469999313354492,22.43000030517578,24.040000915527344,18.787363052368164,14100
2015-01-20,23.899999618530273,23.899999618530273,23.030000686645508,23.09000015258789,18.0449275970459,10100
2015-01-21,23.09000015258789,23.520000457763672,22.8799991607666,23.030000686645508,17.99803924560547,14000
2015-01-22,23.290000915527344,24.1200008392334,23.229999542236328,24.100000381469727,18.83424949645996,20600
2015-01-23,24.030000686645508,24.030000686645508,23.31999969482422,23.719999313354492,18.53728485107422,5300
2015-01-26,23.899999618530273,24.229999542236328,23.549999237060547,24.209999084472656,18.920217514038086,13800
2015-01-27,24.020000457763672,24.1299991607666,23.270000457763672,23.670000076293945,18.498207092285156,8300
2015-01-28,23.84000015258789,23.84000015258789,22.950000762939453,23.100000381469727,18.05274772644043,14100
2015-01-29,23.209999084472656,23.979999542236328,23.0,23.959999084472656,18.72484016418457,9300
2015-01-30,23.729999542236328,23.729999542236328,22.75,22.790000915527344,17.810482025146484,29000
2015-02-02,23.09000015258789,23.34000015258789,22.860000610351562,23.31999969482422,18.22467803955078,15700
2015-02-03,23.290000915527344,23.75,23.280000686645508,23.639999389648438,18.474760055541992,19600
2015-02-04,23.559999465942383,23.780000686645508,23.469999313354492,23.670000076293945,18.498207092285156,12300
2015-02-05,23.8799991607666,24.209999084472656,23.799999237060547,24.1200008392334,18.849882125854492,13900
2015-02-06,24.139999389648438,24.549999237060547,24.139999389648438,24.459999084472656,19.115585327148438,14800
2015-02-09,24.309999465942383,24.3799991607666,23.93000030517578,23.93000030517578,18.701393127441406,8100
2015-02-10,24.190000534057617,24.190000534057617,23.559999465942383,23.959999084472656,18.72484016418457,4800
2015-02-11,23.829999923706055,24.440000534057617,23.68000030517578,23.690000534057617,18.513837814331055,6800
2015-02-12,23.860000610351562,24.200000762939453,23.75,24.09000015258789,18.826435089111328,7400
2015-02-13,24.030000686645508,24.200000762939453,23.809999465942383,24.049999237060547,18.795177459716797,6900
2015-02-17,24.0,24.31999969482422,23.860000610351562,24.049999237060547,18.795177459716797,5700
2015-02-18,23.780000686645508,24.020000457763672,23.75,24.010000228881836,18.763914108276367,3900
2015-02-19,23.75,24.399999618530273,23.75,24.200000762939453,18.912410736083984,7100
2015-02-20,24.260000228881836,24.260000228881836,23.75,23.8700008392334,18.65450096130371,10800
2015-02-23,23.75,23.829999923706055,23.389999389648438,23.65999984741211,18.49039077758789,9600
2015-02-24,24.06999969482422,24.09000015258789,23.760000228881836,23.899999618530273,18.677947998046875,9600
2015-02-25,23.889999389648438,24.18000030517578,23.889999389648438,23.90999984741211,18.68577003479004,9300
2015-02-26,23.899999618530273,24.0,23.559999465942383,23.860000610351562,18.646692276000977,8900
2015-02-27,23.739999771118164,24.18000030517578,23.56999969482422,23.90999984741211,18.68577003479004,10900
2015-03-02,24.049999237060547,24.139999389648438,23.799999237060547,23.989999771118164,18.74828338623047,16800
2015-03-03,23.899999618530273,23.920000076293945,23.59000015258789,23.59000015258789,18.435686111450195,7600
2015-03-04,23.5,23.84000015258789,23.399999618530273,23.459999084472656,18.334087371826172,7700
2015-03-05,23.25,23.56999969482422,23.139999389648438,23.399999618530273,18.28719711303711,12700
2015-03-06,23.15999984741211,23.729999542236328,23.06999969482422,23.309999465942383,18.21686363220215,25400
2015-03-09,23.309999465942383,23.479999542236328,23.309999465942383,23.450000762939453,18.326274871826172,8500
2015-03-10,23.260000228881836,23.389999389648438,23.209999084472656,23.270000457763672,18.185606002807617,26100
2015-03-11,23.709999084472656,23.709999084472656,23.06999969482422,23.31999969482422,18.22467803955078,10200
2015-03-12,23.56999969482422,24.68000030517578,23.56999969482422,24.649999618530273,19.264080047607422,21400
2015-03-13,24.5,24.6299991607666,24.059999465942383,24.520000457763672,19.162479400634766,12000
2015-03-16,24.530000686645508,24.920000076293945,24.270000457763672,24.420000076293945,19.08432960510254,9000
2015-03-17,24.440000534057617,24.700000762939453,24.139999389648438,24.469999313354492,19.123409271240234,9800
2015-03-18,24.260000228881836,24.59000015258789,24.1299991607666,24.469999313354492,19.270671844482422,18000
2015-03-19,24.270000457763672,24.440000534057617,24.270000457763672,24.420000076293945,19.231300354003906,7900
2015-03-20,24.43000030517578,24.979999542236328,24.420000076293945,24.510000228881836,19.302181243896484,39200
2015-03-23,24.889999389648438,24.889999389648438,24.260000228881836,24.56999969482422,19.34942626953125,16800
2015-03-24,24.459999084472656,25.100000381469727,24.34000015258789,24.850000381469727,19.569934844970703,6600
2015-03-25,24.8700008392334,24.8700008392334,24.239999771118164,24.290000915527344,19.128925323486328,13100
2015-03-26,24.260000228881836,24.450000762939453,23.6299991607666,24.170000076293945,19.034420013427734,7900
2015-03-27,24.260000228881836,24.549999237060547,23.989999771118164,24.440000534057617,19.24704933166504,21000
2015-03-30,24.100000381469727,25.040000915527344,24.100000381469727,24.6299991607666,19.396677017211914,11000
2015-03-31,24.600000381469727,24.739999771118164,24.229999542236328,24.729999542236328,19.47542953491211,9800
2015-04-01,24.5,25.219999313354492,24.469999313354492,24.799999237060547,19.530555725097656,16900
2015-04-02,24.770000457763672,25.0,24.420000076293945,24.799999237060547,19.530555725097656,18600
2015-04-06,24.579999923706055,24.75,24.34000015258789,24.420000076293945,19.231300354003906,14500
2015-04-07,24.690000534057617,24.690000534057617,24.389999389648438,24.5,19.29430389404297,7300
2015-04-08,24.3700008392334,24.479999542236328,24.18000030517578,24.309999465942383,19.144670486450195,6100
2015-04-09,23.760000228881836,24.290000915527344,23.760000228881836,24.239999771118164,19.08954429626465,8400
2015-04-10,24.200000762939453,24.280000686645508,24.100000381469727,24.219999313354492,19.073795318603516,6000
2015-04-13,24.25,24.549999237060547,24.15999984741211,24.270000457763672,19.113168716430664,10300
2015-04-14,24.18000030517578,24.65999984741211,24.1299991607666,24.479999542236328,19.278554916381836,13000
2015-04-15,24.610000610351562,24.979999542236328,24.56999969482422,24.860000610351562,19.577808380126953,7800
2015-04-16,24.440000534057617,24.75,24.260000228881836,24.579999923706055,19.357301712036133,9400
2015-04-17,24.43000030517578,24.989999771118164,24.3799991607666,24.540000915527344,19.325801849365234,25900
2015-04-20,24.770000457763672,24.899999618530273,24.5,24.739999771118164,19.483306884765625,14600
2015-04-21,24.690000534057617,24.850000381469727,24.559999465942383,24.84000015258789,19.562061309814453,12000
2015-04-22,24.8799991607666,24.8799991607666,24.40999984741211,24.770000457763672,19.506933212280273,9800
2015-04-23,24.5,24.75,24.40999984741211,24.520000457763672,19.3100528717041,9400
2015-04-24,24.420000076293945,24.56999969482422,24.030000686645508,24.469999313354492,19.270671844482422,19800
2015-04-27,24.309999465942383,24.739999771118164,24.1299991607666,24.329999923706055,19.160425186157227,9700
2015-04-28,24.43000030517578,24.709999084472656,24.3799991607666,24.510000228881836,19.302181243896484,13400
2015-04-29,24.18000030517578,24.59000015258789,24.18000030517578,24.3700008392334,19.191919326782227,9900
2015-04-30,24.299999237060547,24.299999237060547,23.760000228881836,23.780000686645508,18.727283477783203,21000
2015-05-01,24.0,24.239999771118164,23.549999237060547,23.700000762939453,18.66427993774414,18100
2015-05-04,23.729999542236328,23.90999984741211,23.56999969482422,23.739999771118164,18.695783615112305,14100
2015-05-05,23.68000030517578,23.90999984741211,23.059999465942383,23.3799991607666,18.412275314331055,24300
2015-05-06,23.459999084472656,23.700000762939453,23.219999313354492,23.639999389648438,18.617033004760742,11700
2015-05-07,23.479999542236328,24.030000686645508,23.43000030517578,23.579999923706055,18.569782257080078,15600
2015-05-08,23.829999923706055,23.829999923706055,23.450000762939453,23.719999313354492,18.680036544799805,14400
2015-05-11,23.600000381469727,23.860000610351562,23.530000686645508,23.760000228881836,18.711538314819336,16700
2015-05-12,23.559999465942383,23.809999465942383,23.43000030517578,23.729999542236328,18.68790626525879,13400
2015-05-13,23.649999618530273,24.049999237060547,23.639999389648438,23.829999923706055,18.766664505004883,17100
2015-05-14,24.170000076293945,24.239999771118164,23.829999923706055,24.229999542236328,19.0816707611084,17300
2015-05-15,24.229999542236328,24.229999542236328,23.649999618530273,23.809999465942383,18.750913619995117,24100
2015-05-18,23.809999465942383,24.280000686645508,23.809999465942383,24.049999237060547,18.93991470336914,22000
2015-05-19,24.149999618530273,24.31999969482422,23.940000534057617,24.1299991607666,19.002914428710938,20000
2015-05-20,24.139999389648438,24.229999542236328,23.989999771118164,24.190000534057617,19.050168991088867,16900
2015-05-21,24.219999313354492,24.700000762939453,23.969999313354492,24.510000228881836,19.302181243896484,17100
2015-05-22,24.530000686645508,24.760000228881836,24.229999542236328,24.290000915527344,19.128925323486328,13500
2015-05-26,24.170000076293945,24.3700008392334,23.969999313354492,24.15999984741211,19.02655029296875,17600
2015-05-27,24.190000534057617,24.579999923706055,24.059999465942383,24.579999923706055,19.357301712036133,25400
2015-05-28,24.540000915527344,24.739999771118164,24.309999465942383,24.56999969482422,19.34942626953125,12900
2015-05-29,24.530000686645508,24.790000915527344,24.280000686645508,24.559999465942383,19.341556549072266,17800
2015-06-01,24.6200008392334,24.84000015258789,24.239999771118164,24.559999465942383,19.341556549072266,28100
2015-06-02,24.450000762939453,24.989999771118164,24.450000762939453,24.920000076293945,19.625059127807617,16600
2015-06-03,24.6200008392334,24.989999771118164,24.6200008392334,24.979999542236328,19.67230796813965,11500
2015-06-04,24.790000915527344,24.940000534057617,24.700000762939453,24.760000228881836,19.499055862426758,6000
2015-06-05,24.799999237060547,24.889999389648438,24.530000686645508,24.889999389648438,19.601442337036133,17900
2015-06-08,25.0,25.0,24.920000076293945,24.93000030517578,19.632936477661133,15900
2015-06-09,24.93000030517578,25.0,24.760000228881836,24.950000762939453,19.648683547973633,15300
2015-06-10,25.0,25.610000610351562,25.0,25.34000015258789,19.955821990966797,16200
2015-06-11,25.239999771118164,25.469999313354492,25.020000457763672,25.3700008392334,19.979448318481445,17500
2015-06-12,25.190000534057617,25.3700008392334,25.06999969482422,25.190000534057617,19.837684631347656,10300
2015-06-15,24.979999542236328,25.350000381469727,24.959999084472656,25.040000915527344,19.719560623168945,19800
2015-06-16,24.8799991607666,25.25,24.780000686645508,25.229999542236328,19.869192123413086,18100
2015-06-17,24.969999313354492,25.139999389648438,24.770000457763672,24.829999923706055,19.70885467529297,15000
2015-06-18,24.760000228881836,25.200000762939453,24.760000228881836,25.149999618530273,19.96285057067871,50500
2015-06-19,25.06999969482422,25.229999542236328,24.8799991607666,24.989999771118164,19.835853576660156,42300
2015-06-22,25.100000381469727,25.25,24.889999389648438,25.190000534057617,19.994600296020508,13700
2015-06-23,25.06999969482422,25.790000915527344,25.06999969482422,25.780000686645508,20.46291732788086,12100
2015-06-24,25.719999313354492,26.100000381469727,25.469999313354492,25.8799991607666,20.542295455932617,27600
2015-06-25,25.84000015258789,26.09000015258789,25.719999313354492,26.049999237060547,20.677230834960938,9800
2015-06-26,26.020000457763672,26.43000030517578,25.850000381469727,26.43000030517578,20.97885513305664,67900
2015-06-29,26.18000030517578,26.270000457763672,25.790000915527344,25.81999969482422,20.49466896057129,29300
2015-06-30,25.90999984741211,25.920000076293945,25.5,25.700000762939453,20.399417877197266,15200
2015-07-01,25.90999984741211,26.290000915527344,25.510000228881836,25.65999984741211,20.36766815185547,24700
2015-07-02,25.6200008392334,25.920000076293945,25.110000610351562,25.360000610351562,20.129545211791992,13300
2015-07-06,25.18000030517578,25.510000228881836,25.020000457763672,25.299999237060547,20.081912994384766,17600
2015-07-07,25.239999771118164,25.420000076293945,25.020000457763672,25.219999313354492,20.018415451049805,21500
2015-07-08,25.190000534057617,25.299999237060547,24.760000228881836,25.049999237060547,19.883480072021484,26900
2015-07-09,25.100000381469727,25.440000534057617,24.709999084472656,25.049999237060547,19.883480072021484,24200
2015-07-10,25.329999923706055,25.56999969482422,24.950000762939453,25.549999237060547,20.28035545349121,18700
2015-07-13,25.520000457763672,26.09000015258789,25.399999618530273,25.93000030517578,20.581979751586914,18200
2015-07-14,25.969999313354492,26.09000015258789,25.760000228881836,26.06999969482422,20.693103790283203,7400
2015-07-15,25.93000030517578,26.079999923706055,25.760000228881836,25.950000762939453,20.597856521606445,8400
2015-07-16,26.100000381469727,26.450000762939453,25.899999618530273,26.31999969482422,20.891544342041016,14800
2015-07-17,26.469999313354492,26.75,26.450000762939453,26.530000686645508,21.058231353759766,20400
2015-07-20,26.729999542236328,26.75,25.93000030517578,25.969999313354492,20.613731384277344,34600
2015-07-21,26.40999984741211,26.709999084472656,25.969999313354492,26.520000457763672,21.050291061401367,22200
2015-07-22,26.610000610351562,26.670000076293945,26.209999084472656,26.280000686645508,20.859792709350586,17300
2015-07-23,26.290000915527344,26.34000015258789,25.690000534057617,25.690000534057617,20.3914794921875,17800
2015-07-24,25.649999618530273,25.729999542236328,25.479999542236328,25.489999771118164,20.23272705078125,14700
2015-07-27,25.450000762939453,25.450000762939453,25.100000381469727,25.190000534057617,19.994600296020508,11500
2015-07-28,25.360000610351562,25.459999084472656,24.829999923706055,25.020000457763672,19.859663009643555,30200
2015-07-29,25.100000381469727,25.3799991607666,24.950000762939453,25.200000762939453,20.002540588378906,23300
2015-07-30,25.290000915527344,25.459999084472656,24.979999542236328,25.280000686645508,20.06604766845703,15900
2015-07-31,25.31999969482422,25.690000534057617,24.809999465942383,25.149999618530273,19.96285057067871,26200
2015-08-03,25.139999389648438,25.450000762939453,24.950000762939453,25.34000015258789,20.113670349121094,23800
2015-08-04,25.729999542236328,25.729999542236328,25.100000381469727,25.1200008392334,19.939041137695312,20000
2015-08-05,25.360000610351562,25.649999618530273,25.100000381469727,25.610000610351562,20.327978134155273,25500
2015-08-06,25.65999984741211,25.760000228881836,25.350000381469727,25.610000610351562,20.327978134155273,24700
2015-08-07,25.450000762939453,25.850000381469727,25.149999618530273,25.239999771118164,20.03429412841797,18300
2015-08-10,25.360000610351562,25.989999771118164,25.25,25.829999923706055,20.502607345581055,32700
2015-08-11,25.40999984741211,25.959999084472656,25.299999237060547,25.600000381469727,20.320043563842773,23500
2015-08-12,25.280000686645508,25.75,25.139999389648438,25.25,20.0422306060791,15700
2015-08-13,25.329999923706055,25.579999923706055,25.040000915527344,25.100000381469727,19.923166275024414,20500
2015-08-14,25.1299991607666,25.149999618530273,24.899999618530273,25.139999389648438,19.954912185668945,12800
2015-08-17,24.770000457763672,25.549999237060547,24.770000457763672,25.549999237060547,20.28035545349121,17700
2015-08-18,25.510000228881836,25.700000762939453,25.360000610351562,25.5,20.240663528442383,15000
2015-08-19,25.43000030517578,25.670000076293945,25.260000228881836,25.459999084472656,20.208919525146484,14800
2015-08-20,25.799999237060547,25.799999237060547,25.09000015258789,25.09000015258789,19.91522979736328,20400
2015-08-21,24.670000076293945,25.670000076293945,24.670000076293945,25.450000762939453,20.20098114013672,33800
2015-08-24,24.6299991607666,24.6299991607666,24.299999237060547,24.6299991607666,19.55010223388672,29200
2015-08-25,25.0,25.0,24.360000610351562,24.479999542236328,19.431045532226562,21300
2015-08-26,24.979999542236328,24.979999542236328,24.5,24.639999389648438,19.55804443359375,25600
2015-08-27,24.770000457763672,25.0,24.399999618530273,24.780000686645508,19.66916847229004,17800
2015-08-28,24.579999923706055,24.959999084472656,24.399999618530273,24.639999389648438,19.55804443359375,26500
2015-08-31,24.649999618530273,25.100000381469727,24.459999084472656,24.989999771118164,19.835853576660156,24700
2015-09-01,24.639999389648438,25.06999969482422,24.170000076293945,24.239999771118164,19.240541458129883,22500
2015-09-02,24.280000686645508,24.799999237060547,24.280000686645508,24.479999542236328,19.431045532226562,25800
2015-09-03,24.40999984741211,24.690000534057617,24.3799991607666,24.479999542236328,19.431045532226562,14300
2015-09-04,24.1200008392334,24.5,24.110000610351562,24.389999389648438,19.359603881835938,9800
2015-09-08,24.84000015258789,24.84000015258789,24.450000762939453,24.579999923706055,19.510417938232422,16000
2015-09-09,24.81999969482422,24.81999969482422,24.31999969482422,24.329999923706055,19.311979293823242,8100
2015-09-10,24.290000915527344,24.670000076293945,24.290000915527344,24.440000534057617,19.399288177490234,7300
2015-09-11,24.299999237060547,24.649999618530273,24.190000534057617,24.639999389648438,19.55804443359375,12400
2015-09-14,24.579999923706055,24.65999984741211,24.350000381469727,24.489999771118164,19.43897819519043,6500
2015-09-15,24.25,24.639999389648438,24.25,24.579999923706055,19.510417938232422,13600
2015-09-16,24.420000076293945,24.469999313354492,23.899999618530273,24.3799991607666,19.508813858032227,33300
2015-09-17,24.34000015258789,24.43000030517578,23.940000534057617,23.989999771118164,19.19673728942871,30700
2015-09-18,23.68000030517578,24.09000015258789,23.329999923706055,23.950000762939453,19.16473388671875,79200
2015-09-21,23.989999771118164,24.760000228881836,23.989999771118164,24.56999969482422,19.66084861755371,12200
2015-09-22,24.3700008392334,24.610000610351562,24.170000076293945,24.40999984741211,19.532819747924805,190200
2015-09-23,24.549999237060547,24.739999771118164,24.31999969482422,24.389999389648438,19.516817092895508,24500
2015-09-24,23.709999084472656,24.440000534057617,23.709999084472656,24.3700008392334,19.500816345214844,32800
2015-09-25,24.59000015258789,24.59000015258789,24.059999465942383,24.110000610351562,19.29276466369629,23200
2015-09-28,24.0,24.6200008392334,23.850000381469727,24.030000686645508,19.228750228881836,19900
2015-09-29,24.06999969482422,24.309999465942383,23.950000762939453,24.040000915527344,19.236751556396484,17100
2015-09-30,23.90999984741211,24.739999771118164,23.90999984741211,24.549999237060547,19.644851684570312,26100
2015-10-01,24.530000686645508,24.829999923706055,24.229999542236328,24.389999389648438,19.516817092895508,21600
2015-10-02,24.209999084472656,24.469999313354492,24.110000610351562,24.43000030517578,19.548828125,23600
2015-10-05,24.559999465942383,25.5,24.559999465942383,25.43000030517578,20.349018096923828,22800
2015-10-06,25.719999313354492,25.719999313354492,25.18000030517578,25.219999313354492,20.18098258972168,15200
2015-10-07,25.440000534057617,25.520000457763672,25.1200008392334,25.489999771118164,20.397031784057617,15600
2015-10-08,25.43000030517578,26.190000534057617,25.43000030517578,26.1200008392334,20.901161193847656,22000
2015-10-09,26.15999984741211,26.15999984741211,25.860000610351562,25.8799991607666,20.7091121673584,9800
2015-10-12,25.940000534057617,26.040000915527344,25.700000762939453,25.739999771118164,20.59708595275879,18200
2015-10-13,25.700000762939453,25.84000015258789,25.59000015258789,25.59000015258789,20.477052688598633,7300
2015-10-14,25.690000534057617,25.690000534057617,25.049999237060547,25.100000381469727,20.0849609375,8800
2015-10-15,25.110000610351562,25.799999237060547,25.110000610351562,25.799999237060547,20.645097732543945,28900
2015-10-16,26.219999313354492,26.219999313354492,25.3799991607666,25.479999542236328,20.389034271240234,21300
2015-10-19,25.540000915527344,25.739999771118164,25.149999618530273,25.440000534057617,20.357023239135742,56600
2015-10-20,25.34000015258789,25.739999771118164,25.040000915527344,25.549999237060547,20.445045471191406,31700
2015-10-21,25.559999465942383,25.809999465942383,25.139999389648438,25.149999618530273,20.124967575073242,29600
2015-10-22,25.229999542236328,25.709999084472656,25.15999984741211,25.5,20.405038833618164,22200
2015-10-23,25.68000030517578,25.969999313354492,25.559999465942383,25.920000076293945,20.741119384765625,26900
2015-10-26,25.760000228881836,26.0,25.520000457763672,25.610000610351562,20.49305534362793,19500
2015-10-27,25.469999313354492,25.8700008392334,25.18000030517578,25.25,20.204984664916992,18900
2015-10-28,25.43000030517578,26.0,25.43000030517578,26.0,20.80513572692871,32500
2015-10-29,25.780000686645508,26.079999923706055,25.780000686645508,25.860000610351562,20.693103790283203,6700
2015-10-30,25.770000457763672,25.829999923706055,25.059999465942383,25.43000030517578,20.349018096923828,16700
2015-11-02,25.6299991607666,25.850000381469727,25.290000915527344,25.799999237060547,20.645097732543945,10800
2015-11-03,25.649999618530273,26.270000457763672,25.649999618530273,26.209999084472656,20.97317886352539,12100
2015-11-04,26.239999771118164,26.350000381469727,25.979999542236328,26.219999313354492,20.981182098388672,25800
2015-11-05,26.200000762939453,26.200000762939453,26.1299991607666,26.149999618530273,20.92516326904297,29400
2015-11-06,26.309999465942383,26.65999984741211,26.309999465942383,26.6200008392334,21.301254272460938,15600
2015-11-09,26.6299991607666,26.6299991607666,26.350000381469727,26.3700008392334,21.101205825805664,10500
2015-11-10,26.399999618530273,26.75,26.399999618530273,26.6299991607666,21.30925941467285,7600
2015-11-11,26.700000762939453,26.700000762939453,26.34000015258789,26.389999389648438,21.117218017578125,9700
2015-11-12,26.399999618530273,26.399999618530273,25.860000610351562,25.950000762939453,20.765125274658203,11400
2015-11-13,25.799999237060547,26.040000915527344,25.549999237060547,25.719999313354492,20.58108139038086,12100
2015-11-16,25.469999313354492,26.079999923706055,25.299999237060547,26.06999969482422,20.861148834228516,21200
2015-11-17,25.469999313354492,26.299999237060547,25.469999313354492,26.010000228881836,20.81313705444336,22400
2015-11-18,26.280000686645508,26.700000762939453,25.90999984741211,26.690000534057617,21.357275009155273,14900
2015-11-19,26.649999618530273,26.649999618530273,26.020000457763672,26.18000030517578,20.94917106628418,20800
2015-11-20,26.329999923706055,26.649999618530273,26.200000762939453,26.520000457763672,21.22123908996582,14400
2015-11-23,26.399999618530273,26.75,26.399999618530273,26.670000076293945,21.34127426147461,18200
2015-11-24,26.59000015258789,27.040000915527344,26.56999969482422,27.010000228881836,21.613338470458984,12200
2015-11-25,27.100000381469727,27.559999465942383,26.889999389648438,27.100000381469727,21.685352325439453,21600
2015-11-27,27.079999923706055,27.350000381469727,27.079999923706055,27.260000228881836,21.813386917114258,3300
2015-11-30,27.31999969482422,27.31999969482422,26.739999771118164,26.81999969482422,21.4612979888916,14300
2015-12-01,26.809999465942383,27.100000381469727,26.799999237060547,26.799999237060547,21.445293426513672,7000
2015-12-02,27.049999237060547,27.049999237060547,26.43000030517578,26.43000030517578,21.149221420288086,6300
2015-12-03,26.479999542236328,26.719999313354492,26.030000686645508,26.040000915527344,20.837142944335938,14200
2015-12-04,26.040000915527344,26.600000381469727,26.040000915527344,26.389999389648438,21.117218017578125,15900
2015-12-07,26.540000915527344,26.540000915527344,25.579999923706055,25.75,20.605091094970703,27000
2015-12-08,25.6200008392334,25.6200008392334,24.780000686645508,25.15999984741211,20.13296890258789,13700
2015-12-09,25.469999313354492,25.469999313354492,25.100000381469727,25.40999984741211,20.333023071289062,15800
2015-12-10,25.260000228881836,25.540000915527344,25.149999618530273,25.329999923706055,20.26900291442871,18600
2015-12-11,24.90999984741211,25.290000915527344,24.760000228881836,24.889999389648438,19.916921615600586,23300
2015-12-14,24.81999969482422,25.43000030517578,24.729999542236328,24.799999237060547,19.844900131225586,16200
2015-12-15,24.889999389648438,25.530000686645508,24.799999237060547,25.450000762939453,20.36502456665039,9500
2015-12-16,25.309999465942383,25.760000228881836,25.0,25.469999313354492,20.540834426879883,18700
2015-12-17,25.479999542236328,25.690000534057617,24.979999542236328,24.989999771118164,20.153728485107422,17300
2015-12-18,24.850000381469727,25.06999969482422,24.729999542236328,24.920000076293945,20.097274780273438,114100
2015-12-21,24.969999313354492,25.530000686645508,24.969999313354492,25.5,20.565032958984375,15300
2015-12-22,25.549999237060547,25.559999465942383,25.15999984741211,25.540000915527344,20.5972957611084,12900
2015-12-23,25.709999084472656,25.899999618530273,25.56999969482422,25.84000015258789,20.8392333984375,6900
2015-12-24,25.809999465942383,26.09000015258789,25.809999465942383,25.90999984741211,20.895687103271484,5800
2015-12-28,25.719999313354492,25.90999984741211,25.510000228881836,25.899999618530273,20.887615203857422,6800
2015-12-29,26.010000228881836,26.219999313354492,25.790000915527344,26.139999389648438,21.081174850463867,9400
2015-12-30,26.18000030517578,26.520000457763672,26.059999465942383,26.440000534057617,21.323118209838867,9800
2015-12-31,26.360000610351562,26.850000381469727,26.1200008392334,26.40999984741211,21.29892349243164,36600
2016-01-04,26.049999237060547,26.280000686645508,25.3799991607666,25.639999389648438,20.677934646606445,29600
2016-01-05,25.719999313354492,25.889999389648438,25.510000228881836,25.719999313354492,20.742454528808594,7100
2016-01-06,25.459999084472656,25.809999465942383,25.389999389648438,25.690000534057617,20.718265533447266,11300
2016-01-07,25.5,25.5,25.020000457763672,25.049999237060547,20.202116012573242,15900
2016-01-08,25.190000534057617,25.520000457763672,25.0,25.0,20.16179656982422,15900
2016-01-11,25.040000915527344,25.059999465942383,24.799999237060547,24.860000610351562,20.048891067504883,11600
2016-01-12,25.100000381469727,25.100000381469727,24.780000686645508,24.90999984741211,20.089210510253906,24700
2016-01-13,24.969999313354492,24.979999542236328,24.110000610351562,24.280000686645508,19.581138610839844,21700
2016-01-14,24.209999084472656,24.399999618530273,23.860000610351562,24.260000228881836,19.565004348754883,35700
2016-01-15,23.56999969482422,24.40999984741211,23.530000686645508,23.75,19.153701782226562,20700
2016-01-19,24.079999923706055,24.079999923706055,23.459999084472656,23.709999084472656,19.121442794799805,39800
2016-01-20,23.440000534057617,23.899999618530273,23.0,23.65999984741211,19.081119537353516,28000
2016-01-21,23.649999618530273,23.729999542236328,23.139999389648438,23.530000686645508,18.97627830505371,25200
2016-01-22,23.700000762939453,23.760000228881836,23.5,23.760000228881836,19.161775588989258,19600
2016-01-25,23.729999542236328,23.889999389648438,23.479999542236328,23.75,19.153701782226562,16600
2016-01-26,23.93000030517578,25.299999237060547,23.93000030517578,25.200000762939453,20.32309341430664,25800
2016-01-27,25.200000762939453,25.43000030517578,24.93000030517578,25.040000915527344,20.194061279296875,23800
2016-01-28,25.200000762939453,25.5,25.149999618530273,25.31999969482422,20.419864654541016,25300
2016-01-29,25.440000534057617,26.709999084472656,25.440000534057617,26.709999084472656,21.540861129760742,36800
2016-02-01,26.510000228881836,26.68000030517578,26.31999969482422,26.530000686645508,21.39569664001465,24900
2016-02-02,26.270000457763672,26.530000686645508,26.079999923706055,26.469999313354492,21.347305297851562,21000
2016-02-03,26.440000534057617,26.5,26.170000076293945,26.40999984741211,21.29892349243164,18400
2016-02-04,26.40999984741211,26.540000915527344,25.940000534057617,26.260000228881836,21.17795753479004,12200
2016-02-05,26.25,26.399999618530273,25.65999984741211,25.719999313354492,20.742454528808594,27300
2016-02-08,25.6299991607666,25.920000076293945,25.440000534057617,25.850000381469727,20.8472957611084,20200
2016-02-09,25.65999984741211,25.780000686645508,25.420000076293945,25.649999618530273,20.68600082397461,26100
2016-02-10,25.8799991607666,26.0,25.469999313354492,25.59000015258789,20.637615203857422,15500
2016-02-11,25.15999984741211,25.530000686645508,24.65999984741211,25.229999542236328,20.3472843170166,12400
2016-02-12,25.56999969482422,25.899999618530273,25.18000030517578,25.729999542236328,20.75052261352539,12000
2016-02-16,25.75,26.149999618530273,25.639999389648438,25.790000915527344,20.798913955688477,33100
2016-02-17,25.940000534057617,26.18000030517578,25.420000076293945,25.600000381469727,20.64568328857422,12600
2016-02-18,25.579999923706055,25.93000030517578,25.020000457763672,25.1200008392334,20.258575439453125,8300
2016-02-19,25.09000015258789,25.40999984741211,24.760000228881836,25.079999923706055,20.226320266723633,22500
2016-02-22,25.170000076293945,25.729999542236328,24.899999618530273,25.489999771118164,20.556964874267578,23700
2016-02-23,25.219999313354492,25.5,25.049999237060547,25.399999618530273,20.48438262939453,38800
2016-02-24,25.229999542236328,25.68000030517578,25.190000534057617,25.639999389648438,20.677934646606445,10500
2016-02-25,25.649999618530273,25.75,25.489999771118164,25.739999771118164,20.75858497619629,4700
2016-02-26,25.799999237060547,26.1200008392334,25.540000915527344,25.690000534057617,20.718265533447266,20100
2016-02-29,25.579999923706055,25.799999237060547,25.559999465942383,25.610000610351562,20.65374183654785,40800
2016-03-01,25.709999084472656,26.0,25.709999084472656,26.0,20.9682674407959,25900
2016-03-02,26.0,26.059999465942383,25.920000076293945,26.059999465942383,21.016658782958984,30300
2016-03-03,26.020000457763672,26.06999969482422,25.90999984741211,25.979999542236328,20.952133178710938,39800
2016-03-04,25.940000534057617,26.06999969482422,25.389999389648438,25.540000915527344,20.5972957611084,34300
2016-03-07,25.450000762939453,25.920000076293945,25.450000762939453,25.549999237060547,20.6053524017334,26300
2016-03-08,25.469999313354492,25.6299991607666,25.270000457763672,25.31999969482422,20.419864654541016,19800
2016-03-09,25.389999389648438,25.450000762939453,24.889999389648438,25.389999389648438,20.476316452026367,24600
2016-03-10,25.3700008392334,25.440000534057617,24.920000076293945,25.209999084472656,20.33115577697754,19900
2016-03-11,25.309999465942383,25.549999237060547,25.1299991607666,25.549999237060547,20.6053524017334,38400
2016-03-14,25.540000915527344,25.540000915527344,25.1200008392334,25.270000457763672,20.37954330444336,20400
2016-03-15,25.18000030517578,25.549999237060547,25.15999984741211,25.399999618530273,20.48438262939453,17100
2016-03-16,25.149999618530273,25.469999313354492,24.739999771118164,24.90999984741211,20.24704360961914,21600
2016-03-17,24.75,25.350000381469727,24.360000610351562,25.270000457763672,20.539653778076172,17900
2016-03-18,25.3700008392334,25.600000381469727,24.790000915527344,25.290000915527344,20.555910110473633,85300
2016-03-21,25.25,25.309999465942383,24.729999542236328,24.790000915527344,20.149507522583008,44900
2016-03-22,24.770000457763672,24.770000457763672,24.600000381469727,24.729999542236328,20.100738525390625,21600
2016-03-23,24.700000762939453,25.25,24.510000228881836,25.139999389648438,20.433990478515625,26600
2016-03-24,25.110000610351562,25.489999771118164,24.959999084472656,25.450000762939453,20.685958862304688,13300
2016-03-28,25.450000762939453,25.5,25.290000915527344,25.450000762939453,20.685958862304688,19700
2016-03-29,25.329999923706055,25.8700008392334,24.989999771118164,25.809999465942383,20.978572845458984,24300
2016-03-30,25.950000762939453,26.479999542236328,25.700000762939453,26.239999771118164,21.328079223632812,30800
2016-03-31,26.25,26.25,25.75,25.829999923706055,20.99483299255371,24900
2016-04-01,25.690000534057617,26.15999984741211,25.219999313354492,25.959999084472656,21.10049057006836,14900
2016-04-04,25.90999984741211,25.90999984741211,25.579999923706055,25.639999389648438,20.84039306640625,10800
2016-04-05,25.489999771118164,25.549999237060547,25.270000457763672,25.450000762939453,20.685958862304688,19200
2016-04-06,25.3700008392334,25.40999984741211,24.979999542236328,25.3799991607666,20.629064559936523,14300
2016-04-07,25.1200008392334,25.15999984741211,24.540000915527344,24.690000534057617,20.06822395324707,20900
2016-04-08,24.790000915527344,25.06999969482422,24.700000762939453,24.850000381469727,20.198278427124023,8500
2016-04-11,24.920000076293945,25.389999389648438,24.799999237060547,24.829999923706055,20.182018280029297,12100
2016-04-12,24.75,25.549999237060547,24.75,25.420000076293945,20.661575317382812,12800
2016-04-13,25.719999313354492,25.93000030517578,25.5,25.790000915527344,20.962322235107422,22200
2016-04-14,25.950000762939453,26.200000762939453,25.84000015258789,25.979999542236328,21.116744995117188,21400
2016-04-15,25.90999984741211,26.780000686645508,25.90999984741211,26.25,21.336212158203125,29300
2016-04-18,26.489999771118164,26.489999771118164,25.920000076293945,26.290000915527344,21.368722915649414,15100
2016-04-19,26.219999313354492,26.5,25.549999237060547,26.15999984741211,21.263051986694336,14900
2016-04-20,26.149999618530273,26.399999618530273,25.93000030517578,25.950000762939453,21.092365264892578,27500
2016-04-21,26.040000915527344,26.739999771118164,26.020000457763672,26.139999389648438,21.24679946899414,33600
2016-04-22,26.049999237060547,26.56999969482422,26.049999237060547,26.479999542236328,21.523149490356445,9100
2016-04-25,26.489999771118164,26.670000076293945,26.350000381469727,26.6299991607666,21.64507293701172,9500
2016-04-26,26.809999465942383,27.649999618530273,26.790000915527344,27.520000457763672,22.36847496032715,19100
2016-04-27,27.6200008392334,27.950000762939453,26.479999542236328,27.309999465942383,22.19778823852539,17300
2016-04-28,26.229999542236328,27.219999313354492,26.229999542236328,26.639999389648438,21.653194427490234,34900
2016-04-29,26.43000030517578,27.440000534057617,26.040000915527344,27.309999465942383,22.19778823852539,33100
2016-05-02,27.510000228881836,27.899999618530273,27.350000381469727,27.899999618530273,22.677345275878906,16800
2016-05-03,27.600000381469727,27.799999237060547,27.329999923706055,27.579999923706055,22.41724395751953,24300
2016-05-04,27.530000686645508,27.530000686645508,27.200000762939453,27.31999969482422,22.20591163635254,25100
2016-05-05,27.3799991607666,27.40999984741211,27.200000762939453,27.31999969482422,22.20591163635254,18800
2016-05-06,27.25,27.43000030517578,26.959999084472656,27.360000610351562,22.238422393798828,16700
2016-05-09,27.190000534057617,27.3799991607666,26.829999923706055,27.139999389648438,22.059606552124023,18000
2016-05-10,27.360000610351562,27.5,27.170000076293945,27.40999984741211,22.279064178466797,13500
2016-05-11,26.959999084472656,27.670000076293945,26.959999084472656,27.18000030517578,22.092119216918945,19300
2016-05-12,27.260000228881836,27.260000228881836,26.860000610351562,27.040000915527344,21.978321075439453,19200
2016-05-13,27.100000381469727,27.149999618530273,26.59000015258789,26.75,21.742612838745117,18100
2016-05-16,26.700000762939453,27.260000228881836,26.700000762939453,27.110000610351562,22.03522300720215,25800
2016-05-17,27.1200008392334,27.1200008392334,26.059999465942383,26.43000030517578,21.482515335083008,20100
2016-05-18,26.3700008392334,27.479999542236328,26.3700008392334,27.360000610351562,22.238422393798828,26400
2016-05-19,27.190000534057617,27.3799991607666,26.670000076293945,27.15999984741211,22.07586669921875,20900
2016-05-20,27.34000015258789,27.84000015258789,27.34000015258789,27.520000457763672,22.36847496032715,11900
2016-05-23,27.68000030517578,28.020000457763672,27.3700008392334,27.93000030517578,22.701723098754883,34700
2016-05-24,27.899999618530273,27.899999618530273,27.520000457763672,27.8700008392334,22.6529598236084,25200
2016-05-25,28.0,28.209999084472656,27.709999084472656,27.93000030517578,22.701723098754883,28200
2016-05-26,27.549999237060547,28.020000457763672,27.510000228881836,27.90999984741211,22.685470581054688,22600
2016-05-27,27.75,28.43000030517578,27.739999771118164,27.979999542236328,22.74236297607422,11700
2016-05-31,27.93000030517578,28.139999389648438,27.520000457763672,27.729999542236328,22.53916358947754,22800
2016-06-01,27.43000030517578,28.040000915527344,27.350000381469727,27.850000381469727,22.636699676513672,14100
2016-06-02,27.280000686645508,27.90999984741211,27.280000686645508,27.690000534057617,22.506654739379883,19200
2016-06-03,27.520000457763672,27.520000457763672,26.610000610351562,26.899999618530273,21.864526748657227,35100
2016-06-06,27.0,27.860000610351562,26.8799991607666,27.84000015258789,22.628572463989258,23600
2016-06-07,27.610000610351562,28.229999542236328,27.420000076293945,28.0,22.758621215820312,21400
2016-06-08,27.6200008392334,27.950000762939453,27.510000228881836,27.690000534057617,22.506654739379883,23800
2016-06-09,26.84000015258789,27.670000076293945,26.84000015258789,27.600000381469727,22.433500289916992,26300
2016-06-10,27.510000228881836,27.639999389648438,27.030000686645508,27.5,22.352210998535156,9800
2016-06-13,27.170000076293945,27.360000610351562,26.860000610351562,27.0,21.945817947387695,11300
2016-06-14,26.6299991607666,27.579999923706055,26.6299991607666,26.979999542236328,21.92955780029297,12800
2016-06-15,26.950000762939453,27.649999618530273,26.899999618530273,26.950000762939453,22.076183319091797,24600
2016-06-16,26.860000610351562,26.860000610351562,26.309999465942383,26.700000762939453,21.871395111083984,8600
2016-06-17,26.790000915527344,26.969999313354492,26.3700008392334,26.850000381469727,21.994272232055664,37000
2016-06-20,27.450000762939453,27.450000762939453,26.940000534057617,27.399999618530273,22.444801330566406,19300
2016-06-21,27.149999618530273,27.489999771118164,27.149999618530273,27.389999389648438,22.43661117553711,5900
2016-06-22,27.530000686645508,27.799999237060547,27.420000076293945,27.459999084472656,22.49394989013672,10300
2016-06-23,27.780000686645508,28.200000762939453,27.780000686645508,28.18000030517578,23.083749771118164,14000
2016-06-24,27.190000534057617,27.3799991607666,26.549999237060547,26.940000534057617,22.067995071411133,47200
2016-06-27,26.65999984741211,26.969999313354492,26.649999618530273,26.68000030517578,21.855010986328125,21400
2016-06-28,26.979999542236328,27.110000610351562,26.43000030517578,26.510000228881836,21.715755462646484,19100
2016-06-29,26.809999465942383,27.110000610351562,26.639999389648438,26.709999084472656,21.879587173461914,15400
2016-06-30,26.969999313354492,27.649999618530273,26.729999542236328,27.6299991607666,22.633207321166992,13700
2016-07-01,27.479999542236328,27.75,27.229999542236328,27.270000457763672,22.338314056396484,13000
2016-07-05,27.31999969482422,27.6299991607666,27.06999969482422,27.139999389648438,22.231826782226562,16300
2016-07-06,27.040000915527344,27.59000015258789,27.040000915527344,27.3799991607666,22.428421020507812,10400
2016-07-07,27.559999465942383,27.670000076293945,27.389999389648438,27.549999237060547,22.567678451538086,8600
2016-07-08,27.68000030517578,28.479999542236328,27.3799991607666,28.440000534057617,23.296722412109375,15700
2016-07-11,28.489999771118164,28.729999542236328,28.110000610351562,28.520000457763672,23.362253189086914,17000
2016-07-12,28.40999984741211,29.729999542236328,28.40999984741211,29.309999465942383,24.009387969970703,23900
2016-07-13,29.389999389648438,29.389999389648438,28.950000762939453,29.1200008392334,23.853744506835938,14000
2016-07-14,29.200000762939453,29.770000457763672,29.079999923706055,29.229999542236328,23.94386100769043,17700
2016-07-15,29.5,29.899999618530273,29.020000457763672,29.829999923706055,24.435346603393555,28000
2016-07-18,29.709999084472656,29.989999771118164,29.6299991607666,29.93000030517578,24.517257690429688,13000
2016-07-19,29.959999084472656,30.0,29.75,29.8700008392334,24.468111038208008,12200
2016-07-20,29.649999618530273,30.0,29.510000228881836,29.940000534057617,24.525455474853516,15400
2016-07-21,29.760000228881836,29.8700008392334,29.760000228881836,29.760000228881836,24.378005981445312,3500
2016-07-22,29.8799991607666,30.0,29.850000381469727,29.979999542236328,24.5582218170166,9500
2016-07-25,29.799999237060547,29.969999313354492,29.799999237060547,29.950000762939453,24.53364372253418,2800
2016-07-26,29.770000457763672,30.0,29.770000457763672,29.969999313354492,24.55002784729004,9200
2016-07-27,30.0,30.0,29.81999969482422,29.979999542236328,24.5582218170166,13500
2016-07-28,29.969999313354492,29.989999771118164,29.65999984741211,29.8700008392334,24.468111038208008,5800
2016-07-29,29.770000457763672,29.959999084472656,29.709999084472656,29.809999465942383,24.418968200683594,9700
2016-08-01,29.809999465942383,29.8799991607666,29.3799991607666,29.489999771118164,24.156837463378906,12700
2016-08-02,29.43000030517578,30.0,29.43000030517578,29.940000534057617,24.525455474853516,24600
2016-08-03,30.0,30.649999618530273,29.950000762939453,30.540000915527344,25.016942977905273,29600
2016-08-04,30.530000686645508,30.739999771118164,30.510000228881836,30.540000915527344,25.016942977905273,15400
2016-08-05,30.75,31.0,30.459999084472656,30.799999237060547,25.229923248291016,50800
2016-08-08,30.979999542236328,31.40999984741211,30.670000076293945,31.1299991607666,25.500240325927734,12400
2016-08-09,31.299999237060547,31.299999237060547,31.06999969482422,31.18000030517578,25.54120445251465,25800
2016-08-10,31.0,31.200000762939453,30.760000228881836,30.940000534057617,25.344608306884766,8400
2016-08-11,31.030000686645508,31.149999618530273,31.020000457763672,31.100000381469727,25.475671768188477,17000
2016-08-12,30.959999084472656,31.100000381469727,30.100000381469727,30.860000610351562,25.27907371520996,27700
2016-08-15,31.100000381469727,31.100000381469727,30.969999313354492,31.0,25.393756866455078,6800
2016-08-16,31.0,31.0,30.290000915527344,30.780000686645508,25.21354103088379,12100
2016-08-17,30.799999237060547,30.899999618530273,30.3700008392334,30.700000762939453,25.148014068603516,25000
2016-08-18,30.670000076293945,31.100000381469727,30.670000076293945,31.010000228881836,25.401947021484375,9500
2016-08-19,31.040000915527344,31.100000381469727,30.709999084472656,30.829999923706055,25.25450325012207,10500
2016-08-22,30.850000381469727,31.040000915527344,30.770000457763672,31.020000457763672,25.41014289855957,9500
2016-08-23,31.280000686645508,31.920000076293945,31.010000228881836,31.6299991607666,25.909822463989258,17500
2016-08-24,31.790000915527344,32.66999816894531,31.520000457763672,31.690000534057617,25.958969116210938,24700
2016-08-25,31.65999984741211,31.829999923706055,31.610000610351562,31.739999771118164,25.999927520751953,8800
2016-08-26,32.02000045776367,32.02000045776367,31.469999313354492,31.709999084472656,25.975353240966797,17100
2016-08-29,31.65999984741211,31.700000762939453,31.450000762939453,31.690000534057617,25.958969116210938,7500
2016-08-30,31.670000076293945,31.790000915527344,31.450000762939453,31.790000915527344,26.040891647338867,14300
2016-08-31,31.84000015258789,32.04999923706055,31.389999389648438,32.0099983215332,26.22109603881836,20100
2016-09-01,33.2599983215332,33.2599983215332,31.3700008392334,31.989999771118164,26.2047176361084,27400
2016-09-02,31.959999084472656,32.18000030517578,31.959999084472656,32.119998931884766,26.311206817626953,7500
2016-09-06,32.310001373291016,32.310001373291016,31.780000686645508,32.150001525878906,26.335790634155273,7900
2016-09-07,32.040000915527344,32.779998779296875,32.040000915527344,32.619998931884766,26.720783233642578,12900
2016-09-08,32.529998779296875,32.720001220703125,32.2599983215332,32.619998931884766,26.720783233642578,7800
2016-09-09,32.58000183105469,32.58000183105469,31.329999923706055,31.489999771118164,25.79513931274414,18800
2016-09-12,31.15999984741211,31.18000030517578,30.920000076293945,31.110000610351562,25.483863830566406,14900
2016-09-13,30.770000457763672,30.790000915527344,30.15999984741211,30.399999618530273,24.902265548706055,22900
2016-09-14,29.799999237060547,30.049999237060547,29.600000381469727,29.6200008392334,24.431289672851562,18800
2016-09-15,29.75,30.239999771118164,29.75,30.219999313354492,24.92618179321289,5500
2016-09-16,30.299999237060547,30.84000015258789,29.75,29.959999084472656,24.71173095703125,76100
2016-09-19,30.170000076293945,30.56999969482422,29.700000762939453,29.989999771118164,24.73647117614746,11600
2016-09-20,29.920000076293945,30.239999771118164,29.920000076293945,30.190000534057617,24.901439666748047,11100
2016-09-21,30.360000610351562,30.899999618530273,30.360000610351562,30.84000015258789,25.437570571899414,9200
2016-09-22,31.170000076293945,31.3700008392334,31.06999969482422,31.31999969482422,25.83348846435547,38800
2016-09-23,31.100000381469727,31.350000381469727,31.100000381469727,31.190000534057617,25.72626495361328,8700
2016-09-26,30.0,30.969999313354492,30.0,30.329999923706055,25.016916275024414,9100
2016-09-27,30.040000915527344,30.639999389648438,30.040000915527344,30.59000015258789,25.231369018554688,7000
2016-09-28,30.34000015258789,30.799999237060547,30.170000076293945,30.690000534057617,25.313854217529297,16700
2016-09-29,30.610000610351562,30.739999771118164,30.110000610351562,30.190000534057617,24.901439666748047,16800
2016-09-30,30.219999313354492,31.239999771118164,30.059999465942383,31.079999923706055,25.635534286499023,23600
2016-10-03,31.100000381469727,31.639999389648438,30.59000015258789,31.25,25.7757511138916,17900
2016-10-04,31.329999923706055,32.029998779296875,31.010000228881836,31.610000610351562,26.072690963745117,23400
2016-10-05,31.59000015258789,31.780000686645508,31.5,31.59000015258789,26.056194305419922,27300
2016-10-06,31.579999923706055,31.709999084472656,31.579999923706055,31.68000030517578,26.13042449951172,9000
2016-10-07,31.760000228881836,31.770000457763672,30.809999465942383,31.1299991607666,25.676769256591797,8500
2016-10-10,31.280000686645508,31.530000686645508,31.049999237060547,31.25,25.7757511138916,14700
2016-10-11,31.079999923706055,31.309999465942383,30.84000015258789,30.899999618530273,25.487064361572266,9500
2016-10-12,30.899999618530273,30.899999618530273,30.780000686645508,30.81999969482422,25.42108154296875,5400
2016-10-13,30.540000915527344,30.540000915527344,29.90999984741211,29.959999084472656,24.71173095703125,7900
2016-10-14,30.100000381469727,30.450000762939453,29.809999465942383,29.809999465942383,24.58800506591797,9000
2016-10-17,30.989999771118164,30.989999771118164,29.610000610351562,29.639999389648438,24.447790145874023,13700
2016-10-18,29.649999618530273,29.649999618530273,28.68000030517578,28.729999542236328,23.697193145751953,21400
2016-10-19,28.709999084472656,28.950000762939453,28.559999465942383,28.670000076293945,23.647705078125,15900
2016-10-20,28.860000610351562,29.09000015258789,28.600000381469727,28.8700008392334,23.812673568725586,13000
2016-10-21,29.09000015258789,30.1299991607666,28.93000030517578,29.940000534057617,24.695234298706055,16300
2016-10-24,30.84000015258789,31.309999465942383,30.0,31.25,25.7757511138916,7700
2016-10-25,31.079999923706055,31.190000534057617,30.540000915527344,31.09000015258789,25.643779754638672,7400
2016-10-26,31.520000457763672,31.81999969482422,31.1299991607666,31.3700008392334,25.874731063842773,15700
2016-10-27,31.6200008392334,31.950000762939453,31.5,31.81999969482422,26.24590492248535,12900
2016-10-28,31.989999771118164,32.099998474121094,31.309999465942383,31.81999969482422,26.24590492248535,17800
2016-10-31,31.25,32.099998474121094,31.25,31.639999389648438,26.097427368164062,23400
2016-11-01,31.729999542236328,32.11000061035156,31.530000686645508,31.700000762939453,26.146926879882812,9100
2016-11-02,31.780000686645508,32.900001525878906,31.700000762939453,31.790000915527344,26.221155166625977,21600
2016-11-03,31.809999465942383,31.8799991607666,31.170000076293945,31.68000030517578,26.13042449951172,10200
2016-11-04,31.540000915527344,32.04999923706055,30.049999237060547,31.610000610351562,26.072690963745117,15500
2016-11-07,31.90999984741211,32.720001220703125,31.639999389648438,31.739999771118164,26.179916381835938,17200
2016-11-08,31.649999618530273,32.119998931884766,31.649999618530273,32.0,26.394372940063477,11800
2016-11-09,31.979999542236328,33.25,31.010000228881836,33.209999084472656,27.392404556274414,22500
2016-11-10,33.400001525878906,34.5,31.799999237060547,34.34000015258789,28.32445526123047,29100
2016-11-11,34.060001373291016,36.70000076293945,34.060001373291016,35.900001525878906,29.611194610595703,58700
2016-11-14,35.90999984741211,36.31999969482422,35.779998779296875,35.79999923706055,29.528709411621094,32700
2016-11-15,33.95000076293945,36.20000076293945,33.95000076293945,35.84000015258789,29.56169891357422,56100
2016-11-16,35.650001525878906,35.650001525878906,34.849998474121094,35.08000183105469,28.93482780456543,36600
2016-11-17,35.130001068115234,35.5,34.599998474121094,35.0,28.868839263916016,21600
2016-11-18,35.099998474121094,36.060001373291016,33.91999816894531,35.97999954223633,29.67717742919922,61500
2016-11-21,36.0,36.11000061035156,35.68000030517578,36.040000915527344,29.726655960083008,15300
2016-11-22,36.18000030517578,37.189998626708984,36.11000061035156,36.63999938964844,30.221559524536133,24300
2016-11-23,36.5099983215332,37.70000076293945,35.95000076293945,37.290000915527344,30.757692337036133,17100
2016-11-25,36.400001525878906,38.38999938964844,36.400001525878906,37.11000061035156,30.609222412109375,21200
2016-11-28,37.08000183105469,37.63999938964844,36.7599983215332,37.130001068115234,30.6257266998291,14500
2016-11-29,37.20000076293945,37.380001068115234,36.470001220703125,36.7400016784668,30.304033279418945,17100
2016-11-30,36.86000061035156,37.43000030517578,36.709999084472656,37.029998779296875,30.54323387145996,19400
2016-12-01,37.0099983215332,38.150001525878906,35.959999084472656,36.43000030517578,30.048337936401367,16200
2016-12-02,35.790000915527344,36.75,35.209999084472656,35.81999969482422,29.54519271850586,29300
2016-12-05,35.84000015258789,36.95000076293945,35.84000015258789,36.790000915527344,30.345277786254883,25600
2016-12-06,36.959999084472656,37.18000030517578,36.709999084472656,37.099998474121094,30.60097312927246,33900
2016-12-07,37.130001068115234,37.810001373291016,37.130001068115234,37.54999923706055,30.972148895263672,17900
2016-12-08,37.25,38.2599983215332,37.25,37.959999084472656,31.31032371520996,28300
2016-12-09,37.88999938964844,38.59000015258789,37.88999938964844,38.40999984741211,31.681489944458008,29800
2016-12-12,38.4900016784668,38.540000915527344,38.189998626708984,38.43000030517578,31.6979923248291,21700
2016-12-13,38.68000030517578,39.869998931884766,38.15999984741211,39.5099983215332,32.58879852294922,97000
2016-12-14,39.15999984741211,39.400001525878906,38.25,38.349998474121094,31.800222396850586,54700
2016-12-15,38.529998779296875,39.20000076293945,38.22999954223633,38.68000030517578,32.073856353759766,92600
2016-12-16,38.310001373291016,39.04999923706055,38.189998626708984,38.540000915527344,31.957778930664062,65500
2016-12-19,39.72999954223633,40.029998779296875,38.40999984741211,39.84000015258789,33.035743713378906,41500
2016-12-20,40.150001525878906,40.7400016784668,37.810001373291016,39.83000183105469,33.02745056152344,20000
2016-12-21,39.5,39.84000015258789,39.09000015258789,39.5,32.753814697265625,18600
2016-12-22,39.189998626708984,39.709999084472656,38.58000183105469,39.220001220703125,32.52162551879883,22200
2016-12-23,39.45000076293945,39.720001220703125,39.150001525878906,39.400001525878906,32.67089080810547,23600
2016-12-27,39.56999969482422,40.040000915527344,39.400001525878906,39.790000915527344,32.994285583496094,33300
2016-12-28,39.75,39.959999084472656,39.5099983215332,39.790000915527344,32.994285583496094,14500
2016-12-29,40.0,40.43000030517578,39.279998779296875,39.95000076293945,33.12697219848633,10800
2016-12-30,39.36000061035156,40.16999816894531,39.02000045776367,39.540000915527344,32.78697967529297,14400
2017-01-03,40.209999084472656,40.529998779296875,39.220001220703125,39.880001068115234,33.06891632080078,22000
2017-01-04,39.88999938964844,40.0,39.81999969482422,39.939998626708984,33.11865997314453,27300
2017-01-05,40.0,40.0,39.0099983215332,39.08000183105469,32.40554428100586,10500
2017-01-06,39.310001373291016,39.349998474121094,38.630001068115234,38.81999969482422,32.189945220947266,9600
2017-01-09,38.529998779296875,38.56999969482422,37.709999084472656,38.119998931884766,31.60951042175293,23400
2017-01-10,38.34000015258789,39.400001525878906,38.2599983215332,39.15999984741211,32.47188186645508,24600
2017-01-11,38.06999969482422,39.060001373291016,38.06999969482422,38.790000915527344,32.16507339477539,13600
2017-01-12,38.529998779296875,39.20000076293945,38.0,38.81999969482422,32.189945220947266,19700
2017-01-13,39.11000061035156,39.5,38.88999938964844,39.18000030517578,32.48846435546875,11300
2017-01-17,39.099998474121094,39.099998474121094,38.0,38.0099983215332,31.51828384399414,18400
2017-01-18,38.40999984741211,38.439998626708984,38.029998779296875,38.29999923706055,31.758769989013672,10700
2017-01-19,38.38999938964844,38.939998626708984,37.459999084472656,37.79999923706055,31.344148635864258,16400
2017-01-20,37.75,39.9900016784668,37.18000030517578,37.4900016784668,31.087100982666016,17500
2017-01-23,38.84000015258789,38.880001068115234,37.130001068115234,37.540000915527344,31.12856101989746,6700
2017-01-24,37.95000076293945,38.0099983215332,37.02000045776367,37.779998779296875,31.32756805419922,17500
2017-01-25,37.970001220703125,38.099998474121094,37.130001068115234,37.959999084472656,31.476829528808594,11200
2017-01-26,38.0,38.0,36.63999938964844,37.369998931884766,30.987592697143555,5200
2017-01-27,37.54999923706055,37.54999923706055,33.63999938964844,35.349998474121094,29.312597274780273,27200
2017-01-30,34.869998931884766,34.97999954223633,34.22999954223633,34.31999969482422,28.458498001098633,13900
2017-01-31,34.16999816894531,35.220001220703125,34.16999816894531,34.650001525878906,28.732141494750977,13000
2017-02-01,35.099998474121094,35.959999084472656,34.18000030517578,35.540000915527344,29.470138549804688,20300
2017-02-02,34.52000045776367,35.72999954223633,34.52000045776367,35.150001525878906,29.14674186706543,15500
2017-02-03,35.630001068115234,36.40999984741211,34.810001373291016,35.40999984741211,29.362340927124023,10100
2017-02-06,35.349998474121094,35.93000030517578,35.209999084472656,35.27000045776367,29.24625015258789,7800
2017-02-07,36.939998626708984,36.939998626708984,35.099998474121094,35.20000076293945,29.188199996948242,9400
2017-02-08,35.099998474121094,35.099998474121094,33.650001525878906,34.18000030517578,28.34241485595703,19000
2017-02-09,34.09000015258789,34.72999954223633,34.09000015258789,34.45000076293945,28.566303253173828,18200
2017-02-10,34.38999938964844,34.540000915527344,34.040000915527344,34.5099983215332,28.61605453491211,10200
2017-02-13,34.61000061035156,35.38999938964844,34.61000061035156,35.27000045776367,29.24625015258789,18600
2017-02-14,35.209999084472656,36.060001373291016,34.810001373291016,35.459999084472656,29.4038028717041,25700
2017-02-15,35.29999923706055,35.970001220703125,35.2599983215332,35.88999938964844,29.760358810424805,8300
2017-02-16,36.15999984741211,36.15999984741211,35.529998779296875,35.79999923706055,29.68572998046875,13000
2017-02-17,35.9900016784668,36.27000045776367,35.880001068115234,36.060001373291016,29.901330947875977,15300
2017-02-21,36.060001373291016,36.38999938964844,35.5,35.88999938964844,29.760358810424805,13500
2017-02-22,35.939998626708984,36.189998626708984,35.40999984741211,35.849998474121094,29.72719383239746,9700
2017-02-23,35.86000061035156,36.04999923706055,35.27000045776367,35.849998474121094,29.72719383239746,17500
2017-02-24,35.599998474121094,35.880001068115234,35.11000061035156,35.709999084472656,29.61110496520996,19600
2017-02-27,35.599998474121094,35.84000015258789,35.029998779296875,35.560001373291016,29.48672103881836,20000
2017-02-28,35.16999816894531,35.880001068115234,34.4900016784668,34.58000183105469,28.674097061157227,28000
2017-03-01,35.310001373291016,35.4900016784668,34.36000061035156,34.65999984741211,28.740434646606445,41800
2017-03-02,34.560001373291016,34.560001373291016,34.02000045776367,34.220001220703125,28.375587463378906,18400
2017-03-03,34.40999984741211,34.58000183105469,34.0,34.310001373291016,28.450214385986328,22600
2017-03-06,34.02000045776367,34.38999938964844,33.900001525878906,34.290000915527344,28.43362808227539,18900
2017-03-07,34.40999984741211,34.939998626708984,34.150001525878906,34.75,28.815067291259766,19700
2017-03-08,35.0099983215332,35.0099983215332,33.880001068115234,34.650001525878906,28.732141494750977,15700
2017-03-09,34.88999938964844,35.02000045776367,34.599998474121094,34.689998626708984,28.765308380126953,16200
2017-03-10,34.72999954223633,35.060001373291016,34.08000183105469,34.220001220703125,28.375587463378906,19700
2017-03-13,34.11000061035156,34.7599983215332,34.11000061035156,34.349998474121094,28.483375549316406,9700
2017-03-14,34.41999816894531,34.560001373291016,33.880001068115234,34.290000915527344,28.43362808227539,18700
2017-03-15,34.2400016784668,34.650001525878906,33.90999984741211,34.099998474121094,28.449478149414062,11800
2017-03-16,33.869998931884766,34.45000076293945,33.7599983215332,34.290000915527344,28.60799789428711,14000
2017-03-17,34.189998626708984,34.77000045776367,34.060001373291016,34.5099983215332,28.791540145874023,36400
2017-03-20,34.790000915527344,34.95000076293945,34.41999816894531,34.540000915527344,28.816572189331055,12900
2017-03-21,34.58000183105469,34.58000183105469,32.689998626708984,32.7599983215332,27.331514358520508,21700
2017-03-22,32.61000061035156,33.290000915527344,32.25,32.65999984741211,27.24808692932129,29400
2017-03-23,32.91999816894531,33.709999084472656,32.91999816894531,33.349998474121094,27.82375144958496,12000
2017-03-24,33.369998931884766,34.0099983215332,33.25,33.380001068115234,27.848791122436523,14400
2017-03-27,32.72999954223633,33.61000061035156,32.54999923706055,33.439998626708984,27.898841857910156,11000
2017-03-28,33.22999954223633,34.099998474121094,33.06999969482422,33.93000030517578,28.30765151977539,13400
2017-03-29,34.9900016784668,34.9900016784668,33.52000045776367,34.040000915527344,28.3994197845459,21900
2017-03-30,34.099998474121094,35.470001220703125,34.099998474121094,35.16999816894531,29.342180252075195,22300
2017-03-31,35.529998779296875,35.720001220703125,34.290000915527344,34.38999938964844,28.691421508789062,39200
2017-04-03,33.790000915527344,34.45000076293945,33.459999084472656,33.79999923706055,28.199186325073242,25100
2017-04-04,33.560001373291016,34.130001068115234,33.29999923706055,33.41999816894531,27.882152557373047,17600
2017-04-05,33.68000030517578,33.880001068115234,32.150001525878906,32.279998779296875,26.931058883666992,45600
2017-04-06,32.099998474121094,33.38999938964844,32.099998474121094,33.150001525878906,27.656898498535156,42200
2017-04-07,33.13999938964844,33.689998626708984,33.0099983215332,33.459999084472656,27.915529251098633,12300
2017-04-10,33.63999938964844,33.650001525878906,32.790000915527344,33.279998779296875,27.76535987854004,9900
2017-04-11,33.27000045776367,33.97999954223633,32.869998931884766,33.959999084472656,28.33266830444336,15500
2017-04-12,33.79999923706055,34.56999969482422,33.529998779296875,33.66999816894531,28.090730667114258,14400
2017-04-13,33.41999816894531,33.689998626708984,32.380001068115234,33.130001068115234,27.640209197998047,9700
2017-04-17,31.969999313354492,33.900001525878906,31.969999313354492,33.619998931884766,28.04901885986328,21500
2017-04-18,33.560001373291016,33.70000076293945,33.27000045776367,33.70000076293945,28.115755081176758,15400
2017-04-19,33.68000030517578,34.220001220703125,33.68000030517578,34.029998779296875,28.39107322692871,16700
2017-04-20,33.75,34.459999084472656,33.369998931884766,34.43000030517578,28.72479820251465,22400
2017-04-21,34.029998779296875,36.560001373291016,34.029998779296875,35.88999938964844,29.9428653717041,39600
2017-04-24,36.75,37.06999969482422,36.209999084472656,36.41999816894531,30.385046005249023,19500
2017-04-25,36.709999084472656,37.15999984741211,36.13999938964844,36.459999084472656,30.418413162231445,23200
2017-04-26,35.72999954223633,37.310001373291016,35.72999954223633,37.04999923706055,30.91065216064453,42800
2017-04-27,37.16999816894531,37.189998626708984,36.279998779296875,36.650001525878906,30.576932907104492,17000
2017-04-28,36.58000183105469,36.599998474121094,35.97999954223633,35.97999954223633,30.01795196533203,26200
2017-05-01,36.16999816894531,36.36000061035156,35.38999938964844,35.93000030517578,29.976242065429688,16800
2017-05-02,35.900001525878906,36.11000061035156,35.52000045776367,35.77000045776367,29.842748641967773,8600
2017-05-03,35.63999938964844,35.720001220703125,35.459999084472656,35.689998626708984,29.7760066986084,12900
2017-05-04,35.75,36.0,35.70000076293945,35.880001068115234,29.934520721435547,10000
2017-05-05,36.22999954223633,36.380001068115234,35.709999084472656,35.88999938964844,29.9428653717041,13500
2017-05-08,36.02000045776367,36.13999938964844,35.790000915527344,36.0,30.03463363647461,9500
2017-05-09,36.150001525878906,36.380001068115234,35.75,35.810001373291016,29.876117706298828,14600
2017-05-10,35.75,35.84000015258789,35.70000076293945,35.70000076293945,29.784353256225586,13700
2017-05-11,35.630001068115234,35.93000030517578,35.119998931884766,35.2599983215332,29.417259216308594,14800
2017-05-12,35.25,35.33000183105469,34.79999923706055,34.88999938964844,29.10857582092285,16000
2017-05-15,35.290000915527344,35.41999816894531,35.16999816894531,35.310001373291016,29.458974838256836,8000
2017-05-16,35.29999923706055,35.52000045776367,35.060001373291016,35.40999984741211,29.54240608215332,10600
2017-05-17,35.0,35.029998779296875,33.220001220703125,34.0099983215332,28.374391555786133,83900
2017-05-18,34.25,35.47999954223633,33.959999084472656,34.45000076293945,28.741483688354492,71900
2017-05-19,34.29999923706055,34.959999084472656,34.0,34.029998779296875,28.39107322692871,32700
2017-05-22,34.34000015258789,34.88999938964844,34.13999938964844,34.84000015258789,29.066858291625977,24000
2017-05-23,35.02000045776367,35.33000183105469,34.16999816894531,35.220001220703125,29.383888244628906,10000
2017-05-24,35.279998779296875,35.47999954223633,34.459999084472656,34.66999816894531,28.92502212524414,10700
2017-05-25,34.709999084472656,35.09000015258789,34.43000030517578,34.77000045776367,29.008459091186523,13000
2017-05-26,33.869998931884766,34.9900016784668,33.869998931884766,34.75,28.991771697998047,9000
2017-05-30,34.720001220703125,34.779998779296875,34.02000045776367,34.290000915527344,28.60799789428711,46200
2017-05-31,34.290000915527344,35.13999938964844,33.90999984741211,34.68000030517578,28.933364868164062,63800
2017-06-01,35.279998779296875,35.56999969482422,34.4900016784668,34.75,28.991771697998047,16400
2017-06-02,35.040000915527344,35.630001068115234,34.7599983215332,35.130001068115234,29.30880355834961,23800
2017-06-05,35.02000045776367,35.40999984741211,34.56999969482422,34.880001068115234,29.100229263305664,14900
2017-06-06,34.75,35.2599983215332,34.290000915527344,34.630001068115234,28.891653060913086,15400
2017-06-07,34.599998474121094,35.65999984741211,34.38999938964844,34.439998626708984,28.733135223388672,17100
2017-06-08,35.220001220703125,36.5,34.77000045776367,35.70000076293945,29.784353256225586,27000
2017-06-09,35.86000061035156,37.06999969482422,35.86000061035156,37.029998779296875,30.893957138061523,36200
2017-06-12,37.119998931884766,37.689998626708984,36.06999969482422,36.9900016784668,30.86058807373047,41800
2017-06-13,37.0,37.220001220703125,36.4900016784668,36.61000061035156,30.543560028076172,19200
2017-06-14,36.380001068115234,36.77000045776367,35.790000915527344,36.2400016784668,30.417661666870117,13100
2017-06-15,36.61000061035156,36.900001525878906,35.75,36.18000030517578,30.367290496826172,17300
2017-06-16,35.810001373291016,36.689998626708984,35.75,35.81999969482422,30.06513214111328,51000
2017-06-19,36.18000030517578,36.40999984741211,35.75,35.7599983215332,30.014774322509766,11100
2017-06-20,35.61000061035156,35.7599983215332,35.2599983215332,35.34000015258789,29.662250518798828,12300
2017-06-21,35.779998779296875,35.88999938964844,35.2400016784668,35.2400016784668,29.57831573486328,17900
2017-06-22,36.45000076293945,36.45000076293945,35.0,35.27000045776367,29.603500366210938,17800
2017-06-23,35.29999923706055,36.189998626708984,34.5099983215332,35.56999969482422,29.855295181274414,55800
2017-06-26,35.66999816894531,35.66999816894531,34.97999954223633,34.97999954223633,29.360090255737305,15700
2017-06-27,35.0,35.45000076293945,34.619998931884766,34.900001525878906,29.292949676513672,14900
2017-06-28,34.939998626708984,36.04999923706055,34.939998626708984,35.70000076293945,29.96441650390625,12900
2017-06-29,35.97999954223633,36.29999923706055,35.75,36.18000030517578,30.367290496826172,21900
2017-06-30,36.16999816894531,36.56999969482422,35.34000015258789,35.70000076293945,29.96441650390625,18000
2017-07-03,35.689998626708984,36.560001373291016,35.59000015258789,36.27000045776367,30.442832946777344,13700
2017-07-05,35.97999954223633,36.4900016784668,35.58000183105469,35.869998931884766,30.107099533081055,13500
2017-07-06,35.86000061035156,36.2400016784668,35.790000915527344,35.91999816894531,30.149063110351562,13700
2017-07-07,36.029998779296875,36.34000015258789,35.869998931884766,36.220001220703125,30.40086555480957,6300
2017-07-10,35.88999938964844,36.52000045776367,35.88999938964844,35.959999084472656,30.18263816833496,9100
2017-07-11,35.720001220703125,35.900001525878906,35.08000183105469,35.380001068115234,29.69582176208496,17300
2017-07-12,35.529998779296875,35.779998779296875,35.220001220703125,35.779998779296875,30.03156089782715,8100
2017-07-13,35.470001220703125,36.189998626708984,35.22999954223633,35.599998474121094,29.880474090576172,18200
2017-07-14,35.43000030517578,35.91999816894531,35.18000030517578,35.22999954223633,29.569923400878906,14600
2017-07-17,35.36000061035156,35.689998626708984,35.02000045776367,35.2599983215332,29.595104217529297,17800
2017-07-18,35.040000915527344,36.209999084472656,35.040000915527344,35.90999984741211,30.14067268371582,18100
2017-07-19,35.900001525878906,36.29999923706055,35.439998626708984,35.7599983215332,30.014774322509766,11200
2017-07-20,35.54999923706055,36.09000015258789,35.4900016784668,36.09000015258789,30.291759490966797,5200
2017-07-21,37.619998931884766,37.619998931884766,35.099998474121094,35.29999923706055,29.628681182861328,40400
2017-07-24,35.369998931884766,36.90999984741211,35.189998626708984,35.33000183105469,29.65386390686035,12000
2017-07-25,35.439998626708984,36.65999984741211,35.439998626708984,36.2400016784668,30.417661666870117,21600
2017-07-26,36.47999954223633,36.47999954223633,35.709999084472656,35.709999084472656,29.972810745239258,4300
2017-07-27,35.75,35.97999954223633,35.36000061035156,35.599998474121094,29.880474090576172,14800
2017-07-28,35.599998474121094,35.83000183105469,35.459999084472656,35.720001220703125,29.9812068939209,9400
2017-07-31,35.63999938964844,36.41999816894531,35.63999938964844,35.900001525878906,30.132278442382812,32400
2017-08-01,36.47999954223633,36.47999954223633,35.720001220703125,35.84000015258789,30.081928253173828,12400
2017-08-02,35.86000061035156,36.09000015258789,35.47999954223633,35.47999954223633,29.779766082763672,6800
2017-08-03,35.65999984741211,35.65999984741211,35.029998779296875,35.06999969482422,29.435630798339844,7300
2017-08-04,35.290000915527344,35.70000076293945,35.02000045776367,35.16999816894531,29.519563674926758,8200
2017-08-07,35.0,35.290000915527344,34.15999984741211,34.22999954223633,28.730587005615234,28400
2017-08-08,34.2599983215332,35.58000183105469,34.25,35.029998779296875,29.402057647705078,13800
2017-08-09,34.689998626708984,35.0,34.2599983215332,34.43000030517578,28.898456573486328,17000
2017-08-10,34.25,34.380001068115234,33.779998779296875,33.869998931884766,28.428424835205078,15400
2017-08-11,34.130001068115234,34.150001525878906,33.16999816894531,33.5,28.117860794067383,19400
2017-08-14,33.86000061035156,35.20000076293945,33.86000061035156,35.16999816894531,29.519563674926758,22300
2017-08-15,35.189998626708984,35.279998779296875,34.68000030517578,34.709999084472656,29.133466720581055,12400
2017-08-16,34.849998474121094,35.119998931884766,34.70000076293945,34.72999954223633,29.150257110595703,10000
2017-08-17,34.52000045776367,34.61000061035156,34.04999923706055,34.04999923706055,28.57950210571289,14900
2017-08-18,33.52000045776367,34.869998931884766,33.52000045776367,34.529998779296875,28.982383728027344,17900
2017-08-21,34.619998931884766,34.619998931884766,33.65999984741211,34.130001068115234,28.646652221679688,6900
2017-08-22,34.41999816894531,34.47999954223633,34.16999816894531,34.380001068115234,28.85648536682129,6100
2017-08-23,34.150001525878906,34.7599983215332,34.150001525878906,34.5,28.95721435546875,13200
2017-08-24,34.41999816894531,34.79999923706055,34.29999923706055,34.560001373291016,29.007570266723633,17700
2017-08-25,34.61000061035156,35.15999984741211,34.529998779296875,34.939998626708984,29.32651710510254,7800
2017-08-28,34.84000015258789,35.2599983215332,34.290000915527344,34.939998626708984,29.32651710510254,12500
2017-08-29,34.459999084472656,35.099998474121094,34.27000045776367,34.880001068115234,29.276161193847656,13000
2017-08-30,34.529998779296875,35.33000183105469,34.529998779296875,35.099998474121094,29.460813522338867,7000
2017-08-31,35.130001068115234,35.63999938964844,34.83000183105469,35.58000183105469,29.863693237304688,39300
2017-09-01,35.58000183105469,35.779998779296875,35.369998931884766,35.779998779296875,30.03156089782715,7800
2017-09-05,36.040000915527344,36.040000915527344,34.43000030517578,34.599998474121094,29.0411434173584,14300
2017-09-06,34.709999084472656,35.25,34.65999984741211,34.790000915527344,29.20060920715332,11600
2017-09-07,35.16999816894531,35.16999816894531,34.27000045776367,34.41999816894531,28.890058517456055,14400
2017-09-08,34.630001068115234,35.0,34.59000015258789,34.90999984741211,29.301334381103516,7900
2017-09-11,35.59000015258789,35.86000061035156,35.279998779296875,35.5099983215332,29.80493927001953,10100
2017-09-12,35.459999084472656,35.790000915527344,34.970001220703125,35.689998626708984,29.956016540527344,4800
2017-09-13,35.70000076293945,36.0,35.560001373291016,35.880001068115234,30.11549186706543,12900
2017-09-14,35.93000030517578,35.93000030517578,35.38999938964844,35.560001373291016,30.03104019165039,10000
2017-09-15,35.75,35.75,35.349998474121094,35.599998474121094,30.0648193359375,48400
2017-09-18,35.95000076293945,36.150001525878906,35.810001373291016,36.02000045776367,30.419527053833008,13200
2017-09-19,35.91999816894531,36.22999954223633,35.91999816894531,36.099998474121094,30.48708152770996,13900
2017-09-20,36.11000061035156,37.0,35.970001220703125,36.7400016784668,31.02757453918457,25600
2017-09-21,36.75,37.97999954223633,36.16999816894531,37.83000183105469,31.948091506958008,29000
2017-09-22,37.720001220703125,38.13999938964844,37.720001220703125,37.95000076293945,32.04944610595703,17500
2017-09-25,38.0,38.119998931884766,37.709999084472656,37.9900016784668,32.08321762084961,15100
2017-09-26,38.279998779296875,38.279998779296875,37.22999954223633,37.97999954223633,32.074771881103516,6800
2017-09-27,37.61000061035156,39.209999084472656,37.61000061035156,39.08000183105469,33.00373840332031,36400
2017-09-28,38.91999816894531,39.15999984741211,38.65999984741211,38.959999084472656,32.90239715576172,18000
2017-09-29,38.900001525878906,39.22999954223633,38.529998779296875,38.88999938964844,32.84328079223633,11300
2017-10-02,39.11000061035156,39.189998626708984,38.290000915527344,39.0099983215332,32.94462585449219,15000
2017-10-03,39.20000076293945,39.310001373291016,38.29999923706055,39.119998931884766,33.03752899169922,11200
2017-10-04,38.5099983215332,38.7400016784668,37.279998779296875,38.7400016784668,32.71660232543945,15600
2017-10-05,38.77000045776367,39.970001220703125,38.7599983215332,39.650001525878906,33.48511505126953,16700
2017-10-06,39.04999923706055,40.0,39.04999923706055,39.970001220703125,33.75536346435547,9900
2017-10-09,39.86000061035156,40.900001525878906,39.86000061035156,40.52000045776367,34.21984100341797,17400
2017-10-10,40.810001373291016,41.29999923706055,40.5,41.2400016784668,34.82790756225586,18600
2017-10-11,40.95000076293945,41.790000915527344,40.459999084472656,41.22999954223633,34.819461822509766,25400
2017-10-12,41.279998779296875,41.279998779296875,40.790000915527344,40.91999816894531,34.55765151977539,13300
2017-10-13,40.970001220703125,41.119998931884766,40.599998474121094,41.060001373291016,34.67588806152344,14500
2017-10-16,41.04999923706055,41.81999969482422,41.040000915527344,41.380001068115234,34.94614028930664,17500
2017-10-17,41.380001068115234,41.84000015258789,40.970001220703125,41.099998474121094,34.709678649902344,16300
2017-10-18,41.099998474121094,41.7599983215332,41.09000015258789,41.09000015258789,34.70122146606445,18300
2017-10-19,40.709999084472656,40.84000015258789,40.060001373291016,40.08000183105469,33.84825897216797,21500
2017-10-20,44.040000915527344,44.040000915527344,39.880001068115234,41.47999954223633,35.030582427978516,59900
2017-10-23,41.20000076293945,41.5,40.15999984741211,40.15999984741211,33.91582107543945,19300
2017-10-24,40.189998626708984,40.439998626708984,39.880001068115234,39.880001068115234,33.67936706542969,25300
2017-10-25,40.13999938964844,41.459999084472656,39.9900016784668,40.720001220703125,34.38875198364258,71300
2017-10-26,40.959999084472656,41.41999816894531,40.41999816894531,40.7400016784668,34.4056510925293,43100
2017-10-27,40.59000015258789,41.0,40.45000076293945,40.83000183105469,34.48165512084961,23800
2017-10-30,40.689998626708984,40.689998626708984,39.13999938964844,39.369998931884766,33.2486572265625,12200
2017-10-31,39.5099983215332,40.04999923706055,39.06999969482422,39.31999969482422,33.20642852783203,19700
2017-11-01,39.68000030517578,40.43000030517578,39.189998626708984,39.619998931884766,33.45977783203125,15100
2017-11-02,39.61000061035156,40.040000915527344,39.20000076293945,39.86000061035156,33.662471771240234,15200
2017-11-03,39.599998474121094,39.810001373291016,39.459999084472656,39.540000915527344,33.3922233581543,13500
2017-11-06,39.650001525878906,39.959999084472656,39.15999984741211,39.52000045776367,33.375335693359375,8900
2017-11-07,40.040000915527344,40.040000915527344,38.290000915527344,38.459999084472656,32.480140686035156,19000
2017-11-08,38.209999084472656,38.4900016784668,37.95000076293945,38.27000045776367,32.319679260253906,11000
2017-11-09,37.849998474121094,38.220001220703125,37.150001525878906,37.77000045776367,31.897428512573242,12900
2017-11-10,37.7599983215332,38.27000045776367,37.52000045776367,37.599998474121094,31.75385856628418,7600
2017-11-13,37.380001068115234,38.400001525878906,37.380001068115234,38.08000183105469,32.159236907958984,9600
2017-11-14,37.720001220703125,38.72999954223633,37.720001220703125,38.560001373291016,32.564598083496094,11400
2017-11-15,38.119998931884766,38.88999938964844,38.119998931884766,38.70000076293945,32.68282699584961,12700
2017-11-16,38.849998474121094,39.25,38.43000030517578,39.189998626708984,33.09665298461914,16400
2017-11-17,38.9900016784668,39.400001525878906,38.540000915527344,39.369998931884766,33.2486572265625,18200
2017-11-20,39.36000061035156,39.90999984741211,38.56999969482422,39.880001068115234,33.67936706542969,24600
2017-11-21,39.83000183105469,40.810001373291016,39.790000915527344,40.560001373291016,34.253631591796875,25000
2017-11-22,40.650001525878906,41.45000076293945,40.290000915527344,40.29999923706055,34.03404998779297,14300
2017-11-24,40.43000030517578,40.43000030517578,39.29999923706055,39.77000045776367,33.58645248413086,13100
2017-11-27,39.86000061035156,41.040000915527344,39.77000045776367,40.36000061035156,34.08473205566406,13600
2017-11-28,40.349998474121094,42.33000183105469,40.20000076293945,41.84000015258789,35.334617614746094,29400
2017-11-29,42.0,43.45000076293945,41.2599983215332,43.04999923706055,36.356475830078125,20500
2017-11-30,43.11000061035156,43.5,42.220001220703125,42.560001373291016,35.942657470703125,54100
2017-12-01,42.720001220703125,42.720001220703125,40.900001525878906,41.61000061035156,35.140384674072266,9300
2017-12-04,42.369998931884766,42.599998474121094,41.40999984741211,41.61000061035156,35.140384674072266,31100
2017-12-05,41.880001068115234,42.150001525878906,40.31999969482422,41.369998931884766,34.937686920166016,35100
2017-12-06,40.83000183105469,41.220001220703125,40.68000030517578,41.209999084472656,34.80256271362305,6700
2017-12-07,41.08000183105469,41.91999816894531,40.220001220703125,40.7599983215332,34.42253494262695,18300
2017-12-08,40.9900016784668,41.34000015258789,40.61000061035156,40.779998779296875,34.43943405151367,7700
2017-12-11,40.880001068115234,40.880001068115234,39.86000061035156,40.15999984741211,33.91582107543945,20300
2017-12-12,40.31999969482422,41.54999923706055,40.099998474121094,41.220001220703125,34.81101989746094,26500
2017-12-13,42.58000183105469,42.58000183105469,41.0,41.380001068115234,34.94614028930664,23500
2017-12-14,41.209999084472656,41.209999084472656,39.959999084472656,40.40999984741211,34.30937194824219,17600
2017-12-15,40.29999923706055,41.72999954223633,40.29999923706055,40.959999084472656,34.77632522583008,51100
2017-12-18,41.36000061035156,42.16999816894531,41.36000061035156,41.720001220703125,35.42158508300781,10100
2017-12-19,41.70000076293945,41.70000076293945,40.119998931884766,40.380001068115234,34.28388214111328,24800
2017-12-20,40.790000915527344,42.939998626708984,40.119998931884766,40.22999954223633,34.15653991699219,6100
2017-12-21,40.33000183105469,41.119998931884766,40.33000183105469,40.88999938964844,34.71689987182617,10500
2017-12-22,40.880001068115234,40.880001068115234,40.25,40.25,34.17350769042969,5700
2017-12-26,40.189998626708984,40.189998626708984,39.619998931884766,39.63999938964844,33.65560531616211,4800
2017-12-27,39.619998931884766,39.75,39.29999923706055,39.400001525878906,33.451839447021484,5000
2017-12-28,39.939998626708984,39.939998626708984,39.18000030517578,39.31999969482422,33.383914947509766,5600
2017-12-29,39.81999969482422,39.81999969482422,38.0,38.02000045776367,32.280174255371094,9700
2018-01-02,38.029998779296875,42.16999816894531,37.880001068115234,38.439998626708984,32.63676834106445,18800
2018-01-03,38.439998626708984,38.720001220703125,34.2400016784668,38.58000183105469,32.7556266784668,19900
2018-01-04,39.40999984741211,39.709999084472656,38.5099983215332,38.58000183105469,32.7556266784668,10800
2018-01-05,38.959999084472656,39.720001220703125,38.849998474121094,39.720001220703125,33.7235221862793,20400
2018-01-08,39.529998779296875,39.529998779296875,38.79999923706055,38.79999923706055,32.94242477416992,12800
2018-01-09,38.810001373291016,39.779998779296875,38.13999938964844,39.2599983215332,33.33297348022461,9400
2018-01-10,39.20000076293945,39.630001068115234,39.09000015258789,39.290000915527344,33.35844421386719,6800
2018-01-11,39.29999923706055,39.86000061035156,38.86000061035156,39.81999969482422,33.808433532714844,6900
2018-01-12,39.90999984741211,40.08000183105469,39.400001525878906,39.90999984741211,33.884857177734375,7600
2018-01-16,40.189998626708984,40.880001068115234,39.869998931884766,39.91999816894531,33.893341064453125,12900
2018-01-17,40.25,40.9900016784668,39.63999938964844,39.77000045776367,33.76597213745117,12700
2018-01-18,39.720001220703125,39.75,39.040000915527344,39.4900016784668,33.52825164794922,8600
2018-01-19,39.4900016784668,40.75,39.4900016784668,40.099998474121094,34.04615020751953,13500
2018-01-22,40.650001525878906,41.029998779296875,39.36000061035156,39.7400016784668,33.74050521850586,7600
2018-01-23,39.70000076293945,40.58000183105469,39.459999084472656,39.619998931884766,33.63862228393555,11300
2018-01-24,38.630001068115234,40.45000076293945,38.630001068115234,39.09000015258789,33.188636779785156,4000
2018-01-25,39.150001525878906,39.20000076293945,38.5099983215332,39.099998474121094,33.19713592529297,16400
2018-01-26,39.20000076293945,39.400001525878906,38.20000076293945,39.220001220703125,33.29901123046875,40000
2018-01-29,39.349998474121094,39.59000015258789,38.81999969482422,38.81999969482422,32.95939254760742,11000
2018-01-30,38.81999969482422,38.959999084472656,38.650001525878906,38.689998626708984,32.849021911621094,13000
2018-01-31,38.650001525878906,38.81999969482422,38.5,38.540000915527344,32.721675872802734,14400
2018-02-01,38.5,39.310001373291016,38.5,39.310001373291016,33.375431060791016,8000
2018-02-02,39.099998474121094,39.52000045776367,38.66999816894531,38.72999954223633,32.88298797607422,14900
2018-02-05,38.5,38.63999938964844,37.4900016784668,37.4900016784668,31.830188751220703,17300
2018-02-06,36.849998474121094,38.279998779296875,36.849998474121094,38.0,32.26319885253906,19600
2018-02-07,38.0,38.04999923706055,37.45000076293945,37.779998779296875,32.0764045715332,13400
2018-02-08,37.90999984741211,37.90999984741211,36.72999954223633,36.779998779296875,31.227375030517578,15700
2018-02-09,37.25,37.7599983215332,36.70000076293945,37.619998931884766,31.940563201904297,18800
2018-02-12,37.81999969482422,38.59000015258789,37.619998931884766,37.779998779296875,32.0764045715332,18900
2018-02-13,37.63999938964844,37.9900016784668,37.459999084472656,37.689998626708984,32.0,10400
2018-02-14,37.400001525878906,38.66999816894531,37.400001525878906,38.31999969482422,32.53489303588867,12600
2018-02-15,38.529998779296875,38.900001525878906,37.869998931884766,38.720001220703125,32.8745002746582,10100
2018-02-16,38.439998626708984,39.2400016784668,37.970001220703125,39.08000183105469,33.18014144897461,19100
2018-02-20,38.84000015258789,39.119998931884766,38.349998474121094,38.599998474121094,32.77260971069336,14900
2018-02-21,38.75,39.880001068115234,38.58000183105469,39.400001525878906,33.451839447021484,14700
2018-02-22,39.29999923706055,39.29999923706055,38.41999816894531,38.70000076293945,32.85751724243164,15600
2018-02-23,38.81999969482422,39.27000045776367,38.560001373291016,38.90999984741211,33.03582000732422,8800
2018-02-26,38.97999954223633,38.97999954223633,38.29999923706055,38.88999938964844,33.018829345703125,12800
2018-02-27,38.97999954223633,39.13999938964844,38.189998626708984,38.2599983215332,32.48393630981445,15200
2018-02-28,38.099998474121094,38.810001373291016,37.150001525878906,37.25,31.62642478942871,17600
2018-03-01,37.310001373291016,37.97999954223633,37.15999984741211,37.33000183105469,31.694337844848633,17500
2018-03-02,37.060001373291016,39.720001220703125,36.5,38.16999816894531,32.407527923583984,15300
2018-03-05,38.060001373291016,38.91999816894531,37.560001373291016,38.81999969482422,32.95939254760742,8900
2018-03-06,39.02000045776367,39.5099983215332,37.79999923706055,38.43000030517578,32.62828063964844,13800
2018-03-07,38.04999923706055,39.349998474121094,38.04999923706055,38.970001220703125,33.08675765991211,13800
2018-03-08,38.90999984741211,39.13999938964844,38.209999084472656,38.810001373291016,32.95090866088867,15500
2018-03-09,39.18000030517578,40.0,38.560001373291016,39.400001525878906,33.451839447021484,21200
2018-03-12,39.099998474121094,40.16999816894531,39.099998474121094,40.09000015258789,34.03767395019531,8900
2018-03-13,40.209999084472656,40.41999816894531,39.13999938964844,40.06999969482422,34.020687103271484,15000
2018-03-14,39.61000061035156,40.189998626708984,39.560001373291016,39.599998474121094,33.62164306640625,12700
2018-03-15,39.11000061035156,39.810001373291016,39.11000061035156,39.75,33.956512451171875,9400
2018-03-16,39.65999984741211,40.16999816894531,38.70000076293945,39.81999969482422,34.01630401611328,36300
2018-03-19,39.70000076293945,40.66999816894531,39.290000915527344,40.65999984741211,34.73387145996094,14100
2018-03-20,40.47999954223633,40.47999954223633,39.369998931884766,39.83000183105469,34.02485656738281,11900
2018-03-21,40.27000045776367,40.27000045776367,39.599998474121094,39.81999969482422,34.01630401611328,2600
2018-03-22,39.68000030517578,40.0,39.02000045776367,39.130001068115234,33.426876068115234,12100
2018-03-23,39.25,39.25,38.099998474121094,38.11000061035156,32.555538177490234,20700
2018-03-26,38.650001525878906,39.349998474121094,37.91999816894531,39.20000076293945,33.48667526245117,17400
2018-03-27,39.38999938964844,39.849998474121094,38.689998626708984,38.75,33.102264404296875,11900
2018-03-28,38.59000015258789,39.38999938964844,38.279998779296875,38.900001525878906,33.23039627075195,44600
2018-03-29,38.529998779296875,38.900001525878906,38.099998474121094,38.29999923706055,32.717838287353516,47200
2018-04-02,38.900001525878906,38.900001525878906,36.869998931884766,37.560001373291016,32.0857048034668,13800
2018-04-03,37.68000030517578,37.93000030517578,37.439998626708984,37.689998626708984,32.19675064086914,13200
2018-04-04,37.790000915527344,38.79999923706055,37.220001220703125,38.349998474121094,32.760555267333984,10300
2018-04-05,38.70000076293945,38.70000076293945,38.029998779296875,38.25,32.675132751464844,5800
2018-04-06,38.9900016784668,38.9900016784668,37.619998931884766,38.0,32.46157455444336,14300
2018-04-09,37.63999938964844,38.15999984741211,37.63999938964844,37.68000030517578,32.18821716308594,5700
2018-04-10,37.79999923706055,38.79999923706055,37.79999923706055,38.5099983215332,32.89723587036133,8900
2018-04-11,38.290000915527344,38.599998474121094,38.04999923706055,38.41999816894531,32.820350646972656,4800
2018-04-12,38.209999084472656,38.59000015258789,38.0099983215332,38.369998931884766,32.77764129638672,14000
2018-04-13,38.52000045776367,38.61000061035156,38.25,38.56999969482422,32.94850158691406,6000
2018-04-16,38.709999084472656,39.310001373291016,38.16999816894531,39.0099983215332,33.32435607910156,9400
2018-04-17,38.95000076293945,39.630001068115234,38.790000915527344,39.02000045776367,33.332908630371094,15500
2018-04-18,38.81999969482422,39.5,38.81999969482422,39.11000061035156,33.4097900390625,7600
2018-04-19,39.099998474121094,41.40999984741211,39.099998474121094,41.25,35.23788833618164,20400
2018-04-20,41.099998474121094,43.88999938964844,40.86000061035156,41.79999923706055,35.707733154296875,19000
2018-04-23,41.9900016784668,42.54999923706055,41.099998474121094,41.709999084472656,35.6308479309082,17000
2018-04-24,42.189998626708984,42.5,41.029998779296875,41.70000076293945,35.62229537963867,33400
2018-04-25,41.849998474121094,43.040000915527344,41.790000915527344,42.869998931884766,36.62178039550781,24800
2018-04-26,43.130001068115234,44.470001220703125,43.130001068115234,43.63999938964844,37.279541015625,23500
2018-04-27,43.88999938964844,44.150001525878906,43.04999923706055,43.2599983215332,36.95493698120117,13900
2018-04-30,43.7400016784668,43.7400016784668,42.13999938964844,42.16999816894531,36.023799896240234,23400
2018-05-01,43.189998626708984,43.189998626708984,41.75,42.970001220703125,36.70720672607422,12900
2018-05-02,43.130001068115234,43.75,42.11000061035156,43.2599983215332,36.95493698120117,10200
2018-05-03,43.31999969482422,44.189998626708984,42.84000015258789,43.47999954223633,37.14286804199219,20000
2018-05-04,43.099998474121094,43.650001525878906,42.61000061035156,43.56999969482422,37.21974563598633,7900
2018-05-07,43.58000183105469,43.97999954223633,43.220001220703125,43.2599983215332,36.95493698120117,8700
2018-05-08,43.099998474121094,44.0,43.099998474121094,43.90999984741211,37.51020050048828,7400
2018-05-09,43.41999816894531,43.959999084472656,42.790000915527344,43.20000076293945,36.903682708740234,13400
2018-05-10,43.13999938964844,43.58000183105469,42.599998474121094,43.40999984741211,37.08308410644531,4300
2018-05-11,43.2599983215332,43.599998474121094,43.2599983215332,43.45000076293945,37.11724090576172,6000
2018-05-14,43.36000061035156,43.529998779296875,42.79999923706055,42.939998626708984,36.68156433105469,12300
2018-05-15,42.970001220703125,43.689998626708984,42.970001220703125,43.25,36.9463996887207,9600
2018-05-16,43.45000076293945,43.61000061035156,43.22999954223633,43.61000061035156,37.25392532348633,16200
2018-05-17,43.11000061035156,43.849998474121094,42.7599983215332,43.70000076293945,37.33080291748047,13300
2018-05-18,43.939998626708984,44.22999954223633,43.400001525878906,43.849998474121094,37.458946228027344,13400
2018-05-21,43.7599983215332,44.400001525878906,43.4900016784668,43.650001525878906,37.28810501098633,12900
2018-05-22,43.70000076293945,44.40999984741211,43.70000076293945,44.150001525878906,37.71521759033203,9300
2018-05-23,43.97999954223633,44.58000183105469,43.790000915527344,44.08000183105469,37.65541458129883,17500
2018-05-24,44.09000015258789,44.68000030517578,43.43000030517578,44.41999816894531,37.945865631103516,14600
2018-05-25,44.15999984741211,44.650001525878906,43.9900016784668,44.36000061035156,37.89461135864258,22500
2018-05-29,44.13999938964844,44.13999938964844,43.61000061035156,43.79999923706055,37.416221618652344,13000
2018-05-30,43.849998474121094,44.5,43.130001068115234,44.0,37.58708190917969,21500
2018-05-31,43.81999969482422,44.86000061035156,43.61000061035156,43.90999984741211,37.51020050048828,41300
2018-06-01,44.2599983215332,44.84000015258789,44.2400016784668,44.70000076293945,38.185062408447266,8000
2018-06-04,44.779998779296875,45.650001525878906,44.70000076293945,45.220001220703125,38.6292724609375,22500
2018-06-05,45.27000045776367,45.91999816894531,44.68000030517578,45.63999938964844,38.98805236816406,12900
2018-06-06,45.61000061035156,47.27000045776367,45.61000061035156,46.849998474121094,40.02170181274414,25600
2018-06-07,47.0,47.97999954223633,46.54999923706055,46.900001525878906,40.064414978027344,13300
2018-06-08,46.310001373291016,46.88999938964844,46.02000045776367,46.400001525878906,39.63728713989258,21900
2018-06-11,46.2599983215332,47.099998474121094,45.349998474121094,45.52000045776367,38.88554763793945,22800
2018-06-12,45.529998779296875,46.02000045776367,44.83000183105469,45.279998779296875,38.68053436279297,23200
2018-06-13,45.790000915527344,46.150001525878906,45.099998474121094,45.11000061035156,38.53529739379883,22900
2018-06-14,45.119998931884766,45.20000076293945,44.2599983215332,44.560001373291016,38.270774841308594,47500
2018-06-15,44.31999969482422,45.5099983215332,44.31999969482422,45.0,38.6486701965332,52300
2018-06-18,44.97999954223633,45.66999816894531,44.40999984741211,45.5,39.07810592651367,32100
2018-06-19,45.400001525878906,46.290000915527344,44.90999984741211,46.060001373291016,39.55906295776367,37100
2018-06-20,46.099998474121094,46.59000015258789,45.81999969482422,46.380001068115234,39.83390426635742,35600
2018-06-21,46.02000045776367,47.5,46.0,46.68000030517578,40.091556549072266,32700
2018-06-22,47.02000045776367,47.02000045776367,45.81999969482422,46.54999923706055,39.97990417480469,72400
2018-06-25,46.040000915527344,46.79999923706055,45.68000030517578,46.310001373291016,39.773773193359375,21500
2018-06-26,45.560001373291016,46.66999816894531,45.560001373291016,46.65999984741211,40.07438278198242,16200
2018-06-27,46.619998931884766,46.619998931884766,45.7400016784668,45.7400016784668,39.28421401977539,30500
2018-06-28,45.61000061035156,46.61000061035156,45.290000915527344,46.25,39.72224807739258,19100
2018-06-29,46.31999969482422,46.400001525878906,45.02000045776367,45.29999923706055,38.90632629394531,28100
2018-07-02,45.20000076293945,45.630001068115234,44.66999816894531,45.4900016784668,39.06951141357422,20400
2018-07-03,45.709999084472656,46.040000915527344,45.13999938964844,45.970001220703125,39.48175811767578,7200
2018-07-05,45.970001220703125,46.150001525878906,45.650001525878906,45.90999984741211,39.43022918701172,10400
2018-07-06,45.79999923706055,46.220001220703125,45.54999923706055,46.06999969482422,39.567649841308594,20300
2018-07-09,46.150001525878906,46.880001068115234,46.150001525878906,46.7599983215332,40.16025924682617,5600
2018-07-10,46.75,47.13999938964844,45.97999954223633,46.2599983215332,39.7308349609375,15500
2018-07-11,46.06999969482422,46.709999084472656,46.06999969482422,46.43000030517578,39.8768424987793,12100
2018-07-12,46.5,46.5,45.560001373291016,45.95000076293945,39.464595794677734,9500
2018-07-13,45.79999923706055,46.77000045776367,44.439998626708984,46.04999923706055,39.55046844482422,7200
2018-07-16,46.040000915527344,46.52000045776367,45.470001220703125,46.36000061035156,39.81672286987305,8600
2018-07-17,46.33000183105469,46.54999923706055,45.630001068115234,46.54999923706055,39.97990417480469,10600
2018-07-18,46.529998779296875,47.099998474121094,46.529998779296875,46.779998779296875,40.177433013916016,6200
2018-07-19,47.20000076293945,47.349998474121094,46.63999938964844,46.81999969482422,40.2118034362793,10800
2018-07-20,46.959999084472656,49.11000061035156,46.959999084472656,48.75,41.86939239501953,14300
2018-07-23,49.16999816894531,49.779998779296875,48.560001373291016,49.630001068115234,42.62519454956055,14900
2018-07-24,49.81999969482422,49.880001068115234,48.310001373291016,48.470001220703125,41.62892150878906,12900
2018-07-25,48.599998474121094,48.599998474121094,47.61000061035156,48.13999938964844,41.34550094604492,12800
2018-07-26,48.459999084472656,49.150001525878906,47.5099983215332,48.900001525878906,41.99821853637695,20000
2018-07-27,49.08000183105469,49.2599983215332,47.7400016784668,47.90999984741211,41.14794921875,15200
2018-07-30,48.41999816894531,49.349998474121094,47.900001525878906,48.81999969482422,41.92951202392578,16400
2018-07-31,48.959999084472656,49.119998931884766,47.869998931884766,47.869998931884766,41.11359786987305,40200
2018-08-01,47.900001525878906,48.349998474121094,47.900001525878906,47.959999084472656,41.190895080566406,11200
2018-08-02,47.599998474121094,48.16999816894531,47.599998474121094,48.150001525878906,41.35408401489258,12900
2018-08-03,48.09000015258789,48.380001068115234,47.77000045776367,47.95000076293945,41.18230056762695,6700
2018-08-06,47.939998626708984,47.9900016784668,47.5099983215332,47.70000076293945,40.96760177612305,7500
2018-08-07,47.939998626708984,48.16999816894531,47.59000015258789,48.08000183105469,41.29396057128906,12900
2018-08-08,47.90999984741211,48.4900016784668,47.900001525878906,48.4900016784668,41.646087646484375,39500
2018-08-09,48.59000015258789,49.380001068115234,48.09000015258789,49.22999954223633,42.281646728515625,5400
2018-08-10,48.93000030517578,49.25,48.810001373291016,49.060001373291016,42.13563537597656,6000
2018-08-13,49.02000045776367,49.599998474121094,48.93000030517578,48.93000030517578,42.02398681640625,36200
2018-08-14,49.099998474121094,49.59000015258789,48.91999816894531,49.470001220703125,42.487770080566406,4100
2018-08-15,49.5,49.5,49.13999938964844,49.18000030517578,42.23870086669922,6700
2018-08-16,49.75,50.47999954223633,49.52000045776367,50.31999969482422,43.21780014038086,9000
2018-08-17,50.189998626708984,50.189998626708984,49.5,49.810001373291016,42.779788970947266,17600
2018-08-20,49.9900016784668,50.13999938964844,49.7599983215332,49.880001068115234,42.83991241455078,5700
2018-08-21,50.0099983215332,50.400001525878906,50.0099983215332,50.34000015258789,43.2349853515625,6700
2018-08-22,50.349998474121094,50.349998474121094,49.939998626708984,50.099998474121094,43.02884292602539,9700
2018-08-23,49.84000015258789,50.380001068115234,49.560001373291016,50.29999923706055,43.20062255859375,12500
2018-08-24,50.41999816894531,50.41999816894531,49.63999938964844,49.849998474121094,42.81412887573242,5800
2018-08-27,50.310001373291016,50.70000076293945,49.619998931884766,49.72999954223633,42.71107864379883,7700
2018-08-28,49.970001220703125,49.970001220703125,48.84000015258789,49.189998626708984,42.24729537963867,10400
2018-08-29,49.290000915527344,49.900001525878906,48.060001373291016,48.41999816894531,41.58597183227539,13200
2018-08-30,48.400001525878906,49.36000061035156,48.31999969482422,48.58000183105469,41.72339630126953,12200
2018-08-31,48.61000061035156,49.119998931884766,48.20000076293945,48.61000061035156,41.74915313720703,11000
2018-09-04,48.5,49.790000915527344,48.5,49.75,42.728248596191406,12400
2018-09-05,49.40999984741211,49.77000045776367,49.18000030517578,49.72999954223633,42.71107864379883,5000
2018-09-06,49.650001525878906,49.790000915527344,49.16999816894531,49.36000061035156,42.39329147338867,7700
2018-09-07,49.20000076293945,49.36000061035156,48.88999938964844,49.13999938964844,42.204345703125,9800
2018-09-10,49.150001525878906,49.97999954223633,49.060001373291016,49.349998474121094,42.38471221923828,7900
2018-09-11,49.16999816894531,50.0,49.16999816894531,49.7400016784668,42.71967315673828,11000
2018-09-12,48.18000030517578,50.04999923706055,48.18000030517578,49.47999954223633,42.496360778808594,23500
2018-09-13,49.5099983215332,49.5099983215332,48.29999923706055,48.599998474121094,41.740562438964844,8100
2018-09-14,48.16999816894531,49.20000076293945,48.04999923706055,48.5,41.6546745300293,20700
2018-09-17,48.36000061035156,49.0,48.04999923706055,48.34000015258789,41.51725769042969,13000
2018-09-18,48.459999084472656,48.709999084472656,47.9900016784668,48.2599983215332,41.44853591918945,12800
2018-09-19,48.310001373291016,48.7599983215332,48.25,48.45000076293945,41.611732482910156,10900
2018-09-20,48.22999954223633,49.439998626708984,47.900001525878906,49.2599983215332,42.5197868347168,17600
2018-09-21,49.2400016784668,49.560001373291016,47.52000045776367,47.810001373291016,41.26819610595703,60200
2018-09-24,47.810001373291016,47.810001373291016,46.849998474121094,47.209999084472656,40.75029754638672,17000
2018-09-25,47.380001068115234,47.75,46.689998626708984,47.33000183105469,40.8538703918457,45500
2018-09-26,47.31999969482422,47.59000015258789,46.2400016784668,46.790000915527344,40.387760162353516,5200
2018-09-27,46.90999984741211,46.90999984741211,45.869998931884766,46.380001068115234,40.03385925292969,7300
2018-09-28,46.31999969482422,46.5,45.779998779296875,46.099998474121094,39.79216766357422,20900
2018-10-01,46.20000076293945,47.04999923706055,44.7599983215332,45.2599983215332,39.067108154296875,15200
2018-10-02,45.290000915527344,46.310001373291016,44.40999984741211,44.81999969482422,38.68731689453125,17300
2018-10-03,44.939998626708984,46.18000030517578,43.9900016784668,46.0,39.705848693847656,13500
2018-10-04,46.09000015258789,46.380001068115234,45.849998474121094,45.959999084472656,39.671329498291016,7600
2018-10-05,45.88999938964844,46.0,44.849998474121094,45.150001525878906,38.97216033935547,8300
2018-10-08,45.25,46.040000915527344,44.83000183105469,45.849998474121094,39.57637405395508,10800
2018-10-09,45.849998474121094,46.81999969482422,45.560001373291016,45.560001373291016,39.3260612487793,12900
2018-10-10,45.529998779296875,46.880001068115234,45.2599983215332,45.59000015258789,39.351951599121094,12600
2018-10-11,45.470001220703125,45.790000915527344,42.5099983215332,43.79999923706055,37.8068733215332,20300
2018-10-12,44.52000045776367,44.810001373291016,42.72999954223633,43.38999938964844,37.45297622680664,19600
2018-10-15,43.349998474121094,43.97999954223633,42.810001373291016,43.529998779296875,37.573814392089844,5100
2018-10-16,43.630001068115234,44.16999816894531,43.0099983215332,44.08000183105469,38.04856491088867,12200
2018-10-17,44.119998931884766,44.97999954223633,43.310001373291016,44.709999084472656,38.59236526489258,15400
2018-10-18,45.099998474121094,45.959999084472656,43.75,44.43000030517578,38.35067367553711,19200
2018-10-19,44.439998626708984,45.77000045776367,43.16999816894531,43.29999923706055,37.37528610229492,18000
2018-10-22,43.33000183105469,43.95000076293945,42.11000061035156,42.88999938964844,37.02139663696289,16400
2018-10-23,42.310001373291016,42.939998626708984,42.16999816894531,42.2599983215332,36.47759246826172,17200
2018-10-24,42.209999084472656,42.2599983215332,40.290000915527344,40.47999954223633,34.9411506652832,12100
2018-10-25,40.900001525878906,42.619998931884766,40.900001525878906,41.91999816894531,36.184112548828125,18500
2018-10-26,41.5,43.7400016784668,41.29999923706055,43.0099983215332,37.124977111816406,25800
2018-10-29,43.529998779296875,44.34000015258789,43.09000015258789,43.79999923706055,37.8068733215332,10900
2018-10-30,43.91999816894531,44.88999938964844,43.72999954223633,44.33000183105469,38.26436233520508,14000
2018-10-31,44.400001525878906,45.66999816894531,44.400001525878906,44.869998931884766,38.73047637939453,23500
2018-11-01,44.939998626708984,45.97999954223633,44.939998626708984,45.79999923706055,39.53321075439453,21600
2018-11-02,46.099998474121094,46.70000076293945,45.189998626708984,46.40999984741211,40.059757232666016,10200
2018-11-05,46.599998474121094,46.599998474121094,44.349998474121094,44.91999816894531,38.77363204956055,16600
2018-11-06,45.029998779296875,46.099998474121094,44.59000015258789,45.61000061035156,39.36922073364258,6100
2018-11-07,45.81999969482422,46.650001525878906,45.18000030517578,45.689998626708984,39.43826675415039,10900
2018-11-08,45.61000061035156,46.54999923706055,45.209999084472656,46.290000915527344,39.956172943115234,7700
2018-11-09,45.81999969482422,46.68000030517578,45.0,45.31999969482422,39.118900299072266,9400
2018-11-12,45.29999923706055,46.25,45.27000045776367,45.68000030517578,39.42963409423828,9200
2018-11-13,45.68000030517578,45.68000030517578,45.0,45.06999969482422,38.903106689453125,8800
2018-11-14,45.380001068115234,45.970001220703125,44.45000076293945,44.81999969482422,38.68731689453125,10900
2018-11-15,44.58000183105469,45.099998474121094,44.150001525878906,44.66999816894531,38.557838439941406,7400
2018-11-16,44.43000030517578,46.040000915527344,44.34000015258789,45.779998779296875,39.51594543457031,26500
2018-11-19,45.720001220703125,45.720001220703125,44.09000015258789,44.2599983215332,38.203941345214844,12900
2018-11-20,43.650001525878906,44.29999923706055,42.7599983215332,43.18000030517578,37.27171325683594,13600
2018-11-21,43.02000045776367,44.13999938964844,42.90999984741211,43.900001525878906,37.89320373535156,12800
2018-11-23,43.689998626708984,44.13999938964844,43.27000045776367,44.13999938964844,38.1003532409668,4100
2018-11-26,44.13999938964844,44.54999923706055,43.79999923706055,44.209999084472656,38.1607780456543,8600
2018-11-27,43.720001220703125,44.40999984741211,42.86000061035156,43.27000045776367,37.349403381347656,15400
2018-11-28,43.060001373291016,44.25,43.060001373291016,44.0,37.97951126098633,8300
2018-11-29,44.0,44.22999954223633,43.630001068115234,43.70000076293945,37.72056198120117,8200
2018-11-30,43.560001373291016,44.0,43.220001220703125,43.27000045776367,37.349403381347656,27300
2018-12-03,43.84000015258789,43.84000015258789,42.290000915527344,42.75,36.90055465698242,19200
2018-12-04,42.58000183105469,43.4900016784668,40.34000015258789,40.61000061035156,35.05336380004883,25100
2018-12-06,40.060001373291016,40.959999084472656,39.529998779296875,40.41999816894531,34.88935852050781,38400
2018-12-07,40.11000061035156,41.95000076293945,40.11000061035156,41.81999969482422,36.09779739379883,23100
2018-12-10,41.86000061035156,41.86000061035156,39.540000915527344,40.18000030517578,34.682193756103516,39700
2018-12-11,40.220001220703125,41.22999954223633,39.81999969482422,40.599998474121094,35.04473114013672,14200
2018-12-12,40.95000076293945,41.40999984741211,39.790000915527344,40.75,35.1742057800293,13800
2018-12-13,40.77000045776367,40.77000045776367,39.34000015258789,40.560001373291016,35.01020431518555,12800
2018-12-14,40.560001373291016,40.599998474121094,39.619998931884766,40.36000061035156,34.83757019042969,11500
2018-12-17,40.33000183105469,40.33000183105469,39.31999969482422,39.70000076293945,34.26787185668945,31800
2018-12-18,39.93000030517578,40.77000045776367,39.540000915527344,40.47999954223633,34.9411506652832,20900
2018-12-19,40.7599983215332,41.41999816894531,39.15999984741211,39.86000061035156,34.405982971191406,24500
2018-12-20,39.540000915527344,40.47999954223633,38.08000183105469,38.619998931884766,33.53927993774414,45900
2018-12-21,38.65999984741211,39.310001373291016,38.349998474121094,38.849998474121094,33.73902130126953,50100
2018-12-24,38.709999084472656,38.97999954223633,35.220001220703125,36.099998474121094,31.350807189941406,22400
2018-12-26,36.189998626708984,37.900001525878906,35.16999816894531,37.33000183105469,32.41898727416992,19800
2018-12-27,36.720001220703125,37.529998779296875,36.459999084472656,36.86000061035156,32.01081848144531,18100
2018-12-28,37.099998474121094,37.970001220703125,36.650001525878906,37.150001525878906,32.26267623901367,27400
2018-12-31,37.310001373291016,39.84000015258789,37.310001373291016,38.720001220703125,33.626121520996094,17900
2019-01-02,38.619998931884766,39.66999816894531,37.779998779296875,39.56999969482422,34.36429977416992,38900
2019-01-03,39.27000045776367,39.79999923706055,38.43000030517578,39.0099983215332,33.87797164916992,25100
2019-01-04,39.689998626708984,40.29999923706055,38.470001220703125,39.91999816894531,34.66825485229492,14700
2019-01-07,39.72999954223633,40.540000915527344,39.560001373291016,40.40999984741211,35.09379959106445,37300
2019-01-08,40.650001525878906,41.31999969482422,40.0,41.31999969482422,35.88407516479492,13000
2019-01-09,41.369998931884766,41.72999954223633,40.560001373291016,41.689998626708984,36.20540237426758,4000
2019-01-10,41.45000076293945,41.59000015258789,41.04999923706055,41.43000030517578,35.97960662841797,11400
2019-01-11,41.25,41.369998931884766,39.63999938964844,40.54999923706055,35.21537780761719,14700
2019-01-14,40.220001220703125,40.279998779296875,39.41999816894531,40.0099983215332,34.74641418457031,16100
2019-01-15,39.939998626708984,40.86000061035156,39.31999969482422,40.150001525878906,34.868003845214844,9900
2019-01-16,40.18000030517578,41.0,39.65999984741211,40.18000030517578,34.89405059814453,30700
2019-01-17,39.869998931884766,41.88999938964844,39.63999938964844,40.38999938964844,35.07642364501953,37400
2019-01-18,40.380001068115234,42.310001373291016,40.02000045776367,40.5,35.17195129394531,45300
2019-01-22,40.029998779296875,43.04999923706055,39.18000030517578,39.5,34.30351638793945,30000
2019-01-23,39.619998931884766,40.529998779296875,38.560001373291016,39.2400016784668,34.07772445678711,27100
2019-01-24,39.11000061035156,41.0,38.650001525878906,39.560001373291016,34.355621337890625,23800
2019-01-25,39.90999984741211,42.599998474121094,39.90999984741211,41.81999969482422,36.318294525146484,21100
2019-01-28,41.29999923706055,41.29999923706055,39.84000015258789,39.84000015258789,34.598785400390625,23000
2019-01-29,40.16999816894531,41.77000045776367,39.869998931884766,40.84000015258789,35.46722412109375,21700
2019-01-30,40.88999938964844,41.65999984741211,40.810001373291016,41.25,35.823280334472656,11600
2019-01-31,41.150001525878906,41.90999984741211,40.90999984741211,41.689998626708984,36.20540237426758,13600
2019-02-01,41.68000030517578,41.68000030517578,40.290000915527344,41.220001220703125,35.79723358154297,15700
2019-02-04,41.15999984741211,41.5099983215332,40.90999984741211,41.31999969482422,35.88407516479492,10200
2019-02-05,41.630001068115234,41.7400016784668,41.08000183105469,41.130001068115234,35.71908187866211,7800
2019-02-06,41.150001525878906,41.4900016784668,40.84000015258789,41.40999984741211,35.96223068237305,18800
2019-02-07,41.31999969482422,41.5,40.90999984741211,40.93000030517578,35.54538345336914,5700
2019-02-08,40.849998474121094,42.400001525878906,40.849998474121094,42.29999923706055,36.73515701293945,24900
2019-02-11,42.45000076293945,42.93000030517578,42.45000076293945,42.5,36.90882873535156,10800
2019-02-12,42.70000076293945,43.20000076293945,42.630001068115234,42.970001220703125,37.3170051574707,15100
2019-02-13,43.119998931884766,43.79999923706055,43.099998474121094,43.5,37.77729034423828,14000
2019-02-14,43.25,44.439998626708984,43.25,44.279998779296875,38.454673767089844,19400
2019-02-15,44.529998779296875,44.880001068115234,43.5099983215332,44.54999923706055,38.689151763916016,14600
2019-02-19,44.31999969482422,45.41999816894531,44.31999969482422,45.20000076293945,39.25363540649414,11900
2019-02-20,45.0,45.20000076293945,44.150001525878906,44.189998626708984,38.37650680541992,7800
2019-02-21,44.470001220703125,45.04999923706055,44.02000045776367,44.470001220703125,38.61967468261719,6100
2019-02-22,44.65999984741211,45.54999923706055,44.380001068115234,45.16999816894531,39.22758483886719,24000
2019-02-25,44.0,45.81999969482422,44.0,44.130001068115234,38.32440185546875,18800
2019-02-26,44.380001068115234,45.779998779296875,44.279998779296875,45.0,39.0799446105957,40300
2019-02-27,44.75,45.79999923706055,44.59000015258789,44.86000061035156,38.958370208740234,9400
2019-02-28,44.95000076293945,45.59000015258789,44.220001220703125,45.2400016784668,39.28837966918945,9800
2019-03-01,43.720001220703125,45.15999984741211,43.720001220703125,45.0,39.0799446105957,5600
2019-03-04,44.97999954223633,44.97999954223633,44.040000915527344,44.529998779296875,38.67177963256836,29200
2019-03-05,44.650001525878906,44.95000076293945,44.36000061035156,44.88999938964844,38.98442077636719,3600
2019-03-06,44.86000061035156,44.86000061035156,43.0099983215332,43.040000915527344,37.37779998779297,15500
2019-03-07,43.04999923706055,43.75,41.77000045776367,41.83000183105469,36.32699203491211,17400
2019-03-08,41.83000183105469,43.09000015258789,40.900001525878906,42.0,36.47461700439453,20100
2019-03-11,41.900001525878906,43.599998474121094,41.810001373291016,43.220001220703125,37.53411865234375,17900
2019-03-12,43.02000045776367,43.79999923706055,43.0,43.04999923706055,37.38648986816406,15200
2019-03-13,43.58000183105469,43.88999938964844,43.189998626708984,43.54999923706055,37.82070541381836,10100
2019-03-14,43.25,43.88999938964844,43.25,43.88999938964844,38.34843826293945,10100
2019-03-15,43.849998474121094,44.75,43.84000015258789,44.68000030517578,39.03870391845703,45800
2019-03-18,44.41999816894531,44.880001068115234,44.349998474121094,44.5,38.88142776489258,18200
2019-03-19,44.5,44.75,44.099998474121094,44.2400016784668,38.65425491333008,18600
2019-03-20,43.90999984741211,44.33000183105469,43.58000183105469,43.58000183105469,38.07758712768555,7700
2019-03-21,43.5099983215332,43.83000183105469,42.97999954223633,43.02000045776367,37.58830261230469,14800
2019-03-22,42.90999984741211,43.09000015258789,40.29999923706055,40.29999923706055,35.21171188354492,19900
2019-03-25,40.61000061035156,42.77000045776367,40.5,41.7599983215332,36.48737716674805,19900
2019-03-26,41.959999084472656,43.310001373291016,41.91999816894531,43.29999923706055,37.83293151855469,26300
2019-03-27,42.970001220703125,43.529998779296875,42.720001220703125,43.29999923706055,37.83293151855469,15300
2019-03-28,43.15999984741211,44.0,43.15999984741211,43.900001525878906,38.35719299316406,7400
2019-03-29,44.13999938964844,44.869998931884766,43.77000045776367,44.720001220703125,39.07365036010742,45800
2019-04-01,44.63999938964844,45.45000076293945,44.11000061035156,45.36000061035156,39.632843017578125,35700
2019-04-02,45.369998931884766,45.369998931884766,44.54999923706055,44.720001220703125,39.07365036010742,5900
2019-04-03,44.619998931884766,44.619998931884766,44.06999969482422,44.5,38.88142776489258,7700
2019-04-04,44.400001525878906,45.20000076293945,43.68000030517578,44.52000045776367,38.89889907836914,13300
2019-04-05,44.849998474121094,46.36000061035156,44.849998474121094,46.25,40.41047286987305,10700
2019-04-08,45.970001220703125,46.560001373291016,45.31999969482422,45.59000015258789,39.833797454833984,24800
2019-04-09,45.56999969482422,45.72999954223633,45.08000183105469,45.25,39.5367317199707,29000
2019-04-10,45.0099983215332,46.560001373291016,45.0099983215332,46.439998626708984,40.57647705078125,15000
2019-04-11,46.400001525878906,46.5099983215332,45.63999938964844,46.040000915527344,40.226993560791016,12600
2019-04-12,46.400001525878906,46.790000915527344,45.97999954223633,46.34000015258789,40.48910140991211,9600
2019-04-15,46.099998474121094,46.33000183105469,45.7599983215332,45.79999923706055,40.017276763916016,8400
2019-04-16,45.91999816894531,46.66999816894531,45.91999816894531,46.54999923706055,40.67259216308594,7600
2019-04-17,46.400001525878906,46.68000030517578,45.380001068115234,46.5,40.62890625,9600
2019-04-18,46.31999969482422,46.790000915527344,45.47999954223633,46.63999938964844,40.75122833251953,10000
2019-04-22,46.529998779296875,46.790000915527344,45.540000915527344,45.90999984741211,40.113399505615234,9200
2019-04-23,45.83000183105469,46.880001068115234,45.790000915527344,46.70000076293945,40.80364990234375,12200
2019-04-24,46.650001525878906,46.650001525878906,45.90999984741211,46.04999923706055,40.2357177734375,5900
2019-04-25,45.31999969482422,46.189998626708984,45.0,45.33000183105469,39.60663604736328,9100
2019-04-26,45.29999923706055,46.4900016784668,45.20000076293945,46.369998931884766,40.51531219482422,9000
2019-04-29,46.369998931884766,47.709999084472656,46.369998931884766,47.459999084472656,41.46769332885742,7800
2019-04-30,47.59000015258789,48.0,46.75,47.2599983215332,41.292945861816406,35900
2019-05-01,47.0099983215332,49.0,46.400001525878906,48.5,42.37638854980469,65000
2019-05-02,48.279998779296875,48.939998626708984,48.0,48.060001373291016,41.991939544677734,10500
2019-05-03,48.540000915527344,49.0,48.20000076293945,48.9900016784668,42.80452346801758,13200
2019-05-06,48.459999084472656,48.9900016784668,48.459999084472656,48.970001220703125,42.787052154541016,10200
2019-05-07,48.34000015258789,48.95000076293945,48.34000015258789,48.70000076293945,42.5511360168457,15900
2019-05-08,48.18000030517578,49.310001373291016,48.18000030517578,49.119998931884766,42.9181022644043,25400
2019-05-09,48.900001525878906,48.9900016784668,48.349998474121094,48.84000015258789,42.6734504699707,14900
2019-05-10,48.099998474121094,49.2400016784668,48.09000015258789,48.7400016784668,42.58609390258789,29800
2019-05-13,48.41999816894531,48.93000030517578,47.81999969482422,48.27000045776367,42.1754264831543,20700
2019-05-14,48.0,49.209999084472656,48.0,49.119998931884766,42.9181022644043,18400
2019-05-15,48.77000045776367,49.790000915527344,48.58000183105469,49.61000061035156,43.34624099731445,16500
2019-05-16,50.0,50.5,49.119998931884766,49.47999954223633,43.2326545715332,27200
2019-05-17,49.20000076293945,49.959999084472656,48.72999954223633,48.79999923706055,42.63849639892578,21400
2019-05-20,48.38999938964844,49.220001220703125,48.130001068115234,48.41999816894531,42.30648422241211,22500
2019-05-21,48.65999984741211,49.060001373291016,48.290000915527344,48.43000030517578,42.31521987915039,51800
2019-05-22,48.34000015258789,49.5,47.83000183105469,47.97999954223633,41.92203903198242,29700
2019-05-23,47.599998474121094,47.88999938964844,46.310001373291016,47.099998474121094,41.15315628051758,27000
2019-05-24,47.29999923706055,49.22999954223633,47.18000030517578,48.22999954223633,42.140472412109375,21300
2019-05-28,48.290000915527344,48.5,47.4900016784668,47.65999984741211,41.64243698120117,46200
2019-05-29,47.38999938964844,48.209999084472656,46.68000030517578,47.70000076293945,41.677398681640625,24500
2019-05-30,47.29999923706055,47.84000015258789,46.119998931884766,46.290000915527344,40.4454231262207,19400
2019-05-31,46.0,46.5,45.33000183105469,45.84000015258789,40.0522346496582,23100
2019-06-03,45.72999954223633,46.470001220703125,44.83000183105469,46.41999816894531,40.55900573730469,30000
2019-06-04,47.45000076293945,47.75,46.13999938964844,47.45000076293945,41.45895767211914,22600
2019-06-05,46.81999969482422,47.779998779296875,46.2400016784668,46.599998474121094,40.716270446777344,16200
2019-06-06,46.0,46.54999923706055,45.599998474121094,46.38999938964844,40.53278732299805,13400
2019-06-07,46.560001373291016,46.79999923706055,45.790000915527344,46.529998779296875,40.65511703491211,14700
2019-06-10,46.959999084472656,46.959999084472656,45.68000030517578,45.83000183105469,40.04351043701172,43100
2019-06-11,46.20000076293945,46.20000076293945,45.27000045776367,45.689998626708984,39.92117691040039,12200
2019-06-12,45.349998474121094,47.33000183105469,45.349998474121094,47.11000061035156,41.161888122558594,13900
2019-06-13,47.15999984741211,47.75,46.95000076293945,47.119998931884766,41.170623779296875,12000
2019-06-14,47.130001068115234,47.470001220703125,45.900001525878906,46.27000045776367,40.427947998046875,11800
2019-06-17,46.70000076293945,47.09000015258789,46.02000045776367,46.790000915527344,40.88228988647461,19000
2019-06-18,47.13999938964844,47.66999816894531,45.61000061035156,46.22999954223633,40.39299011230469,61700
2019-06-19,46.2400016784668,46.56999969482422,45.83000183105469,46.290000915527344,40.4454231262207,9300
2019-06-20,46.959999084472656,46.959999084472656,46.0099983215332,46.04999923706055,40.46650314331055,11400
2019-06-21,45.720001220703125,47.540000915527344,45.720001220703125,47.439998626708984,41.68797302246094,55500
2019-06-24,47.439998626708984,47.869998931884766,47.04999923706055,47.38999938964844,41.6440315246582,26800
2019-06-25,47.18000030517578,47.66999816894531,47.119998931884766,47.529998779296875,41.76706314086914,18100
2019-06-26,47.310001373291016,47.77000045776367,47.15999984741211,47.470001220703125,41.71434020996094,14200
2019-06-27,47.75,48.79999923706055,47.65999984741211,48.79999923706055,42.88307571411133,18800
2019-06-28,48.79999923706055,50.59000015258789,48.79999923706055,49.75,43.717891693115234,70000
2019-07-01,49.83000183105469,50.25,49.439998626708984,50.060001373291016,43.99030303955078,29000
2019-07-02,52.68000030517578,52.68000030517578,49.79999923706055,50.40999984741211,44.2978630065918,18600
2019-07-03,51.52000045776367,51.900001525878906,50.560001373291016,50.939998626708984,44.76359939575195,5600
2019-07-05,50.90999984741211,51.4900016784668,50.90999984741211,51.4900016784668,45.24691390991211,9400
2019-07-08,51.43000030517578,51.43000030517578,49.34000015258789,50.060001373291016,43.99030303955078,17000
2019-07-09,49.959999084472656,50.68000030517578,49.95000076293945,50.209999084472656,44.12211608886719,12300
2019-07-10,50.84000015258789,51.650001525878906,49.66999816894531,49.79999923706055,43.7618293762207,13900
2019-07-11,49.959999084472656,51.349998474121094,49.939998626708984,51.18000030517578,44.974517822265625,23700
2019-07-12,51.40999984741211,51.709999084472656,50.43000030517578,50.619998931884766,44.48240280151367,24400
2019-07-15,50.790000915527344,50.790000915527344,49.5,49.650001525878906,43.63001251220703,8600
2019-07-16,49.16999816894531,49.290000915527344,48.63999938964844,48.9900016784668,43.05003356933594,11800
2019-07-17,48.93000030517578,49.11000061035156,48.31999969482422,48.810001373291016,42.8918571472168,12100
2019-07-18,48.70000076293945,49.43000030517578,48.279998779296875,49.150001525878906,43.190643310546875,16500
2019-07-19,48.7400016784668,49.84000015258789,47.54999923706055,48.2599983215332,42.408546447753906,22100
2019-07-22,48.380001068115234,48.84000015258789,45.70000076293945,45.70000076293945,40.1589469909668,72200
2019-07-23,45.9900016784668,47.41999816894531,45.9900016784668,46.91999816894531,41.231021881103516,22900
2019-07-24,47.150001525878906,48.150001525878906,46.619998931884766,48.04999923706055,42.22401428222656,22600
2019-07-25,47.68000030517578,48.599998474121094,47.040000915527344,47.040000915527344,41.336463928222656,23300
2019-07-26,47.0,49.0099983215332,47.0,48.58000183105469,42.68975067138672,31500
2019-07-29,48.31999969482422,49.36000061035156,47.970001220703125,48.130001068115234,42.294315338134766,20200
2019-07-30,48.2599983215332,49.45000076293945,48.220001220703125,48.95000076293945,43.014888763427734,21300
2019-07-31,48.970001220703125,49.7599983215332,47.77000045776367,47.77000045776367,41.97795867919922,34900
2019-08-01,47.86000061035156,49.130001068115234,46.66999816894531,47.119998931884766,41.406776428222656,19300
2019-08-02,46.689998626708984,47.400001525878906,46.4900016784668,47.25,41.520999908447266,15500
2019-08-05,46.439998626708984,46.439998626708984,44.040000915527344,44.880001068115234,39.43837356567383,29700
2019-08-06,45.029998779296875,45.97999954223633,44.2599983215332,45.290000915527344,39.79865646362305,32800
2019-08-07,44.630001068115234,45.290000915527344,44.38999938964844,44.54999923706055,39.14838409423828,19200
2019-08-08,45.04999923706055,46.470001220703125,44.81999969482422,45.59000015258789,40.06228256225586,25800
2019-08-09,45.5099983215332,46.0099983215332,45.27000045776367,45.33000183105469,39.833805084228516,13100
2019-08-12,44.970001220703125,45.310001373291016,44.130001068115234,44.45000076293945,39.060516357421875,13100
2019-08-13,44.41999816894531,45.119998931884766,44.20000076293945,44.61000061035156,39.20110321044922,18100
2019-08-14,43.90999984741211,43.90999984741211,42.689998626708984,43.22999954223633,37.98843002319336,13600
2019-08-15,43.31999969482422,43.31999969482422,42.15999984741211,42.54999923706055,37.3908805847168,14900
2019-08-16,42.810001373291016,43.790000915527344,42.810001373291016,43.08000183105469,37.856632232666016,26700
2019-08-19,43.900001525878906,44.189998626708984,43.47999954223633,43.869998931884766,38.55082702636719,14700
2019-08-20,43.70000076293945,43.70000076293945,42.9900016784668,43.09000015258789,37.86540603637695,11000
2019-08-21,42.97999954223633,43.709999084472656,42.779998779296875,43.349998474121094,38.09387969970703,20700
2019-08-22,43.4900016784668,44.61000061035156,43.470001220703125,43.4900016784668,38.21691131591797,19600
2019-08-23,43.88999938964844,44.52000045776367,42.08000183105469,42.209999084472656,37.092105865478516,37800
2019-08-26,42.689998626708984,43.290000915527344,42.349998474121094,43.290000915527344,38.041160583496094,8800
2019-08-27,43.5,44.040000915527344,41.84000015258789,42.400001525878906,37.259071350097656,14900
2019-08-28,42.29999923706055,42.90999984741211,42.0099983215332,42.4900016784668,37.33815383911133,13500
2019-08-29,42.91999816894531,43.5,41.52000045776367,41.7599983215332,36.696659088134766,24400
2019-08-30,41.959999084472656,42.58000183105469,41.810001373291016,42.45000076293945,37.303001403808594,13200
2019-09-03,42.25,42.25,40.790000915527344,41.09000015258789,36.107906341552734,13200
2019-09-04,41.40999984741211,41.40999984741211,40.72999954223633,41.119998931884766,36.13426971435547,7700
2019-09-05,41.40999984741211,42.7400016784668,41.40999984741211,42.20000076293945,37.083316802978516,13600
2019-09-06,42.34000015258789,42.34000015258789,41.290000915527344,41.349998474121094,36.33637619018555,11000
2019-09-09,41.779998779296875,42.58000183105469,41.02000045776367,42.43000030517578,37.28543472290039,36300
2019-09-10,42.2599983215332,43.540000915527344,41.540000915527344,43.220001220703125,37.979637145996094,27200
2019-09-11,43.25,45.400001525878906,43.150001525878906,45.060001373291016,39.5965461730957,20200
2019-09-12,44.970001220703125,44.970001220703125,43.79999923706055,44.529998779296875,39.13080978393555,27900
2019-09-13,44.599998474121094,45.689998626708984,44.20000076293945,44.93000030517578,39.48230743408203,23500
2019-09-16,44.599998474121094,45.15999984741211,44.560001373291016,44.900001525878906,39.45594787597656,23500
2019-09-17,44.33000183105469,44.56999969482422,43.959999084472656,44.36000061035156,38.981422424316406,14700
2019-09-18,44.38999938964844,45.0099983215332,44.06999969482422,44.720001220703125,39.29777145385742,19300
2019-09-19,44.56999969482422,45.5099983215332,43.7599983215332,43.7599983215332,38.68252182006836,23400
2019-09-20,43.70000076293945,46.349998474121094,43.0099983215332,45.13999938964844,39.90239715576172,65400
2019-09-23,44.709999084472656,44.95000076293945,43.599998474121094,43.86000061035156,38.77091598510742,22000
2019-09-24,44.0,44.0,42.75,42.77000045776367,37.807403564453125,93700
2019-09-25,42.77000045776367,43.68000030517578,42.77000045776367,43.34000015258789,38.3112678527832,27800
2019-09-26,43.310001373291016,43.540000915527344,42.630001068115234,42.88999938964844,37.91346740722656,16000
2019-09-27,43.34000015258789,43.470001220703125,43.08000183105469,43.20000076293945,38.18750762939453,15300
2019-09-30,43.560001373291016,43.90999984741211,43.33000183105469,43.45000076293945,38.40849304199219,40900
2019-10-01,43.869998931884766,44.11000061035156,42.13999938964844,42.459999084472656,37.53336715698242,17100
2019-10-02,42.25,42.61000061035156,41.900001525878906,42.61000061035156,37.665958404541016,16500
2019-10-03,42.25,42.5,41.75,42.22999954223633,37.330055236816406,10400
2019-10-04,42.33000183105469,42.93000030517578,42.099998474121094,42.65999984741211,37.71015548706055,19800
2019-10-07,42.61000061035156,43.0,42.45000076293945,42.54999923706055,37.61292266845703,18200
2019-10-08,42.209999084472656,42.33000183105469,41.77000045776367,41.810001373291016,36.95879364013672,15600
2019-10-09,42.15999984741211,42.529998779296875,41.810001373291016,42.2599983215332,37.356571197509766,20700
2019-10-10,42.33000183105469,42.7599983215332,42.22999954223633,42.2599983215332,37.356571197509766,11600
2019-10-11,42.900001525878906,43.90999984741211,42.900001525878906,43.20000076293945,38.18750762939453,12200
2019-10-14,43.040000915527344,43.27000045776367,42.689998626708984,42.900001525878906,37.92231369018555,9900
2019-10-15,42.95000076293945,43.83000183105469,42.4900016784668,43.20000076293945,38.18750762939453,19300
2019-10-16,43.939998626708984,44.0,43.18000030517578,43.439998626708984,38.39965057373047,14400
2019-10-17,43.849998474121094,44.029998779296875,42.939998626708984,43.130001068115234,38.125633239746094,16300
2019-10-18,42.77000045776367,43.779998779296875,41.18000030517578,42.599998474121094,37.65711212158203,47000
2019-10-21,42.650001525878906,44.720001220703125,42.650001525878906,44.400001525878906,39.24826431274414,21900
2019-10-22,44.38999938964844,45.369998931884766,44.38999938964844,44.66999816894531,39.48694610595703,10600
2019-10-23,44.65999984741211,45.29999923706055,44.2599983215332,44.439998626708984,39.283626556396484,6000
2019-10-24,45.68000030517578,45.68000030517578,43.56999969482422,43.689998626708984,38.62065124511719,11200
2019-10-25,43.65999984741211,44.29999923706055,43.65999984741211,44.16999816894531,39.044952392578125,4900
2019-10-28,44.25,44.529998779296875,43.869998931884766,43.880001068115234,38.788604736328125,8600
2019-10-29,43.869998931884766,44.79999923706055,43.869998931884766,44.310001373291016,39.16870880126953,7900
2019-10-30,44.45000076293945,45.0,44.189998626708984,44.79999923706055,39.60185241699219,8700
2019-10-31,44.470001220703125,44.61000061035156,43.47999954223633,44.470001220703125,39.310150146484375,15300
2019-11-01,44.619998931884766,45.099998474121094,44.529998779296875,44.779998779296875,39.58417510986328,16100
2019-11-04,45.0099983215332,45.77000045776367,44.93000030517578,45.650001525878906,40.353233337402344,12300
2019-11-05,45.72999954223633,46.869998931884766,45.36000061035156,46.16999816894531,40.81288528442383,18300
2019-11-06,46.150001525878906,46.66999816894531,45.63999938964844,46.220001220703125,40.85709762573242,23700
2019-11-07,46.81999969482422,46.86000061035156,46.31999969482422,46.529998779296875,41.13112258911133,9800
2019-11-08,45.5,46.91999816894531,45.5,46.4900016784668,41.095767974853516,15100
2019-11-11,46.4900016784668,46.81999969482422,46.04999923706055,46.560001373291016,41.15764617919922,9900
2019-11-12,46.560001373291016,47.0,46.41999816894531,46.79999923706055,41.369808197021484,10600
2019-11-13,46.56999969482422,46.81999969482422,45.869998931884766,46.41999816894531,41.03388214111328,20700
2019-11-14,46.2599983215332,46.70000076293945,45.720001220703125,45.790000915527344,40.476993560791016,11200
2019-11-15,46.040000915527344,47.150001525878906,45.459999084472656,45.849998474121094,40.530029296875,11700
2019-11-18,45.84000015258789,46.13999938964844,45.380001068115234,45.52000045776367,40.23831558227539,6600
2019-11-19,45.13999938964844,46.529998779296875,45.13999938964844,45.83000183105469,40.51234817504883,12400
2019-11-20,45.38999938964844,46.36000061035156,45.38999938964844,45.619998931884766,40.32670974731445,24700
2019-11-21,45.75,45.79999923706055,44.9900016784668,45.04999923706055,39.822845458984375,15800
2019-11-22,45.27000045776367,45.689998626708984,44.7400016784668,45.09000015258789,39.85821533203125,11700
2019-11-25,45.45000076293945,46.689998626708984,45.43000030517578,46.209999084472656,40.8482551574707,13300
2019-11-26,46.38999938964844,46.83000183105469,45.5099983215332,45.599998474121094,40.30903244018555,25700
2019-11-27,45.9900016784668,46.0,45.38999938964844,45.81999969482422,40.50351333618164,13100
2019-11-29,45.900001525878906,46.5099983215332,45.68000030517578,46.20000076293945,40.83941650390625,8300
2019-12-02,46.150001525878906,46.150001525878906,45.18000030517578,45.18000030517578,39.93775939941406,8800
2019-12-03,44.869998931884766,45.33000183105469,43.849998474121094,44.43000030517578,39.2747917175293,14700
2019-12-04,44.15999984741211,44.88999938964844,43.58000183105469,44.20000076293945,39.07147216796875,30300
2019-12-05,44.45000076293945,45.029998779296875,44.33000183105469,44.630001068115234,39.45158004760742,10800
2019-12-06,45.27000045776367,45.31999969482422,44.66999816894531,45.029998779296875,39.805171966552734,26800
2019-12-09,45.34000015258789,46.310001373291016,44.61000061035156,46.13999938964844,40.78636169433594,26400
2019-12-10,45.68000030517578,47.25,45.68000030517578,47.25,41.767581939697266,28400
2019-12-11,47.31999969482422,47.54999923706055,46.9900016784668,47.20000076293945,41.723388671875,18000
2019-12-12,47.29999923706055,48.31999969482422,47.02000045776367,47.709999084472656,42.1742057800293,30100
2019-12-13,47.83000183105469,48.459999084472656,47.439998626708984,48.34000015258789,42.731109619140625,22100
2019-12-16,48.86000061035156,49.54999923706055,48.720001220703125,49.04999923706055,43.358726501464844,14000
2019-12-17,49.61000061035156,49.61000061035156,48.45000076293945,48.869998931884766,43.19962692260742,21300
2019-12-18,48.97999954223633,48.97999954223633,46.54999923706055,47.849998474121094,42.29795837402344,29000
2019-12-19,47.09000015258789,47.52000045776367,46.88999938964844,47.52000045776367,42.23930358886719,23900
2019-12-20,47.18000030517578,47.66999816894531,46.38999938964844,46.560001373291016,41.385986328125,58200
2019-12-23,46.70000076293945,47.09000015258789,46.47999954223633,46.869998931884766,41.661537170410156,12900
2019-12-24,46.529998779296875,46.689998626708984,45.54999923706055,46.45000076293945,41.2882080078125,12000
2019-12-26,46.40999984741211,47.4900016784668,46.25,46.900001525878906,41.68818664550781,10500
2019-12-27,47.09000015258789,47.15999984741211,46.5099983215332,46.54999923706055,41.3770866394043,34700
2019-12-30,46.70000076293945,46.95000076293945,45.25,46.7400016784668,41.545982360839844,12400
2019-12-31,46.41999816894531,46.97999954223633,46.09000015258789,46.79999923706055,41.59931182861328,9800
2020-01-02,46.5099983215332,46.900001525878906,46.150001525878906,46.66999816894531,41.48375701904297,11700
2020-01-03,46.209999084472656,46.81999969482422,45.40999984741211,46.16999816894531,41.039306640625,15800
2020-01-06,45.95000076293945,46.560001373291016,45.900001525878906,46.349998474121094,41.19930648803711,15000
2020-01-07,46.34000015258789,46.93000030517578,46.08000183105469,46.439998626708984,41.27931594848633,8900
2020-01-08,46.61000061035156,47.060001373291016,46.5099983215332,46.599998474121094,41.421539306640625,9900
2020-01-09,46.720001220703125,47.16999816894531,46.16999816894531,46.25,41.11042404174805,12000
2020-01-10,46.33000183105469,46.33000183105469,45.08000183105469,45.08000183105469,40.07046127319336,11900
2020-01-13,45.25,45.43000030517578,44.900001525878906,45.369998931884766,40.328216552734375,6300
2020-01-14,45.25,45.25,44.61000061035156,44.619998931884766,39.661556243896484,20200
2020-01-15,44.630001068115234,44.79999923706055,44.0,44.5,39.55489730834961,30200
2020-01-16,44.400001525878906,45.83000183105469,44.400001525878906,45.7400016784668,40.657108306884766,25100
2020-01-17,46.15999984741211,46.15999984741211,45.5,45.63999938964844,40.568214416503906,19200
2020-01-21,45.459999084472656,45.59000015258789,44.38999938964844,44.400001525878906,39.466007232666016,19800
2020-01-22,44.400001525878906,44.7400016784668,43.70000076293945,44.209999084472656,39.297122955322266,13800
2020-01-23,44.84000015258789,45.90999984741211,42.560001373291016,43.63999938964844,38.790470123291016,32000
2020-01-24,43.86000061035156,44.959999084472656,43.86000061035156,44.70000076293945,39.73267364501953,18600
2020-01-27,43.97999954223633,45.20000076293945,43.97999954223633,44.560001373291016,39.60823059082031,17300
2020-01-28,44.31999969482422,44.810001373291016,44.060001373291016,44.47999954223633,39.53712463378906,13000
2020-01-29,44.560001373291016,44.560001373291016,43.38999938964844,43.70000076293945,38.84380340576172,10500
2020-01-30,43.47999954223633,44.099998474121094,43.0,43.779998779296875,38.91490936279297,13200
2020-01-31,43.52000045776367,43.52000045776367,41.5,41.900001525878906,37.24382781982422,20400
2020-02-03,41.97999954223633,42.7599983215332,41.97999954223633,42.5,37.77714920043945,17700
2020-02-04,42.79999923706055,43.13999938964844,41.5099983215332,41.529998779296875,36.91493606567383,29300
2020-02-05,41.970001220703125,43.08000183105469,41.970001220703125,42.380001068115234,37.67047882080078,25400
2020-02-06,42.400001525878906,42.88999938964844,41.90999984741211,42.630001068115234,37.8927001953125,19300
2020-02-07,42.349998474121094,42.650001525878906,42.349998474121094,42.41999816894531,37.70603561401367,17200
2020-02-10,42.130001068115234,42.540000915527344,42.0,42.220001220703125,37.52827072143555,11400
2020-02-11,42.45000076293945,42.630001068115234,42.060001373291016,42.400001525878906,37.688270568847656,11600
2020-02-12,42.619998931884766,42.900001525878906,42.08000183105469,42.56999969482422,37.83937072753906,16400
2020-02-13,42.130001068115234,42.779998779296875,42.029998779296875,42.779998779296875,38.02603530883789,16900
2020-02-14,42.720001220703125,42.849998474121094,42.09000015258789,42.349998474121094,37.64381408691406,10100
2020-02-18,42.0,42.209999084472656,41.720001220703125,41.86000061035156,37.20826721191406,6500
2020-02-19,41.900001525878906,42.11000061035156,41.61000061035156,41.83000183105469,37.18160629272461,6900
2020-02-20,41.709999084472656,42.0099983215332,41.58000183105469,41.88999938964844,37.234928131103516,6100
2020-02-21,41.939998626708984,42.09000015258789,41.650001525878906,41.83000183105469,37.18160629272461,10600
2020-02-24,41.040000915527344,41.66999816894531,40.65999984741211,40.9900016784668,36.4349479675293,13100
2020-02-25,41.04999923706055,41.220001220703125,39.099998474121094,39.380001068115234,35.00386428833008,20600
2020-02-26,39.529998779296875,40.2400016784668,38.459999084472656,38.97999954223633,34.6483154296875,19100
2020-02-27,38.38999938964844,38.38999938964844,36.54999923706055,36.9900016784668,32.87946319580078,26300
2020-02-28,35.97999954223633,36.59000015258789,35.029998779296875,35.7400016784668,31.768369674682617,35100
2020-03-02,36.4900016784668,37.7400016784668,35.970001220703125,37.7400016784668,33.546112060546875,35000
2020-03-03,37.849998474121094,38.38999938964844,35.720001220703125,36.099998474121094,32.08835220336914,20500
2020-03-04,36.25,37.34000015258789,35.599998474121094,37.34000015258789,33.19055938720703,28400
2020-03-05,36.41999816894531,36.59000015258789,34.529998779296875,35.869998931884766,31.8839168548584,29300
2020-03-06,34.599998474121094,36.29999923706055,34.599998474121094,35.5,31.555030822753906,22100
2020-03-09,33.029998779296875,35.84000015258789,31.399999618530273,32.0099983215332,28.452857971191406,76500
2020-03-10,33.47999954223633,36.630001068115234,33.47999954223633,35.91999816894531,31.92835235595703,64700
2020-03-11,35.16999816894531,36.779998779296875,34.400001525878906,35.5,31.555030822753906,71300
2020-03-12,33.529998779296875,34.810001373291016,30.530000686645508,31.190000534057617,27.72398567199707,69000
2020-03-13,32.0,34.220001220703125,32.0,34.220001220703125,30.417274475097656,46200
2020-03-16,28.5,32.720001220703125,28.5,30.670000076293945,27.261770248413086,56200
2020-03-17,30.979999542236328,35.47999954223633,30.969999313354492,35.290000915527344,31.368371963500977,66200
2020-03-18,33.58000183105469,34.18000030517578,30.510000228881836,30.510000228881836,27.119548797607422,63900
2020-03-19,30.049999237060547,33.9900016784668,29.219999313354492,33.290000915527344,29.870630264282227,48700
2020-03-20,33.459999084472656,35.88999938964844,28.100000381469727,28.18000030517578,25.28550148010254,81700
2020-03-23,28.3700008392334,30.0,27.469999313354492,29.729999542236328,26.676288604736328,62900
2020-03-24,31.190000534057617,32.36000061035156,27.68000030517578,30.68000030517578,27.52871322631836,43400
2020-03-25,30.459999084472656,31.600000381469727,29.09000015258789,29.489999771118164,26.46094512939453,30300
2020-03-26,30.010000228881836,32.369998931884766,29.43000030517578,30.700000762939453,27.546661376953125,23700
2020-03-27,29.610000610351562,32.709999084472656,29.350000381469727,30.18000030517578,27.08007049560547,37900
2020-03-30,30.549999237060547,32.77000045776367,30.170000076293945,32.77000045776367,29.40403938293457,42700
2020-03-31,32.58000183105469,33.029998779296875,30.510000228881836,33.029998779296875,29.63733673095703,74400
2020-04-01,32.099998474121094,32.56999969482422,29.270000457763672,29.3799991607666,26.36223793029785,46500
2020-04-02,29.1200008392334,31.6200008392334,28.809999465942383,30.280000686645508,27.1697998046875,30000
2020-04-03,29.75,30.389999389648438,27.75,28.280000686645508,25.375225067138672,43000
2020-04-06,29.0,29.700000762939453,28.31999969482422,29.6200008392334,26.577590942382812,36500
2020-04-07,30.389999389648438,30.799999237060547,28.15999984741211,29.0,26.021270751953125,51200
2020-04-08,29.149999618530273,30.520000457763672,29.149999618530273,30.479999542236328,27.349254608154297,36500
2020-04-09,30.719999313354492,34.400001525878906,30.719999313354492,34.400001525878906,30.866613388061523,40500
2020-04-13,34.2599983215332,34.2599983215332,30.8700008392334,31.549999237060547,28.30935287475586,26500
2020-04-14,32.63999938964844,33.41999816894531,31.059999465942383,31.459999084472656,28.228595733642578,36000
2020-04-15,30.299999237060547,32.02000045776367,28.639999389648438,29.200000762939453,26.20073127746582,40600
2020-04-16,29.200000762939453,30.579999923706055,27.559999465942383,28.15999984741211,25.26755142211914,42700
2020-04-17,29.110000610351562,32.7599983215332,29.110000610351562,31.239999771118164,28.031190872192383,38700
2020-04-20,30.010000228881836,31.8700008392334,30.010000228881836,30.600000381469727,27.45693016052246,34300
2020-04-21,29.360000610351562,32.29999923706055,29.360000610351562,30.200000762939453,27.0980167388916,34300
2020-04-22,30.299999237060547,31.450000762939453,29.709999084472656,30.459999084472656,27.331308364868164,32000
2020-04-23,29.639999389648438,32.2400016784668,28.809999465942383,31.15999984741211,27.959409713745117,40800
2020-04-24,30.979999542236328,31.760000228881836,30.25,31.389999389648438,28.16578483581543,21000
2020-04-27,31.399999618530273,33.790000915527344,31.399999618530273,33.27000045776367,29.85268783569336,32200
2020-04-28,34.16999816894531,34.25,32.279998779296875,33.0,29.610416412353516,37900
2020-04-29,33.97999954223633,36.84000015258789,33.97999954223633,35.81999969482422,32.1407585144043,37200
2020-04-30,34.869998931884766,35.02000045776367,32.869998931884766,33.33000183105469,29.906517028808594,34800
2020-05-01,32.0099983215332,32.84000015258789,31.079999923706055,32.84000015258789,29.46684455871582,41100
2020-05-04,32.439998626708984,33.130001068115234,31.0,32.220001220703125,28.910533905029297,40800
2020-05-05,32.75,33.29999923706055,30.100000381469727,30.649999618530273,27.50179100036621,28000
2020-05-06,30.90999984741211,30.90999984741211,29.209999084472656,29.690000534057617,26.640399932861328,21000
2020-05-07,30.40999984741211,30.489999771118164,28.299999237060547,29.43000030517578,26.407106399536133,42400
2020-05-08,30.3799991607666,32.09000015258789,29.850000381469727,31.920000076293945,28.641347885131836,34700
2020-05-11,31.209999084472656,31.209999084472656,30.149999618530273,30.360000610351562,27.241580963134766,44000
2020-05-12,30.610000610351562,30.610000610351562,28.75,28.799999237060547,25.841815948486328,34300
2020-05-13,28.799999237060547,29.360000610351562,28.09000015258789,28.520000457763672,25.590576171875,39000
2020-05-14,28.0,28.75,27.049999237060547,28.540000915527344,25.608518600463867,44600
2020-05-15,28.420000076293945,29.149999618530273,28.010000228881836,28.920000076293945,25.949491500854492,27900
2020-05-18,30.299999237060547,30.969999313354492,29.420000076293945,30.690000534057617,27.537687301635742,50100
2020-05-19,30.239999771118164,30.530000686645508,28.5,28.700000762939453,25.752090454101562,32000
2020-05-20,29.43000030517578,31.6200008392334,29.43000030517578,30.899999618530273,27.72611427307129,30900
2020-05-21,31.3799991607666,31.530000686645508,30.610000610351562,30.84000015258789,27.672279357910156,13800
2020-05-22,30.790000915527344,31.290000915527344,30.010000228881836,30.6200008392334,27.47487449645996,19600
2020-05-26,31.969999313354492,33.0,31.8700008392334,32.83000183105469,29.45787239074707,23700
2020-05-27,33.790000915527344,35.0,33.2599983215332,34.810001373291016,31.234498977661133,27600
2020-05-28,35.25,35.40999984741211,33.2400016784668,33.33000183105469,29.906517028808594,35000
2020-05-29,33.029998779296875,33.029998779296875,31.84000015258789,32.04999923706055,28.75798988342285,49300
2020-06-01,32.290000915527344,33.02000045776367,31.90999984741211,31.969999313354492,28.68621063232422,30900
2020-06-02,32.54999923706055,32.720001220703125,30.760000228881836,31.639999389648438,28.390104293823242,14700
2020-06-03,32.369998931884766,34.2599983215332,31.969999313354492,34.08000183105469,30.579484939575195,17000
2020-06-04,33.2400016784668,34.16999816894531,33.189998626708984,33.5099983215332,30.06802749633789,14200
2020-06-05,35.54999923706055,36.900001525878906,34.959999084472656,36.29999923706055,32.57146072387695,50400
2020-06-08,37.04999923706055,37.43000030517578,36.45000076293945,37.189998626708984,33.37003707885742,27000
2020-06-09,36.40999984741211,36.900001525878906,35.29999923706055,36.04999923706055,32.34713363647461,20700
2020-06-10,35.7599983215332,35.7599983215332,33.43000030517578,33.66999816894531,30.211593627929688,19000
2020-06-11,31.959999084472656,32.0099983215332,30.520000457763672,31.079999923706055,27.88762664794922,37500
2020-06-12,32.779998779296875,32.779998779296875,30.799999237060547,32.220001220703125,28.910533905029297,23800
2020-06-15,30.93000030517578,32.72999954223633,30.68000030517578,32.61000061035156,29.260475158691406,34800
2020-06-16,34.150001525878906,34.150001525878906,32.2599983215332,33.459999084472656,30.023164749145508,29500
2020-06-17,33.290000915527344,33.29999923706055,32.06999969482422,32.36000061035156,29.036148071289062,21600
2020-06-18,31.559999465942383,32.68000030517578,31.559999465942383,31.940000534057617,28.91484260559082,18500
2020-06-19,32.439998626708984,32.439998626708984,31.079999923706055,32.310001373291016,29.249799728393555,51400
2020-06-22,31.600000381469727,32.119998931884766,31.600000381469727,32.04999923706055,29.014419555664062,23200
2020-06-23,32.7400016784668,32.7400016784668,31.559999465942383,31.579999923706055,28.588939666748047,20000
2020-06-24,31.479999542236328,31.56999969482422,30.68000030517578,30.68000030517578,27.774181365966797,25800
2020-06-25,30.489999771118164,32.02000045776367,30.25,31.729999542236328,28.7247314453125,36500
2020-06-26,31.34000015258789,31.34000015258789,29.979999542236328,31.010000228881836,28.07292366027832,63500
2020-06-29,30.920000076293945,32.380001068115234,30.920000076293945,32.060001373291016,29.02347755432129,22000
2020-06-30,31.700000762939453,33.02000045776367,31.700000762939453,32.709999084472656,29.611913681030273,21700
2020-07-01,32.90999984741211,32.90999984741211,31.040000915527344,31.040000915527344,28.10008430480957,23700
2020-07-02,32.029998779296875,32.029998779296875,30.790000915527344,31.100000381469727,28.154401779174805,17400
2020-07-06,31.200000762939453,31.770000457763672,30.510000228881836,31.059999465942383,28.11819076538086,15000
2020-07-07,30.56999969482422,30.790000915527344,29.6200008392334,29.829999923706055,27.00468635559082,21800
2020-07-08,29.969999313354492,30.329999923706055,29.1299991607666,29.530000686645508,26.733102798461914,29300
2020-07-09,29.25,29.860000610351562,28.65999984741211,28.68000030517578,25.963611602783203,37300
2020-07-10,28.860000610351562,30.079999923706055,28.799999237060547,30.079999923706055,27.231008529663086,12500
2020-07-13,30.540000915527344,30.940000534057617,29.770000457763672,30.40999984741211,27.52975082397461,21600
2020-07-14,30.440000534057617,30.649999618530273,29.850000381469727,30.360000610351562,27.4844913482666,17900
2020-07-15,31.200000762939453,32.0,30.059999465942383,31.6299991607666,28.634204864501953,35600
2020-07-16,31.440000534057617,31.709999084472656,30.950000762939453,31.5,28.51651382446289,19700
2020-07-17,31.229999542236328,33.0,30.190000534057617,31.950000762939453,28.92389678955078,32000
2020-07-20,31.850000381469727,32.38999938964844,30.389999389648438,30.56999969482422,27.674596786499023,17500
2020-07-21,31.15999984741211,32.0,31.059999465942383,31.700000762939453,28.69757080078125,16800
2020-07-22,31.239999771118164,31.3700008392334,30.260000228881836,30.5,27.611228942871094,19500
2020-07-23,30.420000076293945,31.5,30.420000076293945,31.290000915527344,28.326404571533203,24300
2020-07-24,31.479999542236328,31.610000610351562,30.649999618530273,30.790000915527344,27.873764038085938,18000
2020-07-27,30.709999084472656,31.8799991607666,30.709999084472656,31.530000686645508,28.543670654296875,33800
2020-07-28,31.700000762939453,32.2400016784668,31.299999237060547,31.299999237060547,28.335460662841797,18000
2020-07-29,31.84000015258789,32.25,31.290000915527344,32.20000076293945,29.150218963623047,23000
2020-07-30,31.65999984741211,31.65999984741211,30.510000228881836,30.65999984741211,27.756074905395508,26600
2020-07-31,30.700000762939453,31.020000457763672,29.920000076293945,30.219999313354492,27.357749938964844,38900
2020-08-03,30.25,30.81999969482422,30.25,30.81999969482422,27.900920867919922,15800
2020-08-04,30.950000762939453,30.979999542236328,30.350000381469727,30.75,27.837549209594727,19700
2020-08-05,30.65999984741211,31.399999618530273,30.65999984741211,31.139999389648438,28.19061279296875,18900
2020-08-06,31.299999237060547,31.3700008392334,30.75,30.940000534057617,28.00955581665039,7200
2020-08-07,31.200000762939453,32.56999969482422,31.079999923706055,32.310001373291016,29.249799728393555,16700
2020-08-10,32.349998474121094,33.4900016784668,32.349998474121094,32.790000915527344,29.684337615966797,15700
2020-08-11,33.40999984741211,34.040000915527344,33.33000183105469,33.349998474121094,30.1912899017334,16800
2020-08-12,34.04999923706055,34.04999923706055,32.7400016784668,33.4900016784668,30.31804084777832,11500
2020-08-13,33.099998474121094,33.099998474121094,32.4900016784668,32.619998931884766,29.530439376831055,11600
2020-08-14,32.2400016784668,32.66999816894531,32.209999084472656,32.310001373291016,29.249799728393555,13500
2020-08-17,32.56999969482422,32.779998779296875,31.889999389648438,31.90999984741211,28.887685775756836,24100
2020-08-18,31.760000228881836,32.2400016784668,30.610000610351562,30.719999313354492,27.810394287109375,28000
2020-08-19,30.889999389648438,31.3799991607666,30.65999984741211,31.079999923706055,28.136295318603516,20200
2020-08-20,30.760000228881836,31.1299991607666,30.389999389648438,30.719999313354492,27.810394287109375,18400
2020-08-21,30.40999984741211,30.420000076293945,29.440000534057617,29.860000610351562,27.031848907470703,33400
2020-08-24,30.100000381469727,31.260000228881836,30.06999969482422,31.260000228881836,28.299245834350586,18200
2020-08-25,31.639999389648438,31.739999771118164,31.209999084472656,31.700000762939453,28.69757080078125,15500
2020-08-26,31.3799991607666,31.3799991607666,30.299999237060547,30.299999237060547,27.430171966552734,15800
2020-08-27,30.610000610351562,31.260000228881836,30.610000610351562,30.989999771118164,28.054819107055664,15700
2020-08-28,30.940000534057617,31.209999084472656,30.489999771118164,30.959999084472656,28.027658462524414,15000
2020-08-31,30.8700008392334,31.010000228881836,30.440000534057617,30.760000228881836,27.84660530090332,31600
2020-09-01,30.81999969482422,31.350000381469727,30.639999389648438,31.18000030517578,28.22682762145996,21300
2020-09-02,30.969999313354492,31.329999923706055,30.670000076293945,31.329999923706055,28.36261558532715,16300
2020-09-03,31.1299991607666,31.43000030517578,30.809999465942383,31.100000381469727,28.154401779174805,16100
2020-09-04,31.489999771118164,31.6200008392334,31.139999389648438,31.3700008392334,28.39883041381836,15000
2020-09-08,31.299999237060547,31.860000610351562,30.68000030517578,31.809999465942383,28.79715919494629,29600
2020-09-09,31.8799991607666,32.40999984741211,31.8799991607666,32.220001220703125,29.168323516845703,30300
2020-09-10,32.2599983215332,32.720001220703125,32.099998474121094,32.369998931884766,29.304113388061523,28800
2020-09-11,32.540000915527344,32.619998931884766,31.229999542236328,31.360000610351562,28.389780044555664,26200
2020-09-14,31.40999984741211,31.920000076293945,31.3799991607666,31.780000686645508,28.770000457763672,16600
2020-09-15,31.790000915527344,33.20000076293945,31.239999771118164,31.350000381469727,28.380722045898438,17100
2020-09-16,31.549999237060547,32.02000045776367,30.790000915527344,31.110000610351562,28.163454055786133,39500
2020-09-17,30.649999618530273,30.950000762939453,30.270000457763672,30.290000915527344,27.675546646118164,26000
2020-09-18,30.709999084472656,30.709999084472656,29.65999984741211,30.399999618530273,27.776050567626953,67100
2020-09-21,29.739999771118164,29.770000457763672,28.149999618530273,28.450000762939453,25.994365692138672,38100
2020-09-22,28.5,28.950000762939453,27.940000534057617,28.09000015258789,25.665435791015625,29200
2020-09-23,28.09000015258789,28.940000534057617,27.350000381469727,27.399999618530273,25.03499412536621,24600
2020-09-24,27.639999389648438,28.350000381469727,27.5,27.81999969482422,25.418739318847656,19500
2020-09-25,27.56999969482422,28.190000534057617,27.56999969482422,28.049999237060547,25.628889083862305,17200
2020-09-28,28.15999984741211,28.920000076293945,28.15999984741211,28.450000762939453,25.994365692138672,16800
2020-09-29,28.559999465942383,28.56999969482422,27.690000534057617,28.149999618530273,25.720258712768555,24400
2020-09-30,28.540000915527344,28.6299991607666,27.979999542236328,28.15999984741211,25.729393005371094,14800
2020-10-01,28.309999465942383,28.6299991607666,27.219999313354492,27.979999542236328,25.564929962158203,24200
2020-10-02,28.290000915527344,29.06999969482422,27.799999237060547,28.959999084472656,26.460342407226562,23200
2020-10-05,29.200000762939453,30.3799991607666,29.030000686645508,30.3799991607666,27.757774353027344,16000
2020-10-06,30.399999618530273,31.350000381469727,30.190000534057617,30.229999542236328,27.620725631713867,14900
2020-10-07,30.389999389648438,30.989999771118164,30.260000228881836,30.760000228881836,28.1049747467041,14700
2020-10-08,31.139999389648438,31.440000534057617,30.260000228881836,31.030000686645508,28.35167694091797,16300
2020-10-09,31.25,31.459999084472656,30.709999084472656,31.31999969482422,28.616641998291016,11500
2020-10-12,31.06999969482422,32.25,30.989999771118164,32.0099983215332,29.247081756591797,11000
2020-10-13,31.899999618530273,31.899999618530273,31.0,31.399999618530273,28.689739227294922,17600
2020-10-14,31.329999923706055,31.329999923706055,30.56999969482422,30.639999389648438,27.99533462524414,8400
2020-10-15,30.760000228881836,31.43000030517578,30.059999465942383,31.329999923706055,28.625778198242188,15800
2020-10-16,30.860000610351562,33.650001525878906,30.860000610351562,32.84000015258789,30.005443572998047,28200
2020-10-19,32.5099983215332,32.75,31.90999984741211,32.0099983215332,29.247081756591797,9000
2020-10-20,32.310001373291016,33.58000183105469,32.310001373291016,33.15999984741211,30.29782485961914,17400
2020-10-21,33.20000076293945,33.72999954223633,32.849998474121094,33.380001068115234,30.49883270263672,17500
2020-10-22,33.380001068115234,34.849998474121094,33.380001068115234,34.599998474121094,31.613534927368164,19900
2020-10-23,34.77000045776367,34.97999954223633,34.41999816894531,34.900001525878906,31.887645721435547,11800
2020-10-26,34.31999969482422,34.41999816894531,33.810001373291016,34.41999816894531,31.44906997680664,11800
2020-10-27,34.130001068115234,34.40999984741211,33.2599983215332,33.52000045776367,30.626752853393555,13900
2020-10-28,32.88999938964844,33.369998931884766,32.31999969482422,33.040000915527344,30.18818473815918,23800
2020-10-29,32.79999923706055,33.68000030517578,32.59000015258789,33.459999084472656,30.571929931640625,11400
2020-10-30,33.02000045776367,33.5099983215332,32.880001068115234,33.33000183105469,30.45315170288086,20400
2020-11-02,33.5,33.9900016784668,33.150001525878906,33.84000015258789,30.91913414001465,12500
2020-11-03,34.290000915527344,35.290000915527344,34.029998779296875,35.22999954223633,32.18915557861328,22000
2020-11-04,34.959999084472656,34.959999084472656,33.0,33.0099983215332,30.160768508911133,17900
2020-11-05,33.11000061035156,33.720001220703125,33.0099983215332,33.560001373291016,30.663293838500977,17600
2020-11-06,33.040000915527344,33.040000915527344,32.0,32.22999954223633,29.44809913635254,15700
2020-11-09,34.79999923706055,36.52000045776367,34.220001220703125,35.31999969482422,32.27138900756836,37100
2020-11-10,35.83000183105469,37.709999084472656,35.22999954223633,37.400001525878906,34.171852111816406,24200
2020-11-11,37.40999984741211,37.40999984741211,35.900001525878906,36.7599983215332,33.587100982666016,16200
2020-11-12,35.959999084472656,35.959999084472656,35.02000045776367,35.38999938964844,32.335350036621094,14100
2020-11-13,35.79999923706055,37.56999969482422,35.79999923706055,36.290000915527344,33.15766143798828,15900
2020-11-16,37.5,37.88999938964844,37.2599983215332,37.86000061035156,34.5921516418457,20200
2020-11-17,37.09000015258789,37.720001220703125,36.9900016784668,37.5,34.263221740722656,11400
2020-11-18,37.650001525878906,37.650001525878906,36.58000183105469,36.58000183105469,33.422630310058594,15600
2020-11-19,36.58000183105469,36.810001373291016,35.75,36.66999816894531,33.504859924316406,10800
2020-11-20,36.150001525878906,36.650001525878906,35.88999938964844,36.20000076293945,33.07543182373047,17000
2020-11-23,36.029998779296875,36.75,36.029998779296875,36.13999938964844,33.020606994628906,16600
2020-11-24,36.880001068115234,38.4900016784668,36.810001373291016,38.4900016784668,35.16777038574219,25900
2020-11-25,38.0,38.0,36.93000030517578,37.400001525878906,34.171852111816406,14200
2020-11-27,37.04999923706055,37.5,36.58000183105469,37.5,34.263221740722656,7800
2020-11-30,37.09000015258789,37.09000015258789,35.060001373291016,35.29999923706055,32.253108978271484,28600
2020-12-01,36.20000076293945,36.65999984741211,35.54999923706055,36.029998779296875,32.92009735107422,22500
2020-12-02,36.349998474121094,36.93000030517578,36.349998474121094,36.61000061035156,33.450035095214844,12800
2020-12-03,36.54999923706055,36.810001373291016,36.15999984741211,36.5099983215332,33.35866928100586,9800
2020-12-04,35.720001220703125,38.36000061035156,35.720001220703125,38.209999084472656,34.911930084228516,17300
2020-12-07,37.400001525878906,37.939998626708984,37.130001068115234,37.2400016784668,34.025657653808594,20900
2020-12-08,36.709999084472656,38.22999954223633,36.70000076293945,37.810001373291016,34.54646682739258,12200
2020-12-09,38.09000015258789,38.279998779296875,37.400001525878906,37.52000045776367,34.281494140625,18000
2020-12-10,37.33000183105469,37.77000045776367,36.880001068115234,37.310001373291016,34.08962631225586,18400
2020-12-11,36.88999938964844,37.439998626708984,36.529998779296875,36.529998779296875,33.376949310302734,28700
2020-12-14,36.79999923706055,38.0,36.790000915527344,36.790000915527344,33.614505767822266,28200
2020-12-15,37.0,38.380001068115234,36.91999816894531,38.02000045776367,34.738338470458984,29700
2020-12-16,37.75,38.5,37.66999816894531,38.06999969482422,34.784019470214844,21700
2020-12-17,37.849998474121094,38.08000183105469,37.15999984741211,37.75,34.75271987915039,19800
2020-12-18,37.93000030517578,38.099998474121094,36.470001220703125,36.470001220703125,33.57434844970703,82500
2020-12-21,36.349998474121094,36.959999084472656,35.310001373291016,36.099998474121094,33.23373031616211,25000
2020-12-22,35.970001220703125,36.56999969482422,35.52000045776367,35.81999969482422,32.97595977783203,29000
2020-12-23,35.79999923706055,36.560001373291016,35.5,36.400001525878906,33.509918212890625,21400
2020-12-24,36.33000183105469,36.4900016784668,36.31999969482422,36.349998474121094,33.4638786315918,2500
2020-12-28,36.70000076293945,36.900001525878906,36.29999923706055,36.29999923706055,33.417850494384766,7400
2020-12-29,36.5,36.5,35.279998779296875,35.81999969482422,32.97595977783203,22400
2020-12-30,35.720001220703125,35.939998626708984,35.56999969482422,35.63999938964844,32.81024932861328,10700
2020-12-31,35.459999084472656,36.36000061035156,35.459999084472656,36.06999969482422,33.206111907958984,12500
2021-01-04,36.2400016784668,36.2599983215332,35.47999954223633,35.68000030517578,32.847076416015625,18600
2021-01-05,35.81999969482422,36.4900016784668,35.7599983215332,36.18000030517578,33.307373046875,12200
2021-01-06,36.95000076293945,39.58000183105469,36.95000076293945,38.790000915527344,35.71015167236328,28900
2021-01-07,39.540000915527344,39.540000915527344,38.220001220703125,38.84000015258789,35.75617980957031,21400
2021-01-08,39.11000061035156,39.11000061035156,37.119998931884766,38.189998626708984,35.15778732299805,17100
2021-01-11,37.470001220703125,38.33000183105469,37.470001220703125,38.33000183105469,35.28666687011719,9600
2021-01-12,38.619998931884766,39.029998779296875,38.36000061035156,38.91999816894531,35.82982635498047,15700
2021-01-13,38.529998779296875,38.650001525878906,38.13999938964844,38.349998474121094,35.305076599121094,16500
2021-01-14,38.5,40.5099983215332,38.349998474121094,39.2599983215332,36.142826080322266,23200
2021-01-15,38.91999816894531,39.779998779296875,38.45000076293945,39.09000015258789,35.98633575439453,22400
2021-01-19,40.439998626708984,40.439998626708984,38.68000030517578,38.9900016784668,35.894264221191406,13500
2021-01-20,39.0,39.540000915527344,38.11000061035156,38.290000915527344,35.249847412109375,25800
2021-01-21,38.029998779296875,38.810001373291016,37.70000076293945,38.13999938964844,35.11175537109375,21500
2021-01-22,37.61000061035156,39.560001373291016,37.61000061035156,39.560001373291016,36.41901397705078,24900
2021-01-25,38.849998474121094,38.849998474121094,37.2599983215332,37.95000076293945,34.93684005737305,22100
2021-01-26,37.95000076293945,38.060001373291016,37.560001373291016,37.790000915527344,34.78954315185547,17000
2021-01-27,36.779998779296875,37.2599983215332,35.86000061035156,36.290000915527344,33.40864562988281,35000
2021-01-28,37.09000015258789,37.15999984741211,36.09000015258789,36.59000015258789,33.68482971191406,17900
2021-01-29,36.560001373291016,37.5,36.060001373291016,36.09000015258789,33.22452163696289,30700
2021-02-01,36.189998626708984,36.939998626708984,35.599998474121094,36.400001525878906,33.509918212890625,26500
2021-02-02,36.619998931884766,37.630001068115234,36.529998779296875,37.29999923706055,34.338443756103516,34000
2021-02-03,37.09000015258789,37.97999954223633,36.880001068115234,37.68000030517578,34.68828201293945,15300
2021-02-04,37.59000015258789,39.099998474121094,37.130001068115234,39.099998474121094,35.99552917480469,26600
2021-02-05,38.939998626708984,39.7599983215332,38.72999954223633,39.25,36.13362121582031,20600
2021-02-08,39.7599983215332,41.38999938964844,39.75,41.38999938964844,38.103702545166016,28000
2021-02-09,41.29999923706055,42.650001525878906,40.97999954223633,42.5099983215332,39.13479232788086,24000
2021-02-10,42.58000183105469,42.84000015258789,40.810001373291016,42.08000183105469,38.73893356323242,26900
2021-02-11,42.0,42.380001068115234,41.31999969482422,41.5099983215332,38.21418380737305,28300
2021-02-12,41.63999938964844,41.70000076293945,41.0,41.209999084472656,37.9379997253418,22000
2021-02-16,41.45000076293945,41.65999984741211,40.810001373291016,40.810001373291016,37.56976318359375,28700
2021-02-17,40.5099983215332,41.0,39.95000076293945,40.43000030517578,37.21994400024414,98300
2021-02-18,40.310001373291016,40.83000183105469,39.68000030517578,40.459999084472656,37.247554779052734,73700
2021-02-19,40.540000915527344,42.4900016784668,40.540000915527344,42.08000183105469,38.73893356323242,32500
2021-02-22,41.650001525878906,43.290000915527344,41.650001525878906,43.04999923706055,39.63190841674805,37300
2021-02-23,42.880001068115234,43.97999954223633,42.4900016784668,42.779998779296875,39.38335418701172,70400
2021-02-24,42.779998779296875,43.880001068115234,42.779998779296875,43.5,40.04618453979492,34100
2021-02-25,43.779998779296875,43.810001373291016,42.650001525878906,42.68000030517578,39.291290283203125,71800
2021-02-26,42.9900016784668,43.099998474121094,42.040000915527344,42.040000915527344,38.70210647583008,47400
2021-03-01,42.5099983215332,43.58000183105469,41.970001220703125,43.189998626708984,39.76079559326172,50300
2021-03-02,43.0,43.0,41.970001220703125,42.25,38.895423889160156,64700
2021-03-03,42.599998474121094,44.029998779296875,42.599998474121094,43.40999984741211,39.963321685791016,35200
2021-03-04,43.560001373291016,44.27000045776367,42.15999984741211,43.099998474121094,39.67793273925781,40700
2021-03-05,43.72999954223633,44.52000045776367,42.65999984741211,43.93000030517578,40.44204330444336,41900
2021-03-08,44.0,45.31999969482422,43.79999923706055,44.810001373291016,41.252166748046875,52000
2021-03-09,44.7599983215332,45.47999954223633,44.15999984741211,44.290000915527344,40.773460388183594,22100
2021-03-10,43.9900016784668,45.779998779296875,43.75,45.5099983215332,41.89659118652344,24000
2021-03-11,45.709999084472656,45.97999954223633,45.15999984741211,45.97999954223633,42.32927322387695,27700
2021-03-12,46.16999816894531,47.150001525878906,46.16999816894531,46.86000061035156,43.139408111572266,31000
2021-03-15,46.970001220703125,47.470001220703125,45.83000183105469,46.2400016784668,42.568634033203125,25300
2021-03-16,44.779998779296875,46.130001068115234,44.779998779296875,45.529998779296875,41.915000915527344,20000
2021-03-17,45.5099983215332,46.02000045776367,45.25,45.90999984741211,42.264827728271484,27600
2021-03-18,45.540000915527344,47.0,45.5,45.88999938964844,42.53175735473633,26200
2021-03-19,46.040000915527344,46.040000915527344,44.52000045776367,45.41999816894531,42.09614944458008,97100
2021-03-22,46.0,46.0,43.599998474121094,44.189998626708984,40.95615768432617,17700
2021-03-23,43.72999954223633,43.97999954223633,42.970001220703125,43.0,39.853248596191406,15200
2021-03-24,43.61000061035156,45.220001220703125,43.529998779296875,43.630001068115234,40.4371452331543,18000
2021-03-25,43.720001220703125,45.59000015258789,42.93000030517578,45.22999954223633,41.92005157470703,40500
2021-03-26,45.459999084472656,46.33000183105469,45.439998626708984,45.70000076293945,42.35565948486328,23900
2021-03-29,45.439998626708984,45.54999923706055,44.099998474121094,44.68000030517578,41.41030502319336,17000
2021-03-30,45.08000183105469,45.97999954223633,44.880001068115234,45.2400016784668,41.929325103759766,29500
2021-03-31,45.09000015258789,45.189998626708984,44.04999923706055,44.290000915527344,41.048851013183594,45400
2021-04-01,44.15999984741211,45.380001068115234,44.15999984741211,45.369998931884766,42.049808502197266,30100
2021-04-05,45.54999923706055,45.70000076293945,45.0,45.349998474121094,42.031272888183594,11300
2021-04-06,44.650001525878906,45.25,44.650001525878906,45.099998474121094,41.79956817626953,15300
2021-04-07,44.9900016784668,45.33000183105469,44.81999969482422,44.97999954223633,41.688350677490234,29600
2021-04-08,44.72999954223633,45.4900016784668,44.540000915527344,45.189998626708984,41.88298034667969,26000
2021-04-09,44.9900016784668,45.68000030517578,44.9900016784668,45.47999954223633,42.15176010131836,13800
2021-04-12,45.470001220703125,45.4900016784668,45.209999084472656,45.4900016784668,42.16102600097656,8000
2021-04-13,45.04999923706055,45.5099983215332,45.0,45.279998779296875,41.966400146484375,20100
2021-04-14,45.20000076293945,45.599998474121094,45.20000076293945,45.5,42.1702995300293,7400
2021-04-15,44.54999923706055,45.439998626708984,44.54999923706055,45.439998626708984,42.11468505859375,12400
2021-04-16,45.439998626708984,46.02000045776367,45.099998474121094,45.61000061035156,42.27225112915039,20400
2021-04-19,45.61000061035156,45.61000061035156,44.619998931884766,45.11000061035156,41.808841705322266,21200
2021-04-20,44.880001068115234,45.349998474121094,44.150001525878906,44.45000076293945,41.197139739990234,19900
2021-04-21,44.47999954223633,45.61000061035156,44.47999954223633,45.20000076293945,41.89225769042969,16100
2021-04-22,45.20000076293945,45.720001220703125,44.619998931884766,44.91999816894531,41.63274002075195,21000
2021-04-23,45.5,45.86000061035156,45.2599983215332,45.33000183105469,42.01274108886719,17900
2021-04-26,45.459999084472656,45.58000183105469,44.36000061035156,44.38999938964844,41.14152908325195,14000
2021-04-27,44.709999084472656,44.790000915527344,44.150001525878906,44.40999984741211,41.160064697265625,27700
2021-04-28,44.790000915527344,44.93000030517578,44.18000030517578,44.439998626708984,41.18785858154297,33800
2021-04-29,45.630001068115234,45.630001068115234,44.310001373291016,44.970001220703125,41.67908477783203,23400
2021-04-30,44.5,45.29999923706055,44.2400016784668,44.93000030517578,41.64201736450195,39800
2021-05-03,45.34000015258789,45.869998931884766,44.93000030517578,45.66999816894531,42.32785415649414,22500
2021-05-04,45.36000061035156,45.66999816894531,44.91999816894531,45.15999984741211,41.85518264770508,22000
2021-05-05,45.41999816894531,45.5099983215332,44.599998474121094,45.11000061035156,41.808841705322266,16600
2021-05-06,44.68000030517578,45.369998931884766,44.2599983215332,45.11000061035156,41.808841705322266,26900
2021-05-07,44.75,45.790000915527344,44.63999938964844,45.400001525878906,42.07761764526367,16000
2021-05-10,45.58000183105469,45.58000183105469,44.43000030517578,44.43000030517578,41.1786003112793,19200
2021-05-11,43.95000076293945,44.4900016784668,43.41999816894531,43.959999084472656,40.74299621582031,15200
2021-05-12,44.02000045776367,44.150001525878906,42.689998626708984,43.15999984741211,40.00153732299805,23700
2021-05-13,43.47999954223633,45.11000061035156,43.47999954223633,44.95000076293945,41.66054916381836,15800
2021-05-14,45.2599983215332,45.790000915527344,44.90999984741211,45.77000045776367,42.42053985595703,20600
2021-05-17,45.439998626708984,45.93000030517578,45.18000030517578,45.54999923706055,42.21664047241211,9300
2021-05-18,45.54999923706055,45.97999954223633,44.91999816894531,44.91999816894531,41.63274002075195,15300
2021-05-19,44.41999816894531,45.2400016784668,44.0099983215332,45.130001068115234,41.82737350463867,14300
2021-05-20,44.810001373291016,45.459999084472656,44.36000061035156,45.08000183105469,41.781036376953125,17600
2021-05-21,45.5,46.18000030517578,44.959999084472656,46.16999816894531,42.791263580322266,33200
2021-05-24,46.08000183105469,46.20000076293945,45.290000915527344,45.33000183105469,42.01274108886719,30500
2021-05-25,45.630001068115234,45.81999969482422,44.439998626708984,44.439998626708984,41.18785858154297,29400
2021-05-26,44.709999084472656,45.97999954223633,44.65999984741211,45.81999969482422,42.466880798339844,27400
2021-05-27,46.119998931884766,46.790000915527344,45.959999084472656,46.689998626708984,43.273216247558594,63200
2021-05-28,46.650001525878906,46.869998931884766,45.630001068115234,46.45000076293945,43.050777435302734,30100
2021-06-01,46.22999954223633,47.349998474121094,46.22999954223633,46.97999954223633,43.54198455810547,30900
2021-06-02,47.36000061035156,47.45000076293945,46.02000045776367,46.119998931884766,42.74492645263672,24200
2021-06-03,46.220001220703125,46.83000183105469,46.13999938964844,46.75,43.328819274902344,21000
2021-06-04,46.650001525878906,47.349998474121094,46.540000915527344,46.56999969482422,43.1619987487793,23500
2021-06-07,46.66999816894531,47.0,46.56999969482422,46.75,43.328819274902344,32400
2021-06-08,46.63999938964844,47.34000015258789,46.619998931884766,46.900001525878906,43.46784973144531,24000
2021-06-09,46.75,46.939998626708984,46.290000915527344,46.619998931884766,43.20833206176758,39700
2021-06-10,46.880001068115234,46.95000076293945,46.5,46.56999969482422,43.1619987487793,52300
2021-06-11,46.68000030517578,47.650001525878906,46.68000030517578,47.5,44.02393341064453,35800
2021-06-14,47.43000030517578,47.970001220703125,46.70000076293945,46.810001373291016,43.38442611694336,48600
2021-06-15,47.060001373291016,48.25,46.95000076293945,48.04999923706055,44.5336799621582,39500
2021-06-16,47.65999984741211,48.9900016784668,47.599998474121094,48.470001220703125,44.92295837402344,42200
2021-06-17,48.5,48.709999084472656,46.369998931884766,46.54999923706055,43.41936111450195,44700
2021-06-18,45.75,46.060001373291016,44.95000076293945,45.27000045776367,42.22544860839844,81500
2021-06-21,45.58000183105469,46.900001525878906,45.58000183105469,46.5099983215332,43.382057189941406,52300
2021-06-22,46.5099983215332,46.779998779296875,45.70000076293945,46.209999084472656,43.10222625732422,53600
2021-06-23,46.400001525878906,46.849998474121094,46.25,46.470001220703125,43.34474563598633,53000
2021-06-24,46.130001068115234,47.150001525878906,46.130001068115234,46.959999084472656,43.80179214477539,34600
2021-06-25,47.150001525878906,47.779998779296875,46.54999923706055,46.880001068115234,43.7271728515625,182300
2021-06-28,46.72999954223633,46.72999954223633,45.970001220703125,46.13999938964844,43.03693771362305,34000
2021-06-29,46.540000915527344,46.599998474121094,46.02000045776367,46.02000045776367,42.925010681152344,34700
2021-06-30,45.790000915527344,46.560001373291016,45.790000915527344,46.130001068115234,43.027610778808594,36000
2021-07-01,46.310001373291016,46.75,46.060001373291016,46.470001220703125,43.34474563598633,34100
2021-07-02,46.279998779296875,46.619998931884766,45.97999954223633,46.09000015258789,42.99030303955078,32500
2021-07-06,44.869998931884766,45.2400016784668,44.25,45.189998626708984,42.15082550048828,27200
2021-07-07,45.060001373291016,45.459999084472656,44.95000076293945,45.380001068115234,42.32805252075195,43600
2021-07-08,44.47999954223633,45.650001525878906,44.47999954223633,45.18000030517578,42.141502380371094,39000
2021-07-09,44.220001220703125,46.45000076293945,44.220001220703125,46.2599983215332,43.148868560791016,14800
2021-07-12,45.9900016784668,46.630001068115234,45.529998779296875,46.439998626708984,43.3167610168457,27300
2021-07-13,46.439998626708984,46.5099983215332,45.86000061035156,46.209999084472656,43.10222625732422,41900
2021-07-14,46.34000015258789,46.5099983215332,45.91999816894531,46.2400016784668,43.130210876464844,43300
2021-07-15,45.849998474121094,46.959999084472656,45.61000061035156,46.959999084472656,43.80179214477539,36200
2021-07-16,47.279998779296875,47.45000076293945,46.5099983215332,46.599998474121094,43.465999603271484,48900
2021-07-19,45.86000061035156,46.43000030517578,45.31999969482422,45.66999816894531,42.598548889160156,36300
2021-07-20,45.70000076293945,47.970001220703125,45.70000076293945,46.68000030517578,43.54062271118164,60900
2021-07-21,46.650001525878906,48.11000061035156,46.650001525878906,47.66999816894531,44.46403884887695,30900
2021-07-22,47.650001525878906,47.650001525878906,46.849998474121094,47.08000183105469,43.91372299194336,24400
2021-07-23,47.599998474121094,48.599998474121094,47.599998474121094,48.599998474121094,45.33149337768555,22700
2021-07-26,48.869998931884766,48.869998931884766,48.08000183105469,48.119998931884766,44.88377380371094,32200
2021-07-27,47.88999938964844,48.59000015258789,47.540000915527344,48.209999084472656,44.96772384643555,32900
2021-07-28,48.20000076293945,48.66999816894531,47.709999084472656,48.400001525878906,45.14494705200195,32000
2021-07-29,48.34000015258789,49.290000915527344,48.27000045776367,48.84000015258789,45.555355072021484,30200
2021-07-30,48.599998474121094,49.20000076293945,48.599998474121094,48.7599983215332,45.480735778808594,29800
2021-08-02,48.720001220703125,49.5099983215332,48.720001220703125,49.220001220703125,45.90979766845703,47300
2021-08-03,49.40999984741211,49.939998626708984,49.02000045776367,49.70000076293945,46.357521057128906,47000
2021-08-04,49.27000045776367,49.790000915527344,49.220001220703125,49.31999969482422,46.003074645996094,29300
2021-08-05,49.349998474121094,49.689998626708984,49.029998779296875,49.16999816894531,45.8631591796875,36000
2021-08-06,49.400001525878906,50.529998779296875,49.400001525878906,50.189998626708984,46.81455993652344,35500
2021-08-09,50.220001220703125,50.5,49.84000015258789,50.060001373291016,46.69330596923828,28600
2021-08-10,49.52000045776367,50.5,49.52000045776367,50.439998626708984,47.04774475097656,20300
2021-08-11,50.349998474121094,50.75,50.060001373291016,50.630001068115234,47.224971771240234,20900
2021-08-12,50.060001373291016,50.43000030517578,49.970001220703125,50.08000183105469,46.71195983886719,19100
2021-08-13,50.0,50.220001220703125,49.869998931884766,50.029998779296875,46.66532516479492,26100
2021-08-16,49.959999084472656,50.2400016784668,49.439998626708984,50.04999923706055,46.683982849121094,22000
2021-08-17,49.970001220703125,50.25,49.65999984741211,50.11000061035156,46.73994445800781,23900
2021-08-18,50.029998779296875,50.709999084472656,50.0,50.20000076293945,46.823890686035156,32900
2021-08-19,49.68000030517578,50.02000045776367,49.66999816894531,49.689998626708984,46.34819030761719,79700
2021-08-20,49.5,50.5,49.5,50.099998474121094,46.73061752319336,45800
2021-08-23,50.33000183105469,50.380001068115234,49.90999984741211,49.91999816894531,46.562721252441406,20400
2021-08-24,49.810001373291016,50.130001068115234,49.70000076293945,49.900001525878906,46.5440673828125,30700
2021-08-25,49.869998931884766,50.31999969482422,49.75,50.099998474121094,46.73061752319336,42600
2021-08-26,50.16999816894531,50.29999923706055,49.400001525878906,49.5,46.17096710205078,48000
2021-08-27,49.56999969482422,50.900001525878906,49.56999969482422,50.77000045776367,47.35555648803711,34100
2021-08-30,50.95000076293945,50.95000076293945,49.900001525878906,49.900001525878906,46.5440673828125,22100
2021-08-31,50.209999084472656,50.220001220703125,49.68000030517578,50.130001068115234,46.75859832763672,24200
2021-09-01,49.880001068115234,50.81999969482422,49.650001525878906,50.689998626708984,47.28092956542969,35000
2021-09-02,50.65999984741211,51.38999938964844,50.65999984741211,51.310001373291016,47.8592414855957,34600
2021-09-03,51.150001525878906,51.560001373291016,51.150001525878906,51.2400016784668,47.79395294189453,35900
2021-09-07,51.45000076293945,51.45000076293945,49.77000045776367,49.91999816894531,46.562721252441406,38300
2021-09-08,49.68000030517578,50.09000015258789,49.68000030517578,49.959999084472656,46.600032806396484,33300
2021-09-09,49.79999923706055,50.349998474121094,49.79999923706055,50.060001373291016,46.69330596923828,23000
2021-09-10,49.22999954223633,50.0,49.22999954223633,49.34000015258789,46.021732330322266,27100
2021-09-13,49.66999816894531,49.970001220703125,49.459999084472656,49.84000015258789,46.488101959228516,27200
2021-09-14,49.599998474121094,49.599998474121094,49.040000915527344,49.130001068115234,45.82584762573242,23500
2021-09-15,49.130001068115234,50.09000015258789,49.130001068115234,49.779998779296875,46.432132720947266,35500
2021-09-16,49.290000915527344,49.75,48.7599983215332,49.16999816894531,46.14868927001953,27200
2021-09-17,49.11000061035156,49.400001525878906,48.2599983215332,48.779998779296875,45.78265380859375,285800
2021-09-20,47.900001525878906,48.41999816894531,47.599998474121094,48.220001220703125,45.25706481933594,50800
2021-09-21,48.38999938964844,48.72999954223633,48.029998779296875,48.27000045776367,45.303993225097656,29800
2021-09-22,48.63999938964844,49.279998779296875,48.310001373291016,48.869998931884766,45.86712646484375,35000
2021-09-23,49.04999923706055,50.459999084472656,49.04999923706055,49.939998626708984,46.87137985229492,34200
2021-09-24,50.0,50.619998931884766,50.0,50.34000015258789,47.246803283691406,59900
2021-09-27,50.54999923706055,52.52000045776367,50.54999923706055,51.90999984741211,48.720333099365234,28200
2021-09-28,52.029998779296875,52.31999969482422,50.970001220703125,51.16999816894531,48.02579879760742,34400
2021-09-29,51.25,51.41999816894531,50.560001373291016,51.34000015258789,48.18535232543945,18900
2021-09-30,51.599998474121094,51.619998931884766,50.529998779296875,50.650001525878906,47.53775405883789,19500
2021-10-01,50.599998474121094,52.20000076293945,50.470001220703125,51.7599983215332,48.57954788208008,33800
2021-10-04,51.70000076293945,51.70000076293945,50.869998931884766,51.470001220703125,48.307369232177734,19200
2021-10-05,51.45000076293945,51.790000915527344,50.9900016784668,51.66999816894531,48.495079040527344,12800
2021-10-06,51.2599983215332,51.7599983215332,50.91999816894531,51.720001220703125,48.54200744628906,17000
2021-10-07,51.959999084472656,52.58000183105469,51.220001220703125,52.099998474121094,48.89865493774414,20600
2021-10-08,52.0,52.4900016784668,51.95000076293945,52.099998474121094,48.89865493774414,11600
2021-10-11,51.81999969482422,51.849998474121094,51.349998474121094,51.45000076293945,48.288597106933594,10300
2021-10-12,50.83000183105469,51.630001068115234,50.83000183105469,51.529998779296875,48.363677978515625,12300
2021-10-13,51.439998626708984,51.630001068115234,50.83000183105469,51.459999084472656,48.29798126220703,11900
2021-10-14,51.84000015258789,52.15999984741211,51.36000061035156,51.959999084472656,48.76725769042969,47600
2021-10-15,52.61000061035156,52.7400016784668,51.84000015258789,52.060001373291016,48.86111831665039,34100
2021-10-18,52.20000076293945,52.369998931884766,51.86000061035156,52.369998931884766,49.15205764770508,16100
2021-10-19,52.599998474121094,52.599998474121094,52.040000915527344,52.220001220703125,49.01128005981445,17900
2021-10-20,52.5,53.16999816894531,52.29999923706055,53.16999816894531,49.90290832519531,14200
2021-10-21,53.209999084472656,53.599998474121094,53.09000015258789,53.209999084472656,49.94044876098633,13900
2021-10-22,53.099998474121094,53.650001525878906,53.099998474121094,53.38999938964844,50.1093864440918,10400
2021-10-25,53.540000915527344,53.93000030517578,53.400001525878906,53.79999923706055,50.494197845458984,8000
2021-10-26,53.9900016784668,53.9900016784668,53.189998626708984,53.290000915527344,50.015533447265625,10900
2021-10-27,52.88999938964844,53.279998779296875,52.0,52.810001373291016,49.565032958984375,20000
2021-10-28,53.15999984741211,54.33000183105469,53.15999984741211,53.849998474121094,50.54113006591797,17000
2021-10-29,54.04999923706055,54.2400016784668,53.439998626708984,54.02000045776367,50.700679779052734,14300
2021-11-01,54.130001068115234,55.0,54.130001068115234,54.849998474121094,51.479671478271484,14200
2021-11-02,54.9900016784668,55.33000183105469,54.34000015258789,54.720001220703125,51.357666015625,16000
2021-11-03,54.720001220703125,56.75,54.720001220703125,56.22999954223633,52.77488327026367,17800
2021-11-04,55.25,56.310001373291016,55.25,55.83000183105469,52.39946365356445,15700
2021-11-05,56.349998474121094,57.619998931884766,55.959999084472656,57.06999969482422,53.56327438354492,25100
2021-11-08,57.16999816894531,57.619998931884766,56.34000015258789,57.209999084472656,53.694664001464844,14200
2021-11-09,56.720001220703125,56.77000045776367,55.369998931884766,56.349998474121094,52.887508392333984,16600
2021-11-10,56.54999923706055,56.95000076293945,56.0,56.70000076293945,53.21600341796875,11300
2021-11-11,56.779998779296875,57.20000076293945,56.279998779296875,56.47999954223633,53.009517669677734,10700
2021-11-12,56.56999969482422,56.56999969482422,55.869998931884766,56.0,52.559017181396484,4900
2021-11-15,55.95000076293945,55.95000076293945,55.290000915527344,55.540000915527344,52.12727737426758,11500
2021-11-16,55.83000183105469,56.040000915527344,55.400001525878906,55.54999923706055,52.13666534423828,12100
2021-11-17,55.2400016784668,55.709999084472656,54.81999969482422,55.709999084472656,52.28683090209961,15300
2021-11-18,55.5,55.54999923706055,54.97999954223633,55.54999923706055,52.13666534423828,16600
2021-11-19,55.0099983215332,55.25,54.63999938964844,54.63999938964844,51.28258514404297,35400
2021-11-22,55.040000915527344,56.22999954223633,55.040000915527344,55.56999969482422,52.15543746948242,42600
2021-11-23,56.09000015258789,56.470001220703125,54.79999923706055,55.68000030517578,52.2586784362793,22700
2021-11-24,55.400001525878906,56.029998779296875,55.27000045776367,55.5099983215332,52.09912109375,15600
2021-11-26,54.13999938964844,54.310001373291016,52.0,53.060001373291016,49.79966354370117,19200
2021-11-29,53.13999938964844,53.13999938964844,51.77000045776367,51.869998931884766,48.68278503417969,34200
2021-11-30,51.59000015258789,51.880001068115234,51.08000183105469,51.22999954223633,48.08211135864258,38900
2021-12-01,52.18000030517578,53.41999816894531,51.630001068115234,52.0,48.804805755615234,30500
2021-12-02,51.83000183105469,53.599998474121094,51.83000183105469,53.040000915527344,49.78090286254883,35400
2021-12-03,53.29999923706055,53.4900016784668,52.09000015258789,52.29999923706055,49.08636474609375,33200
2021-12-06,52.560001373291016,54.540000915527344,52.560001373291016,54.2400016784668,50.90716552734375,32200
2021-12-07,54.56999969482422,54.56999969482422,53.349998474121094,54.040000915527344,50.719451904296875,20500
2021-12-08,54.099998474121094,54.099998474121094,53.130001068115234,53.540000915527344,50.25017166137695,22600
2021-12-09,53.310001373291016,53.470001220703125,52.650001525878906,52.650001525878906,49.414859771728516,21900
2021-12-10,52.540000915527344,53.689998626708984,52.38999938964844,53.689998626708984,50.390953063964844,22500
2021-12-13,53.70000076293945,53.9900016784668,52.81999969482422,53.290000915527344,50.015533447265625,31600
2021-12-14,53.56999969482422,54.150001525878906,52.2400016784668,53.70000076293945,50.40034484863281,46900
2021-12-15,53.7400016784668,54.25,53.20000076293945,53.209999084472656,49.94044876098633,55900
2021-12-16,53.4900016784668,53.7599983215332,52.27000045776367,52.77000045776367,49.81583786010742,28600
2021-12-17,52.75,52.75,50.66999816894531,50.97999954223633,48.12604904174805,75700
2021-12-20,50.599998474121094,51.33000183105469,49.27000045776367,50.27000045776367,47.4557991027832,30700
2021-12-21,50.65999984741211,51.22999954223633,50.5,50.86000061035156,48.01276779174805,19400
2021-12-22,50.91999816894531,51.43000030517578,50.869998931884766,51.43000030517578,48.55085372924805,17300
2021-12-23,51.5,51.7599983215332,51.20000076293945,51.4900016784668,48.60750198364258,11500
2021-12-27,51.33000183105469,51.689998626708984,51.150001525878906,51.619998931884766,48.73021697998047,12600
2021-12-28,51.81999969482422,51.939998626708984,51.25,51.68000030517578,48.786861419677734,25700
2021-12-29,51.689998626708984,51.93000030517578,51.09000015258789,51.470001220703125,48.588619232177734,25600
2021-12-30,51.04999923706055,51.75,50.47999954223633,50.779998779296875,47.9372444152832,25300
2021-12-31,50.47999954223633,51.189998626708984,50.47999954223633,50.84000015258789,47.9938850402832,12500
2022-01-03,50.91999816894531,51.349998474121094,50.560001373291016,51.0,48.144927978515625,20300
2022-01-04,51.16999816894531,51.86000061035156,51.16999816894531,51.380001068115234,48.50365447998047,14400
2022-01-05,51.47999954223633,52.0,51.0099983215332,51.25,48.38093185424805,22900
2022-01-06,51.540000915527344,52.369998931884766,51.310001373291016,52.20000076293945,49.27775192260742,20400
2022-01-07,52.38999938964844,52.630001068115234,52.18000030517578,52.38999938964844,49.45711135864258,9700
2022-01-10,52.529998779296875,52.529998779296875,51.900001525878906,52.0,49.088951110839844,12400
2022-01-11,51.0099983215332,51.65999984741211,51.0099983215332,51.529998779296875,48.64525604248047,18200
2022-01-12,51.470001220703125,51.84000015258789,51.13999938964844,51.470001220703125,48.588619232177734,22300
2022-01-13,51.52000045776367,52.540000915527344,51.52000045776367,51.77000045776367,48.871822357177734,17700
2022-01-14,51.61000061035156,52.209999084472656,51.61000061035156,52.20000076293945,49.27775192260742,10900
2022-01-18,52.16999816894531,52.16999816894531,51.2400016784668,51.38999938964844,48.513099670410156,10300
2022-01-19,51.5,51.5,50.310001373291016,50.41999816894531,47.59739303588867,10800
2022-01-20,50.369998931884766,50.81999969482422,49.29999923706055,49.29999923706055,46.540096282958984,11500
2022-01-21,48.93000030517578,50.790000915527344,48.93000030517578,49.5099983215332,46.73834228515625,26200
2022-01-24,49.06999969482422,50.470001220703125,48.95000076293945,49.88999938964844,47.09706497192383,28100
2022-01-25,49.79999923706055,50.5,49.18000030517578,49.93000030517578,47.134830474853516,15300
2022-01-26,50.560001373291016,50.560001373291016,48.58000183105469,49.189998626708984,46.43625259399414,14700
2022-01-27,49.209999084472656,49.209999084472656,48.38999938964844,48.59000015258789,45.869842529296875,17000
2022-01-28,48.349998474121094,49.27000045776367,47.130001068115234,49.27000045776367,46.51177215576172,11800
2022-01-31,48.81999969482422,49.16999816894531,48.290000915527344,49.02000045776367,46.2757682800293,14300
2022-02-01,48.77000045776367,49.150001525878906,48.52000045776367,49.09000015258789,46.341854095458984,18900
2022-02-02,48.849998474121094,49.209999084472656,48.150001525878906,48.849998474121094,46.11528778076172,20800
2022-02-03,48.79999923706055,48.97999954223633,48.400001525878906,48.65999984741211,45.93592834472656,13100
2022-02-04,48.61000061035156,49.849998474121094,48.25,49.130001068115234,46.379615783691406,10800
2022-02-07,49.099998474121094,49.119998931884766,48.43000030517578,48.43000030517578,45.71879959106445,8500
2022-02-08,48.59000015258789,49.4900016784668,48.40999984741211,48.810001373291016,46.07752990722656,11800
2022-02-09,48.959999084472656,48.959999084472656,47.91999816894531,48.20000076293945,45.50167465209961,13600
2022-02-10,48.13999938964844,48.349998474121094,47.18000030517578,47.4900016784668,44.831417083740234,17000
2022-02-11,47.84000015258789,49.209999084472656,47.720001220703125,48.40999984741211,45.69992446899414,40700
2022-02-14,48.88999938964844,48.88999938964844,47.689998626708984,48.0099983215332,45.32231140136719,8000
2022-02-15,48.459999084472656,48.869998931884766,47.619998931884766,48.2599983215332,45.55831527709961,14500
2022-02-16,47.97999954223633,48.11000061035156,47.599998474121094,47.869998931884766,45.190147399902344,14400
2022-02-17,47.58000183105469,47.599998474121094,47.130001068115234,47.16999816894531,44.529335021972656,17200
2022-02-18,46.95000076293945,48.209999084472656,46.95000076293945,47.61000061035156,44.944705963134766,22700
2022-02-22,47.5099983215332,47.95000076293945,47.189998626708984,47.43000030517578,44.774784088134766,19000
2022-02-23,47.31999969482422,47.31999969482422,46.560001373291016,46.689998626708984,44.076210021972656,13300
2022-02-24,45.41999816894531,46.13999938964844,44.560001373291016,45.25,42.71682357788086,26800
2022-02-25,45.970001220703125,47.13999938964844,45.810001373291016,46.810001373291016,44.18949508666992,17300
2022-02-28,46.130001068115234,46.959999084472656,45.72999954223633,45.880001068115234,43.311553955078125,22900
2022-03-01,45.939998626708984,45.939998626708984,43.939998626708984,44.34000015258789,41.857765197753906,26300
2022-03-02,44.84000015258789,46.029998779296875,44.84000015258789,45.779998779296875,43.2171516418457,20300
2022-03-03,45.79999923706055,46.08000183105469,45.40999984741211,46.08000183105469,43.50035858154297,11300
2022-03-04,45.599998474121094,46.20000076293945,43.630001068115234,45.959999084472656,43.38706970214844,38000
2022-03-07,45.4900016784668,45.75,44.45000076293945,44.619998931884766,42.122093200683594,42200
2022-03-08,46.33000183105469,46.33000183105469,44.040000915527344,44.09000015258789,41.62176513671875,26000
2022-03-09,44.65999984741211,45.099998474121094,44.34000015258789,44.54999923706055,42.05601119995117,26200
2022-03-10,44.34000015258789,45.0,44.0099983215332,44.79999923706055,42.292015075683594,22800
2022-03-11,45.16999816894531,45.16999816894531,44.369998931884766,44.63999938964844,42.14097595214844,23200
2022-03-14,45.34000015258789,45.86000061035156,45.02000045776367,45.63999938964844,43.08498764038086,32300
2022-03-15,45.52000045776367,45.880001068115234,44.959999084472656,45.2599983215332,42.726261138916016,22800
2022-03-16,45.83000183105469,46.779998779296875,45.349998474121094,46.279998779296875,43.68916320800781,59500
2022-03-17,45.81999969482422,46.04999923706055,45.52000045776367,45.650001525878906,43.4143180847168,46500
2022-03-18,45.7599983215332,45.9900016784668,44.88999938964844,45.779998779296875,43.5379524230957,91400
2022-03-21,45.52000045776367,46.08000183105469,45.06999969482422,45.599998474121094,43.36676788330078,49700
2022-03-22,45.77000045776367,46.349998474121094,45.59000015258789,46.290000915527344,44.022972106933594,50700
2022-03-23,46.15999984741211,46.29999923706055,45.18000030517578,45.36000061035156,43.138519287109375,10500
2022-03-24,46.7599983215332,46.7599983215332,45.18000030517578,45.40999984741211,43.186073303222656,11700
2022-03-25,45.779998779296875,45.970001220703125,45.61000061035156,45.70000076293945,43.46186828613281,12400
2022-03-28,45.5,45.91999816894531,45.040000915527344,45.369998931884766,43.14802551269531,14100
2022-03-29,46.0,46.650001525878906,45.43000030517578,45.70000076293945,43.46186828613281,14400
2022-03-30,45.52000045776367,45.900001525878906,45.0,45.099998474121094,42.8912467956543,20900
2022-03-31,44.97999954223633,45.290000915527344,44.7599983215332,44.939998626708984,42.73908615112305,38500
2022-04-01,45.33000183105469,45.439998626708984,44.81999969482422,45.20000076293945,42.986351013183594,20300
2022-04-04,45.290000915527344,45.290000915527344,44.5099983215332,44.849998474121094,42.65349197387695,19700
2022-04-05,44.939998626708984,45.349998474121094,44.59000015258789,44.9900016784668,42.786643981933594,21000
2022-04-06,44.779998779296875,44.79999923706055,44.41999816894531,44.63999938964844,42.45378112792969,15300
2022-04-07,44.560001373291016,44.959999084472656,43.869998931884766,43.90999984741211,41.7595329284668,11600
2022-04-08,43.79999923706055,44.15999984741211,43.47999954223633,43.88999938964844,41.740509033203125,17200
2022-04-11,44.119998931884766,44.33000183105469,43.529998779296875,44.029998779296875,41.873653411865234,11100
2022-04-12,44.060001373291016,44.31999969482422,43.77000045776367,44.150001525878906,41.98777770996094,15900
2022-04-13,44.08000183105469,44.650001525878906,44.08000183105469,44.369998931884766,42.19700241088867,13100
2022-04-14,44.470001220703125,44.4900016784668,44.02000045776367,44.349998474121094,42.177978515625,11000
2022-04-18,44.290000915527344,44.810001373291016,44.290000915527344,44.439998626708984,42.263572692871094,15700
2022-04-19,44.400001525878906,45.400001525878906,44.400001525878906,45.22999954223633,43.01488494873047,11600
2022-04-20,44.810001373291016,46.150001525878906,44.810001373291016,45.560001373291016,43.3287239074707,12800
2022-04-21,45.75,45.970001220703125,43.79999923706055,44.40999984741211,42.23503875732422,19300
2022-04-22,44.52000045776367,44.560001373291016,44.040000915527344,44.22999954223633,42.06385803222656,14700
2022-04-25,43.959999084472656,44.150001525878906,43.68000030517578,44.09000015258789,41.93071365356445,15500
2022-04-26,43.720001220703125,44.209999084472656,43.15999984741211,43.369998931884766,41.245975494384766,22700
2022-04-27,43.349998474121094,43.9900016784668,42.45000076293945,42.599998474121094,40.51367950439453,16600
2022-04-28,43.18000030517578,43.18000030517578,42.2599983215332,42.7599983215332,40.66584777832031,13500
2022-04-29,42.36000061035156,42.65999984741211,41.40999984741211,41.68000030517578,39.63874816894531,21800
2022-05-02,41.869998931884766,42.75,41.4900016784668,41.849998474121094,39.800418853759766,34200
2022-05-03,41.560001373291016,42.20000076293945,41.560001373291016,41.93000030517578,39.876502990722656,20500
2022-05-04,42.29999923706055,43.369998931884766,42.09000015258789,43.18000030517578,41.065284729003906,28100
2022-05-05,42.880001068115234,42.9900016784668,41.650001525878906,42.20000076293945,40.133277893066406,20800
2022-05-06,42.33000183105469,42.41999816894531,41.84000015258789,42.279998779296875,40.20935821533203,17400
2022-05-09,42.09000015258789,43.66999816894531,42.09000015258789,43.36000061035156,41.23646926879883,30500
2022-05-10,44.31999969482422,44.31999969482422,42.619998931884766,43.540000915527344,41.40765380859375,30000
2022-05-11,43.70000076293945,44.0,43.22999954223633,43.41999816894531,41.29352951049805,16400
2022-05-12,43.650001525878906,43.650001525878906,42.29999923706055,43.02000045776367,40.913116455078125,21400
2022-05-13,43.279998779296875,43.279998779296875,42.709999084472656,42.7599983215332,40.66584777832031,18100
2022-05-16,42.84000015258789,42.84000015258789,42.209999084472656,42.689998626708984,40.599273681640625,14900
2022-05-17,43.13999938964844,43.90999984741211,43.0,43.65999984741211,41.52177429199219,19200
2022-05-18,43.22999954223633,43.689998626708984,43.22999954223633,43.56999969482422,41.436180114746094,20400
2022-05-19,43.709999084472656,43.709999084472656,42.47999954223633,42.56999969482422,40.48515701293945,25500
2022-05-20,42.959999084472656,42.970001220703125,42.41999816894531,42.88999938964844,40.78948974609375,28000
2022-05-23,43.16999816894531,43.79999923706055,43.11000061035156,43.5,41.36960983276367,25300
2022-05-24,43.5,44.650001525878906,43.18000030517578,44.5099983215332,42.33014678955078,21500
2022-05-25,44.31999969482422,44.959999084472656,44.099998474121094,44.209999084472656,42.044837951660156,18700
2022-05-26,44.650001525878906,45.150001525878906,44.400001525878906,44.83000183105469,42.63447570800781,19400
2022-05-27,44.93000030517578,45.5099983215332,44.7599983215332,45.2400016784668,43.02439880371094,14100
2022-05-31,44.790000915527344,46.02000045776367,44.25,45.95000076293945,43.69962692260742,27000
2022-06-01,45.70000076293945,46.0,44.61000061035156,45.38999938964844,43.167049407958984,26600
2022-06-02,45.279998779296875,46.310001373291016,44.86000061035156,46.25,43.98493194580078,21000
2022-06-03,45.970001220703125,46.189998626708984,45.810001373291016,45.810001373291016,43.56648254394531,18700
2022-06-06,45.310001373291016,46.88999938964844,45.310001373291016,46.58000183105469,44.29876708984375,45400
2022-06-07,46.439998626708984,47.38999938964844,46.439998626708984,46.900001525878906,44.60310363769531,25300
2022-06-08,46.900001525878906,47.25,46.380001068115234,46.880001068115234,44.58407974243164,23100
2022-06-09,46.880001068115234,46.880001068115234,45.58000183105469,45.72999954223633,43.49039840698242,27200
2022-06-10,45.349998474121094,45.59000015258789,45.119998931884766,45.25,43.03390884399414,23100
2022-06-13,44.59000015258789,46.29999923706055,44.59000015258789,45.91999816894531,43.67108917236328,31700
2022-06-14,45.63999938964844,46.27000045776367,45.25,45.27000045776367,43.05292510986328,38400
2022-06-15,46.0,46.18000030517578,45.099998474121094,45.7400016784668,43.499908447265625,34200
2022-06-16,45.04999923706055,45.04999923706055,43.689998626708984,44.16999816894531,42.32231140136719,63600
2022-06-17,44.709999084472656,45.689998626708984,44.560001373291016,45.060001373291016,43.17509078979492,69800
2022-06-21,45.439998626708984,46.81999969482422,45.439998626708984,45.900001525878906,43.97995376586914,46100
2022-06-22,46.380001068115234,46.380001068115234,45.5099983215332,46.08000183105469,44.15242004394531,57000
2022-06-23,45.9900016784668,46.599998474121094,45.560001373291016,46.119998931884766,44.19074249267578,39200
2022-06-24,46.060001373291016,48.099998474121094,46.060001373291016,47.84000015258789,45.83879852294922,134800
2022-06-27,47.95000076293945,48.709999084472656,47.439998626708984,47.779998779296875,45.781307220458984,45900
2022-06-28,48.18000030517578,48.97999954223633,48.11000061035156,48.20000076293945,46.183738708496094,34500
2022-06-29,48.5099983215332,48.66999816894531,48.29999923706055,48.63999938964844,46.60533142089844,30900
2022-06-30,48.25,48.77000045776367,48.13999938964844,48.25,46.23164749145508,40800
2022-07-01,47.959999084472656,49.16999816894531,47.959999084472656,48.86000061035156,46.81613540649414,50000
2022-07-05,48.63999938964844,49.47999954223633,47.68000030517578,49.099998474121094,47.04608917236328,36700
2022-07-06,48.9900016784668,49.540000915527344,48.7599983215332,49.209999084472656,47.1514892578125,30000
2022-07-07,49.2599983215332,50.15999984741211,49.06999969482422,49.529998779296875,47.45810317993164,31300
2022-07-08,49.63999938964844,49.970001220703125,48.84000015258789,49.25,47.189815521240234,55200
2022-07-11,49.20000076293945,49.79999923706055,49.11000061035156,49.61000061035156,47.53475570678711,21200
2022-07-12,49.79999923706055,49.959999084472656,48.88999938964844,48.970001220703125,46.92153549194336,13900
2022-07-13,48.970001220703125,48.970001220703125,48.040000915527344,48.5,46.47119140625,19300
2022-07-14,48.09000015258789,48.45000076293945,47.0099983215332,47.61000061035156,45.6184196472168,48200
2022-07-15,48.08000183105469,48.970001220703125,47.220001220703125,48.70000076293945,46.66282653808594,36200
2022-07-18,48.849998474121094,49.2400016784668,48.43000030517578,48.58000183105469,46.5478401184082,13900
2022-07-19,49.27000045776367,49.939998626708984,49.27000045776367,49.65999984741211,47.58266067504883,17800
2022-07-20,49.400001525878906,49.65999984741211,48.970001220703125,49.22999954223633,47.170654296875,19000
2022-07-21,48.959999084472656,49.33000183105469,48.630001068115234,48.900001525878906,46.85445785522461,22400
2022-07-22,49.310001373291016,49.310001373291016,47.7599983215332,48.16999816894531,46.15498733520508,21900
2022-07-25,46.86000061035156,47.040000915527344,44.34000015258789,44.81999969482422,42.94512939453125,42600
2022-07-26,44.540000915527344,46.27000045776367,44.540000915527344,46.06999969482422,44.14284133911133,48300
2022-07-27,45.97999954223633,46.400001525878906,45.75,45.849998474121094,43.93204116821289,27000
2022-07-28,45.66999816894531,45.83000183105469,45.22999954223633,45.290000915527344,43.39546585083008,23500
2022-07-29,45.650001525878906,45.72999954223633,44.720001220703125,44.84000015258789,42.96429443359375,19800
2022-08-01,44.95000076293945,45.91999816894531,44.81999969482422,45.52000045776367,43.615848541259766,39900
2022-08-02,45.349998474121094,45.529998779296875,45.099998474121094,45.34000015258789,43.44337844848633,15900
2022-08-03,45.77000045776367,45.77000045776367,45.18000030517578,45.290000915527344,43.39546585083008,14600
2022-08-04,45.04999923706055,45.25,44.65999984741211,44.84000015258789,42.96429443359375,12400
2022-08-05,44.68000030517578,44.970001220703125,44.5099983215332,44.5099983215332,42.64809799194336,16200
2022-08-08,44.36000061035156,44.650001525878906,44.029998779296875,44.209999084472656,42.36064529418945,25600
2022-08-09,44.540000915527344,44.75,44.25,44.689998626708984,42.8205680847168,24500
2022-08-10,44.970001220703125,45.279998779296875,44.29999923706055,44.459999084472656,42.60018539428711,20000
2022-08-11,44.7599983215332,45.130001068115234,44.400001525878906,45.11000061035156,43.222991943359375,19800
2022-08-12,44.709999084472656,45.86000061035156,43.599998474121094,45.54999923706055,43.644588470458984,26900
2022-08-15,45.45000076293945,45.77000045776367,45.369998931884766,45.7400016784668,43.82664489746094,14400
2022-08-16,45.7599983215332,46.34000015258789,45.7599983215332,46.27000045776367,44.33447265625,15500
2022-08-17,46.11000061035156,46.400001525878906,45.880001068115234,46.25,44.315311431884766,17000
2022-08-18,45.95000076293945,46.5,45.869998931884766,46.470001220703125,44.52610778808594,19200
2022-08-19,46.400001525878906,46.400001525878906,45.41999816894531,45.5099983215332,43.606266021728516,19600
2022-08-22,45.15999984741211,45.29999923706055,44.529998779296875,44.810001373291016,42.935546875,20400
2022-08-23,44.56999969482422,45.529998779296875,44.06999969482422,44.290000915527344,42.43730163574219,17300
2022-08-24,44.0,44.400001525878906,43.77000045776367,43.90999984741211,42.07319641113281,18500
2022-08-25,44.38999938964844,44.84000015258789,44.36000061035156,44.720001220703125,42.84931182861328,14800
2022-08-26,44.220001220703125,44.65999984741211,43.7599983215332,43.83000183105469,41.996543884277344,25000
2022-08-29,43.75,43.75,42.93000030517578,42.97999954223633,41.182098388671875,12800
2022-08-30,42.599998474121094,42.880001068115234,42.54999923706055,42.68000030517578,40.89464569091797,14100
2022-08-31,42.97999954223633,42.97999954223633,42.20000076293945,42.5,40.72217559814453,29200
2022-09-01,42.369998931884766,42.369998931884766,41.81999969482422,42.130001068115234,40.367652893066406,14700
2022-09-02,42.599998474121094,42.95000076293945,41.86000061035156,41.93000030517578,40.176021575927734,18100
2022-09-06,42.290000915527344,42.439998626708984,40.95000076293945,41.33000183105469,39.60111999511719,16900
2022-09-07,41.099998474121094,41.70000076293945,41.04999923706055,41.400001525878906,39.668190002441406,37900
2022-09-08,41.52000045776367,41.52000045776367,41.02000045776367,41.31999969482422,39.59153747558594,13300
2022-09-09,41.369998931884766,41.88999938964844,40.93000030517578,41.29999923706055,39.57237243652344,14400
2022-09-12,41.66999816894531,41.689998626708984,41.2599983215332,41.369998931884766,39.63944625854492,12400
2022-09-13,41.290000915527344,41.290000915527344,40.2599983215332,40.52000045776367,38.82500076293945,25600
2022-09-14,40.52000045776367,40.65999984741211,40.27000045776367,40.349998474121094,38.662109375,15700
2022-09-15,40.0099983215332,40.95000076293945,40.0099983215332,40.79999923706055,39.42648696899414,16400
2022-09-16,40.34000015258789,40.9900016784668,39.709999084472656,39.90999984741211,38.56644821166992,59900
2022-09-19,39.90999984741211,41.310001373291016,39.90999984741211,41.220001220703125,39.83234786987305,18900
2022-09-20,41.060001373291016,41.880001068115234,40.7599983215332,41.209999084472656,39.82268142700195,10500
2022-09-21,41.119998931884766,41.119998931884766,40.27000045776367,40.59000015258789,39.22355270385742,14900
2022-09-22,40.869998931884766,40.93000030517578,39.91999816894531,40.470001220703125,39.10759735107422,12000
2022-09-23,40.060001373291016,40.060001373291016,39.220001220703125,39.650001525878906,38.31520462036133,20100
2022-09-26,39.72999954223633,40.349998474121094,39.27000045776367,39.81999969482422,38.4794807434082,16700
2022-09-27,41.220001220703125,41.220001220703125,38.630001068115234,39.09000015258789,37.774051666259766,19500
2022-09-28,39.63999938964844,40.119998931884766,39.36000061035156,39.36000061035156,38.03496551513672,18500
2022-09-29,39.2400016784668,39.4900016784668,38.560001373291016,38.7400016784668,37.43583679199219,15000
2022-09-30,38.630001068115234,39.31999969482422,38.22999954223633,38.29999923706055,37.010643005371094,24200
2022-10-03,38.29999923706055,39.470001220703125,38.29999923706055,39.209999084472656,37.890010833740234,23400
2022-10-04,39.439998626708984,40.63999938964844,39.439998626708984,40.38999938964844,39.03028869628906,26100
2022-10-05,39.779998779296875,39.900001525878906,39.52000045776367,39.7599983215332,38.42149353027344,7700
2022-10-06,39.540000915527344,39.83000183105469,39.29999923706055,39.29999923706055,37.97698211669922,11900
2022-10-07,39.2599983215332,39.2599983215332,38.349998474121094,38.88999938964844,37.580780029296875,22900
2022-10-10,38.83000183105469,39.400001525878906,38.65999984741211,39.029998779296875,37.716068267822266,12000
2022-10-11,38.630001068115234,38.9900016784668,38.47999954223633,38.630001068115234,37.32954025268555,10400
2022-10-12,38.77000045776367,39.15999984741211,38.66999816894531,38.66999816894531,37.368186950683594,10500
2022-10-13,38.209999084472656,41.310001373291016,38.16999816894531,41.25,39.86133575439453,24600
2022-10-14,41.2599983215332,41.29999923706055,40.380001068115234,40.65999984741211,39.29119873046875,12900
2022-10-17,41.209999084472656,42.0,40.650001525878906,41.130001068115234,39.74537658691406,12200
2022-10-18,41.11000061035156,41.2400016784668,40.400001525878906,40.81999969482422,39.4458122253418,16700
2022-10-19,41.56999969482422,41.56999969482422,40.540000915527344,41.43000030517578,40.0352783203125,12900
2022-10-20,41.61000061035156,42.130001068115234,40.40999984741211,41.5,40.10292053222656,24200
2022-10-21,41.939998626708984,44.41999816894531,41.09000015258789,43.400001525878906,41.93895721435547,26700
2022-10-24,44.029998779296875,44.90999984741211,42.65999984741211,44.06999969482422,42.58639907836914,14100
2022-10-25,44.220001220703125,45.43000030517578,44.220001220703125,44.849998474121094,43.34014129638672,16300
2022-10-26,45.2400016784668,45.7400016784668,44.849998474121094,45.029998779296875,43.51408386230469,11400
2022-10-27,45.119998931884766,46.61000061035156,45.099998474121094,45.45000076293945,43.919944763183594,13500
2022-10-28,45.060001373291016,47.209999084472656,44.849998474121094,46.869998931884766,45.29214096069336,22700
2022-10-31,47.15999984741211,47.18000030517578,45.70000076293945,46.349998474121094,44.78964614868164,17400
2022-11-01,46.349998474121094,46.880001068115234,45.970001220703125,45.97999954223633,44.432106018066406,11400
2022-11-02,45.7400016784668,46.0,44.7400016784668,44.7400016784668,43.233848571777344,14500
2022-11-03,43.7400016784668,44.86000061035156,43.7400016784668,44.31999969482422,42.82798385620117,12500
2022-11-04,44.790000915527344,45.27000045776367,44.02000045776367,44.9900016784668,43.475433349609375,16500
2022-11-07,45.4900016784668,45.4900016784668,44.529998779296875,44.689998626708984,43.18553161621094,18500
2022-11-08,45.0,45.16999816894531,44.34000015258789,44.34000015258789,42.847312927246094,13000
2022-11-09,44.4900016784668,44.599998474121094,43.58000183105469,44.02000045776367,42.538082122802734,8800
2022-11-10,44.810001373291016,45.27000045776367,43.27000045776367,44.970001220703125,43.45610809326172,32900
2022-11-11,44.54999923706055,45.709999084472656,44.150001525878906,44.81999969482422,43.311153411865234,33700
2022-11-14,45.290000915527344,45.290000915527344,44.15999984741211,44.56999969482422,43.0695686340332,18200
2022-11-15,44.650001525878906,44.849998474121094,44.40999984741211,44.720001220703125,43.21451950073242,12700
2022-11-16,44.27000045776367,44.790000915527344,43.7599983215332,44.02000045776367,42.538082122802734,13200
2022-11-17,44.0,44.08000183105469,43.709999084472656,44.040000915527344,42.55740737915039,7900
2022-11-18,44.68000030517578,44.68000030517578,44.02000045776367,44.11000061035156,42.62505340576172,16700
2022-11-21,44.29999923706055,44.470001220703125,44.040000915527344,44.18000030517578,42.69269561767578,18100
2022-11-22,44.25,44.400001525878906,43.650001525878906,44.18000030517578,42.69269561767578,18300
2022-11-23,43.25,44.0,43.0,43.29999923706055,41.84231948852539,12100
2022-11-25,43.45000076293945,43.900001525878906,43.439998626708984,43.880001068115234,42.402801513671875,10400
2022-11-28,43.77000045776367,43.790000915527344,43.2400016784668,43.33000183105469,41.871315002441406,7700
2022-11-29,43.27000045776367,43.779998779296875,43.119998931884766,43.400001525878906,41.93895721435547,6100
2022-11-30,43.2400016784668,44.43000030517578,43.02000045776367,44.06999969482422,42.58639907836914,15100
2022-12-01,44.369998931884766,44.540000915527344,43.560001373291016,44.540000915527344,43.04058074951172,10600
2022-12-02,44.5099983215332,45.11000061035156,43.40999984741211,44.97999954223633,43.46576690673828,18800
2022-12-05,44.97999954223633,44.97999954223633,43.650001525878906,43.84000015258789,42.3641471862793,8800
2022-12-06,43.75,43.95000076293945,43.0099983215332,43.79999923706055,42.32548904418945,13400
2022-12-07,44.29999923706055,44.29999923706055,42.5099983215332,42.650001525878906,41.21420669555664,10100
2022-12-08,42.54999923706055,42.83000183105469,41.68000030517578,42.20000076293945,40.779354095458984,8800
2022-12-09,42.029998779296875,42.470001220703125,41.529998779296875,41.939998626708984,40.528106689453125,11700
2022-12-12,42.040000915527344,43.0,42.040000915527344,42.189998626708984,40.76968765258789,10200
2022-12-13,42.880001068115234,43.33000183105469,42.27000045776367,43.099998474121094,41.649051666259766,24500
2022-12-14,43.029998779296875,43.5,42.04999923706055,42.04999923706055,40.634403228759766,20400
2022-12-15,41.65999984741211,41.68000030517578,40.88999938964844,41.5099983215332,40.440528869628906,10000
2022-12-16,40.88999938964844,42.65999984741211,40.86000061035156,42.54999923706055,41.4537353515625,60100
2022-12-19,42.130001068115234,42.68000030517578,41.22999954223633,41.5,40.430789947509766,19900
2022-12-20,42.20000076293945,42.20000076293945,41.25,41.34000015258789,40.27490997314453,11500
2022-12-21,41.65999984741211,42.2599983215332,41.27000045776367,41.7599983215332,40.68408966064453,23900
2022-12-22,41.779998779296875,42.040000915527344,41.029998779296875,41.439998626708984,40.37233352661133,11200
2022-12-23,41.5,41.5099983215332,41.150001525878906,41.400001525878906,40.33336639404297,35400
2022-12-27,41.2599983215332,41.4900016784668,40.88999938964844,41.459999084472656,40.39181900024414,20100
2022-12-28,41.459999084472656,41.459999084472656,40.369998931884766,40.369998931884766,39.32990264892578,8900
2022-12-29,40.65999984741211,41.20000076293945,40.41999816894531,41.11000061035156,40.050838470458984,8800
2022-12-30,41.040000915527344,41.119998931884766,40.599998474121094,40.91999816894531,39.865726470947266,7100
2023-01-03,41.400001525878906,41.400001525878906,40.66999816894531,40.97999954223633,39.92418670654297,14100
2023-01-04,41.310001373291016,41.56999969482422,40.70000076293945,40.70000076293945,39.65140151977539,9600
2023-01-05,40.66999816894531,40.75,40.150001525878906,40.400001525878906,39.359130859375,12400
2023-01-06,40.54999923706055,41.779998779296875,40.54999923706055,41.54999923706055,40.479496002197266,7200
2023-01-09,41.38999938964844,41.61000061035156,41.0099983215332,41.33000183105469,40.26517105102539,15500
2023-01-10,41.060001373291016,42.2400016784668,41.060001373291016,41.7599983215332,40.68408966064453,9100
2023-01-11,42.25,42.560001373291016,41.939998626708984,42.099998474121094,41.01532745361328,20400
2023-01-12,42.4900016784668,43.88999938964844,42.4900016784668,43.400001525878906,42.281837463378906,9700
2023-01-13,42.619998931884766,43.38999938964844,41.97999954223633,43.08000183105469,41.9700813293457,13500
2023-01-17,42.77000045776367,43.0099983215332,42.63999938964844,42.7400016784668,41.63884353637695,4200
2023-01-18,42.560001373291016,43.22999954223633,42.06999969482422,42.33000183105469,41.23940658569336,12100
2023-01-19,42.47999954223633,42.47999954223633,41.72999954223633,41.7400016784668,40.664608001708984,6800
2023-01-20,42.13999938964844,43.0099983215332,42.09000015258789,43.0,41.89213943481445,17900
2023-01-23,43.060001373291016,43.189998626708984,42.83000183105469,43.06999969482422,41.9603385925293,5200
2023-01-24,42.029998779296875,43.040000915527344,42.029998779296875,42.5099983215332,41.41476821899414,4200
2023-01-25,42.15999984741211,42.7400016784668,42.15999984741211,42.58000183105469,41.48296356201172,4600
2023-01-26,41.849998474121094,42.959999084472656,41.849998474121094,42.79999923706055,41.697296142578125,5600
2023-01-27,42.900001525878906,44.15999984741211,42.900001525878906,43.47999954223633,42.35977554321289,14000
2023-01-30,43.630001068115234,44.59000015258789,42.5099983215332,44.16999816894531,43.0319938659668,13400
2023-01-31,45.119998931884766,45.119998931884766,43.84000015258789,44.97999954223633,43.821128845214844,16500
2023-02-01,44.529998779296875,45.40999984741211,44.09000015258789,44.849998474121094,43.69447708129883,18200
2023-02-02,45.09000015258789,46.09000015258789,45.0099983215332,46.09000015258789,44.902530670166016,14100
2023-02-03,45.86000061035156,46.720001220703125,45.650001525878906,46.619998931884766,45.41887283325195,13200
2023-02-06,46.540000915527344,46.540000915527344,45.66999816894531,46.119998931884766,44.93175506591797,12100
2023-02-07,45.599998474121094,47.0,45.599998474121094,46.189998626708984,44.99995040893555,15600
2023-02-08,45.720001220703125,45.779998779296875,45.68000030517578,45.68000030517578,44.50309371948242,7000
2023-02-09,45.68000030517578,45.790000915527344,45.25,45.400001525878906,44.230308532714844,9300
2023-02-10,45.599998474121094,46.150001525878906,44.900001525878906,45.599998474121094,44.42515563964844,12300
2023-02-13,45.849998474121094,45.959999084472656,45.54999923706055,45.959999084472656,44.77587890625,7600
2023-02-14,46.380001068115234,46.380001068115234,45.209999084472656,45.209999084472656,44.04520034790039,6900
2023-02-15,45.20000076293945,45.84000015258789,44.58000183105469,45.56999969482422,44.39592742919922,12900
2023-02-16,44.880001068115234,45.9900016784668,44.880001068115234,45.75,44.571292877197266,7800
2023-02-17,45.869998931884766,46.209999084472656,45.43000030517578,45.90999984741211,44.727169036865234,18300
2023-02-21,45.310001373291016,45.79999923706055,44.79999923706055,44.93000030517578,43.77241897583008,14500
2023-02-22,45.349998474121094,45.779998779296875,44.61000061035156,44.91999816894531,43.762672424316406,16500
2023-02-23,45.18000030517578,45.79999923706055,45.18000030517578,45.65999984741211,44.48360824584961,9500
2023-02-24,44.959999084472656,45.36000061035156,44.599998474121094,44.86000061035156,43.7042236328125,9000
2023-02-27,44.77000045776367,45.150001525878906,44.77000045776367,44.95000076293945,43.79190444946289,7400
2023-02-28,44.70000076293945,45.45000076293945,44.29999923706055,44.5,43.353492736816406,36300
2023-03-01,44.90999984741211,45.119998931884766,44.4900016784668,44.95000076293945,43.79190444946289,10100
2023-03-02,44.650001525878906,44.650001525878906,43.9900016784668,44.06999969482422,42.934574127197266,11000
2023-03-03,44.0,44.29999923706055,43.68000030517578,43.9900016784668,42.85663986206055,10500
2023-03-06,44.279998779296875,44.599998474121094,43.4900016784668,43.91999816894531,42.7884407043457,18500
2023-03-07,43.939998626708984,43.939998626708984,43.290000915527344,43.43000030517578,42.31106185913086,7600
2023-03-08,43.7599983215332,43.7599983215332,42.47999954223633,42.88999938964844,41.784976959228516,17300
2023-03-09,42.68000030517578,42.68000030517578,41.619998931884766,41.79999923706055,40.723060607910156,12200
2023-03-10,41.459999084472656,41.849998474121094,40.599998474121094,41.68000030517578,40.60615539550781,22500
2023-03-13,40.310001373291016,42.150001525878906,39.189998626708984,40.09000015258789,39.05711364746094,39000
2023-03-14,41.79999923706055,41.79999923706055,40.47999954223633,40.56999969482422,39.52474594116211,32600
2023-03-15,40.459999084472656,40.88999938964844,40.060001373291016,40.5,39.4565544128418,18000
2023-03-16,40.060001373291016,41.470001220703125,39.58000183105469,41.459999084472656,40.76829528808594,14000
2023-03-17,40.95000076293945,41.2400016784668,39.9900016784668,40.599998474121094,39.92264175415039,53000
2023-03-20,40.93000030517578,42.09000015258789,40.709999084472656,40.81999969482422,40.138973236083984,25300
2023-03-21,41.38999938964844,43.380001068115234,41.38999938964844,42.06999969482422,41.36811828613281,22100
2023-03-22,42.400001525878906,42.400001525878906,40.869998931884766,40.869998931884766,40.188140869140625,12600
2023-03-23,41.31999969482422,41.689998626708984,39.43000030517578,39.869998931884766,39.20481872558594,16300
2023-03-24,39.36000061035156,41.439998626708984,39.36000061035156,41.2400016784668,40.55196762084961,30100
2023-03-27,41.849998474121094,41.849998474121094,40.84000015258789,40.900001525878906,40.2176399230957,11000
2023-03-28,40.66999816894531,40.849998474121094,40.459999084472656,40.7400016784668,40.06031036376953,11600
2023-03-29,41.22999954223633,41.58000183105469,40.66999816894531,41.38999938964844,40.699462890625,21200
2023-03-30,41.20000076293945,41.20000076293945,40.61000061035156,40.95000076293945,40.26680374145508,11300
2023-03-31,41.11000061035156,42.88999938964844,41.11000061035156,42.43000030517578,41.722110748291016,57700
2023-04-03,42.439998626708984,42.779998779296875,41.310001373291016,41.529998779296875,40.83712387084961,23000
2023-04-04,41.5,41.5,40.11000061035156,40.439998626708984,39.76530838012695,19000
2023-04-05,40.439998626708984,40.86000061035156,40.36000061035156,40.86000061035156,40.178306579589844,11300
2023-04-06,40.11000061035156,41.08000183105469,40.11000061035156,40.59000015258789,39.91280746459961,9300
2023-04-10,40.2400016784668,41.18000030517578,40.2400016784668,40.66999816894531,39.99147415161133,10300
2023-04-11,41.220001220703125,41.369998931884766,40.22999954223633,40.29999923706055,39.627647399902344,14000
2023-04-12,40.34000015258789,40.84000015258789,40.119998931884766,40.470001220703125,39.79481506347656,13600
2023-04-13,40.369998931884766,40.529998779296875,39.689998626708984,40.33000183105469,39.65715026855469,11400
2023-04-14,40.599998474121094,40.93000030517578,39.54999923706055,39.650001525878906,38.988494873046875,14800
2023-04-17,39.72999954223633,40.20000076293945,39.470001220703125,40.20000076293945,39.52931594848633,8400
2023-04-18,40.439998626708984,40.439998626708984,39.220001220703125,39.5,38.84099578857422,13700
2023-04-19,39.68000030517578,40.709999084472656,39.400001525878906,40.29999923706055,39.627647399902344,10600
2023-04-20,40.29999923706055,40.97999954223633,39.72999954223633,40.77000045776367,40.089805603027344,11100
2023-04-21,41.15999984741211,41.959999084472656,40.630001068115234,41.2599983215332,40.571632385253906,20500
2023-04-24,41.04999923706055,41.95000076293945,39.63999938964844,39.900001525878906,39.23432159423828,23400
2023-04-25,39.70000076293945,40.9900016784668,38.95000076293945,38.97999954223633,38.32966995239258,15700
2023-04-26,38.90999984741211,39.0,38.04999923706055,38.7400016784668,38.09367752075195,18400
2023-04-27,38.79999923706055,39.599998474121094,38.650001525878906,39.20000076293945,38.54600143432617,19800
2023-04-28,39.25,39.849998474121094,38.720001220703125,39.29999923706055,38.64433288574219,16300
2023-05-01,39.310001373291016,39.84000015258789,39.310001373291016,39.599998474121094,38.939327239990234,14400
2023-05-02,39.2400016784668,39.400001525878906,37.70000076293945,38.70000076293945,38.054344177246094,22200
2023-05-03,38.790000915527344,39.52000045776367,38.16999816894531,38.68000030517578,38.03467559814453,14700
2023-05-04,38.04999923706055,38.22999954223633,37.22999954223633,38.22999954223633,37.592185974121094,22300
2023-05-05,38.349998474121094,39.970001220703125,38.349998474121094,39.939998626708984,39.273651123046875,20700
2023-05-08,40.22999954223633,40.22999954223633,39.029998779296875,39.189998626708984,38.53616714477539,16400
2023-05-09,39.349998474121094,39.349998474121094,38.41999816894531,38.709999084472656,38.06417465209961,7700
2023-05-10,39.31999969482422,40.209999084472656,38.68000030517578,40.189998626708984,39.51948165893555,25800
2023-05-11,40.0,40.380001068115234,39.70000076293945,40.11000061035156,39.440818786621094,18800
2023-05-12,39.810001373291016,39.84000015258789,38.369998931884766,39.18000030517578,38.52633285522461,34300
2023-05-15,38.849998474121094,39.43000030517578,38.849998474121094,39.349998474121094,38.69349670410156,15800
2023-05-16,39.20000076293945,39.790000915527344,39.20000076293945,39.439998626708984,38.7819938659668,15600
2023-05-17,39.65999984741211,41.22999954223633,39.65999984741211,40.779998779296875,40.099639892578125,24200
2023-05-18,40.970001220703125,41.310001373291016,39.91999816894531,40.68000030517578,40.00130844116211,20900
2023-05-19,41.13999938964844,41.13999938964844,39.689998626708984,40.0,39.33265686035156,17200
2023-05-22,40.08000183105469,41.59000015258789,39.91999816894531,40.849998474121094,40.16847229003906,25200
2023-05-23,41.439998626708984,42.630001068115234,40.34000015258789,41.65999984741211,40.96495819091797,23900
2023-05-24,41.7599983215332,42.619998931884766,40.9900016784668,42.130001068115234,41.427120208740234,29400
2023-05-25,41.93000030517578,42.439998626708984,41.459999084472656,41.7599983215332,41.063289642333984,16200
2023-05-26,41.4900016784668,42.209999084472656,41.4900016784668,42.189998626708984,41.486114501953125,11500
2023-05-30,42.470001220703125,43.27000045776367,41.810001373291016,43.27000045776367,42.548099517822266,14600
2023-05-31,43.18000030517578,43.18000030517578,42.06999969482422,42.13999938964844,41.436946868896484,42800
2023-06-01,42.52000045776367,43.099998474121094,42.4900016784668,42.5,41.79094314575195,14800
2023-06-02,43.130001068115234,44.77000045776367,43.130001068115234,44.560001373291016,43.81657791137695,31700
2023-06-05,44.40999984741211,44.40999984741211,43.31999969482422,43.869998931884766,43.138084411621094,16200
2023-06-06,43.72999954223633,46.43000030517578,43.689998626708984,45.790000915527344,45.02605438232422,23000
2023-06-07,45.58000183105469,48.31999969482422,45.58000183105469,47.59000015258789,46.796024322509766,48300
2023-06-08,47.599998474121094,47.599998474121094,46.52000045776367,47.04999923706055,46.26503372192383,18600
2023-06-09,47.15999984741211,47.15999984741211,46.0,46.2599983215332,45.48821258544922,33400
2023-06-12,46.2400016784668,46.43000030517578,44.970001220703125,45.86000061035156,45.094886779785156,21000
2023-06-13,45.529998779296875,47.15999984741211,45.529998779296875,46.849998474121094,46.0683708190918,20200
2023-06-14,46.56999969482422,46.93000030517578,45.52000045776367,45.689998626708984,44.9277229309082,33100
2023-06-15,45.349998474121094,46.439998626708984,45.349998474121094,45.900001525878906,45.50672149658203,14700
2023-06-16,46.25,46.40999984741211,45.619998931884766,45.630001068115234,45.239036560058594,45800
2023-06-20,45.43000030517578,45.43000030517578,44.16999816894531,44.2400016784668,43.86094665527344,27500
2023-06-21,44.2400016784668,44.88999938964844,44.22999954223633,44.279998779296875,43.90060043334961,18400
2023-06-22,44.439998626708984,44.439998626708984,43.2599983215332,43.2599983215332,42.889339447021484,16300
2023-06-23,42.959999084472656,43.209999084472656,42.310001373291016,42.630001068115234,42.264739990234375,96600
2023-06-26,42.5,43.13999938964844,42.209999084472656,42.31999969482422,41.957393646240234,22800
2023-06-27,42.43000030517578,43.18000030517578,42.40999984741211,42.5,42.1358528137207,20400
2023-06-28,42.5099983215332,42.5099983215332,41.869998931884766,42.29999923706055,41.937564849853516,14400
2023-06-29,42.650001525878906,43.209999084472656,42.43000030517578,42.900001525878906,42.53242874145508,12700
2023-06-30,43.4900016784668,43.4900016784668,42.369998931884766,42.5,42.1358528137207,17200
2023-07-03,42.459999084472656,43.04999923706055,42.459999084472656,42.79999923706055,42.43328094482422,10000
2023-07-05,42.83000183105469,43.279998779296875,42.40999984741211,42.709999084472656,42.344051361083984,24000
2023-07-06,42.599998474121094,42.599998474121094,41.349998474121094,42.189998626708984,41.82850646972656,19100
2023-07-07,42.20000076293945,43.150001525878906,42.20000076293945,42.83000183105469,42.46302795410156,19900
2023-07-10,43.45000076293945,43.45000076293945,42.83000183105469,42.84000015258789,42.472938537597656,14200
2023-07-11,42.56999969482422,43.0,42.5,42.709999084472656,42.344051361083984,10600
2023-07-12,43.27000045776367,43.93000030517578,43.27000045776367,43.61000061035156,43.23634338378906,20100
2023-07-13,43.650001525878906,44.34000015258789,43.650001525878906,44.189998626708984,43.811370849609375,10500
2023-07-14,44.369998931884766,44.369998931884766,42.959999084472656,43.279998779296875,42.9091682434082,12800
2023-07-17,43.52000045776367,44.02000045776367,43.52000045776367,43.689998626708984,43.31565475463867,12200
2023-07-18,44.5,44.939998626708984,44.18000030517578,44.939998626708984,44.55494689941406,9600
2023-07-19,45.47999954223633,45.84000015258789,45.08000183105469,45.70000076293945,45.30843734741211,15700
2023-07-20,45.290000915527344,46.70000076293945,45.290000915527344,46.349998474121094,45.95286560058594,27400
2023-07-21,46.959999084472656,47.970001220703125,46.15999984741211,46.349998474121094,45.95286560058594,38100
2023-07-24,46.68000030517578,46.7400016784668,44.52000045776367,44.59000015258789,44.20794677734375,34500
2023-07-25,44.91999816894531,45.0,44.400001525878906,44.529998779296875,44.14845657348633,8100
2023-07-26,45.130001068115234,45.56999969482422,44.04999923706055,45.31999969482422,44.93169021606445,38200
2023-07-27,45.220001220703125,46.029998779296875,44.77000045776367,45.90999984741211,45.51663589477539,34400
2023-07-28,45.59000015258789,46.7400016784668,45.59000015258789,46.2400016784668,45.84381103515625,21100
2023-07-31,46.310001373291016,46.310001373291016,45.38999938964844,45.83000183105469,45.43732452392578,17300
2023-08-01,46.02000045776367,46.58000183105469,45.45000076293945,46.0099983215332,45.61577606201172,27200
2023-08-02,45.869998931884766,46.869998931884766,45.869998931884766,46.61000061035156,46.21063995361328,29900
2023-08-03,46.279998779296875,46.900001525878906,45.75,46.619998931884766,46.220550537109375,43000
2023-08-04,46.45000076293945,47.099998474121094,46.349998474121094,46.959999084472656,46.55763626098633,27200
2023-08-07,46.959999084472656,47.90999984741211,46.959999084472656,47.34000015258789,46.934383392333984,30800
2023-08-08,46.97999954223633,47.189998626708984,46.13999938964844,47.189998626708984,46.785667419433594,29500
2023-08-09,46.91999816894531,47.45000076293945,46.689998626708984,47.16999816894531,46.765838623046875,19500
2023-08-10,47.279998779296875,47.279998779296875,46.38999938964844,46.61000061035156,46.21063995361328,12000
2023-08-11,46.779998779296875,46.869998931884766,46.5,46.59000015258789,46.1908073425293,15000
2023-08-14,46.279998779296875,46.689998626708984,45.810001373291016,46.029998779296875,45.63560485839844,11400
2023-08-15,45.61000061035156,45.63999938964844,45.029998779296875,45.290000915527344,44.901947021484375,25500
2023-08-16,45.529998779296875,45.619998931884766,45.060001373291016,45.06999969482422,44.683834075927734,20400
2023-08-17,44.790000915527344,45.5099983215332,44.790000915527344,45.18000030517578,44.79288864135742,22000
2023-08-18,44.93000030517578,45.560001373291016,44.93000030517578,45.13999938964844,44.753231048583984,28900
2023-08-21,45.4900016784668,45.5,44.459999084472656,44.61000061035156,44.22777557373047,14900
2023-08-22,44.02000045776367,44.150001525878906,43.72999954223633,43.7400016784668,43.365230560302734,18900
2023-08-23,43.7599983215332,44.22999954223633,43.7599983215332,44.13999938964844,43.76179885864258,16800
2023-08-24,43.95000076293945,44.849998474121094,43.95000076293945,44.52000045776367,44.138545989990234,17500
2023-08-25,44.349998474121094,44.349998474121094,43.400001525878906,43.400001525878906,43.02814483642578,18200
2023-08-28,43.70000076293945,44.11000061035156,43.70000076293945,44.04999923706055,43.67257308959961,15700
2023-08-29,44.25,44.70000076293945,44.04999923706055,44.20000076293945,43.8212890625,16000
2023-08-30,44.31999969482422,44.88999938964844,43.97999954223633,44.54999923706055,44.16828918457031,33800
2023-08-31,44.68000030517578,44.790000915527344,44.439998626708984,44.439998626708984,44.05923080444336,25500
2023-09-01,44.869998931884766,45.189998626708984,44.720001220703125,44.88999938964844,44.505374908447266,30500
2023-09-05,44.4900016784668,44.77000045776367,44.150001525878906,44.58000183105469,44.19803237915039,19300
2023-09-06,44.5,44.66999816894531,44.2400016784668,44.29999923706055,43.92042922973633,22200
2023-09-07,44.119998931884766,44.119998931884766,43.56999969482422,43.939998626708984,43.563514709472656,21500
2023-09-08,43.91999816894531,44.459999084472656,43.91999816894531,44.220001220703125,43.84111785888672,17600
2023-09-11,44.2400016784668,44.279998779296875,43.630001068115234,43.81999969482422,43.444541931152344,20800
2023-09-12,43.619998931884766,44.06999969482422,43.61000061035156,43.72999954223633,43.35531234741211,11800
2023-09-13,43.720001220703125,44.0,43.540000915527344,43.650001525878906,43.2760009765625,20600
2023-09-14,43.66999816894531,43.959999084472656,43.66999816894531,43.83000183105469,43.83000183105469,14400
2023-09-15,43.560001373291016,44.15999984741211,43.560001373291016,44.15999984741211,44.15999984741211,49600
2023-09-18,44.31999969482422,44.31999969482422,43.59000015258789,43.66999816894531,43.66999816894531,11900
2023-09-19,43.56999969482422,43.59000015258789,43.08000183105469,43.13999938964844,43.13999938964844,15400
2023-09-20,43.470001220703125,43.709999084472656,43.060001373291016,43.060001373291016,43.060001373291016,12900
2023-09-21,42.959999084472656,43.72999954223633,42.959999084472656,43.47999954223633,43.47999954223633,19600
2023-09-22,43.45000076293945,43.689998626708984,43.25,43.380001068115234,43.380001068115234,13500
2023-09-25,43.970001220703125,44.04999923706055,43.459999084472656,43.56999969482422,43.56999969482422,16400
2023-09-26,43.369998931884766,43.939998626708984,42.95000076293945,42.9900016784668,42.9900016784668,17500
2023-09-27,42.95000076293945,43.43000030517578,42.95000076293945,43.13999938964844,43.13999938964844,15400
2023-09-28,43.310001373291016,44.25,43.310001373291016,43.849998474121094,43.849998474121094,19100
2023-09-29,44.15999984741211,44.380001068115234,43.43000030517578,44.04999923706055,44.04999923706055,36700
2023-10-02,44.119998931884766,44.119998931884766,43.119998931884766,43.31999969482422,43.31999969482422,41600
2023-10-03,43.02000045776367,43.599998474121094,42.59000015258789,42.77000045776367,42.77000045776367,25400
2023-10-04,42.790000915527344,43.36000061035156,42.41999816894531,43.11000061035156,43.11000061035156,21700
2023-10-05,43.279998779296875,44.34000015258789,43.279998779296875,44.279998779296875,44.279998779296875,25900
2023-10-06,44.029998779296875,44.70000076293945,43.849998474121094,44.4900016784668,44.4900016784668,12100
2023-10-09,44.13999938964844,44.88999938964844,43.869998931884766,44.66999816894531,44.66999816894531,13100
2023-10-10,45.08000183105469,45.08000183105469,44.65999984741211,44.720001220703125,44.720001220703125,18900
2023-10-11,44.970001220703125,45.290000915527344,44.7599983215332,45.09000015258789,45.09000015258789,16700
2023-10-12,44.880001068115234,45.16999816894531,44.68000030517578,45.0099983215332,45.0099983215332,16100
2023-10-13,44.7400016784668,44.7400016784668,44.189998626708984,44.27000045776367,44.27000045776367,14300
2023-10-16,44.91999816894531,44.91999816894531,44.38999938964844,44.59000015258789,44.59000015258789,16300
2023-10-17,45.70000076293945,45.95000076293945,45.06999969482422,45.54999923706055,45.54999923706055,38900
2023-10-18,45.38999938964844,45.68000030517578,44.65999984741211,44.66999816894531,44.66999816894531,21700
2023-10-19,44.25,45.400001525878906,44.15999984741211,44.349998474121094,44.349998474121094,32000
2023-10-20,47.400001525878906,47.9900016784668,43.599998474121094,43.599998474121094,43.599998474121094,36100
2023-10-23,43.20000076293945,44.43000030517578,43.09000015258789,43.16999816894531,43.16999816894531,13500
2023-10-24,43.209999084472656,43.209999084472656,42.56999969482422,42.880001068115234,42.880001068115234,14300
2023-10-25,43.11000061035156,43.47999954223633,42.5099983215332,43.040000915527344,43.040000915527344,17200
2023-10-26,43.4900016784668,44.11000061035156,43.34000015258789,43.959999084472656,43.959999084472656,16000
2023-10-27,44.27000045776367,44.27000045776367,43.04999923706055,43.29999923706055,43.29999923706055,39800
2023-10-30,43.810001373291016,44.0,43.31999969482422,43.59000015258789,43.59000015258789,42100
2023-10-31,44.150001525878906,44.22999954223633,43.810001373291016,44.189998626708984,44.189998626708984,16200
2023-11-01,44.40999984741211,44.880001068115234,44.13999938964844,44.77000045776367,44.77000045776367,18100
2023-11-02,45.470001220703125,46.310001373291016,45.16999816894531,46.220001220703125,46.220001220703125,23100
2023-11-03,46.54999923706055,47.84000015258789,46.54999923706055,47.029998779296875,47.029998779296875,24000
2023-11-06,47.119998931884766,47.119998931884766,46.54999923706055,46.630001068115234,46.630001068115234,9500
2023-11-07,45.619998931884766,46.560001373291016,45.529998779296875,46.279998779296875,46.279998779296875,14800
2023-11-08,45.56999969482422,46.540000915527344,45.56999969482422,45.56999969482422,45.56999969482422,1815
